Step_4000;Vancouver;Seattle;Calgary;Portland;Helena;SaltLakeCity;SanFrancisco;LosAngeles;LasVegas;Phoenix;SantaFe;Denver;ElPaso;Winnipeg;Duluth;Omaha;KansasCity;OklahomaCity;Houston;Dallas;LittleRock;SaintLouis;Chicago;SaultStMarie;Toronto;Montreal;Boston;NewYork;Pittsburgh;Washington;Raleigh;Atlanta;Charleston;Miami;NewOrleans;Nashville
Vancouver;;518,8;446,9;;;;;;;;;;;;;;;;;;;;;;;;;;;;;;;;;
Seattle;443,9;;460,6;619,6;492,8;;;;;;;;;;;;;;;;;;;;;;;;;;;;;;;
Calgary;458,5;496,5;;;513,6;;;;;;;;;427,8;;;;;;;;;;;;;;;;;;;;;;
Portland;;484,8;;;;662,5;792,3;;;;;;;;;;;;;;;;;;;;;;;;;;;;;
Helena;;489,0;434,6;;;976,5;;;;;;546,8;;446,7;424,5;479,9;;;;;;;;;;;;;;;;;;;;
SaltLakeCity;;;;571,9;519,1;;928,5;;711,8;;;539,5;;;;;;;;;;;;;;;;;;;;;;;;
SanFrancisco;;;;601,0;;672,8;;983,0;;;;;;;;;;;;;;;;;;;;;;;;;;;;
LosAngeles;;;;;;;1000,0;;1000,0;1000,0;;;1000,0;;;;;;;;;;;;;;;;;;;;;;;
LasVegas;;;;;;627,5;;902,0;;;;;;;;;;;;;;;;;;;;;;;;;;;;
Phoenix;;;;;;;;903,0;;;612,6;563,1;704,0;;;;;;;;;;;;;;;;;;;;;;;
SantaFe;;;;;;;;;;727,0;;564,5;687,8;;;;;532,8;;;;;;;;;;;;;;;;;;
Denver;;;;;498,9;617,1;;;;671,1;583,6;;;;;512,9;495,1;597,4;;;;;;;;;;;;;;;;;;
ElPaso;;;;;;;;906,0;;787,4;635,9;;;;;;;574,7;563,3;584,4;;;;;;;;;;;;;;;;
Winnipeg;;;449,6;;574,0;;;;;;;;;;436,9;;;;;;;;;361,3;;;;;;;;;;;;
Duluth;;;;;524,3;;;;;;;;;424,9;;464,3;;;;;;;368,3;369,7;376,3;;;;;;;;;;;
Omaha;;;;;491,1;;;;;;;578,3;;;427,3;;;;;;;;396,8;;;;;;;;;;;;;
KansasCity;;;;;;;;;;;;545,2;;;;;;573,2;;;;426,3;;;;;;;;;;;;;;
OklahomaCity;;;;;;;;;;;654,4;597,5;739,8;;;;474,7;;;639,3;505,0;;;;;;;;;;;;;;;
Houston;;;;;;;;;;;;;734,3;;;;;;;597,0;;;;;;;;;;;;;;;459,0;
Dallas;;;;;;;;;;;;;754,7;;;;;628,4;541,1;;500,9;;;;;;;;;;;;;;;
LittleRock;;;;;;;;;;;;;;;;;;595,3;;571,8;;425,6;;;;;;;;;;;;;469,8;397,8
SaintLouis;;;;;;;;;;;;;;;;;489,5;;;;493,3;;408,4;;;;;;355,8;;;;;;;390,6
Chicago;;;;;;;;;;;;;;;429,7;463,5;;;;;;400,9;;;346,7;;;;346,0;;;;;;;
SaultStMarie;;;;;;;;;;;;;;415,9;386,2;;;;;;;;;;377,3;318,0;;;;;;;;;;
Toronto;;;;;;;;;;;;;;;423,2;;;;;;;;376,9;375,6;;320,8;;;344,2;;;;;;;
Montreal;;;;;;;;;;;;;;;;;;;;;;;;366,5;329,1;;334,6;338,8;;;;;;;;
Boston;;;;;;;;;;;;;;;;;;;;;;;;;;339,9;;335,7;;;;;;;;
NewYork;;;;;;;;;;;;;;;;;;;;;;;;;;348,8;343,9;;352,3;342,5;;;;;;
Pittsburgh;;;;;;;;;;;;;;;;;;;;;;375,7;377,9;;377,1;;;329,0;;368,6;358,6;;;;;392,1
Washington;;;;;;;;;;;;;;;;;;;;;;;;;;;;348,4;363,4;;362,5;;;;;
Raleigh;;;;;;;;;;;;;;;;;;;;;;;;;;;;;357,7;365,1;;398,1;393,8;;;385,1
Atlanta;;;;;;;;;;;;;;;;;;;;;;;;;;;;;;;372,0;;394,5;419,2;487,9;403,1
Charleston;;;;;;;;;;;;;;;;;;;;;;;;;;;;;;;407,5;401,8;;427,5;;
Miami;;;;;;;;;;;;;;;;;;;;;;;;;;;;;;;;439,0;420,7;;465,6;
NewOrleans;;;;;;;;;;;;;;;;;;;528,8;;444,3;;;;;;;;;;;386,3;;441,9;;
Nashville;;;;;;;;;;;;;;;;;;;;;471,4;401,6;;;;;;;361,5;;370,5;402,1;;;;
Step_8000;Vancouver;Seattle;Calgary;Portland;Helena;SaltLakeCity;SanFrancisco;LosAngeles;LasVegas;Phoenix;SantaFe;Denver;ElPaso;Winnipeg;Duluth;Omaha;KansasCity;OklahomaCity;Houston;Dallas;LittleRock;SaintLouis;Chicago;SaultStMarie;Toronto;Montreal;Boston;NewYork;Pittsburgh;Washington;Raleigh;Atlanta;Charleston;Miami;NewOrleans;Nashville
Vancouver;;495,7;441,3;;;;;;;;;;;;;;;;;;;;;;;;;;;;;;;;;
Seattle;431,9;;442,7;611,4;512,3;;;;;;;;;;;;;;;;;;;;;;;;;;;;;;;
Calgary;444,1;503,9;;;490,8;;;;;;;;;444,5;;;;;;;;;;;;;;;;;;;;;;
Portland;;489,5;;;;626,0;664,4;;;;;;;;;;;;;;;;;;;;;;;;;;;;;
Helena;;480,9;434,7;;;1008,0;;;;;;617,1;;443,6;424,7;443,2;;;;;;;;;;;;;;;;;;;;
SaltLakeCity;;;;583,2;524,8;;689,0;;1005,0;;;576,3;;;;;;;;;;;;;;;;;;;;;;;;
SanFrancisco;;;;622,3;;604,8;;903,0;;;;;;;;;;;;;;;;;;;;;;;;;;;;
LosAngeles;;;;;;;1000,0;;1000,0;1000,0;;;1000,0;;;;;;;;;;;;;;;;;;;;;;;
LasVegas;;;;;;632,1;;1002,0;;;;;;;;;;;;;;;;;;;;;;;;;;;;
Phoenix;;;;;;;;903,0;;;638,9;572,3;761,4;;;;;;;;;;;;;;;;;;;;;;;
SantaFe;;;;;;;;;;703,3;;615,4;700,0;;;;;636,1;;;;;;;;;;;;;;;;;;
Denver;;;;;519,4;641,2;;;;740,3;619,2;;;;;465,4;493,0;531,4;;;;;;;;;;;;;;;;;;
ElPaso;;;;;;;;906,0;;694,3;611,1;;;;;;;543,2;594,1;591,1;;;;;;;;;;;;;;;;
Winnipeg;;;443,2;;542,5;;;;;;;;;;398,1;;;;;;;;;373,7;;;;;;;;;;;;
Duluth;;;;;489,5;;;;;;;;;432,0;;459,3;;;;;;;379,3;371,7;362,3;;;;;;;;;;;
Omaha;;;;;441,0;;;;;;;575,5;;;421,1;;;;;;;;377,8;;;;;;;;;;;;;
KansasCity;;;;;;;;;;;;582,8;;;;;;532,6;;;;433,2;;;;;;;;;;;;;;
OklahomaCity;;;;;;;;;;;569,1;586,3;674,1;;;;484,5;;;585,5;481,6;;;;;;;;;;;;;;;
Houston;;;;;;;;;;;;;745,9;;;;;;;607,1;;;;;;;;;;;;;;;414,8;
Dallas;;;;;;;;;;;;;715,6;;;;;580,9;574,7;;519,0;;;;;;;;;;;;;;;
LittleRock;;;;;;;;;;;;;;;;;;609,3;;569,7;;415,2;;;;;;;;;;;;;450,6;409,0
SaintLouis;;;;;;;;;;;;;;;;;466,8;;;;452,8;;400,9;;;;;;364,6;;;;;;;411,2
Chicago;;;;;;;;;;;;;;;432,6;477,7;;;;;;408,3;;;365,8;;;;354,4;;;;;;;
SaultStMarie;;;;;;;;;;;;;;406,0;413,0;;;;;;;;;;362,8;340,1;;;;;;;;;;
Toronto;;;;;;;;;;;;;;;403,7;;;;;;;;397,5;388,6;;321,2;;;345,5;;;;;;;
Montreal;;;;;;;;;;;;;;;;;;;;;;;;375,1;343,5;;305,4;324,9;;;;;;;;
Boston;;;;;;;;;;;;;;;;;;;;;;;;;;319,4;;322,2;;;;;;;;
NewYork;;;;;;;;;;;;;;;;;;;;;;;;;;343,3;329,4;;343,5;337,0;;;;;;
Pittsburgh;;;;;;;;;;;;;;;;;;;;;;412,8;395,8;;373,0;;;320,0;;338,3;358,2;;;;;389,3
Washington;;;;;;;;;;;;;;;;;;;;;;;;;;;;348,4;361,9;;354,0;;;;;
Raleigh;;;;;;;;;;;;;;;;;;;;;;;;;;;;;356,6;350,8;;425,8;391,0;;;385,1
Atlanta;;;;;;;;;;;;;;;;;;;;;;;;;;;;;;;376,7;;386,3;408,6;514,8;414,7
Charleston;;;;;;;;;;;;;;;;;;;;;;;;;;;;;;;391,1;401,8;;421,9;;
Miami;;;;;;;;;;;;;;;;;;;;;;;;;;;;;;;;429,8;401,6;;446,6;
NewOrleans;;;;;;;;;;;;;;;;;;;597,6;;451,0;;;;;;;;;;;411,0;;420,4;;
Nashville;;;;;;;;;;;;;;;;;;;;;471,0;430,3;;;;;;;349,8;;371,6;432,8;;;;
Step_12000;Vancouver;Seattle;Calgary;Portland;Helena;SaltLakeCity;SanFrancisco;LosAngeles;LasVegas;Phoenix;SantaFe;Denver;ElPaso;Winnipeg;Duluth;Omaha;KansasCity;OklahomaCity;Houston;Dallas;LittleRock;SaintLouis;Chicago;SaultStMarie;Toronto;Montreal;Boston;NewYork;Pittsburgh;Washington;Raleigh;Atlanta;Charleston;Miami;NewOrleans;Nashville
Vancouver;;480,4;447,3;;;;;;;;;;;;;;;;;;;;;;;;;;;;;;;;;
Seattle;436,6;;442,2;689,1;520,2;;;;;;;;;;;;;;;;;;;;;;;;;;;;;;;
Calgary;440,2;537,8;;;520,4;;;;;;;;;448,6;;;;;;;;;;;;;;;;;;;;;;
Portland;;520,6;;;;679,8;745,8;;;;;;;;;;;;;;;;;;;;;;;;;;;;;
Helena;;562,6;464,7;;;925,3;;;;;;572,6;;415,2;448,8;481,9;;;;;;;;;;;;;;;;;;;;
SaltLakeCity;;;;643,6;539,5;;984,3;;679,6;;;583,5;;;;;;;;;;;;;;;;;;;;;;;;
SanFrancisco;;;;666,3;;663,8;;983,0;;;;;;;;;;;;;;;;;;;;;;;;;;;;
LosAngeles;;;;;;;1000,0;;1000,0;1000,0;;;1000,0;;;;;;;;;;;;;;;;;;;;;;;
LasVegas;;;;;;614,5;;902,0;;;;;;;;;;;;;;;;;;;;;;;;;;;;
Phoenix;;;;;;;;903,0;;;640,3;635,6;687,7;;;;;;;;;;;;;;;;;;;;;;;
SantaFe;;;;;;;;;;696,5;;582,1;797,0;;;;;569,7;;;;;;;;;;;;;;;;;;
Denver;;;;;497,2;630,7;;;;692,8;654,8;;;;;525,2;495,7;577,6;;;;;;;;;;;;;;;;;;
ElPaso;;;;;;;;906,0;;692,6;651,7;;;;;;;579,6;598,9;581,5;;;;;;;;;;;;;;;;
Winnipeg;;;462,1;;543,5;;;;;;;;;;393,5;;;;;;;;;385,7;;;;;;;;;;;;
Duluth;;;;;613,3;;;;;;;;;423,7;;467,8;;;;;;;391,8;374,7;374,3;;;;;;;;;;;
Omaha;;;;;495,1;;;;;;;542,8;;;426,4;;;;;;;;385,1;;;;;;;;;;;;;
KansasCity;;;;;;;;;;;;627,8;;;;;;578,8;;;;420,8;;;;;;;;;;;;;;
OklahomaCity;;;;;;;;;;;615,7;611,2;708,9;;;;520,4;;;572,2;487,2;;;;;;;;;;;;;;;
Houston;;;;;;;;;;;;;734,4;;;;;;;629,8;;;;;;;;;;;;;;;471,1;
Dallas;;;;;;;;;;;;;718,9;;;;;605,6;564,6;;509,7;;;;;;;;;;;;;;;
LittleRock;;;;;;;;;;;;;;;;;;538,7;;638,5;;462,1;;;;;;;;;;;;;480,5;407,2
SaintLouis;;;;;;;;;;;;;;;;;468,2;;;;452,2;;402,6;;;;;;348,3;;;;;;;393,3
Chicago;;;;;;;;;;;;;;;439,9;409,1;;;;;;424,9;;;338,2;;;;352,5;;;;;;;
SaultStMarie;;;;;;;;;;;;;;423,4;461,2;;;;;;;;;;362,0;328,6;;;;;;;;;;
Toronto;;;;;;;;;;;;;;;459,0;;;;;;;;379,3;370,0;;294,6;;;359,8;;;;;;;
Montreal;;;;;;;;;;;;;;;;;;;;;;;;377,9;340,5;;294,3;316,8;;;;;;;;
Boston;;;;;;;;;;;;;;;;;;;;;;;;;;326,2;;316,6;;;;;;;;
NewYork;;;;;;;;;;;;;;;;;;;;;;;;;;329,5;316,8;;369,9;330,6;;;;;;
Pittsburgh;;;;;;;;;;;;;;;;;;;;;;440,1;365,9;;388,8;;;317,1;;331,5;371,0;;;;;381,9
Washington;;;;;;;;;;;;;;;;;;;;;;;;;;;;335,7;368,0;;364,6;;;;;
Raleigh;;;;;;;;;;;;;;;;;;;;;;;;;;;;;362,4;350,8;;415,6;391,0;;;394,3
Atlanta;;;;;;;;;;;;;;;;;;;;;;;;;;;;;;;376,2;;382,9;399,5;455,4;414,0
Charleston;;;;;;;;;;;;;;;;;;;;;;;;;;;;;;;391,1;401,8;;413,1;;
Miami;;;;;;;;;;;;;;;;;;;;;;;;;;;;;;;;425,9;396,5;;432,9;
NewOrleans;;;;;;;;;;;;;;;;;;;578,4;;462,4;;;;;;;;;;;395,6;;405,4;;
Nashville;;;;;;;;;;;;;;;;;;;;;485,1;430,3;;;;;;;353,8;;368,8;416,9;;;;
Step_16000;Vancouver;Seattle;Calgary;Portland;Helena;SaltLakeCity;SanFrancisco;LosAngeles;LasVegas;Phoenix;SantaFe;Denver;ElPaso;Winnipeg;Duluth;Omaha;KansasCity;OklahomaCity;Houston;Dallas;LittleRock;SaintLouis;Chicago;SaultStMarie;Toronto;Montreal;Boston;NewYork;Pittsburgh;Washington;Raleigh;Atlanta;Charleston;Miami;NewOrleans;Nashville
Vancouver;;441,2;442,1;;;;;;;;;;;;;;;;;;;;;;;;;;;;;;;;;
Seattle;419,0;;452,4;619,8;500,9;;;;;;;;;;;;;;;;;;;;;;;;;;;;;;;
Calgary;429,9;502,0;;;478,6;;;;;;;;;402,5;;;;;;;;;;;;;;;;;;;;;;
Portland;;491,1;;;;608,4;760,8;;;;;;;;;;;;;;;;;;;;;;;;;;;;;
Helena;;555,7;430,8;;;983,6;;;;;;578,6;;437,1;466,5;493,1;;;;;;;;;;;;;;;;;;;;
SaltLakeCity;;;;667,1;524,3;;664,5;;981,4;;;592,6;;;;;;;;;;;;;;;;;;;;;;;;
SanFrancisco;;;;614,9;;602,8;;903,0;;;;;;;;;;;;;;;;;;;;;;;;;;;;
LosAngeles;;;;;;;1000,0;;1000,0;1000,0;;;1000,0;;;;;;;;;;;;;;;;;;;;;;;
LasVegas;;;;;;619,9;;982,0;;;;;;;;;;;;;;;;;;;;;;;;;;;;
Phoenix;;;;;;;;903,0;;;616,5;617,1;687,2;;;;;;;;;;;;;;;;;;;;;;;
SantaFe;;;;;;;;;;676,7;;558,5;644,5;;;;;610,4;;;;;;;;;;;;;;;;;;
Denver;;;;;557,8;598,7;;;;728,3;600,1;;;;;456,7;490,2;584,3;;;;;;;;;;;;;;;;;;
ElPaso;;;;;;;;906,0;;669,9;602,5;;;;;;;618,9;625,3;566,8;;;;;;;;;;;;;;;;
Winnipeg;;;439,3;;545,1;;;;;;;;;;437,2;;;;;;;;;376,9;;;;;;;;;;;;
Duluth;;;;;511,8;;;;;;;;;437,0;;464,9;;;;;;;384,1;367,4;359,5;;;;;;;;;;;
Omaha;;;;;576,8;;;;;;;549,2;;;435,2;;;;;;;;399,7;;;;;;;;;;;;;
KansasCity;;;;;;;;;;;;585,8;;;;;;555,7;;;;426,9;;;;;;;;;;;;;;
OklahomaCity;;;;;;;;;;;616,5;596,3;653,2;;;;524,0;;;607,4;496,3;;;;;;;;;;;;;;;
Houston;;;;;;;;;;;;;705,2;;;;;;;575,4;;;;;;;;;;;;;;;458,8;
Dallas;;;;;;;;;;;;;727,8;;;;;585,1;570,7;;455,0;;;;;;;;;;;;;;;
LittleRock;;;;;;;;;;;;;;;;;;572,4;;581,9;;454,0;;;;;;;;;;;;;483,4;390,8
SaintLouis;;;;;;;;;;;;;;;;;544,3;;;;516,5;;376,3;;;;;;335,2;;;;;;;396,2
Chicago;;;;;;;;;;;;;;;422,2;494,5;;;;;;412,1;;;355,4;;;;339,9;;;;;;;
SaultStMarie;;;;;;;;;;;;;;421,5;393,6;;;;;;;;;;368,4;325,7;;;;;;;;;;
Toronto;;;;;;;;;;;;;;;423,5;;;;;;;;399,9;384,3;;324,2;;;350,4;;;;;;;
Montreal;;;;;;;;;;;;;;;;;;;;;;;;376,9;353,0;;298,1;316,8;;;;;;;;
Boston;;;;;;;;;;;;;;;;;;;;;;;;;;337,7;;313,8;;;;;;;;
NewYork;;;;;;;;;;;;;;;;;;;;;;;;;;331,0;313,4;;360,3;330,2;;;;;;
Pittsburgh;;;;;;;;;;;;;;;;;;;;;;419,8;359,7;;373,6;;;308,7;;332,0;369,9;;;;;385,9
Washington;;;;;;;;;;;;;;;;;;;;;;;;;;;;335,7;369,9;;363,1;;;;;
Raleigh;;;;;;;;;;;;;;;;;;;;;;;;;;;;;362,4;350,8;;399,1;391,0;;;393,2
Atlanta;;;;;;;;;;;;;;;;;;;;;;;;;;;;;;;376,2;;380,4;398,9;476,6;405,7
Charleston;;;;;;;;;;;;;;;;;;;;;;;;;;;;;;;391,1;401,8;;409,7;;
Miami;;;;;;;;;;;;;;;;;;;;;;;;;;;;;;;;435,4;396,5;;421,6;
NewOrleans;;;;;;;;;;;;;;;;;;;608,0;;473,4;;;;;;;;;;;414,2;;400,7;;
Nashville;;;;;;;;;;;;;;;;;;;;;440,2;461,2;;;;;;;364,7;;367,5;402,2;;;;
Step_20000;Vancouver;Seattle;Calgary;Portland;Helena;SaltLakeCity;SanFrancisco;LosAngeles;LasVegas;Phoenix;SantaFe;Denver;ElPaso;Winnipeg;Duluth;Omaha;KansasCity;OklahomaCity;Houston;Dallas;LittleRock;SaintLouis;Chicago;SaultStMarie;Toronto;Montreal;Boston;NewYork;Pittsburgh;Washington;Raleigh;Atlanta;Charleston;Miami;NewOrleans;Nashville
Vancouver;;485,2;416,3;;;;;;;;;;;;;;;;;;;;;;;;;;;;;;;;;
Seattle;415,6;;432,2;595,8;536,6;;;;;;;;;;;;;;;;;;;;;;;;;;;;;;;
Calgary;425,0;463,6;;;468,0;;;;;;;;;413,4;;;;;;;;;;;;;;;;;;;;;;
Portland;;485,9;;;;649,0;642,7;;;;;;;;;;;;;;;;;;;;;;;;;;;;;
Helena;;500,4;402,0;;;983,6;;;;;;548,6;;441,9;416,4;438,6;;;;;;;;;;;;;;;;;;;;
SaltLakeCity;;;;603,3;507,1;;678,9;;981,4;;;541,6;;;;;;;;;;;;;;;;;;;;;;;;
SanFrancisco;;;;586,3;;674,7;;903,0;;;;;;;;;;;;;;;;;;;;;;;;;;;;
LosAngeles;;;;;;;1000,0;;1000,0;1000,0;;;1000,0;;;;;;;;;;;;;;;;;;;;;;;
LasVegas;;;;;;641,6;;982,0;;;;;;;;;;;;;;;;;;;;;;;;;;;;
Phoenix;;;;;;;;903,0;;;634,4;549,4;691,6;;;;;;;;;;;;;;;;;;;;;;;
SantaFe;;;;;;;;;;677,3;;573,2;665,3;;;;;541,3;;;;;;;;;;;;;;;;;;
Denver;;;;;543,0;589,5;;;;706,9;601,3;;;;;453,0;508,2;569,5;;;;;;;;;;;;;;;;;;
ElPaso;;;;;;;;906,0;;673,2;624,4;;;;;;;603,9;587,8;619,1;;;;;;;;;;;;;;;;
Winnipeg;;;425,7;;510,8;;;;;;;;;;408,7;;;;;;;;;363,5;;;;;;;;;;;;
Duluth;;;;;493,3;;;;;;;;;422,6;;444,1;;;;;;;367,4;383,1;368,9;;;;;;;;;;;
Omaha;;;;;519,8;;;;;;;571,6;;;415,7;;;;;;;;392,3;;;;;;;;;;;;;
KansasCity;;;;;;;;;;;;583,2;;;;;;541,9;;;;410,8;;;;;;;;;;;;;;
OklahomaCity;;;;;;;;;;;604,6;562,7;771,5;;;;471,4;;;598,1;457,9;;;;;;;;;;;;;;;
Houston;;;;;;;;;;;;;692,4;;;;;;;586,9;;;;;;;;;;;;;;;448,0;
Dallas;;;;;;;;;;;;;717,7;;;;;541,4;586,7;;415,8;;;;;;;;;;;;;;;
LittleRock;;;;;;;;;;;;;;;;;;539,2;;607,8;;403,7;;;;;;;;;;;;;479,3;416,0
SaintLouis;;;;;;;;;;;;;;;;;491,2;;;;454,6;;385,5;;;;;;371,8;;;;;;;413,9
Chicago;;;;;;;;;;;;;;;439,0;424,1;;;;;;412,0;;;351,6;;;;355,4;;;;;;;
SaultStMarie;;;;;;;;;;;;;;426,8;408,7;;;;;;;;;;343,1;302,2;;;;;;;;;;
Toronto;;;;;;;;;;;;;;;416,8;;;;;;;;394,8;383,4;;310,0;;;355,7;;;;;;;
Montreal;;;;;;;;;;;;;;;;;;;;;;;;341,8;352,0;;291,8;312,1;;;;;;;;
Boston;;;;;;;;;;;;;;;;;;;;;;;;;;322,5;;308,2;;;;;;;;
NewYork;;;;;;;;;;;;;;;;;;;;;;;;;;327,1;305,3;;338,4;330,2;;;;;;
Pittsburgh;;;;;;;;;;;;;;;;;;;;;;419,6;389,7;;352,4;;;307,5;;325,2;355,5;;;;;388,7
Washington;;;;;;;;;;;;;;;;;;;;;;;;;;;;332,0;362,5;;355,1;;;;;
Raleigh;;;;;;;;;;;;;;;;;;;;;;;;;;;;;366,9;344,9;;396,4;380,8;;;381,9
Atlanta;;;;;;;;;;;;;;;;;;;;;;;;;;;;;;;369,0;;375,2;398,9;492,6;416,1
Charleston;;;;;;;;;;;;;;;;;;;;;;;;;;;;;;;391,1;407,6;;398,8;;
Miami;;;;;;;;;;;;;;;;;;;;;;;;;;;;;;;;431,7;391,4;;410,7;
NewOrleans;;;;;;;;;;;;;;;;;;;550,7;;488,6;;;;;;;;;;;418,1;;390,9;;
Nashville;;;;;;;;;;;;;;;;;;;;;457,2;439,7;;;;;;;383,5;;365,9;407,6;;;;
Step_24000;Vancouver;Seattle;Calgary;Portland;Helena;SaltLakeCity;SanFrancisco;LosAngeles;LasVegas;Phoenix;SantaFe;Denver;ElPaso;Winnipeg;Duluth;Omaha;KansasCity;OklahomaCity;Houston;Dallas;LittleRock;SaintLouis;Chicago;SaultStMarie;Toronto;Montreal;Boston;NewYork;Pittsburgh;Washington;Raleigh;Atlanta;Charleston;Miami;NewOrleans;Nashville
Vancouver;;496,3;445,8;;;;;;;;;;;;;;;;;;;;;;;;;;;;;;;;;
Seattle;437,3;;448,9;593,0;524,3;;;;;;;;;;;;;;;;;;;;;;;;;;;;;;;
Calgary;466,9;496,4;;;490,9;;;;;;;;;431,3;;;;;;;;;;;;;;;;;;;;;;
Portland;;470,6;;;;664,2;707,3;;;;;;;;;;;;;;;;;;;;;;;;;;;;;
Helena;;515,7;452,6;;;983,6;;;;;;589,3;;406,9;406,0;497,9;;;;;;;;;;;;;;;;;;;;
SaltLakeCity;;;;603,0;532,7;;698,8;;981,4;;;590,6;;;;;;;;;;;;;;;;;;;;;;;;
SanFrancisco;;;;629,7;;624,3;;903,0;;;;;;;;;;;;;;;;;;;;;;;;;;;;
LosAngeles;;;;;;;1000,0;;1000,0;1000,0;;;1000,0;;;;;;;;;;;;;;;;;;;;;;;
LasVegas;;;;;;644,4;;982,0;;;;;;;;;;;;;;;;;;;;;;;;;;;;
Phoenix;;;;;;;;903,0;;;621,1;576,3;758,5;;;;;;;;;;;;;;;;;;;;;;;
SantaFe;;;;;;;;;;710,2;;609,2;721,9;;;;;582,0;;;;;;;;;;;;;;;;;;
Denver;;;;;552,5;611,6;;;;774,8;655,0;;;;;505,6;527,2;630,6;;;;;;;;;;;;;;;;;;
ElPaso;;;;;;;;906,0;;747,5;625,5;;;;;;;571,1;669,3;600,0;;;;;;;;;;;;;;;;
Winnipeg;;;461,7;;477,3;;;;;;;;;;388,7;;;;;;;;;369,9;;;;;;;;;;;;
Duluth;;;;;494,5;;;;;;;;;426,0;;444,8;;;;;;;417,8;381,8;352,0;;;;;;;;;;;
Omaha;;;;;516,4;;;;;;;595,4;;;415,8;;;;;;;;391,5;;;;;;;;;;;;;
KansasCity;;;;;;;;;;;;579,2;;;;;;583,0;;;;489,9;;;;;;;;;;;;;;
OklahomaCity;;;;;;;;;;;624,3;590,3;705,3;;;;521,4;;;592,6;512,6;;;;;;;;;;;;;;;
Houston;;;;;;;;;;;;;764,8;;;;;;;596,6;;;;;;;;;;;;;;;481,5;
Dallas;;;;;;;;;;;;;669,7;;;;;596,0;605,1;;497,5;;;;;;;;;;;;;;;
LittleRock;;;;;;;;;;;;;;;;;;588,2;;563,6;;380,5;;;;;;;;;;;;;458,9;423,3
SaintLouis;;;;;;;;;;;;;;;;;549,9;;;;502,8;;369,7;;;;;;360,8;;;;;;;422,1
Chicago;;;;;;;;;;;;;;;412,3;453,9;;;;;;495,1;;;359,0;;;;356,4;;;;;;;
SaultStMarie;;;;;;;;;;;;;;426,2;413,6;;;;;;;;;;351,1;302,5;;;;;;;;;;
Toronto;;;;;;;;;;;;;;;423,0;;;;;;;;386,0;361,5;;309,8;;;380,2;;;;;;;
Montreal;;;;;;;;;;;;;;;;;;;;;;;;365,2;338,7;;279,4;312,4;;;;;;;;
Boston;;;;;;;;;;;;;;;;;;;;;;;;;;299,4;;300,1;;;;;;;;
NewYork;;;;;;;;;;;;;;;;;;;;;;;;;;327,1;294,6;;397,2;330,3;;;;;;
Pittsburgh;;;;;;;;;;;;;;;;;;;;;;492,1;388,0;;360,3;;;316,5;;323,4;351,3;;;;;402,0
Washington;;;;;;;;;;;;;;;;;;;;;;;;;;;;337,5;362,1;;345,7;;;;;
Raleigh;;;;;;;;;;;;;;;;;;;;;;;;;;;;;363,7;340,2;;392,3;380,8;;;400,3
Atlanta;;;;;;;;;;;;;;;;;;;;;;;;;;;;;;;365,8;;375,2;390,1;496,9;416,1
Charleston;;;;;;;;;;;;;;;;;;;;;;;;;;;;;;;391,1;415,8;;398,8;;
Miami;;;;;;;;;;;;;;;;;;;;;;;;;;;;;;;;431,7;388,7;;398,8;
NewOrleans;;;;;;;;;;;;;;;;;;;555,2;;465,7;;;;;;;;;;;416,5;;381,7;;
Nashville;;;;;;;;;;;;;;;;;;;;;508,8;439,1;;;;;;;386,6;;365,9;399,2;;;;
Step_28000;Vancouver;Seattle;Calgary;Portland;Helena;SaltLakeCity;SanFrancisco;LosAngeles;LasVegas;Phoenix;SantaFe;Denver;ElPaso;Winnipeg;Duluth;Omaha;KansasCity;OklahomaCity;Houston;Dallas;LittleRock;SaintLouis;Chicago;SaultStMarie;Toronto;Montreal;Boston;NewYork;Pittsburgh;Washington;Raleigh;Atlanta;Charleston;Miami;NewOrleans;Nashville
Vancouver;;531,7;475,8;;;;;;;;;;;;;;;;;;;;;;;;;;;;;;;;;
Seattle;476,0;;455,5;628,8;559,1;;;;;;;;;;;;;;;;;;;;;;;;;;;;;;;
Calgary;465,4;552,9;;;508,4;;;;;;;;;418,5;;;;;;;;;;;;;;;;;;;;;;
Portland;;520,3;;;;609,4;678,7;;;;;;;;;;;;;;;;;;;;;;;;;;;;;
Helena;;527,8;446,9;;;919,0;;;;;;540,5;;420,4;397,1;457,4;;;;;;;;;;;;;;;;;;;;
SaltLakeCity;;;;622,4;501,4;;726,2;;1005,0;;;591,4;;;;;;;;;;;;;;;;;;;;;;;;
SanFrancisco;;;;619,3;;615,6;;903,0;;;;;;;;;;;;;;;;;;;;;;;;;;;;
LosAngeles;;;;;;;1000,0;;1000,0;1000,0;;;1000,0;;;;;;;;;;;;;;;;;;;;;;;
LasVegas;;;;;;645,0;;1002,0;;;;;;;;;;;;;;;;;;;;;;;;;;;;
Phoenix;;;;;;;;903,0;;;645,4;534,4;712,1;;;;;;;;;;;;;;;;;;;;;;;
SantaFe;;;;;;;;;;601,0;;590,2;740,1;;;;;532,3;;;;;;;;;;;;;;;;;;
Denver;;;;;534,4;654,7;;;;730,9;589,8;;;;;446,2;524,9;589,8;;;;;;;;;;;;;;;;;;
ElPaso;;;;;;;;906,0;;758,5;647,2;;;;;;;599,6;584,6;583,8;;;;;;;;;;;;;;;;
Winnipeg;;;439,0;;455,1;;;;;;;;;;434,0;;;;;;;;;368,3;;;;;;;;;;;;
Duluth;;;;;471,5;;;;;;;;;429,8;;510,8;;;;;;;385,6;365,6;372,7;;;;;;;;;;;
Omaha;;;;;489,6;;;;;;;601,0;;;443,1;;;;;;;;386,9;;;;;;;;;;;;;
KansasCity;;;;;;;;;;;;485,9;;;;;;606,4;;;;390,5;;;;;;;;;;;;;;
OklahomaCity;;;;;;;;;;;600,8;631,5;717,9;;;;516,8;;;603,3;517,5;;;;;;;;;;;;;;;
Houston;;;;;;;;;;;;;715,1;;;;;;;620,7;;;;;;;;;;;;;;;477,1;
Dallas;;;;;;;;;;;;;747,9;;;;;539,4;598,0;;501,7;;;;;;;;;;;;;;;
LittleRock;;;;;;;;;;;;;;;;;;543,1;;592,1;;426,0;;;;;;;;;;;;;463,9;389,4
SaintLouis;;;;;;;;;;;;;;;;;494,4;;;;456,6;;385,1;;;;;;356,1;;;;;;;388,9
Chicago;;;;;;;;;;;;;;;440,9;478,3;;;;;;391,8;;;348,0;;;;345,0;;;;;;;
SaultStMarie;;;;;;;;;;;;;;420,7;421,1;;;;;;;;;;363,1;275,9;;;;;;;;;;
Toronto;;;;;;;;;;;;;;;424,4;;;;;;;;398,0;389,2;;305,8;;;372,6;;;;;;;
Montreal;;;;;;;;;;;;;;;;;;;;;;;;362,7;341,3;;277,4;286,5;;;;;;;;
Boston;;;;;;;;;;;;;;;;;;;;;;;;;;295,9;;303,6;;;;;;;;
NewYork;;;;;;;;;;;;;;;;;;;;;;;;;;297,6;285,6;;367,3;325,4;;;;;;
Pittsburgh;;;;;;;;;;;;;;;;;;;;;;394,0;411,9;;355,3;;;326,1;;322,8;357,8;;;;;390,0
Washington;;;;;;;;;;;;;;;;;;;;;;;;;;;;337,5;356,4;;351,3;;;;;
Raleigh;;;;;;;;;;;;;;;;;;;;;;;;;;;;;369,7;340,2;;389,7;380,3;;;400,4
Atlanta;;;;;;;;;;;;;;;;;;;;;;;;;;;;;;;363,4;;370,0;388,6;476,2;407,4
Charleston;;;;;;;;;;;;;;;;;;;;;;;;;;;;;;;385,9;418,0;;394,3;;
Miami;;;;;;;;;;;;;;;;;;;;;;;;;;;;;;;;414,3;380,2;;419,8;
NewOrleans;;;;;;;;;;;;;;;;;;;587,7;;474,4;;;;;;;;;;;395,7;;365,4;;
Nashville;;;;;;;;;;;;;;;;;;;;;485,2;436,5;;;;;;;387,9;;364,7;401,4;;;;
Step_32000;Vancouver;Seattle;Calgary;Portland;Helena;SaltLakeCity;SanFrancisco;LosAngeles;LasVegas;Phoenix;SantaFe;Denver;ElPaso;Winnipeg;Duluth;Omaha;KansasCity;OklahomaCity;Houston;Dallas;LittleRock;SaintLouis;Chicago;SaultStMarie;Toronto;Montreal;Boston;NewYork;Pittsburgh;Washington;Raleigh;Atlanta;Charleston;Miami;NewOrleans;Nashville
Vancouver;;466,9;440,2;;;;;;;;;;;;;;;;;;;;;;;;;;;;;;;;;
Seattle;433,4;;445,4;576,9;477,7;;;;;;;;;;;;;;;;;;;;;;;;;;;;;;;
Calgary;421,1;438,5;;;534,5;;;;;;;;;448,3;;;;;;;;;;;;;;;;;;;;;;
Portland;;496,2;;;;616,9;755,9;;;;;;;;;;;;;;;;;;;;;;;;;;;;;
Helena;;488,8;434,6;;;986,6;;;;;;585,8;;420,3;418,9;476,6;;;;;;;;;;;;;;;;;;;;
SaltLakeCity;;;;663,1;483,9;;984,3;;675,4;;;599,5;;;;;;;;;;;;;;;;;;;;;;;;
SanFrancisco;;;;563,7;;636,7;;983,0;;;;;;;;;;;;;;;;;;;;;;;;;;;;
LosAngeles;;;;;;;1000,0;;1000,0;1000,0;;;1000,0;;;;;;;;;;;;;;;;;;;;;;;
LasVegas;;;;;;635,2;;902,0;;;;;;;;;;;;;;;;;;;;;;;;;;;;
Phoenix;;;;;;;;903,0;;;622,7;627,1;696,6;;;;;;;;;;;;;;;;;;;;;;;
SantaFe;;;;;;;;;;752,3;;653,5;706,9;;;;;599,7;;;;;;;;;;;;;;;;;;
Denver;;;;;528,7;635,3;;;;744,3;650,2;;;;;523,5;490,4;572,8;;;;;;;;;;;;;;;;;;
ElPaso;;;;;;;;906,0;;721,4;622,4;;;;;;;571,6;575,3;599,4;;;;;;;;;;;;;;;;
Winnipeg;;;432,6;;535,8;;;;;;;;;;426,8;;;;;;;;;366,2;;;;;;;;;;;;
Duluth;;;;;466,4;;;;;;;;;445,4;;495,5;;;;;;;412,1;368,2;367,9;;;;;;;;;;;
Omaha;;;;;495,7;;;;;;;564,9;;;415,1;;;;;;;;405,7;;;;;;;;;;;;;
KansasCity;;;;;;;;;;;;525,9;;;;;;516,2;;;;409,9;;;;;;;;;;;;;;
OklahomaCity;;;;;;;;;;;659,2;594,6;651,3;;;;488,7;;;567,4;482,9;;;;;;;;;;;;;;;
Houston;;;;;;;;;;;;;620,2;;;;;;;567,9;;;;;;;;;;;;;;;489,5;
Dallas;;;;;;;;;;;;;725,2;;;;;602,7;548,2;;440,5;;;;;;;;;;;;;;;
LittleRock;;;;;;;;;;;;;;;;;;595,9;;530,6;;440,1;;;;;;;;;;;;;471,9;391,5
SaintLouis;;;;;;;;;;;;;;;;;454,2;;;;461,9;;393,0;;;;;;361,3;;;;;;;416,5
Chicago;;;;;;;;;;;;;;;413,8;497,8;;;;;;407,2;;;374,6;;;;349,2;;;;;;;
SaultStMarie;;;;;;;;;;;;;;432,7;400,8;;;;;;;;;;359,9;320,6;;;;;;;;;;
Toronto;;;;;;;;;;;;;;;435,3;;;;;;;;406,6;377,0;;330,7;;;353,3;;;;;;;
Montreal;;;;;;;;;;;;;;;;;;;;;;;;379,5;350,9;;279,9;303,3;;;;;;;;
Boston;;;;;;;;;;;;;;;;;;;;;;;;;;295,9;;314,9;;;;;;;;
NewYork;;;;;;;;;;;;;;;;;;;;;;;;;;297,6;285,6;;363,5;325,4;;;;;;
Pittsburgh;;;;;;;;;;;;;;;;;;;;;;392,9;403,3;;379,1;;;327,0;;318,9;354,9;;;;;392,1
Washington;;;;;;;;;;;;;;;;;;;;;;;;;;;;334,9;364,6;;351,3;;;;;
Raleigh;;;;;;;;;;;;;;;;;;;;;;;;;;;;;371,3;336,2;;378,9;380,3;;;386,0
Atlanta;;;;;;;;;;;;;;;;;;;;;;;;;;;;;;;356,9;;367,2;388,6;425,1;411,5
Charleston;;;;;;;;;;;;;;;;;;;;;;;;;;;;;;;379,4;394,3;;389,6;;
Miami;;;;;;;;;;;;;;;;;;;;;;;;;;;;;;;;406,7;369,1;;407,5;
NewOrleans;;;;;;;;;;;;;;;;;;;540,7;;499,1;;;;;;;;;;;390,9;;356,0;;
Nashville;;;;;;;;;;;;;;;;;;;;;499,5;435,2;;;;;;;387,9;;345,4;399,1;;;;
Step_36000;Vancouver;Seattle;Calgary;Portland;Helena;SaltLakeCity;SanFrancisco;LosAngeles;LasVegas;Phoenix;SantaFe;Denver;ElPaso;Winnipeg;Duluth;Omaha;KansasCity;OklahomaCity;Houston;Dallas;LittleRock;SaintLouis;Chicago;SaultStMarie;Toronto;Montreal;Boston;NewYork;Pittsburgh;Washington;Raleigh;Atlanta;Charleston;Miami;NewOrleans;Nashville
Vancouver;;500,5;428,4;;;;;;;;;;;;;;;;;;;;;;;;;;;;;;;;;
Seattle;460,2;;457,9;603,5;476,0;;;;;;;;;;;;;;;;;;;;;;;;;;;;;;;
Calgary;457,8;500,4;;;497,6;;;;;;;;;438,0;;;;;;;;;;;;;;;;;;;;;;
Portland;;491,4;;;;641,6;723,1;;;;;;;;;;;;;;;;;;;;;;;;;;;;;
Helena;;522,1;443,7;;;986,6;;;;;;589,4;;423,5;435,1;473,3;;;;;;;;;;;;;;;;;;;;
SaltLakeCity;;;;593,0;522,7;;984,3;;674,9;;;521,3;;;;;;;;;;;;;;;;;;;;;;;;
SanFrancisco;;;;623,5;;589,2;;983,0;;;;;;;;;;;;;;;;;;;;;;;;;;;;
LosAngeles;;;;;;;1000,0;;1000,0;1000,0;;;1000,0;;;;;;;;;;;;;;;;;;;;;;;
LasVegas;;;;;;629,2;;902,0;;;;;;;;;;;;;;;;;;;;;;;;;;;;
Phoenix;;;;;;;;903,0;;;635,1;606,8;756,4;;;;;;;;;;;;;;;;;;;;;;;
SantaFe;;;;;;;;;;691,9;;610,4;690,4;;;;;590,3;;;;;;;;;;;;;;;;;;
Denver;;;;;515,2;649,7;;;;686,2;621,8;;;;;484,9;484,8;586,7;;;;;;;;;;;;;;;;;;
ElPaso;;;;;;;;906,0;;729,2;604,7;;;;;;;555,2;617,0;609,9;;;;;;;;;;;;;;;;
Winnipeg;;;458,2;;535,5;;;;;;;;;;435,8;;;;;;;;;369,8;;;;;;;;;;;;
Duluth;;;;;548,1;;;;;;;;;440,4;;482,7;;;;;;;416,0;373,9;368,6;;;;;;;;;;;
Omaha;;;;;520,8;;;;;;;560,7;;;441,6;;;;;;;;410,2;;;;;;;;;;;;;
KansasCity;;;;;;;;;;;;584,2;;;;;;544,2;;;;389,4;;;;;;;;;;;;;;
OklahomaCity;;;;;;;;;;;599,2;563,6;719,6;;;;515,2;;;577,2;454,8;;;;;;;;;;;;;;;
Houston;;;;;;;;;;;;;752,9;;;;;;;618,0;;;;;;;;;;;;;;;447,8;
Dallas;;;;;;;;;;;;;747,8;;;;;594,2;601,8;;485,3;;;;;;;;;;;;;;;
LittleRock;;;;;;;;;;;;;;;;;;539,4;;606,7;;431,2;;;;;;;;;;;;;475,9;409,4
SaintLouis;;;;;;;;;;;;;;;;;458,8;;;;486,1;;412,5;;;;;;383,4;;;;;;;400,2
Chicago;;;;;;;;;;;;;;;408,9;447,5;;;;;;433,4;;;379,2;;;;353,8;;;;;;;
SaultStMarie;;;;;;;;;;;;;;435,3;404,4;;;;;;;;;;362,6;314,8;;;;;;;;;;
Toronto;;;;;;;;;;;;;;;445,0;;;;;;;;416,8;378,2;;295,5;;;376,2;;;;;;;
Montreal;;;;;;;;;;;;;;;;;;;;;;;;352,0;368,8;;276,4;301,3;;;;;;;;
Boston;;;;;;;;;;;;;;;;;;;;;;;;;;294,1;;301,3;;;;;;;;
NewYork;;;;;;;;;;;;;;;;;;;;;;;;;;307,7;279,4;;339,1;324,5;;;;;;
Pittsburgh;;;;;;;;;;;;;;;;;;;;;;433,4;393,8;;374,2;;;301,2;;311,6;348,0;;;;;386,9
Washington;;;;;;;;;;;;;;;;;;;;;;;;;;;;303,1;363,5;;342,5;;;;;
Raleigh;;;;;;;;;;;;;;;;;;;;;;;;;;;;;371,3;334,8;;362,0;374,0;;;386,9
Atlanta;;;;;;;;;;;;;;;;;;;;;;;;;;;;;;;348,1;;362,0;383,8;459,2;420,2
Charleston;;;;;;;;;;;;;;;;;;;;;;;;;;;;;;;379,4;375,3;;385,4;;
Miami;;;;;;;;;;;;;;;;;;;;;;;;;;;;;;;;399,5;361,0;;438,1;
NewOrleans;;;;;;;;;;;;;;;;;;;570,8;;499,1;;;;;;;;;;;375,6;;351,5;;
Nashville;;;;;;;;;;;;;;;;;;;;;483,6;438,1;;;;;;;370,7;;344,4;382,3;;;;
Step_40000;Vancouver;Seattle;Calgary;Portland;Helena;SaltLakeCity;SanFrancisco;LosAngeles;LasVegas;Phoenix;SantaFe;Denver;ElPaso;Winnipeg;Duluth;Omaha;KansasCity;OklahomaCity;Houston;Dallas;LittleRock;SaintLouis;Chicago;SaultStMarie;Toronto;Montreal;Boston;NewYork;Pittsburgh;Washington;Raleigh;Atlanta;Charleston;Miami;NewOrleans;Nashville
Vancouver;;519,4;447,3;;;;;;;;;;;;;;;;;;;;;;;;;;;;;;;;;
Seattle;444,9;;434,5;620,2;538,4;;;;;;;;;;;;;;;;;;;;;;;;;;;;;;;
Calgary;455,4;480,1;;;476,2;;;;;;;;;422,3;;;;;;;;;;;;;;;;;;;;;;
Portland;;510,2;;;;656,6;751,5;;;;;;;;;;;;;;;;;;;;;;;;;;;;;
Helena;;518,5;433,5;;;983,6;;;;;;583,8;;408,5;398,3;472,1;;;;;;;;;;;;;;;;;;;;
SaltLakeCity;;;;620,2;524,8;;713,0;;981,4;;;560,2;;;;;;;;;;;;;;;;;;;;;;;;
SanFrancisco;;;;597,8;;630,3;;903,0;;;;;;;;;;;;;;;;;;;;;;;;;;;;
LosAngeles;;;;;;;1000,0;;1000,0;1000,0;;;1000,0;;;;;;;;;;;;;;;;;;;;;;;
LasVegas;;;;;;652,1;;982,0;;;;;;;;;;;;;;;;;;;;;;;;;;;;
Phoenix;;;;;;;;903,0;;;548,3;537,3;748,6;;;;;;;;;;;;;;;;;;;;;;;
SantaFe;;;;;;;;;;696,2;;537,4;656,1;;;;;509,6;;;;;;;;;;;;;;;;;;
Denver;;;;;496,9;600,9;;;;761,7;599,4;;;;;503,5;480,1;541,5;;;;;;;;;;;;;;;;;;
ElPaso;;;;;;;;906,0;;777,1;584,2;;;;;;;568,6;587,2;608,4;;;;;;;;;;;;;;;;
Winnipeg;;;444,3;;445,3;;;;;;;;;;430,1;;;;;;;;;368,2;;;;;;;;;;;;
Duluth;;;;;494,1;;;;;;;;;440,8;;468,3;;;;;;;406,0;360,5;349,8;;;;;;;;;;;
Omaha;;;;;491,0;;;;;;;595,0;;;437,5;;;;;;;;395,7;;;;;;;;;;;;;
KansasCity;;;;;;;;;;;;537,6;;;;;;563,6;;;;401,3;;;;;;;;;;;;;;
OklahomaCity;;;;;;;;;;;595,4;545,9;693,5;;;;518,6;;;542,4;434,1;;;;;;;;;;;;;;;
Houston;;;;;;;;;;;;;663,4;;;;;;;557,9;;;;;;;;;;;;;;;449,3;
Dallas;;;;;;;;;;;;;724,4;;;;;499,8;518,2;;478,8;;;;;;;;;;;;;;;
LittleRock;;;;;;;;;;;;;;;;;;567,1;;597,8;;434,7;;;;;;;;;;;;;436,7;388,4
SaintLouis;;;;;;;;;;;;;;;;;489,3;;;;457,1;;394,7;;;;;;388,0;;;;;;;363,1
Chicago;;;;;;;;;;;;;;;416,0;465,3;;;;;;438,2;;;368,0;;;;361,9;;;;;;;
SaultStMarie;;;;;;;;;;;;;;408,7;422,0;;;;;;;;;;354,8;294,9;;;;;;;;;;
Toronto;;;;;;;;;;;;;;;381,0;;;;;;;;381,3;371,3;;322,9;;;375,7;;;;;;;
Montreal;;;;;;;;;;;;;;;;;;;;;;;;362,6;375,1;;272,7;302,0;;;;;;;;
Boston;;;;;;;;;;;;;;;;;;;;;;;;;;307,8;;296,2;;;;;;;;
NewYork;;;;;;;;;;;;;;;;;;;;;;;;;;316,5;274,3;;336,1;326,8;;;;;;
Pittsburgh;;;;;;;;;;;;;;;;;;;;;;438,9;419,6;;362,8;;;304,7;;294,0;348,7;;;;;398,6
Washington;;;;;;;;;;;;;;;;;;;;;;;;;;;;287,6;379,6;;345,5;;;;;
Raleigh;;;;;;;;;;;;;;;;;;;;;;;;;;;;;371,3;322,9;;394,9;374,0;;;378,5
Atlanta;;;;;;;;;;;;;;;;;;;;;;;;;;;;;;;347,3;;357,1;383,8;433,4;399,1
Charleston;;;;;;;;;;;;;;;;;;;;;;;;;;;;;;;370,3;382,4;;372,9;;
Miami;;;;;;;;;;;;;;;;;;;;;;;;;;;;;;;;410,8;354,3;;440,3;
NewOrleans;;;;;;;;;;;;;;;;;;;565,4;;503,7;;;;;;;;;;;368,4;;375,1;;
Nashville;;;;;;;;;;;;;;;;;;;;;450,9;423,8;;;;;;;370,7;;321,7;364,8;;;;
Step_4000;Vancouver;Seattle;Calgary;Portland;Helena;SaltLakeCity;SanFrancisco;LosAngeles;LasVegas;Phoenix;SantaFe;Denver;ElPaso;Winnipeg;Duluth;Omaha;KansasCity;OklahomaCity;Houston;Dallas;LittleRock;SaintLouis;Chicago;SaultStMarie;Toronto;Montreal;Boston;NewYork;Pittsburgh;Washington;Raleigh;Atlanta;Charleston;Miami;NewOrleans;Nashville
Vancouver;;500,3;456,4;;;;;;;;;;;;;;;;;;;;;;;;;;;;;;;;;
Seattle;433,5;;454,6;631,2;542,6;;;;;;;;;;;;;;;;;;;;;;;;;;;;;;;
Calgary;457,5;458,3;;;483,0;;;;;;;;;420,5;;;;;;;;;;;;;;;;;;;;;;
Portland;;521,5;;;;657,8;685,7;;;;;;;;;;;;;;;;;;;;;;;;;;;;;
Helena;;529,8;442,4;;;975,9;;;;;;547,1;;404,9;463,1;427,6;;;;;;;;;;;;;;;;;;;;
SaltLakeCity;;;;633,9;520,0;;925,2;;769,2;;;593,4;;;;;;;;;;;;;;;;;;;;;;;;
SanFrancisco;;;;576,7;;654,7;;1003,0;;;;;;;;;;;;;;;;;;;;;;;;;;;;
LosAngeles;;;;;;;1000,0;;1000,0;1000,0;;;1000,0;;;;;;;;;;;;;;;;;;;;;;;
LasVegas;;;;;;649,8;;902,0;;;;;;;;;;;;;;;;;;;;;;;;;;;;
Phoenix;;;;;;;;903,0;;;630,7;611,3;691,1;;;;;;;;;;;;;;;;;;;;;;;
SantaFe;;;;;;;;;;723,7;;639,3;641,5;;;;;655,9;;;;;;;;;;;;;;;;;;
Denver;;;;;506,9;616,5;;;;727,5;608,3;;;;;491,2;524,3;607,4;;;;;;;;;;;;;;;;;;
ElPaso;;;;;;;;906,0;;728,2;611,8;;;;;;;586,7;594,7;621,2;;;;;;;;;;;;;;;;
Winnipeg;;;436,6;;494,6;;;;;;;;;;442,2;;;;;;;;;341,8;;;;;;;;;;;;
Duluth;;;;;550,1;;;;;;;;;395,8;;431,8;;;;;;;375,0;356,0;374,8;;;;;;;;;;;
Omaha;;;;;501,7;;;;;;;530,3;;;452,1;;;;;;;;407,2;;;;;;;;;;;;;
KansasCity;;;;;;;;;;;;547,2;;;;;;638,3;;;;424,1;;;;;;;;;;;;;;
OklahomaCity;;;;;;;;;;;599,9;588,1;737,6;;;;533,9;;;605,8;487,2;;;;;;;;;;;;;;;
Houston;;;;;;;;;;;;;713,3;;;;;;;590,7;;;;;;;;;;;;;;;496,7;
Dallas;;;;;;;;;;;;;764,0;;;;;599,1;563,7;;456,0;;;;;;;;;;;;;;;
LittleRock;;;;;;;;;;;;;;;;;;581,4;;546,2;;361,7;;;;;;;;;;;;;406,1;396,3
SaintLouis;;;;;;;;;;;;;;;;;507,2;;;;437,3;;383,4;;;;;;345,1;;;;;;;420,0
Chicago;;;;;;;;;;;;;;;390,5;490,9;;;;;;406,3;;;338,9;;;;341,8;;;;;;;
SaultStMarie;;;;;;;;;;;;;;405,8;437,3;;;;;;;;;;329,5;311,7;;;;;;;;;;
Toronto;;;;;;;;;;;;;;;436,9;;;;;;;;409,6;352,2;;316,2;;;352,1;;;;;;;
Montreal;;;;;;;;;;;;;;;;;;;;;;;;350,3;363,2;;305,9;314,5;;;;;;;;
Boston;;;;;;;;;;;;;;;;;;;;;;;;;;326,8;;321,9;;;;;;;;
NewYork;;;;;;;;;;;;;;;;;;;;;;;;;;326,2;318,1;;330,9;332,8;;;;;;
Pittsburgh;;;;;;;;;;;;;;;;;;;;;;397,2;386,0;;346,7;;;318,5;;338,0;347,8;;;;;414,8
Washington;;;;;;;;;;;;;;;;;;;;;;;;;;;;336,0;360,4;;347,2;;;;;
Raleigh;;;;;;;;;;;;;;;;;;;;;;;;;;;;;363,0;354,8;;378,8;368,3;;;372,2
Atlanta;;;;;;;;;;;;;;;;;;;;;;;;;;;;;;;360,8;;380,3;397,5;447,5;419,1
Charleston;;;;;;;;;;;;;;;;;;;;;;;;;;;;;;;375,9;393,6;;400,3;;
Miami;;;;;;;;;;;;;;;;;;;;;;;;;;;;;;;;393,4;395,7;;446,1;
NewOrleans;;;;;;;;;;;;;;;;;;;568,8;;486,9;;;;;;;;;;;395,5;;387,1;;
Nashville;;;;;;;;;;;;;;;;;;;;;466,0;424,1;;;;;;;389,7;;351,5;397,4;;;;
Step_8000;Vancouver;Seattle;Calgary;Portland;Helena;SaltLakeCity;SanFrancisco;LosAngeles;LasVegas;Phoenix;SantaFe;Denver;ElPaso;Winnipeg;Duluth;Omaha;KansasCity;OklahomaCity;Houston;Dallas;LittleRock;SaintLouis;Chicago;SaultStMarie;Toronto;Montreal;Boston;NewYork;Pittsburgh;Washington;Raleigh;Atlanta;Charleston;Miami;NewOrleans;Nashville
Vancouver;;495,8;440,4;;;;;;;;;;;;;;;;;;;;;;;;;;;;;;;;;
Seattle;442,3;;430,8;632,8;506,8;;;;;;;;;;;;;;;;;;;;;;;;;;;;;;;
Calgary;433,0;494,6;;;451,9;;;;;;;;;411,4;;;;;;;;;;;;;;;;;;;;;;
Portland;;535,5;;;;674,0;711,1;;;;;;;;;;;;;;;;;;;;;;;;;;;;;
Helena;;494,3;430,5;;;911,8;;;;;;561,5;;420,6;397,0;494,1;;;;;;;;;;;;;;;;;;;;
SaltLakeCity;;;;605,4;464,1;;750,8;;981,4;;;582,1;;;;;;;;;;;;;;;;;;;;;;;;
SanFrancisco;;;;579,3;;612,7;;903,0;;;;;;;;;;;;;;;;;;;;;;;;;;;;
LosAngeles;;;;;;;1000,0;;1000,0;1000,0;;;1000,0;;;;;;;;;;;;;;;;;;;;;;;
LasVegas;;;;;;602,4;;982,0;;;;;;;;;;;;;;;;;;;;;;;;;;;;
Phoenix;;;;;;;;903,0;;;667,5;564,6;637,0;;;;;;;;;;;;;;;;;;;;;;;
SantaFe;;;;;;;;;;723,6;;579,4;746,3;;;;;569,6;;;;;;;;;;;;;;;;;;
Denver;;;;;532,4;668,3;;;;670,3;662,6;;;;;479,4;526,4;546,6;;;;;;;;;;;;;;;;;;
ElPaso;;;;;;;;906,0;;719,7;604,2;;;;;;;569,5;612,4;583,4;;;;;;;;;;;;;;;;
Winnipeg;;;443,4;;510,7;;;;;;;;;;444,0;;;;;;;;;365,7;;;;;;;;;;;;
Duluth;;;;;493,4;;;;;;;;;409,7;;472,3;;;;;;;397,4;367,1;364,2;;;;;;;;;;;
Omaha;;;;;533,0;;;;;;;532,3;;;415,9;;;;;;;;383,4;;;;;;;;;;;;;
KansasCity;;;;;;;;;;;;581,6;;;;;;534,1;;;;398,0;;;;;;;;;;;;;;
OklahomaCity;;;;;;;;;;;671,6;594,9;617,6;;;;512,1;;;595,5;468,7;;;;;;;;;;;;;;;
Houston;;;;;;;;;;;;;702,0;;;;;;;617,6;;;;;;;;;;;;;;;448,4;
Dallas;;;;;;;;;;;;;692,8;;;;;553,1;525,9;;501,3;;;;;;;;;;;;;;;
LittleRock;;;;;;;;;;;;;;;;;;575,1;;593,9;;389,6;;;;;;;;;;;;;427,4;384,4
SaintLouis;;;;;;;;;;;;;;;;;521,5;;;;454,2;;377,4;;;;;;371,5;;;;;;;390,2
Chicago;;;;;;;;;;;;;;;420,0;479,8;;;;;;430,7;;;363,2;;;;347,4;;;;;;;
SaultStMarie;;;;;;;;;;;;;;400,8;410,2;;;;;;;;;;362,9;318,9;;;;;;;;;;
Toronto;;;;;;;;;;;;;;;414,8;;;;;;;;379,8;371,7;;306,0;;;355,7;;;;;;;
Montreal;;;;;;;;;;;;;;;;;;;;;;;;356,8;373,7;;289,0;305,0;;;;;;;;
Boston;;;;;;;;;;;;;;;;;;;;;;;;;;309,2;;306,9;;;;;;;;
NewYork;;;;;;;;;;;;;;;;;;;;;;;;;;325,2;310,1;;320,8;323,7;;;;;;
Pittsburgh;;;;;;;;;;;;;;;;;;;;;;436,7;359,6;;354,0;;;302,9;;333,7;344,4;;;;;400,2
Washington;;;;;;;;;;;;;;;;;;;;;;;;;;;;336,0;375,2;;346,8;;;;;
Raleigh;;;;;;;;;;;;;;;;;;;;;;;;;;;;;363,0;350,9;;397,8;367,3;;;365,4
Atlanta;;;;;;;;;;;;;;;;;;;;;;;;;;;;;;;347,3;;371,3;395,6;486,5;406,6
Charleston;;;;;;;;;;;;;;;;;;;;;;;;;;;;;;;370,5;393,6;;401,8;;
Miami;;;;;;;;;;;;;;;;;;;;;;;;;;;;;;;;394,0;395,7;;431,0;
NewOrleans;;;;;;;;;;;;;;;;;;;609,6;;457,3;;;;;;;;;;;371,0;;393,8;;
Nashville;;;;;;;;;;;;;;;;;;;;;416,7;429,7;;;;;;;383,9;;353,4;401,0;;;;
Step_12000;Vancouver;Seattle;Calgary;Portland;Helena;SaltLakeCity;SanFrancisco;LosAngeles;LasVegas;Phoenix;SantaFe;Denver;ElPaso;Winnipeg;Duluth;Omaha;KansasCity;OklahomaCity;Houston;Dallas;LittleRock;SaintLouis;Chicago;SaultStMarie;Toronto;Montreal;Boston;NewYork;Pittsburgh;Washington;Raleigh;Atlanta;Charleston;Miami;NewOrleans;Nashville
Vancouver;;456,4;433,1;;;;;;;;;;;;;;;;;;;;;;;;;;;;;;;;;
Seattle;431,8;;432,6;603,5;556,8;;;;;;;;;;;;;;;;;;;;;;;;;;;;;;;
Calgary;415,1;485,0;;;450,7;;;;;;;;;416,3;;;;;;;;;;;;;;;;;;;;;;
Portland;;509,4;;;;661,3;712,3;;;;;;;;;;;;;;;;;;;;;;;;;;;;;
Helena;;471,9;407,8;;;1008,0;;;;;;536,8;;389,0;404,0;496,7;;;;;;;;;;;;;;;;;;;;
SaltLakeCity;;;;621,0;498,2;;717,8;;981,4;;;546,8;;;;;;;;;;;;;;;;;;;;;;;;
SanFrancisco;;;;603,8;;663,3;;903,0;;;;;;;;;;;;;;;;;;;;;;;;;;;;
LosAngeles;;;;;;;1000,0;;1000,0;1000,0;;;1000,0;;;;;;;;;;;;;;;;;;;;;;;
LasVegas;;;;;;635,7;;982,0;;;;;;;;;;;;;;;;;;;;;;;;;;;;
Phoenix;;;;;;;;903,0;;;592,9;575,8;658,4;;;;;;;;;;;;;;;;;;;;;;;
SantaFe;;;;;;;;;;652,4;;530,1;665,0;;;;;582,1;;;;;;;;;;;;;;;;;;
Denver;;;;;452,6;632,9;;;;735,8;584,9;;;;;471,6;531,3;599,5;;;;;;;;;;;;;;;;;;
ElPaso;;;;;;;;906,0;;731,4;580,8;;;;;;;630,2;578,2;547,7;;;;;;;;;;;;;;;;
Winnipeg;;;426,4;;489,4;;;;;;;;;;417,7;;;;;;;;;377,0;;;;;;;;;;;;
Duluth;;;;;485,6;;;;;;;;;460,0;;463,8;;;;;;;383,4;363,5;360,7;;;;;;;;;;;
Omaha;;;;;515,3;;;;;;;543,1;;;385,6;;;;;;;;407,4;;;;;;;;;;;;;
KansasCity;;;;;;;;;;;;614,1;;;;;;588,8;;;;426,4;;;;;;;;;;;;;;
OklahomaCity;;;;;;;;;;;620,6;616,9;730,7;;;;515,9;;;537,8;471,4;;;;;;;;;;;;;;;
Houston;;;;;;;;;;;;;763,2;;;;;;;579,0;;;;;;;;;;;;;;;452,0;
Dallas;;;;;;;;;;;;;703,9;;;;;551,6;604,1;;456,5;;;;;;;;;;;;;;;
LittleRock;;;;;;;;;;;;;;;;;;523,6;;560,5;;385,3;;;;;;;;;;;;;482,6;389,1
SaintLouis;;;;;;;;;;;;;;;;;509,6;;;;473,3;;392,9;;;;;;332,3;;;;;;;368,5
Chicago;;;;;;;;;;;;;;;438,5;488,5;;;;;;419,0;;;376,2;;;;351,8;;;;;;;
SaultStMarie;;;;;;;;;;;;;;417,7;412,6;;;;;;;;;;376,9;324,0;;;;;;;;;;
Toronto;;;;;;;;;;;;;;;442,3;;;;;;;;414,5;353,1;;321,4;;;369,4;;;;;;;
Montreal;;;;;;;;;;;;;;;;;;;;;;;;382,2;363,6;;280,5;299,6;;;;;;;;
Boston;;;;;;;;;;;;;;;;;;;;;;;;;;314,7;;300,6;;;;;;;;
NewYork;;;;;;;;;;;;;;;;;;;;;;;;;;303,1;302,9;;324,5;320,9;;;;;;
Pittsburgh;;;;;;;;;;;;;;;;;;;;;;391,4;382,8;;345,8;;;301,0;;334,0;357,6;;;;;392,8
Washington;;;;;;;;;;;;;;;;;;;;;;;;;;;;328,3;360,0;;346,8;;;;;
Raleigh;;;;;;;;;;;;;;;;;;;;;;;;;;;;;360,7;345,9;;442,9;361,6;;;365,4
Atlanta;;;;;;;;;;;;;;;;;;;;;;;;;;;;;;;347,3;;371,3;395,6;525,7;406,6
Charleston;;;;;;;;;;;;;;;;;;;;;;;;;;;;;;;374,3;393,6;;401,8;;
Miami;;;;;;;;;;;;;;;;;;;;;;;;;;;;;;;;408,1;395,7;;449,6;
NewOrleans;;;;;;;;;;;;;;;;;;;618,6;;435,4;;;;;;;;;;;387,0;;392,4;;
Nashville;;;;;;;;;;;;;;;;;;;;;411,8;418,7;;;;;;;351,0;;354,6;415,6;;;;
Step_16000;Vancouver;Seattle;Calgary;Portland;Helena;SaltLakeCity;SanFrancisco;LosAngeles;LasVegas;Phoenix;SantaFe;Denver;ElPaso;Winnipeg;Duluth;Omaha;KansasCity;OklahomaCity;Houston;Dallas;LittleRock;SaintLouis;Chicago;SaultStMarie;Toronto;Montreal;Boston;NewYork;Pittsburgh;Washington;Raleigh;Atlanta;Charleston;Miami;NewOrleans;Nashville
Vancouver;;463,4;449,1;;;;;;;;;;;;;;;;;;;;;;;;;;;;;;;;;
Seattle;433,4;;438,1;549,3;529,9;;;;;;;;;;;;;;;;;;;;;;;;;;;;;;;
Calgary;432,5;470,5;;;524,4;;;;;;;;;435,4;;;;;;;;;;;;;;;;;;;;;;
Portland;;490,6;;;;585,4;736,4;;;;;;;;;;;;;;;;;;;;;;;;;;;;;
Helena;;487,1;451,0;;;983,6;;;;;;582,0;;432,7;458,4;494,8;;;;;;;;;;;;;;;;;;;;
SaltLakeCity;;;;607,4;536,6;;710,6;;981,4;;;625,6;;;;;;;;;;;;;;;;;;;;;;;;
SanFrancisco;;;;619,8;;649,8;;903,0;;;;;;;;;;;;;;;;;;;;;;;;;;;;
LosAngeles;;;;;;;1000,0;;1000,0;1000,0;;;1000,0;;;;;;;;;;;;;;;;;;;;;;;
LasVegas;;;;;;621,9;;982,0;;;;;;;;;;;;;;;;;;;;;;;;;;;;
Phoenix;;;;;;;;903,0;;;628,1;659,2;685,7;;;;;;;;;;;;;;;;;;;;;;;
SantaFe;;;;;;;;;;706,8;;596,5;737,7;;;;;579,5;;;;;;;;;;;;;;;;;;
Denver;;;;;530,4;662,2;;;;758,8;605,0;;;;;460,2;500,6;553,2;;;;;;;;;;;;;;;;;;
ElPaso;;;;;;;;906,0;;724,1;601,0;;;;;;;596,8;594,6;656,0;;;;;;;;;;;;;;;;
Winnipeg;;;461,8;;494,1;;;;;;;;;;425,1;;;;;;;;;390,8;;;;;;;;;;;;
Duluth;;;;;505,2;;;;;;;;;429,0;;523,1;;;;;;;379,1;372,4;367,3;;;;;;;;;;;
Omaha;;;;;476,8;;;;;;;626,0;;;429,1;;;;;;;;389,1;;;;;;;;;;;;;
KansasCity;;;;;;;;;;;;559,2;;;;;;565,7;;;;409,3;;;;;;;;;;;;;;
OklahomaCity;;;;;;;;;;;630,0;623,7;615,3;;;;521,3;;;622,8;461,2;;;;;;;;;;;;;;;
Houston;;;;;;;;;;;;;645,6;;;;;;;555,6;;;;;;;;;;;;;;;473,9;
Dallas;;;;;;;;;;;;;799,2;;;;;579,8;610,5;;493,0;;;;;;;;;;;;;;;
LittleRock;;;;;;;;;;;;;;;;;;556,6;;596,8;;412,9;;;;;;;;;;;;;433,4;383,5
SaintLouis;;;;;;;;;;;;;;;;;474,7;;;;449,8;;420,6;;;;;;366,6;;;;;;;386,7
Chicago;;;;;;;;;;;;;;;419,0;458,3;;;;;;408,8;;;377,4;;;;370,5;;;;;;;
SaultStMarie;;;;;;;;;;;;;;439,9;421,5;;;;;;;;;;351,6;316,1;;;;;;;;;;
Toronto;;;;;;;;;;;;;;;420,1;;;;;;;;404,4;364,1;;307,0;;;377,7;;;;;;;
Montreal;;;;;;;;;;;;;;;;;;;;;;;;355,9;364,8;;289,8;305,0;;;;;;;;
Boston;;;;;;;;;;;;;;;;;;;;;;;;;;325,1;;300,6;;;;;;;;
NewYork;;;;;;;;;;;;;;;;;;;;;;;;;;303,1;299,6;;328,3;314,6;;;;;;
Pittsburgh;;;;;;;;;;;;;;;;;;;;;;433,0;411,5;;359,1;;;292,5;;318,2;362,4;;;;;390,9
Washington;;;;;;;;;;;;;;;;;;;;;;;;;;;;315,1;367,4;;346,8;;;;;
Raleigh;;;;;;;;;;;;;;;;;;;;;;;;;;;;;360,7;345,9;;422,0;361,6;;;365,4
Atlanta;;;;;;;;;;;;;;;;;;;;;;;;;;;;;;;347,3;;363,7;406,9;439,1;401,6
Charleston;;;;;;;;;;;;;;;;;;;;;;;;;;;;;;;382,9;393,6;;409,1;;
Miami;;;;;;;;;;;;;;;;;;;;;;;;;;;;;;;;408,3;395,7;;497,1;
NewOrleans;;;;;;;;;;;;;;;;;;;579,0;;489,2;;;;;;;;;;;401,2;;388,6;;
Nashville;;;;;;;;;;;;;;;;;;;;;456,3;410,0;;;;;;;362,8;;354,6;418,3;;;;
Step_20000;Vancouver;Seattle;Calgary;Portland;Helena;SaltLakeCity;SanFrancisco;LosAngeles;LasVegas;Phoenix;SantaFe;Denver;ElPaso;Winnipeg;Duluth;Omaha;KansasCity;OklahomaCity;Houston;Dallas;LittleRock;SaintLouis;Chicago;SaultStMarie;Toronto;Montreal;Boston;NewYork;Pittsburgh;Washington;Raleigh;Atlanta;Charleston;Miami;NewOrleans;Nashville
Vancouver;;501,5;428,6;;;;;;;;;;;;;;;;;;;;;;;;;;;;;;;;;
Seattle;425,7;;447,8;624,6;523,2;;;;;;;;;;;;;;;;;;;;;;;;;;;;;;;
Calgary;443,4;548,2;;;491,9;;;;;;;;;420,1;;;;;;;;;;;;;;;;;;;;;;
Portland;;529,0;;;;584,8;754,7;;;;;;;;;;;;;;;;;;;;;;;;;;;;;
Helena;;525,3;465,3;;;1008,0;;;;;;574,8;;421,7;418,6;517,7;;;;;;;;;;;;;;;;;;;;
SaltLakeCity;;;;637,9;467,8;;753,7;;1005,0;;;511,5;;;;;;;;;;;;;;;;;;;;;;;;
SanFrancisco;;;;644,5;;581,3;;903,0;;;;;;;;;;;;;;;;;;;;;;;;;;;;
LosAngeles;;;;;;;1000,0;;1000,0;1000,0;;;1000,0;;;;;;;;;;;;;;;;;;;;;;;
LasVegas;;;;;;618,2;;1002,0;;;;;;;;;;;;;;;;;;;;;;;;;;;;
Phoenix;;;;;;;;903,0;;;682,3;572,4;654,7;;;;;;;;;;;;;;;;;;;;;;;
SantaFe;;;;;;;;;;798,6;;588,3;680,0;;;;;559,8;;;;;;;;;;;;;;;;;;
Denver;;;;;500,8;613,2;;;;696,7;597,3;;;;;445,0;490,8;633,0;;;;;;;;;;;;;;;;;;
ElPaso;;;;;;;;906,0;;667,2;607,5;;;;;;;602,2;582,6;572,3;;;;;;;;;;;;;;;;
Winnipeg;;;442,4;;516,7;;;;;;;;;;415,7;;;;;;;;;365,7;;;;;;;;;;;;
Duluth;;;;;512,3;;;;;;;;;419,3;;475,5;;;;;;;404,8;341,4;340,0;;;;;;;;;;;
Omaha;;;;;469,4;;;;;;;624,0;;;442,9;;;;;;;;393,5;;;;;;;;;;;;;
KansasCity;;;;;;;;;;;;547,9;;;;;;550,5;;;;397,8;;;;;;;;;;;;;;
OklahomaCity;;;;;;;;;;;608,1;550,8;713,1;;;;493,8;;;583,0;439,1;;;;;;;;;;;;;;;
Houston;;;;;;;;;;;;;730,0;;;;;;;547,8;;;;;;;;;;;;;;;469,8;
Dallas;;;;;;;;;;;;;709,5;;;;;592,6;552,6;;418,5;;;;;;;;;;;;;;;
LittleRock;;;;;;;;;;;;;;;;;;556,0;;530,6;;408,9;;;;;;;;;;;;;479,1;409,4
SaintLouis;;;;;;;;;;;;;;;;;459,6;;;;454,5;;374,5;;;;;;342,4;;;;;;;394,3
Chicago;;;;;;;;;;;;;;;447,4;429,2;;;;;;429,8;;;340,2;;;;374,4;;;;;;;
SaultStMarie;;;;;;;;;;;;;;390,1;422,0;;;;;;;;;;334,4;302,5;;;;;;;;;;
Toronto;;;;;;;;;;;;;;;376,7;;;;;;;;390,9;359,8;;315,7;;;353,1;;;;;;;
Montreal;;;;;;;;;;;;;;;;;;;;;;;;344,9;354,9;;277,7;295,9;;;;;;;;
Boston;;;;;;;;;;;;;;;;;;;;;;;;;;291,5;;301,3;;;;;;;;
NewYork;;;;;;;;;;;;;;;;;;;;;;;;;;305,2;282,6;;372,1;312,6;;;;;;
Pittsburgh;;;;;;;;;;;;;;;;;;;;;;420,4;389,6;;340,1;;;294,7;;325,0;345,6;;;;;403,7
Washington;;;;;;;;;;;;;;;;;;;;;;;;;;;;313,9;384,3;;348,0;;;;;
Raleigh;;;;;;;;;;;;;;;;;;;;;;;;;;;;;365,6;330,0;;389,2;361,6;;;381,8
Atlanta;;;;;;;;;;;;;;;;;;;;;;;;;;;;;;;346,3;;363,7;406,9;477,2;407,8
Charleston;;;;;;;;;;;;;;;;;;;;;;;;;;;;;;;381,5;393,6;;419,6;;
Miami;;;;;;;;;;;;;;;;;;;;;;;;;;;;;;;;408,3;385,1;;494,8;
NewOrleans;;;;;;;;;;;;;;;;;;;576,7;;468,4;;;;;;;;;;;418,5;;390,9;;
Nashville;;;;;;;;;;;;;;;;;;;;;438,8;435,7;;;;;;;344,1;;356,4;405,8;;;;
Step_24000;Vancouver;Seattle;Calgary;Portland;Helena;SaltLakeCity;SanFrancisco;LosAngeles;LasVegas;Phoenix;SantaFe;Denver;ElPaso;Winnipeg;Duluth;Omaha;KansasCity;OklahomaCity;Houston;Dallas;LittleRock;SaintLouis;Chicago;SaultStMarie;Toronto;Montreal;Boston;NewYork;Pittsburgh;Washington;Raleigh;Atlanta;Charleston;Miami;NewOrleans;Nashville
Vancouver;;444,7;457,5;;;;;;;;;;;;;;;;;;;;;;;;;;;;;;;;;
Seattle;407,8;;438,9;613,0;514,6;;;;;;;;;;;;;;;;;;;;;;;;;;;;;;;
Calgary;406,4;472,1;;;486,2;;;;;;;;;395,0;;;;;;;;;;;;;;;;;;;;;;
Portland;;487,6;;;;598,1;786,7;;;;;;;;;;;;;;;;;;;;;;;;;;;;;
Helena;;478,4;448,1;;;983,6;;;;;;568,5;;395,5;447,9;466,3;;;;;;;;;;;;;;;;;;;;
SaltLakeCity;;;;630,8;528,1;;707,4;;981,4;;;576,5;;;;;;;;;;;;;;;;;;;;;;;;
SanFrancisco;;;;631,8;;620,2;;903,0;;;;;;;;;;;;;;;;;;;;;;;;;;;;
LosAngeles;;;;;;;1000,0;;1000,0;1000,0;;;1000,0;;;;;;;;;;;;;;;;;;;;;;;
LasVegas;;;;;;672,0;;982,0;;;;;;;;;;;;;;;;;;;;;;;;;;;;
Phoenix;;;;;;;;903,0;;;607,1;616,9;801,9;;;;;;;;;;;;;;;;;;;;;;;
SantaFe;;;;;;;;;;694,7;;604,0;700,8;;;;;566,5;;;;;;;;;;;;;;;;;;
Denver;;;;;552,3;614,8;;;;788,6;631,6;;;;;485,0;516,6;502,6;;;;;;;;;;;;;;;;;;
ElPaso;;;;;;;;906,0;;756,8;634,1;;;;;;;588,3;573,7;596,8;;;;;;;;;;;;;;;;
Winnipeg;;;433,5;;508,8;;;;;;;;;;393,8;;;;;;;;;382,4;;;;;;;;;;;;
Duluth;;;;;475,3;;;;;;;;;440,5;;454,4;;;;;;;392,5;366,7;358,8;;;;;;;;;;;
Omaha;;;;;533,4;;;;;;;582,3;;;412,3;;;;;;;;405,0;;;;;;;;;;;;;
KansasCity;;;;;;;;;;;;551,6;;;;;;540,8;;;;431,2;;;;;;;;;;;;;;
OklahomaCity;;;;;;;;;;;619,3;553,8;690,0;;;;479,4;;;536,8;451,9;;;;;;;;;;;;;;;
Houston;;;;;;;;;;;;;758,6;;;;;;;588,8;;;;;;;;;;;;;;;474,8;
Dallas;;;;;;;;;;;;;651,9;;;;;527,5;517,7;;453,0;;;;;;;;;;;;;;;
LittleRock;;;;;;;;;;;;;;;;;;528,8;;550,4;;440,1;;;;;;;;;;;;;467,7;409,0
SaintLouis;;;;;;;;;;;;;;;;;480,2;;;;480,5;;394,3;;;;;;338,8;;;;;;;358,6
Chicago;;;;;;;;;;;;;;;415,9;484,3;;;;;;377,5;;;362,1;;;;341,7;;;;;;;
SaultStMarie;;;;;;;;;;;;;;431,1;409,5;;;;;;;;;;375,5;293,0;;;;;;;;;;
Toronto;;;;;;;;;;;;;;;430,4;;;;;;;;403,6;355,7;;289,3;;;389,4;;;;;;;
Montreal;;;;;;;;;;;;;;;;;;;;;;;;330,9;358,0;;274,3;305,0;;;;;;;;
Boston;;;;;;;;;;;;;;;;;;;;;;;;;;295,0;;316,6;;;;;;;;
NewYork;;;;;;;;;;;;;;;;;;;;;;;;;;295,0;284,6;;341,6;318,4;;;;;;
Pittsburgh;;;;;;;;;;;;;;;;;;;;;;448,3;408,9;;334,3;;;303,4;;323,6;333,3;;;;;380,8
Washington;;;;;;;;;;;;;;;;;;;;;;;;;;;;313,9;346,4;;352,3;;;;;
Raleigh;;;;;;;;;;;;;;;;;;;;;;;;;;;;;365,6;327,4;;387,2;361,6;;;381,8
Atlanta;;;;;;;;;;;;;;;;;;;;;;;;;;;;;;;347,1;;367,6;411,5;489,7;399,5
Charleston;;;;;;;;;;;;;;;;;;;;;;;;;;;;;;;381,5;403,4;;427,0;;
Miami;;;;;;;;;;;;;;;;;;;;;;;;;;;;;;;;402,7;385,1;;506,9;
NewOrleans;;;;;;;;;;;;;;;;;;;613,1;;460,6;;;;;;;;;;;425,2;;404,6;;
Nashville;;;;;;;;;;;;;;;;;;;;;495,1;423,9;;;;;;;349,7;;357,7;374,2;;;;
Step_28000;Vancouver;Seattle;Calgary;Portland;Helena;SaltLakeCity;SanFrancisco;LosAngeles;LasVegas;Phoenix;SantaFe;Denver;ElPaso;Winnipeg;Duluth;Omaha;KansasCity;OklahomaCity;Houston;Dallas;LittleRock;SaintLouis;Chicago;SaultStMarie;Toronto;Montreal;Boston;NewYork;Pittsburgh;Washington;Raleigh;Atlanta;Charleston;Miami;NewOrleans;Nashville
Vancouver;;426,9;444,1;;;;;;;;;;;;;;;;;;;;;;;;;;;;;;;;;
Seattle;407,9;;452,2;552,1;482,8;;;;;;;;;;;;;;;;;;;;;;;;;;;;;;;
Calgary;444,6;440,2;;;470,3;;;;;;;;;435,5;;;;;;;;;;;;;;;;;;;;;;
Portland;;516,8;;;;636,0;685,5;;;;;;;;;;;;;;;;;;;;;;;;;;;;;
Helena;;502,2;447,7;;;983,6;;;;;;554,8;;402,5;416,1;462,3;;;;;;;;;;;;;;;;;;;;
SaltLakeCity;;;;547,9;528,0;;702,2;;981,4;;;613,2;;;;;;;;;;;;;;;;;;;;;;;;
SanFrancisco;;;;620,1;;700,0;;903,0;;;;;;;;;;;;;;;;;;;;;;;;;;;;
LosAngeles;;;;;;;1000,0;;1000,0;1000,0;;;1000,0;;;;;;;;;;;;;;;;;;;;;;;
LasVegas;;;;;;575,0;;982,0;;;;;;;;;;;;;;;;;;;;;;;;;;;;
Phoenix;;;;;;;;903,0;;;617,6;559,2;683,8;;;;;;;;;;;;;;;;;;;;;;;
SantaFe;;;;;;;;;;670,2;;512,9;762,5;;;;;556,2;;;;;;;;;;;;;;;;;;
Denver;;;;;488,6;610,8;;;;782,8;600,5;;;;;473,4;465,9;547,9;;;;;;;;;;;;;;;;;;
ElPaso;;;;;;;;906,0;;789,5;594,9;;;;;;;574,5;558,2;585,0;;;;;;;;;;;;;;;;
Winnipeg;;;436,5;;470,2;;;;;;;;;;417,5;;;;;;;;;378,4;;;;;;;;;;;;
Duluth;;;;;516,5;;;;;;;;;425,3;;460,9;;;;;;;399,3;388,6;384,1;;;;;;;;;;;
Omaha;;;;;533,7;;;;;;;499,9;;;420,5;;;;;;;;399,4;;;;;;;;;;;;;
KansasCity;;;;;;;;;;;;597,3;;;;;;499,7;;;;406,7;;;;;;;;;;;;;;
OklahomaCity;;;;;;;;;;;599,7;576,1;676,7;;;;497,9;;;527,7;502,6;;;;;;;;;;;;;;;
Houston;;;;;;;;;;;;;755,0;;;;;;;503,5;;;;;;;;;;;;;;;470,4;
Dallas;;;;;;;;;;;;;677,3;;;;;543,3;586,6;;522,2;;;;;;;;;;;;;;;
LittleRock;;;;;;;;;;;;;;;;;;594,2;;564,1;;408,3;;;;;;;;;;;;;491,1;438,4
SaintLouis;;;;;;;;;;;;;;;;;500,2;;;;451,7;;382,0;;;;;;360,6;;;;;;;407,8
Chicago;;;;;;;;;;;;;;;421,4;471,9;;;;;;422,1;;;341,9;;;;365,0;;;;;;;
SaultStMarie;;;;;;;;;;;;;;416,5;419,8;;;;;;;;;;343,9;285,0;;;;;;;;;;
Toronto;;;;;;;;;;;;;;;444,9;;;;;;;;373,4;373,8;;278,6;;;365,2;;;;;;;
Montreal;;;;;;;;;;;;;;;;;;;;;;;;334,8;347,8;;275,1;304,3;;;;;;;;
Boston;;;;;;;;;;;;;;;;;;;;;;;;;;297,4;;303,2;;;;;;;;
NewYork;;;;;;;;;;;;;;;;;;;;;;;;;;292,4;285,1;;371,1;316,4;;;;;;
Pittsburgh;;;;;;;;;;;;;;;;;;;;;;441,2;414,9;;350,2;;;308,6;;320,0;314,3;;;;;401,0
Washington;;;;;;;;;;;;;;;;;;;;;;;;;;;;312,7;340,6;;359,2;;;;;
Raleigh;;;;;;;;;;;;;;;;;;;;;;;;;;;;;365,6;319,3;;410,9;358,3;;;370,3
Atlanta;;;;;;;;;;;;;;;;;;;;;;;;;;;;;;;352,8;;368,6;411,5;450,4;399,4
Charleston;;;;;;;;;;;;;;;;;;;;;;;;;;;;;;;370,1;404,6;;411,9;;
Miami;;;;;;;;;;;;;;;;;;;;;;;;;;;;;;;;395,8;375,5;;511,6;
NewOrleans;;;;;;;;;;;;;;;;;;;560,3;;476,1;;;;;;;;;;;399,4;;413,5;;
Nashville;;;;;;;;;;;;;;;;;;;;;501,8;423,9;;;;;;;358,0;;357,1;369,1;;;;
Step_32000;Vancouver;Seattle;Calgary;Portland;Helena;SaltLakeCity;SanFrancisco;LosAngeles;LasVegas;Phoenix;SantaFe;Denver;ElPaso;Winnipeg;Duluth;Omaha;KansasCity;OklahomaCity;Houston;Dallas;LittleRock;SaintLouis;Chicago;SaultStMarie;Toronto;Montreal;Boston;NewYork;Pittsburgh;Washington;Raleigh;Atlanta;Charleston;Miami;NewOrleans;Nashville
Vancouver;;570,9;462,1;;;;;;;;;;;;;;;;;;;;;;;;;;;;;;;;;
Seattle;500,1;;478,7;640,5;506,2;;;;;;;;;;;;;;;;;;;;;;;;;;;;;;;
Calgary;483,6;478,3;;;546,6;;;;;;;;;452,5;;;;;;;;;;;;;;;;;;;;;;
Portland;;498,3;;;;608,7;768,4;;;;;;;;;;;;;;;;;;;;;;;;;;;;;
Helena;;560,4;464,5;;;921,7;;;;;;508,6;;434,1;391,9;467,4;;;;;;;;;;;;;;;;;;;;
SaltLakeCity;;;;637,0;507,2;;688,7;;1005,0;;;556,5;;;;;;;;;;;;;;;;;;;;;;;;
SanFrancisco;;;;622,4;;651,0;;903,0;;;;;;;;;;;;;;;;;;;;;;;;;;;;
LosAngeles;;;;;;;1000,0;;1000,0;1000,0;;;1000,0;;;;;;;;;;;;;;;;;;;;;;;
LasVegas;;;;;;595,2;;1002,0;;;;;;;;;;;;;;;;;;;;;;;;;;;;
Phoenix;;;;;;;;903,0;;;635,2;554,8;633,7;;;;;;;;;;;;;;;;;;;;;;;
SantaFe;;;;;;;;;;671,3;;578,3;759,5;;;;;569,1;;;;;;;;;;;;;;;;;;
Denver;;;;;499,2;626,2;;;;691,3;609,1;;;;;466,1;469,5;570,5;;;;;;;;;;;;;;;;;;
ElPaso;;;;;;;;906,0;;746,5;623,9;;;;;;;608,1;593,1;635,6;;;;;;;;;;;;;;;;
Winnipeg;;;448,2;;511,3;;;;;;;;;;413,2;;;;;;;;;393,4;;;;;;;;;;;;
Duluth;;;;;474,3;;;;;;;;;436,8;;491,3;;;;;;;396,2;371,0;371,3;;;;;;;;;;;
Omaha;;;;;539,4;;;;;;;547,4;;;423,8;;;;;;;;371,9;;;;;;;;;;;;;
KansasCity;;;;;;;;;;;;548,7;;;;;;561,7;;;;421,4;;;;;;;;;;;;;;
OklahomaCity;;;;;;;;;;;624,5;611,5;634,0;;;;497,9;;;556,2;481,0;;;;;;;;;;;;;;;
Houston;;;;;;;;;;;;;778,6;;;;;;;555,5;;;;;;;;;;;;;;;487,2;
Dallas;;;;;;;;;;;;;668,5;;;;;621,5;535,5;;525,5;;;;;;;;;;;;;;;
LittleRock;;;;;;;;;;;;;;;;;;570,1;;584,2;;424,4;;;;;;;;;;;;;448,4;425,0
SaintLouis;;;;;;;;;;;;;;;;;456,0;;;;464,7;;410,4;;;;;;381,1;;;;;;;422,3
Chicago;;;;;;;;;;;;;;;422,8;474,6;;;;;;431,7;;;348,4;;;;394,8;;;;;;;
SaultStMarie;;;;;;;;;;;;;;451,4;402,9;;;;;;;;;;370,1;319,0;;;;;;;;;;
Toronto;;;;;;;;;;;;;;;406,4;;;;;;;;396,5;381,8;;310,7;;;345,7;;;;;;;
Montreal;;;;;;;;;;;;;;;;;;;;;;;;345,1;371,0;;276,1;296,6;;;;;;;;
Boston;;;;;;;;;;;;;;;;;;;;;;;;;;288,4;;310,9;;;;;;;;
NewYork;;;;;;;;;;;;;;;;;;;;;;;;;;292,4;276,9;;347,1;316,4;;;;;;
Pittsburgh;;;;;;;;;;;;;;;;;;;;;;442,7;403,6;;332,4;;;304,8;;312,9;326,2;;;;;384,4
Washington;;;;;;;;;;;;;;;;;;;;;;;;;;;;310,9;340,6;;356,9;;;;;
Raleigh;;;;;;;;;;;;;;;;;;;;;;;;;;;;;365,6;319,3;;393,4;358,3;;;384,2
Atlanta;;;;;;;;;;;;;;;;;;;;;;;;;;;;;;;351,9;;367,6;405,3;467,7;381,3
Charleston;;;;;;;;;;;;;;;;;;;;;;;;;;;;;;;367,5;398,4;;402,0;;
Miami;;;;;;;;;;;;;;;;;;;;;;;;;;;;;;;;397,6;366,6;;519,6;
NewOrleans;;;;;;;;;;;;;;;;;;;625,7;;485,2;;;;;;;;;;;391,5;;385,9;;
Nashville;;;;;;;;;;;;;;;;;;;;;524,1;436,1;;;;;;;345,0;;357,5;379,2;;;;
Step_36000;Vancouver;Seattle;Calgary;Portland;Helena;SaltLakeCity;SanFrancisco;LosAngeles;LasVegas;Phoenix;SantaFe;Denver;ElPaso;Winnipeg;Duluth;Omaha;KansasCity;OklahomaCity;Houston;Dallas;LittleRock;SaintLouis;Chicago;SaultStMarie;Toronto;Montreal;Boston;NewYork;Pittsburgh;Washington;Raleigh;Atlanta;Charleston;Miami;NewOrleans;Nashville
Vancouver;;482,0;423,8;;;;;;;;;;;;;;;;;;;;;;;;;;;;;;;;;
Seattle;451,3;;432,8;564,9;497,8;;;;;;;;;;;;;;;;;;;;;;;;;;;;;;;
Calgary;462,3;482,8;;;489,0;;;;;;;;;433,6;;;;;;;;;;;;;;;;;;;;;;
Portland;;483,8;;;;670,8;743,5;;;;;;;;;;;;;;;;;;;;;;;;;;;;;
Helena;;504,9;435,8;;;983,6;;;;;;535,1;;459,4;470,5;473,0;;;;;;;;;;;;;;;;;;;;
SaltLakeCity;;;;655,5;505,1;;710,6;;981,4;;;561,0;;;;;;;;;;;;;;;;;;;;;;;;
SanFrancisco;;;;633,1;;660,5;;903,0;;;;;;;;;;;;;;;;;;;;;;;;;;;;
LosAngeles;;;;;;;1000,0;;1000,0;1000,0;;;1000,0;;;;;;;;;;;;;;;;;;;;;;;
LasVegas;;;;;;672,3;;982,0;;;;;;;;;;;;;;;;;;;;;;;;;;;;
Phoenix;;;;;;;;903,0;;;613,6;589,2;772,6;;;;;;;;;;;;;;;;;;;;;;;
SantaFe;;;;;;;;;;675,5;;588,8;712,1;;;;;576,2;;;;;;;;;;;;;;;;;;
Denver;;;;;515,4;652,1;;;;608,8;619,4;;;;;483,0;488,5;554,2;;;;;;;;;;;;;;;;;;
ElPaso;;;;;;;;906,0;;719,5;591,8;;;;;;;632,8;612,5;567,6;;;;;;;;;;;;;;;;
Winnipeg;;;439,9;;489,4;;;;;;;;;;434,8;;;;;;;;;370,2;;;;;;;;;;;;
Duluth;;;;;522,0;;;;;;;;;434,7;;495,0;;;;;;;394,9;365,4;339,7;;;;;;;;;;;
Omaha;;;;;496,3;;;;;;;547,4;;;437,4;;;;;;;;365,6;;;;;;;;;;;;;
KansasCity;;;;;;;;;;;;559,7;;;;;;521,7;;;;450,2;;;;;;;;;;;;;;
OklahomaCity;;;;;;;;;;;588,7;611,6;720,0;;;;488,8;;;558,5;448,2;;;;;;;;;;;;;;;
Houston;;;;;;;;;;;;;726,2;;;;;;;609,9;;;;;;;;;;;;;;;468,0;
Dallas;;;;;;;;;;;;;669,1;;;;;582,1;554,4;;497,7;;;;;;;;;;;;;;;
LittleRock;;;;;;;;;;;;;;;;;;531,1;;559,4;;412,3;;;;;;;;;;;;;437,3;426,2
SaintLouis;;;;;;;;;;;;;;;;;507,2;;;;478,6;;377,3;;;;;;375,5;;;;;;;421,6
Chicago;;;;;;;;;;;;;;;432,3;409,3;;;;;;422,2;;;338,9;;;;386,6;;;;;;;
SaultStMarie;;;;;;;;;;;;;;464,6;424,4;;;;;;;;;;332,5;312,3;;;;;;;;;;
Toronto;;;;;;;;;;;;;;;407,9;;;;;;;;388,9;358,4;;302,1;;;334,1;;;;;;;
Montreal;;;;;;;;;;;;;;;;;;;;;;;;364,6;332,2;;274,1;305,4;;;;;;;;
Boston;;;;;;;;;;;;;;;;;;;;;;;;;;292,1;;301,9;;;;;;;;
NewYork;;;;;;;;;;;;;;;;;;;;;;;;;;293,0;271,0;;341,4;318,8;;;;;;
Pittsburgh;;;;;;;;;;;;;;;;;;;;;;439,3;398,5;;358,7;;;303,1;;316,1;335,9;;;;;397,9
Washington;;;;;;;;;;;;;;;;;;;;;;;;;;;;311,3;329,2;;362,8;;;;;
Raleigh;;;;;;;;;;;;;;;;;;;;;;;;;;;;;364,6;319,3;;380,6;360,5;;;421,7
Atlanta;;;;;;;;;;;;;;;;;;;;;;;;;;;;;;;360,8;;367,6;405,3;484,4;380,9
Charleston;;;;;;;;;;;;;;;;;;;;;;;;;;;;;;;367,5;408,1;;395,2;;
Miami;;;;;;;;;;;;;;;;;;;;;;;;;;;;;;;;413,4;365,2;;479,8;
NewOrleans;;;;;;;;;;;;;;;;;;;584,4;;461,8;;;;;;;;;;;388,1;;415,1;;
Nashville;;;;;;;;;;;;;;;;;;;;;456,4;427,0;;;;;;;352,3;;356,1;396,5;;;;
Step_40000;Vancouver;Seattle;Calgary;Portland;Helena;SaltLakeCity;SanFrancisco;LosAngeles;LasVegas;Phoenix;SantaFe;Denver;ElPaso;Winnipeg;Duluth;Omaha;KansasCity;OklahomaCity;Houston;Dallas;LittleRock;SaintLouis;Chicago;SaultStMarie;Toronto;Montreal;Boston;NewYork;Pittsburgh;Washington;Raleigh;Atlanta;Charleston;Miami;NewOrleans;Nashville
Vancouver;;531,7;458,4;;;;;;;;;;;;;;;;;;;;;;;;;;;;;;;;;
Seattle;464,4;;462,7;647,8;506,4;;;;;;;;;;;;;;;;;;;;;;;;;;;;;;;
Calgary;472,6;502,8;;;494,8;;;;;;;;;387,8;;;;;;;;;;;;;;;;;;;;;;
Portland;;547,0;;;;624,2;743,9;;;;;;;;;;;;;;;;;;;;;;;;;;;;;
Helena;;535,1;450,0;;;983,6;;;;;;595,1;;488,5;468,1;474,8;;;;;;;;;;;;;;;;;;;;
SaltLakeCity;;;;651,7;518,4;;731,5;;981,4;;;599,1;;;;;;;;;;;;;;;;;;;;;;;;
SanFrancisco;;;;614,3;;628,2;;903,0;;;;;;;;;;;;;;;;;;;;;;;;;;;;
LosAngeles;;;;;;;1000,0;;1000,0;1000,0;;;1000,0;;;;;;;;;;;;;;;;;;;;;;;
LasVegas;;;;;;663,7;;982,0;;;;;;;;;;;;;;;;;;;;;;;;;;;;
Phoenix;;;;;;;;903,0;;;614,0;607,4;697,4;;;;;;;;;;;;;;;;;;;;;;;
SantaFe;;;;;;;;;;789,4;;581,7;703,7;;;;;572,0;;;;;;;;;;;;;;;;;;
Denver;;;;;525,8;597,1;;;;669,6;640,3;;;;;498,9;538,3;642,4;;;;;;;;;;;;;;;;;;
ElPaso;;;;;;;;906,0;;685,3;642,1;;;;;;;585,2;593,3;572,9;;;;;;;;;;;;;;;;
Winnipeg;;;434,5;;561,2;;;;;;;;;;460,9;;;;;;;;;366,6;;;;;;;;;;;;
Duluth;;;;;513,6;;;;;;;;;459,5;;487,5;;;;;;;374,3;334,9;353,7;;;;;;;;;;;
Omaha;;;;;508,5;;;;;;;609,0;;;438,1;;;;;;;;371,8;;;;;;;;;;;;;
KansasCity;;;;;;;;;;;;559,6;;;;;;624,0;;;;408,2;;;;;;;;;;;;;;
OklahomaCity;;;;;;;;;;;620,0;566,0;805,7;;;;516,1;;;583,1;493,4;;;;;;;;;;;;;;;
Houston;;;;;;;;;;;;;754,0;;;;;;;586,6;;;;;;;;;;;;;;;426,4;
Dallas;;;;;;;;;;;;;659,7;;;;;590,6;596,3;;491,6;;;;;;;;;;;;;;;
LittleRock;;;;;;;;;;;;;;;;;;547,9;;583,4;;427,6;;;;;;;;;;;;;471,5;391,4
SaintLouis;;;;;;;;;;;;;;;;;499,3;;;;484,4;;400,2;;;;;;349,8;;;;;;;407,0
Chicago;;;;;;;;;;;;;;;424,0;446,3;;;;;;413,6;;;354,9;;;;332,4;;;;;;;
SaultStMarie;;;;;;;;;;;;;;416,0;404,9;;;;;;;;;;348,8;308,5;;;;;;;;;;
Toronto;;;;;;;;;;;;;;;409,9;;;;;;;;396,1;352,1;;306,1;;;349,2;;;;;;;
Montreal;;;;;;;;;;;;;;;;;;;;;;;;372,9;357,9;;275,6;303,8;;;;;;;;
Boston;;;;;;;;;;;;;;;;;;;;;;;;;;301,6;;307,6;;;;;;;;
NewYork;;;;;;;;;;;;;;;;;;;;;;;;;;303,7;271,0;;348,3;318,0;;;;;;
Pittsburgh;;;;;;;;;;;;;;;;;;;;;;403,6;388,7;;364,5;;;305,3;;317,8;330,0;;;;;406,9
Washington;;;;;;;;;;;;;;;;;;;;;;;;;;;;311,3;345,7;;353,3;;;;;
Raleigh;;;;;;;;;;;;;;;;;;;;;;;;;;;;;356,1;316,2;;366,8;360,8;;;391,7
Atlanta;;;;;;;;;;;;;;;;;;;;;;;;;;;;;;;352,3;;364,1;408,2;518,2;387,9
Charleston;;;;;;;;;;;;;;;;;;;;;;;;;;;;;;;367,5;386,6;;398,6;;
Miami;;;;;;;;;;;;;;;;;;;;;;;;;;;;;;;;413,4;365,2;;427,5;
NewOrleans;;;;;;;;;;;;;;;;;;;582,5;;484,8;;;;;;;;;;;407,8;;412,1;;
Nashville;;;;;;;;;;;;;;;;;;;;;450,4;422,7;;;;;;;343,4;;351,6;407,8;;;;
Step_4000;Vancouver;Seattle;Calgary;Portland;Helena;SaltLakeCity;SanFrancisco;LosAngeles;LasVegas;Phoenix;SantaFe;Denver;ElPaso;Winnipeg;Duluth;Omaha;KansasCity;OklahomaCity;Houston;Dallas;LittleRock;SaintLouis;Chicago;SaultStMarie;Toronto;Montreal;Boston;NewYork;Pittsburgh;Washington;Raleigh;Atlanta;Charleston;Miami;NewOrleans;Nashville
Vancouver;;480,1;437,9;;;;;;;;;;;;;;;;;;;;;;;;;;;;;;;;;
Seattle;421,1;;442,8;578,6;494,0;;;;;;;;;;;;;;;;;;;;;;;;;;;;;;;
Calgary;440,2;474,7;;;484,6;;;;;;;;;432,9;;;;;;;;;;;;;;;;;;;;;;
Portland;;468,8;;;;610,9;684,2;;;;;;;;;;;;;;;;;;;;;;;;;;;;;
Helena;;467,0;447,2;;;938,1;;;;;;579,9;;411,4;429,4;451,5;;;;;;;;;;;;;;;;;;;;
SaltLakeCity;;;;538,6;541,7;;1008,0;;714,8;;;610,8;;;;;;;;;;;;;;;;;;;;;;;;
SanFrancisco;;;;628,0;;594,3;;1003,0;;;;;;;;;;;;;;;;;;;;;;;;;;;;
LosAngeles;;;;;;;1000,0;;1000,0;1000,0;;;1000,0;;;;;;;;;;;;;;;;;;;;;;;
LasVegas;;;;;;602,4;;902,0;;;;;;;;;;;;;;;;;;;;;;;;;;;;
Phoenix;;;;;;;;903,0;;;605,6;564,4;646,3;;;;;;;;;;;;;;;;;;;;;;;
SantaFe;;;;;;;;;;674,7;;563,4;692,8;;;;;543,3;;;;;;;;;;;;;;;;;;
Denver;;;;;491,2;589,0;;;;763,8;587,6;;;;;451,2;456,5;593,4;;;;;;;;;;;;;;;;;;
ElPaso;;;;;;;;906,0;;742,1;616,2;;;;;;;537,6;562,8;546,1;;;;;;;;;;;;;;;;
Winnipeg;;;439,5;;499,3;;;;;;;;;;414,8;;;;;;;;;370,0;;;;;;;;;;;;
Duluth;;;;;518,7;;;;;;;;;416,7;;486,5;;;;;;;381,1;372,8;376,2;;;;;;;;;;;
Omaha;;;;;486,4;;;;;;;604,3;;;392,2;;;;;;;;407,4;;;;;;;;;;;;;
KansasCity;;;;;;;;;;;;531,4;;;;;;;;;;438,5;;;;;;;;;;;;;;
OklahomaCity;;;;;;;;;;;605,8;542,0;681,4;;;;;;;568,1;480,9;;;;;;;;;;;;;;;
Houston;;;;;;;;;;;;;702,7;;;;;;;580,2;;;;;;;;;;;;;;;482,2;
Dallas;;;;;;;;;;;;;628,9;;;;;602,9;617,5;;505,1;;;;;;;;;;;;;;;
LittleRock;;;;;;;;;;;;;;;;;;583,3;;573,3;;429,9;;;;;;;;;;;;;492,3;438,6
SaintLouis;;;;;;;;;;;;;;;;;461,5;;;;484,3;;369,4;;;;;;372,3;;;;;;;396,8
Chicago;;;;;;;;;;;;;;;423,4;466,4;;;;;;403,7;;;362,3;;;;346,5;;;;;;;
SaultStMarie;;;;;;;;;;;;;;446,8;390,9;;;;;;;;;;367,1;318,5;;;;;;;;;;
Toronto;;;;;;;;;;;;;;;436,7;;;;;;;;378,3;353,6;;325,0;;;346,5;;;;;;;
Montreal;;;;;;;;;;;;;;;;;;;;;;;;338,5;370,3;;311,7;332,3;;;;;;;;
Boston;;;;;;;;;;;;;;;;;;;;;;;;;;330,7;;325,0;;;;;;;;
NewYork;;;;;;;;;;;;;;;;;;;;;;;;;;344,3;322,2;;373,9;342,8;;;;;;
Pittsburgh;;;;;;;;;;;;;;;;;;;;;;423,3;370,2;;360,2;;;330,5;;353,5;372,1;;;;;407,5
Washington;;;;;;;;;;;;;;;;;;;;;;;;;;;;359,1;368,0;;326,8;;;;;
Raleigh;;;;;;;;;;;;;;;;;;;;;;;;;;;;;398,8;367,1;;397,1;401,0;;;400,7
Atlanta;;;;;;;;;;;;;;;;;;;;;;;;;;;;;;;380,8;;402,3;416,1;478,3;406,1
Charleston;;;;;;;;;;;;;;;;;;;;;;;;;;;;;;;401,0;404,3;;400,1;;
Miami;;;;;;;;;;;;;;;;;;;;;;;;;;;;;;;;400,9;411,3;;409,6;
NewOrleans;;;;;;;;;;;;;;;;;;;579,6;;486,8;;;;;;;;;;;420,1;;409,3;;
Nashville;;;;;;;;;;;;;;;;;;;;;512,7;416,7;;;;;;;372,8;;399,3;413,3;;;;
Step_8000;Vancouver;Seattle;Calgary;Portland;Helena;SaltLakeCity;SanFrancisco;LosAngeles;LasVegas;Phoenix;SantaFe;Denver;ElPaso;Winnipeg;Duluth;Omaha;KansasCity;OklahomaCity;Houston;Dallas;LittleRock;SaintLouis;Chicago;SaultStMarie;Toronto;Montreal;Boston;NewYork;Pittsburgh;Washington;Raleigh;Atlanta;Charleston;Miami;NewOrleans;Nashville
Vancouver;;482,6;451,0;;;;;;;;;;;;;;;;;;;;;;;;;;;;;;;;;
Seattle;451,8;;442,0;618,4;555,5;;;;;;;;;;;;;;;;;;;;;;;;;;;;;;;
Calgary;450,8;540,5;;;515,0;;;;;;;;;444,9;;;;;;;;;;;;;;;;;;;;;;
Portland;;478,7;;;;585,2;695,4;;;;;;;;;;;;;;;;;;;;;;;;;;;;;
Helena;;495,4;466,4;;;986,6;;;;;;542,8;;447,2;387,2;463,2;;;;;;;;;;;;;;;;;;;;
SaltLakeCity;;;;610,8;525,2;;984,3;;695,4;;;633,2;;;;;;;;;;;;;;;;;;;;;;;;
SanFrancisco;;;;667,3;;651,4;;983,0;;;;;;;;;;;;;;;;;;;;;;;;;;;;
LosAngeles;;;;;;;1000,0;;1000,0;1000,0;;;1000,0;;;;;;;;;;;;;;;;;;;;;;;
LasVegas;;;;;;657,2;;902,0;;;;;;;;;;;;;;;;;;;;;;;;;;;;
Phoenix;;;;;;;;903,0;;;627,4;623,0;730,8;;;;;;;;;;;;;;;;;;;;;;;
SantaFe;;;;;;;;;;733,4;;576,6;677,8;;;;;638,8;;;;;;;;;;;;;;;;;;
Denver;;;;;498,6;637,4;;;;762,7;633,1;;;;;482,4;492,0;609,4;;;;;;;;;;;;;;;;;;
ElPaso;;;;;;;;906,0;;801,1;624,0;;;;;;;637,3;626,9;535,3;;;;;;;;;;;;;;;;
Winnipeg;;;437,9;;537,8;;;;;;;;;;442,2;;;;;;;;;345,7;;;;;;;;;;;;
Duluth;;;;;583,0;;;;;;;;;409,4;;389,2;;;;;;;380,0;344,5;351,3;;;;;;;;;;;
Omaha;;;;;512,3;;;;;;;646,8;;;389,8;;;;;;;;397,2;;;;;;;;;;;;;
KansasCity;;;;;;;;;;;;571,8;;;;;;;;;;403,7;;;;;;;;;;;;;;
OklahomaCity;;;;;;;;;;;657,4;585,7;703,3;;;;;;;616,1;537,5;;;;;;;;;;;;;;;
Houston;;;;;;;;;;;;;731,5;;;;;;;591,5;;;;;;;;;;;;;;;488,0;
Dallas;;;;;;;;;;;;;718,9;;;;;542,3;542,6;;505,5;;;;;;;;;;;;;;;
LittleRock;;;;;;;;;;;;;;;;;;600,7;;631,7;;419,2;;;;;;;;;;;;;509,8;418,8
SaintLouis;;;;;;;;;;;;;;;;;495,1;;;;477,5;;412,6;;;;;;370,6;;;;;;;397,2
Chicago;;;;;;;;;;;;;;;441,6;495,6;;;;;;432,2;;;357,4;;;;333,4;;;;;;;
SaultStMarie;;;;;;;;;;;;;;427,5;402,2;;;;;;;;;;378,0;317,1;;;;;;;;;;
Toronto;;;;;;;;;;;;;;;420,0;;;;;;;;402,3;377,2;;313,1;;;337,3;;;;;;;
Montreal;;;;;;;;;;;;;;;;;;;;;;;;344,2;337,9;;301,3;326,1;;;;;;;;
Boston;;;;;;;;;;;;;;;;;;;;;;;;;;329,4;;320,2;;;;;;;;
NewYork;;;;;;;;;;;;;;;;;;;;;;;;;;335,9;315,9;;357,0;326,3;;;;;;
Pittsburgh;;;;;;;;;;;;;;;;;;;;;;430,3;382,0;;357,7;;;321,1;;340,2;359,9;;;;;386,4
Washington;;;;;;;;;;;;;;;;;;;;;;;;;;;;346,8;348,7;;343,8;;;;;
Raleigh;;;;;;;;;;;;;;;;;;;;;;;;;;;;;398,8;343,7;;401,3;394,2;;;397,6
Atlanta;;;;;;;;;;;;;;;;;;;;;;;;;;;;;;;363,8;;402,3;411,4;479,2;417,2
Charleston;;;;;;;;;;;;;;;;;;;;;;;;;;;;;;;401,0;405,9;;393,0;;
Miami;;;;;;;;;;;;;;;;;;;;;;;;;;;;;;;;400,9;400,5;;430,4;
NewOrleans;;;;;;;;;;;;;;;;;;;656,5;;489,6;;;;;;;;;;;390,3;;400,5;;
Nashville;;;;;;;;;;;;;;;;;;;;;479,1;420,1;;;;;;;363,8;;361,6;421,5;;;;
Step_12000;Vancouver;Seattle;Calgary;Portland;Helena;SaltLakeCity;SanFrancisco;LosAngeles;LasVegas;Phoenix;SantaFe;Denver;ElPaso;Winnipeg;Duluth;Omaha;KansasCity;OklahomaCity;Houston;Dallas;LittleRock;SaintLouis;Chicago;SaultStMarie;Toronto;Montreal;Boston;NewYork;Pittsburgh;Washington;Raleigh;Atlanta;Charleston;Miami;NewOrleans;Nashville
Vancouver;;510,3;452,0;;;;;;;;;;;;;;;;;;;;;;;;;;;;;;;;;
Seattle;459,0;;436,3;585,0;431,9;;;;;;;;;;;;;;;;;;;;;;;;;;;;;;;
Calgary;453,8;462,1;;;549,1;;;;;;;;;425,6;;;;;;;;;;;;;;;;;;;;;;
Portland;;482,0;;;;603,9;718,1;;;;;;;;;;;;;;;;;;;;;;;;;;;;;
Helena;;534,5;445,0;;;986,6;;;;;;574,0;;405,9;428,1;487,8;;;;;;;;;;;;;;;;;;;;
SaltLakeCity;;;;610,8;457,4;;984,3;;650,0;;;637,1;;;;;;;;;;;;;;;;;;;;;;;;
SanFrancisco;;;;585,7;;602,3;;983,0;;;;;;;;;;;;;;;;;;;;;;;;;;;;
LosAngeles;;;;;;;1000,0;;1000,0;1000,0;;;1000,0;;;;;;;;;;;;;;;;;;;;;;;
LasVegas;;;;;;586,3;;902,0;;;;;;;;;;;;;;;;;;;;;;;;;;;;
Phoenix;;;;;;;;903,0;;;624,2;560,4;658,6;;;;;;;;;;;;;;;;;;;;;;;
SantaFe;;;;;;;;;;759,7;;587,7;717,3;;;;;610,9;;;;;;;;;;;;;;;;;;
Denver;;;;;478,4;624,0;;;;712,8;651,3;;;;;460,2;546,9;588,2;;;;;;;;;;;;;;;;;;
ElPaso;;;;;;;;906,0;;686,8;603,7;;;;;;;639,4;644,5;599,9;;;;;;;;;;;;;;;;
Winnipeg;;;440,4;;437,7;;;;;;;;;;445,6;;;;;;;;;393,3;;;;;;;;;;;;
Duluth;;;;;460,9;;;;;;;;;428,0;;511,3;;;;;;;382,3;368,1;354,3;;;;;;;;;;;
Omaha;;;;;513,6;;;;;;;629,7;;;412,6;;;;;;;;408,0;;;;;;;;;;;;;
KansasCity;;;;;;;;;;;;631,9;;;;;;;;;;411,8;;;;;;;;;;;;;;
OklahomaCity;;;;;;;;;;;641,5;564,8;710,9;;;;;;;631,6;515,6;;;;;;;;;;;;;;;
Houston;;;;;;;;;;;;;730,3;;;;;;;624,3;;;;;;;;;;;;;;;500,3;
Dallas;;;;;;;;;;;;;670,0;;;;;612,0;584,5;;503,5;;;;;;;;;;;;;;;
LittleRock;;;;;;;;;;;;;;;;;;584,1;;643,4;;410,7;;;;;;;;;;;;;448,7;404,4
SaintLouis;;;;;;;;;;;;;;;;;497,3;;;;462,9;;412,1;;;;;;379,5;;;;;;;391,1
Chicago;;;;;;;;;;;;;;;412,0;509,0;;;;;;418,2;;;362,6;;;;360,2;;;;;;;
SaultStMarie;;;;;;;;;;;;;;442,6;410,1;;;;;;;;;;361,3;313,3;;;;;;;;;;
Toronto;;;;;;;;;;;;;;;424,8;;;;;;;;395,0;369,0;;312,3;;;329,0;;;;;;;
Montreal;;;;;;;;;;;;;;;;;;;;;;;;383,1;344,1;;291,6;320,2;;;;;;;;
Boston;;;;;;;;;;;;;;;;;;;;;;;;;;312,0;;322,8;;;;;;;;
NewYork;;;;;;;;;;;;;;;;;;;;;;;;;;328,7;304,7;;370,7;323,7;;;;;;
Pittsburgh;;;;;;;;;;;;;;;;;;;;;;413,9;386,4;;336,5;;;315,8;;326,8;354,7;;;;;402,2
Washington;;;;;;;;;;;;;;;;;;;;;;;;;;;;343,1;353,1;;359,6;;;;;
Raleigh;;;;;;;;;;;;;;;;;;;;;;;;;;;;;379,0;334,8;;420,7;394,2;;;407,8
Atlanta;;;;;;;;;;;;;;;;;;;;;;;;;;;;;;;366,5;;384,1;410,6;495,8;411,9
Charleston;;;;;;;;;;;;;;;;;;;;;;;;;;;;;;;381,4;394,2;;394,9;;
Miami;;;;;;;;;;;;;;;;;;;;;;;;;;;;;;;;400,9;400,5;;442,5;
NewOrleans;;;;;;;;;;;;;;;;;;;559,3;;491,5;;;;;;;;;;;399,3;;406,0;;
Nashville;;;;;;;;;;;;;;;;;;;;;509,7;439,7;;;;;;;367,7;;371,9;427,1;;;;
Step_16000;Vancouver;Seattle;Calgary;Portland;Helena;SaltLakeCity;SanFrancisco;LosAngeles;LasVegas;Phoenix;SantaFe;Denver;ElPaso;Winnipeg;Duluth;Omaha;KansasCity;OklahomaCity;Houston;Dallas;LittleRock;SaintLouis;Chicago;SaultStMarie;Toronto;Montreal;Boston;NewYork;Pittsburgh;Washington;Raleigh;Atlanta;Charleston;Miami;NewOrleans;Nashville
Vancouver;;497,3;439,3;;;;;;;;;;;;;;;;;;;;;;;;;;;;;;;;;
Seattle;444,4;;465,7;576,2;517,8;;;;;;;;;;;;;;;;;;;;;;;;;;;;;;;
Calgary;420,7;466,2;;;535,4;;;;;;;;;414,1;;;;;;;;;;;;;;;;;;;;;;
Portland;;461,0;;;;626,3;704,9;;;;;;;;;;;;;;;;;;;;;;;;;;;;;
Helena;;486,7;470,5;;;925,7;;;;;;514,2;;471,5;420,8;523,7;;;;;;;;;;;;;;;;;;;;
SaltLakeCity;;;;615,9;483,0;;934,7;;645,9;;;593,7;;;;;;;;;;;;;;;;;;;;;;;;
SanFrancisco;;;;663,5;;707,4;;983,0;;;;;;;;;;;;;;;;;;;;;;;;;;;;
LosAngeles;;;;;;;1000,0;;1000,0;1000,0;;;1000,0;;;;;;;;;;;;;;;;;;;;;;;
LasVegas;;;;;;654,9;;902,0;;;;;;;;;;;;;;;;;;;;;;;;;;;;
Phoenix;;;;;;;;903,0;;;633,3;596,3;598,0;;;;;;;;;;;;;;;;;;;;;;;
SantaFe;;;;;;;;;;658,1;;630,1;712,1;;;;;595,8;;;;;;;;;;;;;;;;;;
Denver;;;;;535,4;653,5;;;;756,7;594,0;;;;;488,7;457,4;576,4;;;;;;;;;;;;;;;;;;
ElPaso;;;;;;;;906,0;;729,8;604,4;;;;;;;598,9;591,5;584,6;;;;;;;;;;;;;;;;
Winnipeg;;;469,3;;545,9;;;;;;;;;;441,8;;;;;;;;;345,1;;;;;;;;;;;;
Duluth;;;;;498,2;;;;;;;;;435,2;;494,8;;;;;;;381,2;361,0;350,0;;;;;;;;;;;
Omaha;;;;;557,2;;;;;;;542,9;;;448,8;;;;;;;;433,7;;;;;;;;;;;;;
KansasCity;;;;;;;;;;;;555,7;;;;;;;;;;386,4;;;;;;;;;;;;;;
OklahomaCity;;;;;;;;;;;605,2;583,5;649,5;;;;;;;583,6;433,7;;;;;;;;;;;;;;;
Houston;;;;;;;;;;;;;799,9;;;;;;;611,8;;;;;;;;;;;;;;;477,4;
Dallas;;;;;;;;;;;;;724,6;;;;;587,9;606,2;;490,6;;;;;;;;;;;;;;;
LittleRock;;;;;;;;;;;;;;;;;;575,3;;560,0;;403,7;;;;;;;;;;;;;447,7;414,7
SaintLouis;;;;;;;;;;;;;;;;;478,0;;;;493,6;;376,1;;;;;;376,4;;;;;;;387,2
Chicago;;;;;;;;;;;;;;;425,5;495,3;;;;;;439,0;;;334,9;;;;370,3;;;;;;;
SaultStMarie;;;;;;;;;;;;;;447,6;397,4;;;;;;;;;;365,5;307,9;;;;;;;;;;
Toronto;;;;;;;;;;;;;;;418,5;;;;;;;;396,4;346,9;;319,1;;;342,7;;;;;;;
Montreal;;;;;;;;;;;;;;;;;;;;;;;;383,3;348,4;;283,9;327,2;;;;;;;;
Boston;;;;;;;;;;;;;;;;;;;;;;;;;;302,3;;313,3;;;;;;;;
NewYork;;;;;;;;;;;;;;;;;;;;;;;;;;333,1;295,9;;372,1;320,6;;;;;;
Pittsburgh;;;;;;;;;;;;;;;;;;;;;;429,3;406,0;;343,1;;;319,9;;319,3;357,4;;;;;388,9
Washington;;;;;;;;;;;;;;;;;;;;;;;;;;;;319,6;361,3;;348,8;;;;;
Raleigh;;;;;;;;;;;;;;;;;;;;;;;;;;;;;379,0;324,7;;406,7;384,2;;;407,8
Atlanta;;;;;;;;;;;;;;;;;;;;;;;;;;;;;;;365,1;;376,7;417,7;470,0;413,5
Charleston;;;;;;;;;;;;;;;;;;;;;;;;;;;;;;;382,0;388,9;;397,1;;
Miami;;;;;;;;;;;;;;;;;;;;;;;;;;;;;;;;402,3;382,8;;481,7;
NewOrleans;;;;;;;;;;;;;;;;;;;594,1;;504,9;;;;;;;;;;;388,4;;407,5;;
Nashville;;;;;;;;;;;;;;;;;;;;;449,2;425,0;;;;;;;374,2;;371,9;397,9;;;;
Step_20000;Vancouver;Seattle;Calgary;Portland;Helena;SaltLakeCity;SanFrancisco;LosAngeles;LasVegas;Phoenix;SantaFe;Denver;ElPaso;Winnipeg;Duluth;Omaha;KansasCity;OklahomaCity;Houston;Dallas;LittleRock;SaintLouis;Chicago;SaultStMarie;Toronto;Montreal;Boston;NewYork;Pittsburgh;Washington;Raleigh;Atlanta;Charleston;Miami;NewOrleans;Nashville
Vancouver;;446,7;462,3;;;;;;;;;;;;;;;;;;;;;;;;;;;;;;;;;
Seattle;438,3;;441,2;712,0;481,8;;;;;;;;;;;;;;;;;;;;;;;;;;;;;;;
Calgary;434,1;463,3;;;544,4;;;;;;;;;426,4;;;;;;;;;;;;;;;;;;;;;;
Portland;;517,7;;;;647,2;814,4;;;;;;;;;;;;;;;;;;;;;;;;;;;;;
Helena;;585,6;452,3;;;1008,0;;;;;;559,9;;410,9;394,8;472,8;;;;;;;;;;;;;;;;;;;;
SaltLakeCity;;;;627,1;521,9;;697,2;;981,4;;;581,3;;;;;;;;;;;;;;;;;;;;;;;;
SanFrancisco;;;;564,6;;637,1;;903,0;;;;;;;;;;;;;;;;;;;;;;;;;;;;
LosAngeles;;;;;;;1000,0;;1000,0;1000,0;;;1000,0;;;;;;;;;;;;;;;;;;;;;;;
LasVegas;;;;;;631,2;;982,0;;;;;;;;;;;;;;;;;;;;;;;;;;;;
Phoenix;;;;;;;;903,0;;;604,6;580,9;668,7;;;;;;;;;;;;;;;;;;;;;;;
SantaFe;;;;;;;;;;733,5;;583,6;709,0;;;;;570,5;;;;;;;;;;;;;;;;;;
Denver;;;;;482,0;635,4;;;;761,4;593,4;;;;;435,9;462,9;582,4;;;;;;;;;;;;;;;;;;
ElPaso;;;;;;;;906,0;;788,9;611,7;;;;;;;578,2;605,1;549,1;;;;;;;;;;;;;;;;
Winnipeg;;;449,3;;482,3;;;;;;;;;;432,1;;;;;;;;;359,6;;;;;;;;;;;;
Duluth;;;;;476,7;;;;;;;;;398,0;;438,2;;;;;;;400,0;372,8;354,5;;;;;;;;;;;
Omaha;;;;;437,6;;;;;;;561,3;;;392,1;;;;;;;;414,6;;;;;;;;;;;;;
KansasCity;;;;;;;;;;;;580,1;;;;;;;;;;400,3;;;;;;;;;;;;;;
OklahomaCity;;;;;;;;;;;615,2;619,9;680,3;;;;;;;560,2;514,1;;;;;;;;;;;;;;;
Houston;;;;;;;;;;;;;740,1;;;;;;;572,0;;;;;;;;;;;;;;;481,4;
Dallas;;;;;;;;;;;;;696,3;;;;;556,4;591,3;;500,2;;;;;;;;;;;;;;;
LittleRock;;;;;;;;;;;;;;;;;;547,3;;585,3;;403,7;;;;;;;;;;;;;424,1;394,1
SaintLouis;;;;;;;;;;;;;;;;;459,8;;;;518,8;;385,5;;;;;;368,3;;;;;;;380,7
Chicago;;;;;;;;;;;;;;;417,9;483,3;;;;;;396,3;;;369,0;;;;341,6;;;;;;;
SaultStMarie;;;;;;;;;;;;;;430,7;415,0;;;;;;;;;;348,3;300,2;;;;;;;;;;
Toronto;;;;;;;;;;;;;;;405,7;;;;;;;;394,6;335,0;;302,0;;;330,1;;;;;;;
Montreal;;;;;;;;;;;;;;;;;;;;;;;;337,7;351,2;;274,7;304,6;;;;;;;;
Boston;;;;;;;;;;;;;;;;;;;;;;;;;;295,4;;297,2;;;;;;;;
NewYork;;;;;;;;;;;;;;;;;;;;;;;;;;330,7;287,9;;328,3;322,2;;;;;;
Pittsburgh;;;;;;;;;;;;;;;;;;;;;;398,4;401,6;;356,6;;;301,8;;306,8;361,1;;;;;372,5
Washington;;;;;;;;;;;;;;;;;;;;;;;;;;;;308,0;364,4;;346,4;;;;;
Raleigh;;;;;;;;;;;;;;;;;;;;;;;;;;;;;379,0;324,7;;410,8;377,3;;;372,3
Atlanta;;;;;;;;;;;;;;;;;;;;;;;;;;;;;;;365,1;;366,3;401,9;502,1;396,2
Charleston;;;;;;;;;;;;;;;;;;;;;;;;;;;;;;;382,0;391,1;;381,4;;
Miami;;;;;;;;;;;;;;;;;;;;;;;;;;;;;;;;421,3;366,1;;480,1;
NewOrleans;;;;;;;;;;;;;;;;;;;586,5;;487,7;;;;;;;;;;;418,7;;397,4;;
Nashville;;;;;;;;;;;;;;;;;;;;;465,2;427,3;;;;;;;363,1;;358,6;403,5;;;;
Step_24000;Vancouver;Seattle;Calgary;Portland;Helena;SaltLakeCity;SanFrancisco;LosAngeles;LasVegas;Phoenix;SantaFe;Denver;ElPaso;Winnipeg;Duluth;Omaha;KansasCity;OklahomaCity;Houston;Dallas;LittleRock;SaintLouis;Chicago;SaultStMarie;Toronto;Montreal;Boston;NewYork;Pittsburgh;Washington;Raleigh;Atlanta;Charleston;Miami;NewOrleans;Nashville
Vancouver;;494,2;464,8;;;;;;;;;;;;;;;;;;;;;;;;;;;;;;;;;
Seattle;436,6;;449,9;654,7;516,3;;;;;;;;;;;;;;;;;;;;;;;;;;;;;;;
Calgary;436,4;519,0;;;521,5;;;;;;;;;439,6;;;;;;;;;;;;;;;;;;;;;;
Portland;;491,0;;;;646,0;761,2;;;;;;;;;;;;;;;;;;;;;;;;;;;;;
Helena;;504,9;466,6;;;975,8;;;;;;514,1;;443,9;432,0;491,4;;;;;;;;;;;;;;;;;;;;
SaltLakeCity;;;;624,7;507,7;;924,4;;712,6;;;555,5;;;;;;;;;;;;;;;;;;;;;;;;
SanFrancisco;;;;649,8;;633,4;;983,0;;;;;;;;;;;;;;;;;;;;;;;;;;;;
LosAngeles;;;;;;;1000,0;;1000,0;1000,0;;;1000,0;;;;;;;;;;;;;;;;;;;;;;;
LasVegas;;;;;;663,0;;902,0;;;;;;;;;;;;;;;;;;;;;;;;;;;;
Phoenix;;;;;;;;903,0;;;652,0;583,0;712,6;;;;;;;;;;;;;;;;;;;;;;;
SantaFe;;;;;;;;;;683,1;;573,0;678,8;;;;;610,7;;;;;;;;;;;;;;;;;;
Denver;;;;;526,6;575,7;;;;690,7;608,4;;;;;477,6;449,2;599,3;;;;;;;;;;;;;;;;;;
ElPaso;;;;;;;;906,0;;693,3;600,8;;;;;;;607,1;595,9;548,3;;;;;;;;;;;;;;;;
Winnipeg;;;457,9;;516,0;;;;;;;;;;408,2;;;;;;;;;363,3;;;;;;;;;;;;
Duluth;;;;;617,9;;;;;;;;;401,4;;511,1;;;;;;;342,5;375,5;331,6;;;;;;;;;;;
Omaha;;;;;525,5;;;;;;;583,2;;;479,6;;;;;;;;372,6;;;;;;;;;;;;;
KansasCity;;;;;;;;;;;;573,5;;;;;;;;;;402,0;;;;;;;;;;;;;;
OklahomaCity;;;;;;;;;;;637,8;605,8;750,8;;;;;;;530,1;495,3;;;;;;;;;;;;;;;
Houston;;;;;;;;;;;;;670,5;;;;;;;575,4;;;;;;;;;;;;;;;455,7;
Dallas;;;;;;;;;;;;;640,7;;;;;586,3;553,9;;472,2;;;;;;;;;;;;;;;
LittleRock;;;;;;;;;;;;;;;;;;589,8;;542,9;;420,0;;;;;;;;;;;;;417,6;397,3
SaintLouis;;;;;;;;;;;;;;;;;506,2;;;;445,9;;414,3;;;;;;349,3;;;;;;;384,9
Chicago;;;;;;;;;;;;;;;390,2;482,8;;;;;;424,2;;;366,5;;;;331,0;;;;;;;
SaultStMarie;;;;;;;;;;;;;;394,5;434,7;;;;;;;;;;366,6;301,0;;;;;;;;;;
Toronto;;;;;;;;;;;;;;;401,4;;;;;;;;376,8;348,6;;289,3;;;331,7;;;;;;;
Montreal;;;;;;;;;;;;;;;;;;;;;;;;317,8;328,1;;269,7;306,0;;;;;;;;
Boston;;;;;;;;;;;;;;;;;;;;;;;;;;295,5;;291,1;;;;;;;;
NewYork;;;;;;;;;;;;;;;;;;;;;;;;;;303,7;280,0;;351,3;310,2;;;;;;
Pittsburgh;;;;;;;;;;;;;;;;;;;;;;413,4;399,0;;363,6;;;300,0;;308,8;350,3;;;;;370,8
Washington;;;;;;;;;;;;;;;;;;;;;;;;;;;;301,0;336,9;;340,4;;;;;
Raleigh;;;;;;;;;;;;;;;;;;;;;;;;;;;;;357,8;320,1;;397,2;360,3;;;373,0
Atlanta;;;;;;;;;;;;;;;;;;;;;;;;;;;;;;;357,1;;360,1;389,4;459,5;402,8
Charleston;;;;;;;;;;;;;;;;;;;;;;;;;;;;;;;357,2;368,1;;360,7;;
Miami;;;;;;;;;;;;;;;;;;;;;;;;;;;;;;;;415,0;349,0;;467,4;
NewOrleans;;;;;;;;;;;;;;;;;;;566,6;;466,7;;;;;;;;;;;397,1;;387,6;;
Nashville;;;;;;;;;;;;;;;;;;;;;472,3;413,0;;;;;;;354,1;;356,3;390,7;;;;
Step_28000;Vancouver;Seattle;Calgary;Portland;Helena;SaltLakeCity;SanFrancisco;LosAngeles;LasVegas;Phoenix;SantaFe;Denver;ElPaso;Winnipeg;Duluth;Omaha;KansasCity;OklahomaCity;Houston;Dallas;LittleRock;SaintLouis;Chicago;SaultStMarie;Toronto;Montreal;Boston;NewYork;Pittsburgh;Washington;Raleigh;Atlanta;Charleston;Miami;NewOrleans;Nashville
Vancouver;;519,5;457,2;;;;;;;;;;;;;;;;;;;;;;;;;;;;;;;;;
Seattle;482,3;;461,5;639,4;487,3;;;;;;;;;;;;;;;;;;;;;;;;;;;;;;;
Calgary;462,7;528,2;;;504,4;;;;;;;;;450,4;;;;;;;;;;;;;;;;;;;;;;
Portland;;502,9;;;;618,1;804,1;;;;;;;;;;;;;;;;;;;;;;;;;;;;;
Helena;;556,8;435,7;;;983,6;;;;;;553,2;;416,7;455,5;497,2;;;;;;;;;;;;;;;;;;;;
SaltLakeCity;;;;624,5;482,5;;675,7;;981,4;;;555,9;;;;;;;;;;;;;;;;;;;;;;;;
SanFrancisco;;;;645,6;;592,3;;903,0;;;;;;;;;;;;;;;;;;;;;;;;;;;;
LosAngeles;;;;;;;1000,0;;1000,0;1000,0;;;1000,0;;;;;;;;;;;;;;;;;;;;;;;
LasVegas;;;;;;660,4;;982,0;;;;;;;;;;;;;;;;;;;;;;;;;;;;
Phoenix;;;;;;;;903,0;;;655,3;605,8;656,0;;;;;;;;;;;;;;;;;;;;;;;
SantaFe;;;;;;;;;;728,3;;528,5;667,0;;;;;614,3;;;;;;;;;;;;;;;;;;
Denver;;;;;533,0;577,4;;;;752,9;625,1;;;;;442,8;456,1;620,9;;;;;;;;;;;;;;;;;;
ElPaso;;;;;;;;906,0;;780,5;594,1;;;;;;;572,4;585,9;574,2;;;;;;;;;;;;;;;;
Winnipeg;;;465,8;;509,8;;;;;;;;;;398,9;;;;;;;;;354,8;;;;;;;;;;;;
Duluth;;;;;514,2;;;;;;;;;448,8;;494,8;;;;;;;368,5;388,4;361,8;;;;;;;;;;;
Omaha;;;;;468,0;;;;;;;571,0;;;452,6;;;;;;;;398,4;;;;;;;;;;;;;
KansasCity;;;;;;;;;;;;583,4;;;;;;;;;;397,9;;;;;;;;;;;;;;
OklahomaCity;;;;;;;;;;;584,0;491,4;709,6;;;;;;;586,1;465,6;;;;;;;;;;;;;;;
Houston;;;;;;;;;;;;;717,8;;;;;;;545,6;;;;;;;;;;;;;;;414,1;
Dallas;;;;;;;;;;;;;683,9;;;;;557,7;611,7;;435,4;;;;;;;;;;;;;;;
LittleRock;;;;;;;;;;;;;;;;;;540,7;;557,2;;400,9;;;;;;;;;;;;;430,4;404,3
SaintLouis;;;;;;;;;;;;;;;;;490,3;;;;455,1;;416,5;;;;;;350,6;;;;;;;383,8
Chicago;;;;;;;;;;;;;;;430,3;498,8;;;;;;390,0;;;383,6;;;;345,8;;;;;;;
SaultStMarie;;;;;;;;;;;;;;419,1;392,4;;;;;;;;;;357,2;295,6;;;;;;;;;;
Toronto;;;;;;;;;;;;;;;430,2;;;;;;;;387,7;347,9;;310,8;;;352,4;;;;;;;
Montreal;;;;;;;;;;;;;;;;;;;;;;;;350,8;336,0;;264,0;300,7;;;;;;;;
Boston;;;;;;;;;;;;;;;;;;;;;;;;;;287,5;;296,3;;;;;;;;
NewYork;;;;;;;;;;;;;;;;;;;;;;;;;;307,3;272,9;;342,3;301,8;;;;;;
Pittsburgh;;;;;;;;;;;;;;;;;;;;;;443,0;421,4;;359,3;;;291,7;;307,9;343,5;;;;;371,2
Washington;;;;;;;;;;;;;;;;;;;;;;;;;;;;303,7;349,7;;325,8;;;;;
Raleigh;;;;;;;;;;;;;;;;;;;;;;;;;;;;;358,0;308,6;;380,9;353,0;;;386,3
Atlanta;;;;;;;;;;;;;;;;;;;;;;;;;;;;;;;336,9;;355,9;404,0;458,9;402,8
Charleston;;;;;;;;;;;;;;;;;;;;;;;;;;;;;;;357,2;357,3;;398,1;;
Miami;;;;;;;;;;;;;;;;;;;;;;;;;;;;;;;;415,0;349,0;;446,8;
NewOrleans;;;;;;;;;;;;;;;;;;;579,4;;442,9;;;;;;;;;;;384,7;;410,1;;
Nashville;;;;;;;;;;;;;;;;;;;;;452,4;413,0;;;;;;;341,1;;347,9;385,6;;;;
Step_32000;Vancouver;Seattle;Calgary;Portland;Helena;SaltLakeCity;SanFrancisco;LosAngeles;LasVegas;Phoenix;SantaFe;Denver;ElPaso;Winnipeg;Duluth;Omaha;KansasCity;OklahomaCity;Houston;Dallas;LittleRock;SaintLouis;Chicago;SaultStMarie;Toronto;Montreal;Boston;NewYork;Pittsburgh;Washington;Raleigh;Atlanta;Charleston;Miami;NewOrleans;Nashville
Vancouver;;543,0;436,6;;;;;;;;;;;;;;;;;;;;;;;;;;;;;;;;;
Seattle;467,5;;449,6;638,3;579,8;;;;;;;;;;;;;;;;;;;;;;;;;;;;;;;
Calgary;495,2;487,6;;;519,3;;;;;;;;;408,5;;;;;;;;;;;;;;;;;;;;;;
Portland;;573,4;;;;633,7;717,9;;;;;;;;;;;;;;;;;;;;;;;;;;;;;
Helena;;528,8;449,7;;;986,6;;;;;;540,4;;406,4;390,5;433,5;;;;;;;;;;;;;;;;;;;;
SaltLakeCity;;;;641,9;480,1;;984,3;;680,3;;;577,7;;;;;;;;;;;;;;;;;;;;;;;;
SanFrancisco;;;;625,4;;609,9;;983,0;;;;;;;;;;;;;;;;;;;;;;;;;;;;
LosAngeles;;;;;;;1000,0;;1000,0;1000,0;;;1000,0;;;;;;;;;;;;;;;;;;;;;;;
LasVegas;;;;;;607,7;;902,0;;;;;;;;;;;;;;;;;;;;;;;;;;;;
Phoenix;;;;;;;;903,0;;;557,2;576,5;690,7;;;;;;;;;;;;;;;;;;;;;;;
SantaFe;;;;;;;;;;755,2;;556,6;663,0;;;;;586,1;;;;;;;;;;;;;;;;;;
Denver;;;;;529,2;616,0;;;;731,4;535,1;;;;;474,2;492,6;548,3;;;;;;;;;;;;;;;;;;
ElPaso;;;;;;;;906,0;;711,0;578,4;;;;;;;585,8;590,1;552,9;;;;;;;;;;;;;;;;
Winnipeg;;;437,7;;434,6;;;;;;;;;;403,0;;;;;;;;;357,7;;;;;;;;;;;;
Duluth;;;;;497,0;;;;;;;;;416,5;;456,0;;;;;;;379,0;335,5;356,6;;;;;;;;;;;
Omaha;;;;;490,6;;;;;;;532,8;;;428,8;;;;;;;;388,0;;;;;;;;;;;;;
KansasCity;;;;;;;;;;;;556,0;;;;;;;;;;450,9;;;;;;;;;;;;;;
OklahomaCity;;;;;;;;;;;601,3;540,8;742,2;;;;;;;574,4;504,0;;;;;;;;;;;;;;;
Houston;;;;;;;;;;;;;673,1;;;;;;;578,5;;;;;;;;;;;;;;;438,9;
Dallas;;;;;;;;;;;;;676,8;;;;;574,5;559,5;;518,7;;;;;;;;;;;;;;;
LittleRock;;;;;;;;;;;;;;;;;;590,1;;556,2;;388,2;;;;;;;;;;;;;437,9;384,2
SaintLouis;;;;;;;;;;;;;;;;;508,1;;;;467,8;;405,3;;;;;;332,3;;;;;;;389,8
Chicago;;;;;;;;;;;;;;;398,8;451,8;;;;;;414,0;;;336,4;;;;322,7;;;;;;;
SaultStMarie;;;;;;;;;;;;;;402,3;391,5;;;;;;;;;;341,5;302,1;;;;;;;;;;
Toronto;;;;;;;;;;;;;;;422,3;;;;;;;;375,5;361,8;;301,4;;;343,2;;;;;;;
Montreal;;;;;;;;;;;;;;;;;;;;;;;;381,3;338,6;;262,2;307,2;;;;;;;;
Boston;;;;;;;;;;;;;;;;;;;;;;;;;;286,0;;281,6;;;;;;;;
NewYork;;;;;;;;;;;;;;;;;;;;;;;;;;275,6;271,7;;346,2;304,0;;;;;;
Pittsburgh;;;;;;;;;;;;;;;;;;;;;;376,4;406,5;;358,6;;;294,0;;302,8;344,6;;;;;400,0
Washington;;;;;;;;;;;;;;;;;;;;;;;;;;;;299,6;327,3;;343,8;;;;;
Raleigh;;;;;;;;;;;;;;;;;;;;;;;;;;;;;340,3;307,2;;393,3;344,8;;;369,5
Atlanta;;;;;;;;;;;;;;;;;;;;;;;;;;;;;;;324,4;;350,0;395,7;482,3;398,1
Charleston;;;;;;;;;;;;;;;;;;;;;;;;;;;;;;;341,5;344,6;;401,5;;
Miami;;;;;;;;;;;;;;;;;;;;;;;;;;;;;;;;405,1;349,0;;480,8;
NewOrleans;;;;;;;;;;;;;;;;;;;634,0;;470,6;;;;;;;;;;;418,7;;406,3;;
Nashville;;;;;;;;;;;;;;;;;;;;;430,6;398,5;;;;;;;348,6;;343,2;413,8;;;;
Step_36000;Vancouver;Seattle;Calgary;Portland;Helena;SaltLakeCity;SanFrancisco;LosAngeles;LasVegas;Phoenix;SantaFe;Denver;ElPaso;Winnipeg;Duluth;Omaha;KansasCity;OklahomaCity;Houston;Dallas;LittleRock;SaintLouis;Chicago;SaultStMarie;Toronto;Montreal;Boston;NewYork;Pittsburgh;Washington;Raleigh;Atlanta;Charleston;Miami;NewOrleans;Nashville
Vancouver;;527,8;455,5;;;;;;;;;;;;;;;;;;;;;;;;;;;;;;;;;
Seattle;451,6;;455,8;606,7;474,7;;;;;;;;;;;;;;;;;;;;;;;;;;;;;;;
Calgary;455,6;519,9;;;522,0;;;;;;;;;458,9;;;;;;;;;;;;;;;;;;;;;;
Portland;;515,3;;;;661,1;670,1;;;;;;;;;;;;;;;;;;;;;;;;;;;;;
Helena;;509,6;473,5;;;1008,0;;;;;;574,3;;442,0;433,5;506,5;;;;;;;;;;;;;;;;;;;;
SaltLakeCity;;;;639,2;543,2;;698,0;;1005,0;;;620,0;;;;;;;;;;;;;;;;;;;;;;;;
SanFrancisco;;;;587,5;;666,8;;903,0;;;;;;;;;;;;;;;;;;;;;;;;;;;;
LosAngeles;;;;;;;1000,0;;1000,0;1000,0;;;1000,0;;;;;;;;;;;;;;;;;;;;;;;
LasVegas;;;;;;639,4;;1002,0;;;;;;;;;;;;;;;;;;;;;;;;;;;;
Phoenix;;;;;;;;903,0;;;651,5;582,6;741,0;;;;;;;;;;;;;;;;;;;;;;;
SantaFe;;;;;;;;;;744,4;;556,2;770,2;;;;;582,6;;;;;;;;;;;;;;;;;;
Denver;;;;;518,2;642,8;;;;726,5;647,5;;;;;454,7;477,9;614,5;;;;;;;;;;;;;;;;;;
ElPaso;;;;;;;;906,0;;774,5;649,3;;;;;;;624,6;631,3;575,7;;;;;;;;;;;;;;;;
Winnipeg;;;435,7;;500,7;;;;;;;;;;413,1;;;;;;;;;349,4;;;;;;;;;;;;
Duluth;;;;;523,1;;;;;;;;;457,3;;470,9;;;;;;;376,2;383,8;345,9;;;;;;;;;;;
Omaha;;;;;486,8;;;;;;;560,5;;;467,2;;;;;;;;383,7;;;;;;;;;;;;;
KansasCity;;;;;;;;;;;;560,8;;;;;;;;;;415,2;;;;;;;;;;;;;;
OklahomaCity;;;;;;;;;;;638,9;604,0;752,0;;;;;;;586,6;449,6;;;;;;;;;;;;;;;
Houston;;;;;;;;;;;;;682,3;;;;;;;560,7;;;;;;;;;;;;;;;465,0;
Dallas;;;;;;;;;;;;;685,9;;;;;579,9;591,6;;525,0;;;;;;;;;;;;;;;
LittleRock;;;;;;;;;;;;;;;;;;563,2;;548,2;;412,0;;;;;;;;;;;;;459,8;382,3
SaintLouis;;;;;;;;;;;;;;;;;498,6;;;;462,8;;387,8;;;;;;367,0;;;;;;;421,4
Chicago;;;;;;;;;;;;;;;403,5;417,8;;;;;;408,2;;;330,0;;;;344,3;;;;;;;
SaultStMarie;;;;;;;;;;;;;;440,0;397,4;;;;;;;;;;351,9;329,8;;;;;;;;;;
Toronto;;;;;;;;;;;;;;;412,8;;;;;;;;382,6;387,3;;296,6;;;352,8;;;;;;;
Montreal;;;;;;;;;;;;;;;;;;;;;;;;373,7;345,7;;268,3;289,2;;;;;;;;
Boston;;;;;;;;;;;;;;;;;;;;;;;;;;310,7;;290,0;;;;;;;;
NewYork;;;;;;;;;;;;;;;;;;;;;;;;;;274,3;271,9;;357,2;310,0;;;;;;
Pittsburgh;;;;;;;;;;;;;;;;;;;;;;430,7;383,0;;383,7;;;296,1;;313,0;351,2;;;;;376,6
Washington;;;;;;;;;;;;;;;;;;;;;;;;;;;;299,6;327,3;;364,4;;;;;
Raleigh;;;;;;;;;;;;;;;;;;;;;;;;;;;;;340,3;307,2;;444,5;344,8;;;407,3
Atlanta;;;;;;;;;;;;;;;;;;;;;;;;;;;;;;;324,4;;350,0;395,7;507,4;398,1
Charleston;;;;;;;;;;;;;;;;;;;;;;;;;;;;;;;341,5;367,4;;401,5;;
Miami;;;;;;;;;;;;;;;;;;;;;;;;;;;;;;;;418,9;346,1;;465,4;
NewOrleans;;;;;;;;;;;;;;;;;;;530,3;;480,1;;;;;;;;;;;437,1;;413,2;;
Nashville;;;;;;;;;;;;;;;;;;;;;517,1;383,3;;;;;;;354,9;;356,3;441,6;;;;
Step_40000;Vancouver;Seattle;Calgary;Portland;Helena;SaltLakeCity;SanFrancisco;LosAngeles;LasVegas;Phoenix;SantaFe;Denver;ElPaso;Winnipeg;Duluth;Omaha;KansasCity;OklahomaCity;Houston;Dallas;LittleRock;SaintLouis;Chicago;SaultStMarie;Toronto;Montreal;Boston;NewYork;Pittsburgh;Washington;Raleigh;Atlanta;Charleston;Miami;NewOrleans;Nashville
Vancouver;;524,7;431,5;;;;;;;;;;;;;;;;;;;;;;;;;;;;;;;;;
Seattle;454,0;;426,9;616,9;518,6;;;;;;;;;;;;;;;;;;;;;;;;;;;;;;;
Calgary;461,1;485,3;;;513,2;;;;;;;;;435,1;;;;;;;;;;;;;;;;;;;;;;
Portland;;514,3;;;;623,7;754,3;;;;;;;;;;;;;;;;;;;;;;;;;;;;;
Helena;;468,0;449,6;;;599,0;;;;;;905,2;;454,1;431,5;512,0;;;;;;;;;;;;;;;;;;;;
SaltLakeCity;;;;639,7;503,2;;746,0;;631,3;;;569,6;;;;;;;;;;;;;;;;;;;;;;;;
SanFrancisco;;;;586,3;;622,0;;903,0;;;;;;;;;;;;;;;;;;;;;;;;;;;;
LosAngeles;;;;;;;1000,0;;1000,0;1000,0;;;1000,0;;;;;;;;;;;;;;;;;;;;;;;
LasVegas;;;;;;620,4;;902,0;;;;;;;;;;;;;;;;;;;;;;;;;;;;
Phoenix;;;;;;;;983,0;;;632,1;637,9;714,9;;;;;;;;;;;;;;;;;;;;;;;
SantaFe;;;;;;;;;;698,3;;587,9;632,7;;;;;569,4;;;;;;;;;;;;;;;;;;
Denver;;;;;547,0;664,4;;;;921,2;602,5;;;;;487,5;526,8;624,6;;;;;;;;;;;;;;;;;;
ElPaso;;;;;;;;906,0;;715,6;617,4;;;;;;;574,2;563,1;608,2;;;;;;;;;;;;;;;;
Winnipeg;;;452,2;;508,9;;;;;;;;;;433,9;;;;;;;;;387,5;;;;;;;;;;;;
Duluth;;;;;485,3;;;;;;;;;430,9;;494,3;;;;;;;403,1;370,8;386,6;;;;;;;;;;;
Omaha;;;;;545,2;;;;;;;584,8;;;447,8;;;;;;;;409,1;;;;;;;;;;;;;
KansasCity;;;;;;;;;;;;670,8;;;;;;;;;;408,2;;;;;;;;;;;;;;
OklahomaCity;;;;;;;;;;;573,4;641,1;722,1;;;;;;;560,4;488,1;;;;;;;;;;;;;;;
Houston;;;;;;;;;;;;;756,6;;;;;;;567,1;;;;;;;;;;;;;;;484,0;
Dallas;;;;;;;;;;;;;790,7;;;;;601,9;580,0;;532,9;;;;;;;;;;;;;;;
LittleRock;;;;;;;;;;;;;;;;;;601,1;;532,4;;436,9;;;;;;;;;;;;;514,9;415,5
SaintLouis;;;;;;;;;;;;;;;;;476,5;;;;493,2;;410,5;;;;;;351,5;;;;;;;433,8
Chicago;;;;;;;;;;;;;;;383,0;497,9;;;;;;423,5;;;374,2;;;;385,8;;;;;;;
SaultStMarie;;;;;;;;;;;;;;421,5;448,6;;;;;;;;;;363,9;329,7;;;;;;;;;;
Toronto;;;;;;;;;;;;;;;442,6;;;;;;;;362,0;358,9;;318,2;;;349,1;;;;;;;
Montreal;;;;;;;;;;;;;;;;;;;;;;;;358,5;350,2;;265,2;294,3;;;;;;;;
Boston;;;;;;;;;;;;;;;;;;;;;;;;;;300,1;;275,5;;;;;;;;
NewYork;;;;;;;;;;;;;;;;;;;;;;;;;;281,1;268,5;;341,6;302,5;;;;;;
Pittsburgh;;;;;;;;;;;;;;;;;;;;;;445,2;394,4;;380,7;;;306,3;;303,9;355,8;;;;;421,5
Washington;;;;;;;;;;;;;;;;;;;;;;;;;;;;295,0;327,3;;355,4;;;;;
Raleigh;;;;;;;;;;;;;;;;;;;;;;;;;;;;;348,1;307,2;;406,0;344,8;;;400,5
Atlanta;;;;;;;;;;;;;;;;;;;;;;;;;;;;;;;343,3;;347,4;403,5;416,5;398,1
Charleston;;;;;;;;;;;;;;;;;;;;;;;;;;;;;;;346,7;372,5;;383,2;;
Miami;;;;;;;;;;;;;;;;;;;;;;;;;;;;;;;;418,9;346,7;;489,2;
NewOrleans;;;;;;;;;;;;;;;;;;;552,4;;495,9;;;;;;;;;;;388,2;;402,2;;
Nashville;;;;;;;;;;;;;;;;;;;;;514,3;419,6;;;;;;;341,9;;351,8;419,6;;;;
Step_4000;Vancouver;Seattle;Calgary;Portland;Helena;SaltLakeCity;SanFrancisco;LosAngeles;LasVegas;Phoenix;SantaFe;Denver;ElPaso;Winnipeg;Duluth;Omaha;KansasCity;OklahomaCity;Houston;Dallas;LittleRock;SaintLouis;Chicago;SaultStMarie;Toronto;Montreal;Boston;NewYork;Pittsburgh;Washington;Raleigh;Atlanta;Charleston;Miami;NewOrleans;Nashville
Vancouver;;555,8;433,3;;;;;;;;;;;;;;;;;;;;;;;;;;;;;;;;;
Seattle;470,1;;457,4;607,2;482,2;;;;;;;;;;;;;;;;;;;;;;;;;;;;;;;
Calgary;481,0;534,0;;;462,0;;;;;;;;;426,2;;;;;;;;;;;;;;;;;;;;;;
Portland;;507,0;;;;600,0;731,7;;;;;;;;;;;;;;;;;;;;;;;;;;;;;
Helena;;506,4;472,1;;;944,3;;;;;;589,4;;457,2;368,2;510,7;;;;;;;;;;;;;;;;;;;;
SaltLakeCity;;;;581,6;522,3;;763,0;;1005,0;;;533,3;;;;;;;;;;;;;;;;;;;;;;;;
SanFrancisco;;;;637,6;;579,4;;903,0;;;;;;;;;;;;;;;;;;;;;;;;;;;;
LosAngeles;;;;;;;1000,0;;1000,0;1000,0;;;1000,0;;;;;;;;;;;;;;;;;;;;;;;
LasVegas;;;;;;627,3;;1002,0;;;;;;;;;;;;;;;;;;;;;;;;;;;;
Phoenix;;;;;;;;903,0;;;631,0;590,6;737,3;;;;;;;;;;;;;;;;;;;;;;;
SantaFe;;;;;;;;;;726,6;;553,9;781,4;;;;;570,8;;;;;;;;;;;;;;;;;;
Denver;;;;;500,7;639,6;;;;747,6;639,8;;;;;507,7;525,3;629,1;;;;;;;;;;;;;;;;;;
ElPaso;;;;;;;;906,0;;745,8;636,7;;;;;;;592,9;587,0;597,4;;;;;;;;;;;;;;;;
Winnipeg;;;448,4;;548,1;;;;;;;;;;452,0;;;;;;;;;363,1;;;;;;;;;;;;
Duluth;;;;;529,6;;;;;;;;;427,1;;452,8;;;;;;;418,5;348,5;370,8;;;;;;;;;;;
Omaha;;;;;552,3;;;;;;;606,7;;;430,6;;;;;;;;461,8;;;;;;;;;;;;;
KansasCity;;;;;;;;;;;;575,6;;;;;;;;;;457,8;;;;;;;;;;;;;;
OklahomaCity;;;;;;;;;;;620,7;523,9;746,6;;;;;;;564,3;459,3;;;;;;;;;;;;;;;
Houston;;;;;;;;;;;;;686,0;;;;;;;560,5;;;;;;;;;;;;;;;421,8;
Dallas;;;;;;;;;;;;;663,5;;;;;591,5;531,7;;479,4;;;;;;;;;;;;;;;
LittleRock;;;;;;;;;;;;;;;;;;572,9;;525,7;;416,6;;;;;;;;;;;;;441,2;421,1
SaintLouis;;;;;;;;;;;;;;;;;540,0;;;;492,3;;419,5;;;;;;368,8;;;;;;;396,3
Chicago;;;;;;;;;;;;;;;449,4;520,2;;;;;;423,2;;;359,1;;;;357,5;;;;;;;
SaultStMarie;;;;;;;;;;;;;;409,6;428,1;;;;;;;;;;359,1;315,4;;;;;;;;;;
Toronto;;;;;;;;;;;;;;;401,9;;;;;;;;359,2;352,8;;335,5;;;359,9;;;;;;;
Montreal;;;;;;;;;;;;;;;;;;;;;;;;339,6;363,8;;323,1;334,2;;;;;;;;
Boston;;;;;;;;;;;;;;;;;;;;;;;;;;334,9;;338,0;;;;;;;;
NewYork;;;;;;;;;;;;;;;;;;;;;;;;;;347,4;340,4;;359,5;356,7;;;;;;
Pittsburgh;;;;;;;;;;;;;;;;;;;;;;421,0;396,0;;354,6;;;353,8;;368,2;370,7;;;;;392,3
Washington;;;;;;;;;;;;;;;;;;;;;;;;;;;;352,4;370,3;;376,7;;;;;
Raleigh;;;;;;;;;;;;;;;;;;;;;;;;;;;;;383,5;382,2;;381,3;386,5;;;393,2
Atlanta;;;;;;;;;;;;;;;;;;;;;;;;;;;;;;;378,3;;388,9;396,9;408,3;398,1
Charleston;;;;;;;;;;;;;;;;;;;;;;;;;;;;;;;389,2;396,2;;393,4;;
Miami;;;;;;;;;;;;;;;;;;;;;;;;;;;;;;;;401,5;389,8;;431,7;
NewOrleans;;;;;;;;;;;;;;;;;;;531,6;;473,0;;;;;;;;;;;365,6;;429,5;;
Nashville;;;;;;;;;;;;;;;;;;;;;454,3;408,6;;;;;;;361,4;;408,1;370,8;;;;
Step_8000;Vancouver;Seattle;Calgary;Portland;Helena;SaltLakeCity;SanFrancisco;LosAngeles;LasVegas;Phoenix;SantaFe;Denver;ElPaso;Winnipeg;Duluth;Omaha;KansasCity;OklahomaCity;Houston;Dallas;LittleRock;SaintLouis;Chicago;SaultStMarie;Toronto;Montreal;Boston;NewYork;Pittsburgh;Washington;Raleigh;Atlanta;Charleston;Miami;NewOrleans;Nashville
Vancouver;;530,5;423,6;;;;;;;;;;;;;;;;;;;;;;;;;;;;;;;;;
Seattle;434,8;;469,9;652,8;547,6;;;;;;;;;;;;;;;;;;;;;;;;;;;;;;;
Calgary;466,2;542,9;;;550,6;;;;;;;;;424,1;;;;;;;;;;;;;;;;;;;;;;
Portland;;501,8;;;;665,8;754,9;;;;;;;;;;;;;;;;;;;;;;;;;;;;;
Helena;;505,0;486,9;;;930,3;;;;;;577,2;;418,8;436,5;465,8;;;;;;;;;;;;;;;;;;;;
SaltLakeCity;;;;550,1;487,7;;928,2;;671,5;;;634,8;;;;;;;;;;;;;;;;;;;;;;;;
SanFrancisco;;;;671,2;;574,7;;983,0;;;;;;;;;;;;;;;;;;;;;;;;;;;;
LosAngeles;;;;;;;1000,0;;1000,0;1000,0;;;1000,0;;;;;;;;;;;;;;;;;;;;;;;
LasVegas;;;;;;685,6;;902,0;;;;;;;;;;;;;;;;;;;;;;;;;;;;
Phoenix;;;;;;;;903,0;;;640,6;588,2;637,5;;;;;;;;;;;;;;;;;;;;;;;
SantaFe;;;;;;;;;;746,6;;582,9;697,5;;;;;576,1;;;;;;;;;;;;;;;;;;
Denver;;;;;507,4;604,5;;;;715,4;661,3;;;;;495,1;437,3;597,5;;;;;;;;;;;;;;;;;;
ElPaso;;;;;;;;906,0;;660,7;622,6;;;;;;;565,2;609,1;620,2;;;;;;;;;;;;;;;;
Winnipeg;;;459,9;;541,2;;;;;;;;;;433,0;;;;;;;;;343,6;;;;;;;;;;;;
Duluth;;;;;555,8;;;;;;;;;430,4;;457,1;;;;;;;395,0;350,1;349,0;;;;;;;;;;;
Omaha;;;;;470,4;;;;;;;569,9;;;380,6;;;;;;;;347,1;;;;;;;;;;;;;
KansasCity;;;;;;;;;;;;504,9;;;;;;;;;;435,6;;;;;;;;;;;;;;
OklahomaCity;;;;;;;;;;;620,1;512,3;636,8;;;;;;;643,3;514,7;;;;;;;;;;;;;;;
Houston;;;;;;;;;;;;;674,7;;;;;;;595,6;;;;;;;;;;;;;;;456,0;
Dallas;;;;;;;;;;;;;743,2;;;;;570,4;608,0;;439,9;;;;;;;;;;;;;;;
LittleRock;;;;;;;;;;;;;;;;;;628,1;;598,8;;402,3;;;;;;;;;;;;;482,2;389,4
SaintLouis;;;;;;;;;;;;;;;;;485,0;;;;523,3;;417,1;;;;;;354,2;;;;;;;396,9
Chicago;;;;;;;;;;;;;;;417,2;438,2;;;;;;417,4;;;334,1;;;;344,1;;;;;;;
SaultStMarie;;;;;;;;;;;;;;419,4;416,2;;;;;;;;;;364,6;296,4;;;;;;;;;;
Toronto;;;;;;;;;;;;;;;370,2;;;;;;;;371,5;340,4;;315,8;;;351,8;;;;;;;
Montreal;;;;;;;;;;;;;;;;;;;;;;;;344,2;346,0;;295,5;313,9;;;;;;;;
Boston;;;;;;;;;;;;;;;;;;;;;;;;;;322,1;;316,7;;;;;;;;
NewYork;;;;;;;;;;;;;;;;;;;;;;;;;;335,0;312,8;;340,8;340,6;;;;;;
Pittsburgh;;;;;;;;;;;;;;;;;;;;;;392,5;395,8;;359,6;;;319,1;;335,1;363,8;;;;;377,4
Washington;;;;;;;;;;;;;;;;;;;;;;;;;;;;336,4;362,4;;367,2;;;;;
Raleigh;;;;;;;;;;;;;;;;;;;;;;;;;;;;;379,3;368,6;;401,0;380,5;;;408,3
Atlanta;;;;;;;;;;;;;;;;;;;;;;;;;;;;;;;379,3;;388,9;405,1;487,2;404,8
Charleston;;;;;;;;;;;;;;;;;;;;;;;;;;;;;;;387,5;393,7;;393,4;;
Miami;;;;;;;;;;;;;;;;;;;;;;;;;;;;;;;;401,5;379,8;;480,8;
NewOrleans;;;;;;;;;;;;;;;;;;;598,8;;491,8;;;;;;;;;;;406,2;;405,6;;
Nashville;;;;;;;;;;;;;;;;;;;;;479,6;395,7;;;;;;;346,3;;382,3;390,8;;;;
Step_12000;Vancouver;Seattle;Calgary;Portland;Helena;SaltLakeCity;SanFrancisco;LosAngeles;LasVegas;Phoenix;SantaFe;Denver;ElPaso;Winnipeg;Duluth;Omaha;KansasCity;OklahomaCity;Houston;Dallas;LittleRock;SaintLouis;Chicago;SaultStMarie;Toronto;Montreal;Boston;NewYork;Pittsburgh;Washington;Raleigh;Atlanta;Charleston;Miami;NewOrleans;Nashville
Vancouver;;561,7;447,4;;;;;;;;;;;;;;;;;;;;;;;;;;;;;;;;;
Seattle;470,6;;448,2;637,7;562,9;;;;;;;;;;;;;;;;;;;;;;;;;;;;;;;
Calgary;455,3;520,3;;;511,1;;;;;;;;;404,0;;;;;;;;;;;;;;;;;;;;;;
Portland;;543,3;;;;577,7;793,8;;;;;;;;;;;;;;;;;;;;;;;;;;;;;
Helena;;530,5;444,0;;;983,6;;;;;;592,7;;398,1;407,0;448,5;;;;;;;;;;;;;;;;;;;;
SaltLakeCity;;;;654,7;530,0;;733,6;;981,4;;;598,4;;;;;;;;;;;;;;;;;;;;;;;;
SanFrancisco;;;;641,2;;646,3;;903,0;;;;;;;;;;;;;;;;;;;;;;;;;;;;
LosAngeles;;;;;;;1000,0;;1000,0;1000,0;;;1000,0;;;;;;;;;;;;;;;;;;;;;;;
LasVegas;;;;;;627,2;;982,0;;;;;;;;;;;;;;;;;;;;;;;;;;;;
Phoenix;;;;;;;;903,0;;;617,3;575,6;788,5;;;;;;;;;;;;;;;;;;;;;;;
SantaFe;;;;;;;;;;713,1;;543,2;635,1;;;;;574,3;;;;;;;;;;;;;;;;;;
Denver;;;;;508,9;613,7;;;;749,6;588,9;;;;;496,0;499,6;574,6;;;;;;;;;;;;;;;;;;
ElPaso;;;;;;;;906,0;;716,3;638,2;;;;;;;591,0;569,1;601,5;;;;;;;;;;;;;;;;
Winnipeg;;;435,8;;491,3;;;;;;;;;;413,2;;;;;;;;;364,6;;;;;;;;;;;;
Duluth;;;;;519,0;;;;;;;;;415,4;;446,3;;;;;;;399,7;350,4;380,1;;;;;;;;;;;
Omaha;;;;;489,2;;;;;;;564,2;;;395,3;;;;;;;;391,0;;;;;;;;;;;;;
KansasCity;;;;;;;;;;;;656,1;;;;;;;;;;444,1;;;;;;;;;;;;;;
OklahomaCity;;;;;;;;;;;617,5;605,1;614,2;;;;;;;570,7;515,6;;;;;;;;;;;;;;;
Houston;;;;;;;;;;;;;709,3;;;;;;;594,0;;;;;;;;;;;;;;;533,0;
Dallas;;;;;;;;;;;;;745,9;;;;;556,9;584,4;;442,8;;;;;;;;;;;;;;;
LittleRock;;;;;;;;;;;;;;;;;;573,3;;546,1;;406,5;;;;;;;;;;;;;503,6;389,8
SaintLouis;;;;;;;;;;;;;;;;;559,3;;;;462,6;;397,4;;;;;;336,5;;;;;;;401,7
Chicago;;;;;;;;;;;;;;;409,8;446,6;;;;;;416,1;;;368,8;;;;385,5;;;;;;;
SaultStMarie;;;;;;;;;;;;;;384,7;424,9;;;;;;;;;;356,1;311,1;;;;;;;;;;
Toronto;;;;;;;;;;;;;;;431,4;;;;;;;;394,1;356,8;;327,7;;;343,9;;;;;;;
Montreal;;;;;;;;;;;;;;;;;;;;;;;;368,2;330,7;;289,6;301,5;;;;;;;;
Boston;;;;;;;;;;;;;;;;;;;;;;;;;;317,8;;306,6;;;;;;;;
NewYork;;;;;;;;;;;;;;;;;;;;;;;;;;321,3;297,7;;323,0;327,2;;;;;;
Pittsburgh;;;;;;;;;;;;;;;;;;;;;;419,3;396,7;;349,2;;;306,5;;333,6;348,7;;;;;359,8
Washington;;;;;;;;;;;;;;;;;;;;;;;;;;;;323,1;358,7;;366,6;;;;;
Raleigh;;;;;;;;;;;;;;;;;;;;;;;;;;;;;348,4;348,4;;383,2;380,5;;;405,0
Atlanta;;;;;;;;;;;;;;;;;;;;;;;;;;;;;;;367,8;;368,9;392,3;456,0;378,7
Charleston;;;;;;;;;;;;;;;;;;;;;;;;;;;;;;;374,1;377,2;;395,7;;
Miami;;;;;;;;;;;;;;;;;;;;;;;;;;;;;;;;401,5;362,2;;498,0;
NewOrleans;;;;;;;;;;;;;;;;;;;627,6;;455,4;;;;;;;;;;;391,3;;390,8;;
Nashville;;;;;;;;;;;;;;;;;;;;;441,6;395,7;;;;;;;336,8;;368,1;387,8;;;;
Step_16000;Vancouver;Seattle;Calgary;Portland;Helena;SaltLakeCity;SanFrancisco;LosAngeles;LasVegas;Phoenix;SantaFe;Denver;ElPaso;Winnipeg;Duluth;Omaha;KansasCity;OklahomaCity;Houston;Dallas;LittleRock;SaintLouis;Chicago;SaultStMarie;Toronto;Montreal;Boston;NewYork;Pittsburgh;Washington;Raleigh;Atlanta;Charleston;Miami;NewOrleans;Nashville
Vancouver;;471,5;467,1;;;;;;;;;;;;;;;;;;;;;;;;;;;;;;;;;
Seattle;432,0;;469,6;621,8;515,8;;;;;;;;;;;;;;;;;;;;;;;;;;;;;;;
Calgary;436,0;492,6;;;488,4;;;;;;;;;420,4;;;;;;;;;;;;;;;;;;;;;;
Portland;;549,9;;;;638,0;753,4;;;;;;;;;;;;;;;;;;;;;;;;;;;;;
Helena;;540,0;451,7;;;936,6;;;;;;551,4;;416,1;409,8;487,1;;;;;;;;;;;;;;;;;;;;
SaltLakeCity;;;;666,7;500,8;;1008,0;;706,7;;;605,0;;;;;;;;;;;;;;;;;;;;;;;;
SanFrancisco;;;;642,8;;630,0;;1003,0;;;;;;;;;;;;;;;;;;;;;;;;;;;;
LosAngeles;;;;;;;1000,0;;1000,0;1000,0;;;1000,0;;;;;;;;;;;;;;;;;;;;;;;
LasVegas;;;;;;579,6;;902,0;;;;;;;;;;;;;;;;;;;;;;;;;;;;
Phoenix;;;;;;;;903,0;;;573,1;580,1;659,7;;;;;;;;;;;;;;;;;;;;;;;
SantaFe;;;;;;;;;;668,8;;592,6;630,1;;;;;598,9;;;;;;;;;;;;;;;;;;
Denver;;;;;494,1;600,2;;;;758,7;578,1;;;;;456,4;447,8;594,9;;;;;;;;;;;;;;;;;;
ElPaso;;;;;;;;906,0;;763,3;584,4;;;;;;;629,0;569,4;567,0;;;;;;;;;;;;;;;;
Winnipeg;;;450,3;;524,7;;;;;;;;;;378,4;;;;;;;;;351,0;;;;;;;;;;;;
Duluth;;;;;452,2;;;;;;;;;423,7;;507,9;;;;;;;387,3;365,5;368,9;;;;;;;;;;;
Omaha;;;;;520,8;;;;;;;651,1;;;408,8;;;;;;;;381,6;;;;;;;;;;;;;
KansasCity;;;;;;;;;;;;602,7;;;;;;;;;;407,7;;;;;;;;;;;;;;
OklahomaCity;;;;;;;;;;;602,7;562,3;704,3;;;;;;;604,0;516,7;;;;;;;;;;;;;;;
Houston;;;;;;;;;;;;;682,1;;;;;;;575,8;;;;;;;;;;;;;;;461,1;
Dallas;;;;;;;;;;;;;733,6;;;;;612,4;604,1;;501,8;;;;;;;;;;;;;;;
LittleRock;;;;;;;;;;;;;;;;;;580,0;;578,0;;426,5;;;;;;;;;;;;;428,5;426,7
SaintLouis;;;;;;;;;;;;;;;;;516,5;;;;462,0;;393,6;;;;;;344,7;;;;;;;381,9
Chicago;;;;;;;;;;;;;;;404,0;476,4;;;;;;409,8;;;372,4;;;;337,8;;;;;;;
SaultStMarie;;;;;;;;;;;;;;424,0;383,3;;;;;;;;;;328,8;326,3;;;;;;;;;;
Toronto;;;;;;;;;;;;;;;396,1;;;;;;;;356,3;362,6;;308,8;;;357,1;;;;;;;
Montreal;;;;;;;;;;;;;;;;;;;;;;;;362,5;363,0;;281,2;296,6;;;;;;;;
Boston;;;;;;;;;;;;;;;;;;;;;;;;;;305,1;;301,2;;;;;;;;
NewYork;;;;;;;;;;;;;;;;;;;;;;;;;;308,2;293,4;;320,2;321,3;;;;;;
Pittsburgh;;;;;;;;;;;;;;;;;;;;;;398,2;390,1;;354,5;;;293,7;;325,5;345,1;;;;;389,2
Washington;;;;;;;;;;;;;;;;;;;;;;;;;;;;311,1;371,2;;359,8;;;;;
Raleigh;;;;;;;;;;;;;;;;;;;;;;;;;;;;;355,5;344,3;;373,8;384,2;;;412,2
Atlanta;;;;;;;;;;;;;;;;;;;;;;;;;;;;;;;345,0;;366,5;375,0;458,3;389,4
Charleston;;;;;;;;;;;;;;;;;;;;;;;;;;;;;;;366,6;379,4;;441,4;;
Miami;;;;;;;;;;;;;;;;;;;;;;;;;;;;;;;;401,6;363,1;;491,3;
NewOrleans;;;;;;;;;;;;;;;;;;;580,6;;482,1;;;;;;;;;;;354,9;;388,0;;
Nashville;;;;;;;;;;;;;;;;;;;;;524,5;429,8;;;;;;;337,9;;353,4;390,8;;;;
Step_20000;Vancouver;Seattle;Calgary;Portland;Helena;SaltLakeCity;SanFrancisco;LosAngeles;LasVegas;Phoenix;SantaFe;Denver;ElPaso;Winnipeg;Duluth;Omaha;KansasCity;OklahomaCity;Houston;Dallas;LittleRock;SaintLouis;Chicago;SaultStMarie;Toronto;Montreal;Boston;NewYork;Pittsburgh;Washington;Raleigh;Atlanta;Charleston;Miami;NewOrleans;Nashville
Vancouver;;523,1;455,5;;;;;;;;;;;;;;;;;;;;;;;;;;;;;;;;;
Seattle;441,9;;449,7;617,1;460,8;;;;;;;;;;;;;;;;;;;;;;;;;;;;;;;
Calgary;433,7;491,5;;;512,1;;;;;;;;;439,6;;;;;;;;;;;;;;;;;;;;;;
Portland;;518,1;;;;650,9;723,5;;;;;;;;;;;;;;;;;;;;;;;;;;;;;
Helena;;516,1;441,1;;;983,6;;;;;;559,6;;449,4;440,7;464,8;;;;;;;;;;;;;;;;;;;;
SaltLakeCity;;;;593,6;508,2;;630,2;;981,4;;;588,4;;;;;;;;;;;;;;;;;;;;;;;;
SanFrancisco;;;;572,2;;627,9;;903,0;;;;;;;;;;;;;;;;;;;;;;;;;;;;
LosAngeles;;;;;;;1000,0;;1000,0;1000,0;;;1000,0;;;;;;;;;;;;;;;;;;;;;;;
LasVegas;;;;;;603,9;;982,0;;;;;;;;;;;;;;;;;;;;;;;;;;;;
Phoenix;;;;;;;;903,0;;;623,8;628,6;687,9;;;;;;;;;;;;;;;;;;;;;;;
SantaFe;;;;;;;;;;757,9;;585,6;729,1;;;;;613,1;;;;;;;;;;;;;;;;;;
Denver;;;;;500,6;611,2;;;;752,8;641,9;;;;;473,6;516,7;624,4;;;;;;;;;;;;;;;;;;
ElPaso;;;;;;;;906,0;;738,9;613,6;;;;;;;572,0;600,0;585,0;;;;;;;;;;;;;;;;
Winnipeg;;;442,8;;556,8;;;;;;;;;;421,2;;;;;;;;;387,4;;;;;;;;;;;;
Duluth;;;;;579,5;;;;;;;;;434,7;;434,9;;;;;;;386,7;366,6;370,0;;;;;;;;;;;
Omaha;;;;;513,6;;;;;;;634,1;;;406,6;;;;;;;;420,8;;;;;;;;;;;;;
KansasCity;;;;;;;;;;;;575,7;;;;;;;;;;442,3;;;;;;;;;;;;;;
OklahomaCity;;;;;;;;;;;615,7;636,5;717,9;;;;;;;589,5;485,7;;;;;;;;;;;;;;;
Houston;;;;;;;;;;;;;681,4;;;;;;;604,1;;;;;;;;;;;;;;;434,8;
Dallas;;;;;;;;;;;;;657,2;;;;;629,1;585,6;;468,5;;;;;;;;;;;;;;;
LittleRock;;;;;;;;;;;;;;;;;;577,5;;579,1;;435,8;;;;;;;;;;;;;472,6;441,4
SaintLouis;;;;;;;;;;;;;;;;;487,6;;;;502,1;;430,6;;;;;;360,2;;;;;;;440,8
Chicago;;;;;;;;;;;;;;;424,0;504,3;;;;;;396,2;;;362,2;;;;337,4;;;;;;;
SaultStMarie;;;;;;;;;;;;;;425,8;409,5;;;;;;;;;;349,9;325,1;;;;;;;;;;
Toronto;;;;;;;;;;;;;;;445,5;;;;;;;;390,5;378,3;;299,3;;;362,7;;;;;;;
Montreal;;;;;;;;;;;;;;;;;;;;;;;;384,8;348,1;;265,2;283,9;;;;;;;;
Boston;;;;;;;;;;;;;;;;;;;;;;;;;;278,9;;296,7;;;;;;;;
NewYork;;;;;;;;;;;;;;;;;;;;;;;;;;294,9;283,5;;341,7;315,1;;;;;;
Pittsburgh;;;;;;;;;;;;;;;;;;;;;;441,8;411,7;;338,6;;;286,3;;327,3;349,3;;;;;374,1
Washington;;;;;;;;;;;;;;;;;;;;;;;;;;;;308,1;346,8;;369,9;;;;;
Raleigh;;;;;;;;;;;;;;;;;;;;;;;;;;;;;356,3;339,4;;389,1;384,2;;;446,4
Atlanta;;;;;;;;;;;;;;;;;;;;;;;;;;;;;;;344,6;;358,7;401,4;471,2;389,4
Charleston;;;;;;;;;;;;;;;;;;;;;;;;;;;;;;;361,6;379,4;;441,4;;
Miami;;;;;;;;;;;;;;;;;;;;;;;;;;;;;;;;401,6;363,1;;507,0;
NewOrleans;;;;;;;;;;;;;;;;;;;593,6;;511,2;;;;;;;;;;;398,6;;413,3;;
Nashville;;;;;;;;;;;;;;;;;;;;;523,3;409,9;;;;;;;344,1;;347,5;382,4;;;;
Step_24000;Vancouver;Seattle;Calgary;Portland;Helena;SaltLakeCity;SanFrancisco;LosAngeles;LasVegas;Phoenix;SantaFe;Denver;ElPaso;Winnipeg;Duluth;Omaha;KansasCity;OklahomaCity;Houston;Dallas;LittleRock;SaintLouis;Chicago;SaultStMarie;Toronto;Montreal;Boston;NewYork;Pittsburgh;Washington;Raleigh;Atlanta;Charleston;Miami;NewOrleans;Nashville
Vancouver;;527,5;430,1;;;;;;;;;;;;;;;;;;;;;;;;;;;;;;;;;
Seattle;458,1;;448,0;629,4;526,1;;;;;;;;;;;;;;;;;;;;;;;;;;;;;;;
Calgary;449,1;497,7;;;482,7;;;;;;;;;406,1;;;;;;;;;;;;;;;;;;;;;;
Portland;;518,4;;;;625,4;690,0;;;;;;;;;;;;;;;;;;;;;;;;;;;;;
Helena;;512,5;428,4;;;915,0;;;;;;604,3;;403,5;456,4;508,3;;;;;;;;;;;;;;;;;;;;
SaltLakeCity;;;;608,1;505,1;;588,2;;1005,0;;;599,8;;;;;;;;;;;;;;;;;;;;;;;;
SanFrancisco;;;;634,4;;608,4;;903,0;;;;;;;;;;;;;;;;;;;;;;;;;;;;
LosAngeles;;;;;;;1000,0;;1000,0;1000,0;;;1000,0;;;;;;;;;;;;;;;;;;;;;;;
LasVegas;;;;;;588,1;;1002,0;;;;;;;;;;;;;;;;;;;;;;;;;;;;
Phoenix;;;;;;;;903,0;;;621,3;596,8;684,3;;;;;;;;;;;;;;;;;;;;;;;
SantaFe;;;;;;;;;;764,8;;575,8;684,2;;;;;630,9;;;;;;;;;;;;;;;;;;
Denver;;;;;521,7;629,4;;;;713,8;603,9;;;;;509,8;530,9;636,7;;;;;;;;;;;;;;;;;;
ElPaso;;;;;;;;906,0;;668,4;619,8;;;;;;;637,1;599,0;520,1;;;;;;;;;;;;;;;;
Winnipeg;;;448,7;;492,6;;;;;;;;;;447,1;;;;;;;;;368,4;;;;;;;;;;;;
Duluth;;;;;526,2;;;;;;;;;400,8;;471,1;;;;;;;391,3;323,5;331,9;;;;;;;;;;;
Omaha;;;;;477,4;;;;;;;624,3;;;459,9;;;;;;;;416,3;;;;;;;;;;;;;
KansasCity;;;;;;;;;;;;592,9;;;;;;;;;;428,1;;;;;;;;;;;;;;
OklahomaCity;;;;;;;;;;;648,2;582,9;782,5;;;;;;;608,3;522,2;;;;;;;;;;;;;;;
Houston;;;;;;;;;;;;;720,9;;;;;;;585,1;;;;;;;;;;;;;;;476,5;
Dallas;;;;;;;;;;;;;711,1;;;;;582,9;540,5;;488,4;;;;;;;;;;;;;;;
LittleRock;;;;;;;;;;;;;;;;;;558,4;;558,3;;455,4;;;;;;;;;;;;;499,3;382,5
SaintLouis;;;;;;;;;;;;;;;;;494,0;;;;469,7;;401,9;;;;;;367,7;;;;;;;382,3
Chicago;;;;;;;;;;;;;;;405,9;454,5;;;;;;431,0;;;363,6;;;;386,9;;;;;;;
SaultStMarie;;;;;;;;;;;;;;425,4;391,9;;;;;;;;;;351,5;304,6;;;;;;;;;;
Toronto;;;;;;;;;;;;;;;367,5;;;;;;;;377,1;357,1;;318,0;;;359,1;;;;;;;
Montreal;;;;;;;;;;;;;;;;;;;;;;;;361,8;350,5;;267,7;294,5;;;;;;;;
Boston;;;;;;;;;;;;;;;;;;;;;;;;;;287,4;;310,6;;;;;;;;
NewYork;;;;;;;;;;;;;;;;;;;;;;;;;;303,4;283,1;;369,3;311,7;;;;;;
Pittsburgh;;;;;;;;;;;;;;;;;;;;;;439,1;386,8;;318,6;;;300,4;;330,5;367,5;;;;;374,6
Washington;;;;;;;;;;;;;;;;;;;;;;;;;;;;303,0;346,8;;358,7;;;;;
Raleigh;;;;;;;;;;;;;;;;;;;;;;;;;;;;;368,7;327,0;;354,9;387,6;;;417,6
Atlanta;;;;;;;;;;;;;;;;;;;;;;;;;;;;;;;330,8;;367,7;434,4;418,5;378,4
Charleston;;;;;;;;;;;;;;;;;;;;;;;;;;;;;;;361,6;379,4;;446,5;;
Miami;;;;;;;;;;;;;;;;;;;;;;;;;;;;;;;;401,6;363,1;;517,4;
NewOrleans;;;;;;;;;;;;;;;;;;;616,1;;473,5;;;;;;;;;;;380,1;;432,2;;
Nashville;;;;;;;;;;;;;;;;;;;;;476,0;431,3;;;;;;;349,8;;335,2;365,1;;;;
Step_28000;Vancouver;Seattle;Calgary;Portland;Helena;SaltLakeCity;SanFrancisco;LosAngeles;LasVegas;Phoenix;SantaFe;Denver;ElPaso;Winnipeg;Duluth;Omaha;KansasCity;OklahomaCity;Houston;Dallas;LittleRock;SaintLouis;Chicago;SaultStMarie;Toronto;Montreal;Boston;NewYork;Pittsburgh;Washington;Raleigh;Atlanta;Charleston;Miami;NewOrleans;Nashville
Vancouver;;537,7;421,9;;;;;;;;;;;;;;;;;;;;;;;;;;;;;;;;;
Seattle;462,5;;455,5;607,8;527,3;;;;;;;;;;;;;;;;;;;;;;;;;;;;;;;
Calgary;451,4;475,0;;;489,7;;;;;;;;;432,8;;;;;;;;;;;;;;;;;;;;;;
Portland;;532,2;;;;629,7;724,8;;;;;;;;;;;;;;;;;;;;;;;;;;;;;
Helena;;556,5;428,2;;;1008,0;;;;;;552,4;;397,9;421,6;488,5;;;;;;;;;;;;;;;;;;;;
SaltLakeCity;;;;642,1;537,2;;635,0;;1005,0;;;572,9;;;;;;;;;;;;;;;;;;;;;;;;
SanFrancisco;;;;591,4;;673,5;;903,0;;;;;;;;;;;;;;;;;;;;;;;;;;;;
LosAngeles;;;;;;;1000,0;;1000,0;1000,0;;;1000,0;;;;;;;;;;;;;;;;;;;;;;;
LasVegas;;;;;;674,1;;1002,0;;;;;;;;;;;;;;;;;;;;;;;;;;;;
Phoenix;;;;;;;;903,0;;;576,6;606,5;735,4;;;;;;;;;;;;;;;;;;;;;;;
SantaFe;;;;;;;;;;680,0;;553,0;677,8;;;;;585,8;;;;;;;;;;;;;;;;;;
Denver;;;;;510,5;634,0;;;;771,2;601,8;;;;;483,9;465,8;523,4;;;;;;;;;;;;;;;;;;
ElPaso;;;;;;;;906,0;;702,5;605,3;;;;;;;597,2;550,6;591,3;;;;;;;;;;;;;;;;
Winnipeg;;;443,2;;505,6;;;;;;;;;;437,9;;;;;;;;;378,4;;;;;;;;;;;;
Duluth;;;;;483,9;;;;;;;;;420,7;;459,2;;;;;;;388,7;386,9;394,4;;;;;;;;;;;
Omaha;;;;;480,9;;;;;;;600,2;;;419,3;;;;;;;;389,6;;;;;;;;;;;;;
KansasCity;;;;;;;;;;;;620,4;;;;;;;;;;405,9;;;;;;;;;;;;;;
OklahomaCity;;;;;;;;;;;599,7;559,6;715,6;;;;;;;505,0;438,7;;;;;;;;;;;;;;;
Houston;;;;;;;;;;;;;679,1;;;;;;;582,3;;;;;;;;;;;;;;;499,9;
Dallas;;;;;;;;;;;;;659,5;;;;;568,7;512,9;;460,5;;;;;;;;;;;;;;;
LittleRock;;;;;;;;;;;;;;;;;;529,2;;572,7;;411,5;;;;;;;;;;;;;491,3;408,9
SaintLouis;;;;;;;;;;;;;;;;;443,0;;;;434,2;;408,3;;;;;;352,4;;;;;;;390,0
Chicago;;;;;;;;;;;;;;;408,7;440,3;;;;;;395,5;;;372,3;;;;346,8;;;;;;;
SaultStMarie;;;;;;;;;;;;;;396,4;431,4;;;;;;;;;;346,3;308,4;;;;;;;;;;
Toronto;;;;;;;;;;;;;;;438,4;;;;;;;;376,5;369,8;;306,0;;;346,4;;;;;;;
Montreal;;;;;;;;;;;;;;;;;;;;;;;;362,9;358,1;;279,6;290,4;;;;;;;;
Boston;;;;;;;;;;;;;;;;;;;;;;;;;;287,4;;311,5;;;;;;;;
NewYork;;;;;;;;;;;;;;;;;;;;;;;;;;310,7;282,0;;357,1;316,1;;;;;;
Pittsburgh;;;;;;;;;;;;;;;;;;;;;;393,3;394,1;;328,2;;;332,4;;320,5;359,3;;;;;377,0
Washington;;;;;;;;;;;;;;;;;;;;;;;;;;;;311,9;356,3;;366,9;;;;;
Raleigh;;;;;;;;;;;;;;;;;;;;;;;;;;;;;374,0;326,4;;371,1;369,9;;;411,0
Atlanta;;;;;;;;;;;;;;;;;;;;;;;;;;;;;;;339,2;;350,3;416,0;432,9;354,9
Charleston;;;;;;;;;;;;;;;;;;;;;;;;;;;;;;;359,8;386,8;;444,2;;
Miami;;;;;;;;;;;;;;;;;;;;;;;;;;;;;;;;402,7;367,9;;422,2;
NewOrleans;;;;;;;;;;;;;;;;;;;622,3;;442,1;;;;;;;;;;;390,5;;412,8;;
Nashville;;;;;;;;;;;;;;;;;;;;;481,6;421,4;;;;;;;363,8;;333,5;366,7;;;;
Step_32000;Vancouver;Seattle;Calgary;Portland;Helena;SaltLakeCity;SanFrancisco;LosAngeles;LasVegas;Phoenix;SantaFe;Denver;ElPaso;Winnipeg;Duluth;Omaha;KansasCity;OklahomaCity;Houston;Dallas;LittleRock;SaintLouis;Chicago;SaultStMarie;Toronto;Montreal;Boston;NewYork;Pittsburgh;Washington;Raleigh;Atlanta;Charleston;Miami;NewOrleans;Nashville
Vancouver;;524,2;450,7;;;;;;;;;;;;;;;;;;;;;;;;;;;;;;;;;
Seattle;440,6;;437,4;642,8;543,0;;;;;;;;;;;;;;;;;;;;;;;;;;;;;;;
Calgary;440,8;495,0;;;540,6;;;;;;;;;439,8;;;;;;;;;;;;;;;;;;;;;;
Portland;;471,0;;;;639,8;777,1;;;;;;;;;;;;;;;;;;;;;;;;;;;;;
Helena;;505,4;464,5;;;986,6;;;;;;579,0;;443,6;451,3;504,4;;;;;;;;;;;;;;;;;;;;
SaltLakeCity;;;;651,0;541,2;;984,3;;651,5;;;651,2;;;;;;;;;;;;;;;;;;;;;;;;
SanFrancisco;;;;661,1;;599,1;;983,0;;;;;;;;;;;;;;;;;;;;;;;;;;;;
LosAngeles;;;;;;;1000,0;;1000,0;1000,0;;;1000,0;;;;;;;;;;;;;;;;;;;;;;;
LasVegas;;;;;;658,6;;902,0;;;;;;;;;;;;;;;;;;;;;;;;;;;;
Phoenix;;;;;;;;903,0;;;664,3;621,7;759,7;;;;;;;;;;;;;;;;;;;;;;;
SantaFe;;;;;;;;;;700,9;;616,4;714,8;;;;;578,8;;;;;;;;;;;;;;;;;;
Denver;;;;;503,9;658,1;;;;701,5;659,4;;;;;528,6;532,0;573,8;;;;;;;;;;;;;;;;;;
ElPaso;;;;;;;;906,0;;708,3;637,2;;;;;;;583,8;659,7;581,5;;;;;;;;;;;;;;;;
Winnipeg;;;478,6;;516,4;;;;;;;;;;465,0;;;;;;;;;347,9;;;;;;;;;;;;
Duluth;;;;;526,4;;;;;;;;;425,6;;475,4;;;;;;;387,0;351,2;341,2;;;;;;;;;;;
Omaha;;;;;533,3;;;;;;;596,3;;;410,3;;;;;;;;402,3;;;;;;;;;;;;;
KansasCity;;;;;;;;;;;;580,0;;;;;;;;;;398,7;;;;;;;;;;;;;;
OklahomaCity;;;;;;;;;;;609,0;544,6;695,4;;;;;;;566,5;507,7;;;;;;;;;;;;;;;
Houston;;;;;;;;;;;;;706,1;;;;;;;520,3;;;;;;;;;;;;;;;471,6;
Dallas;;;;;;;;;;;;;614,9;;;;;567,5;583,1;;464,8;;;;;;;;;;;;;;;
LittleRock;;;;;;;;;;;;;;;;;;541,5;;564,0;;400,3;;;;;;;;;;;;;441,9;365,4
SaintLouis;;;;;;;;;;;;;;;;;515,6;;;;480,3;;387,8;;;;;;344,4;;;;;;;365,9
Chicago;;;;;;;;;;;;;;;403,8;434,0;;;;;;427,4;;;351,2;;;;349,3;;;;;;;
SaultStMarie;;;;;;;;;;;;;;396,8;425,3;;;;;;;;;;340,7;316,0;;;;;;;;;;
Toronto;;;;;;;;;;;;;;;441,6;;;;;;;;398,6;370,2;;328,0;;;337,2;;;;;;;
Montreal;;;;;;;;;;;;;;;;;;;;;;;;359,9;346,9;;280,2;297,7;;;;;;;;
Boston;;;;;;;;;;;;;;;;;;;;;;;;;;287,4;;311,5;;;;;;;;
NewYork;;;;;;;;;;;;;;;;;;;;;;;;;;314,4;282,0;;346,3;309,8;;;;;;
Pittsburgh;;;;;;;;;;;;;;;;;;;;;;395,1;393,9;;338,9;;;308,0;;310,9;348,7;;;;;382,0
Washington;;;;;;;;;;;;;;;;;;;;;;;;;;;;310,0;334,2;;337,4;;;;;
Raleigh;;;;;;;;;;;;;;;;;;;;;;;;;;;;;359,9;324,9;;371,1;349,1;;;369,7
Atlanta;;;;;;;;;;;;;;;;;;;;;;;;;;;;;;;344,1;;350,3;416,0;496,9;378,8
Charleston;;;;;;;;;;;;;;;;;;;;;;;;;;;;;;;342,0;396,7;;429,8;;
Miami;;;;;;;;;;;;;;;;;;;;;;;;;;;;;;;;402,7;372,5;;433,6;
NewOrleans;;;;;;;;;;;;;;;;;;;627,2;;445,0;;;;;;;;;;;423,4;;393,2;;
Nashville;;;;;;;;;;;;;;;;;;;;;431,8;406,8;;;;;;;364,5;;334,7;387,5;;;;
Step_36000;Vancouver;Seattle;Calgary;Portland;Helena;SaltLakeCity;SanFrancisco;LosAngeles;LasVegas;Phoenix;SantaFe;Denver;ElPaso;Winnipeg;Duluth;Omaha;KansasCity;OklahomaCity;Houston;Dallas;LittleRock;SaintLouis;Chicago;SaultStMarie;Toronto;Montreal;Boston;NewYork;Pittsburgh;Washington;Raleigh;Atlanta;Charleston;Miami;NewOrleans;Nashville
Vancouver;;509,8;461,6;;;;;;;;;;;;;;;;;;;;;;;;;;;;;;;;;
Seattle;473,7;;460,0;616,4;508,8;;;;;;;;;;;;;;;;;;;;;;;;;;;;;;;
Calgary;446,7;547,6;;;518,0;;;;;;;;;446,5;;;;;;;;;;;;;;;;;;;;;;
Portland;;507,5;;;;642,4;763,9;;;;;;;;;;;;;;;;;;;;;;;;;;;;;
Helena;;535,8;482,8;;;891,1;;;;;;581,0;;433,3;410,7;458,9;;;;;;;;;;;;;;;;;;;;
SaltLakeCity;;;;577,5;454,0;;1008,0;;662,5;;;623,3;;;;;;;;;;;;;;;;;;;;;;;;
SanFrancisco;;;;658,9;;621,7;;983,0;;;;;;;;;;;;;;;;;;;;;;;;;;;;
LosAngeles;;;;;;;1000,0;;1000,0;1000,0;;;1000,0;;;;;;;;;;;;;;;;;;;;;;;
LasVegas;;;;;;633,5;;902,0;;;;;;;;;;;;;;;;;;;;;;;;;;;;
Phoenix;;;;;;;;903,0;;;606,6;646,5;666,8;;;;;;;;;;;;;;;;;;;;;;;
SantaFe;;;;;;;;;;743,1;;571,1;613,2;;;;;591,6;;;;;;;;;;;;;;;;;;
Denver;;;;;534,4;602,6;;;;783,6;623,4;;;;;451,2;492,0;572,7;;;;;;;;;;;;;;;;;;
ElPaso;;;;;;;;906,0;;736,4;590,7;;;;;;;573,2;631,1;593,3;;;;;;;;;;;;;;;;
Winnipeg;;;455,3;;521,2;;;;;;;;;;423,8;;;;;;;;;371,3;;;;;;;;;;;;
Duluth;;;;;504,6;;;;;;;;;414,7;;448,2;;;;;;;387,5;383,0;371,2;;;;;;;;;;;
Omaha;;;;;504,3;;;;;;;574,5;;;443,1;;;;;;;;384,8;;;;;;;;;;;;;
KansasCity;;;;;;;;;;;;632,3;;;;;;;;;;417,8;;;;;;;;;;;;;;
OklahomaCity;;;;;;;;;;;623,6;611,2;697,5;;;;;;;593,9;508,5;;;;;;;;;;;;;;;
Houston;;;;;;;;;;;;;750,5;;;;;;;614,1;;;;;;;;;;;;;;;503,9;
Dallas;;;;;;;;;;;;;702,7;;;;;561,6;565,1;;466,5;;;;;;;;;;;;;;;
LittleRock;;;;;;;;;;;;;;;;;;565,5;;564,4;;422,7;;;;;;;;;;;;;483,3;363,2
SaintLouis;;;;;;;;;;;;;;;;;522,5;;;;406,4;;402,6;;;;;;353,0;;;;;;;377,3
Chicago;;;;;;;;;;;;;;;423,6;441,4;;;;;;419,2;;;353,0;;;;359,0;;;;;;;
SaultStMarie;;;;;;;;;;;;;;405,1;428,8;;;;;;;;;;356,6;303,7;;;;;;;;;;
Toronto;;;;;;;;;;;;;;;427,7;;;;;;;;393,4;379,1;;293,6;;;346,8;;;;;;;
Montreal;;;;;;;;;;;;;;;;;;;;;;;;332,2;360,2;;276,8;297,1;;;;;;;;
Boston;;;;;;;;;;;;;;;;;;;;;;;;;;305,6;;302,1;;;;;;;;
NewYork;;;;;;;;;;;;;;;;;;;;;;;;;;316,9;278,2;;347,6;308,4;;;;;;
Pittsburgh;;;;;;;;;;;;;;;;;;;;;;421,1;367,6;;371,8;;;295,9;;311,2;339,2;;;;;379,7
Washington;;;;;;;;;;;;;;;;;;;;;;;;;;;;310,0;336,3;;348,2;;;;;
Raleigh;;;;;;;;;;;;;;;;;;;;;;;;;;;;;357,0;315,6;;380,5;340,0;;;395,0
Atlanta;;;;;;;;;;;;;;;;;;;;;;;;;;;;;;;337,9;;354,5;398,3;486,9;381,7
Charleston;;;;;;;;;;;;;;;;;;;;;;;;;;;;;;;337,2;410,3;;429,8;;
Miami;;;;;;;;;;;;;;;;;;;;;;;;;;;;;;;;391,6;359,5;;478,1;
NewOrleans;;;;;;;;;;;;;;;;;;;606,8;;485,9;;;;;;;;;;;408,7;;402,8;;
Nashville;;;;;;;;;;;;;;;;;;;;;465,1;411,6;;;;;;;355,1;;337,4;389,5;;;;
Step_40000;Vancouver;Seattle;Calgary;Portland;Helena;SaltLakeCity;SanFrancisco;LosAngeles;LasVegas;Phoenix;SantaFe;Denver;ElPaso;Winnipeg;Duluth;Omaha;KansasCity;OklahomaCity;Houston;Dallas;LittleRock;SaintLouis;Chicago;SaultStMarie;Toronto;Montreal;Boston;NewYork;Pittsburgh;Washington;Raleigh;Atlanta;Charleston;Miami;NewOrleans;Nashville
Vancouver;;530,9;459,9;;;;;;;;;;;;;;;;;;;;;;;;;;;;;;;;;
Seattle;464,4;;468,3;646,8;530,2;;;;;;;;;;;;;;;;;;;;;;;;;;;;;;;
Calgary;445,7;517,5;;;487,8;;;;;;;;;418,7;;;;;;;;;;;;;;;;;;;;;;
Portland;;516,2;;;;669,9;744,7;;;;;;;;;;;;;;;;;;;;;;;;;;;;;
Helena;;543,6;474,3;;;983,6;;;;;;557,1;;457,1;434,9;455,1;;;;;;;;;;;;;;;;;;;;
SaltLakeCity;;;;625,7;526,6;;600,5;;981,4;;;604,4;;;;;;;;;;;;;;;;;;;;;;;;
SanFrancisco;;;;590,5;;645,8;;903,0;;;;;;;;;;;;;;;;;;;;;;;;;;;;
LosAngeles;;;;;;;1000,0;;1000,0;1000,0;;;1000,0;;;;;;;;;;;;;;;;;;;;;;;
LasVegas;;;;;;592,7;;982,0;;;;;;;;;;;;;;;;;;;;;;;;;;;;
Phoenix;;;;;;;;903,0;;;658,8;609,8;685,5;;;;;;;;;;;;;;;;;;;;;;;
SantaFe;;;;;;;;;;721,0;;642,8;660,6;;;;;620,0;;;;;;;;;;;;;;;;;;
Denver;;;;;498,5;644,9;;;;657,6;657,6;;;;;538,9;506,6;590,2;;;;;;;;;;;;;;;;;;
ElPaso;;;;;;;;906,0;;805,8;607,0;;;;;;;604,8;661,0;561,0;;;;;;;;;;;;;;;;
Winnipeg;;;435,6;;502,1;;;;;;;;;;427,3;;;;;;;;;380,3;;;;;;;;;;;;
Duluth;;;;;498,0;;;;;;;;;411,4;;488,3;;;;;;;385,5;384,6;387,1;;;;;;;;;;;
Omaha;;;;;539,3;;;;;;;601,7;;;425,0;;;;;;;;367,7;;;;;;;;;;;;;
KansasCity;;;;;;;;;;;;577,2;;;;;;;;;;428,8;;;;;;;;;;;;;;
OklahomaCity;;;;;;;;;;;625,6;598,8;785,6;;;;;;;551,8;511,3;;;;;;;;;;;;;;;
Houston;;;;;;;;;;;;;811,5;;;;;;;564,0;;;;;;;;;;;;;;;487,4;
Dallas;;;;;;;;;;;;;630,3;;;;;617,2;535,3;;497,1;;;;;;;;;;;;;;;
LittleRock;;;;;;;;;;;;;;;;;;573,5;;543,3;;394,1;;;;;;;;;;;;;507,9;406,0
SaintLouis;;;;;;;;;;;;;;;;;470,0;;;;451,2;;408,4;;;;;;356,4;;;;;;;395,7
Chicago;;;;;;;;;;;;;;;430,1;440,4;;;;;;417,0;;;380,4;;;;373,3;;;;;;;
SaultStMarie;;;;;;;;;;;;;;472,5;430,4;;;;;;;;;;358,9;317,9;;;;;;;;;;
Toronto;;;;;;;;;;;;;;;455,1;;;;;;;;391,5;353,1;;322,2;;;362,1;;;;;;;
Montreal;;;;;;;;;;;;;;;;;;;;;;;;364,1;394,7;;277,7;281,3;;;;;;;;
Boston;;;;;;;;;;;;;;;;;;;;;;;;;;305,9;;313,7;;;;;;;;
NewYork;;;;;;;;;;;;;;;;;;;;;;;;;;316,9;276,8;;361,9;310,1;;;;;;
Pittsburgh;;;;;;;;;;;;;;;;;;;;;;416,8;403,4;;363,9;;;300,8;;315,9;339,0;;;;;369,9
Washington;;;;;;;;;;;;;;;;;;;;;;;;;;;;313,5;336,3;;341,4;;;;;
Raleigh;;;;;;;;;;;;;;;;;;;;;;;;;;;;;355,7;309,3;;413,4;340,0;;;408,1
Atlanta;;;;;;;;;;;;;;;;;;;;;;;;;;;;;;;354,5;;354,5;409,3;566,0;381,7
Charleston;;;;;;;;;;;;;;;;;;;;;;;;;;;;;;;337,2;410,3;;429,8;;
Miami;;;;;;;;;;;;;;;;;;;;;;;;;;;;;;;;403,3;359,5;;472,0;
NewOrleans;;;;;;;;;;;;;;;;;;;684,4;;494,1;;;;;;;;;;;398,5;;391,1;;
Nashville;;;;;;;;;;;;;;;;;;;;;455,7;424,1;;;;;;;351,1;;337,4;430,2;;;;
Step_4000;Vancouver;Seattle;Calgary;Portland;Helena;SaltLakeCity;SanFrancisco;LosAngeles;LasVegas;Phoenix;SantaFe;Denver;ElPaso;Winnipeg;Duluth;Omaha;KansasCity;OklahomaCity;Houston;Dallas;LittleRock;SaintLouis;Chicago;SaultStMarie;Toronto;Montreal;Boston;NewYork;Pittsburgh;Washington;Raleigh;Atlanta;Charleston;Miami;NewOrleans;Nashville
Vancouver;;496,7;423,4;;;;;;;;;;;;;;;;;;;;;;;;;;;;;;;;;
Seattle;442,4;;454,0;530,9;507,1;;;;;;;;;;;;;;;;;;;;;;;;;;;;;;;
Calgary;435,9;475,1;;;538,4;;;;;;;;;424,5;;;;;;;;;;;;;;;;;;;;;;
Portland;;490,7;;;;593,3;732,4;;;;;;;;;;;;;;;;;;;;;;;;;;;;;
Helena;;501,6;454,3;;;600,5;;;;;;987,6;;405,1;404,0;516,7;;;;;;;;;;;;;;;;;;;;
SaltLakeCity;;;;555,7;518,3;;622,6;;731,0;;;564,1;;;;;;;;;;;;;;;;;;;;;;;;
SanFrancisco;;;;527,1;;635,9;;903,0;;;;;;;;;;;;;;;;;;;;;;;;;;;;
LosAngeles;;;;;;;1000,0;;1000,0;1000,0;;;1000,0;;;;;;;;;;;;;;;;;;;;;;;
LasVegas;;;;;;606,7;;902,0;;;;;;;;;;;;;;;;;;;;;;;;;;;;
Phoenix;;;;;;;;983,0;;;654,4;612,8;766,4;;;;;;;;;;;;;;;;;;;;;;;
SantaFe;;;;;;;;;;730,0;;603,3;713,9;;;;;606,8;;;;;;;;;;;;;;;;;;
Denver;;;;;520,8;640,0;;;;984,3;629,3;;;;;544,6;477,5;559,1;;;;;;;;;;;;;;;;;;
ElPaso;;;;;;;;906,0;;715,8;626,0;;;;;;;603,5;677,7;669,4;;;;;;;;;;;;;;;;
Winnipeg;;;472,8;;595,0;;;;;;;;;;434,2;;;;;;;;;345,8;;;;;;;;;;;;
Duluth;;;;;544,1;;;;;;;;;426,2;;;;;;;;;382,3;350,3;361,8;;;;;;;;;;;
Omaha;;;;;488,7;;;;;;;605,3;;;;;;;;;;;396,1;;;;;;;;;;;;;
KansasCity;;;;;;;;;;;;628,7;;;;;;;;;;403,5;;;;;;;;;;;;;;
OklahomaCity;;;;;;;;;;;654,6;592,7;755,0;;;;;;;634,9;513,7;;;;;;;;;;;;;;;
Houston;;;;;;;;;;;;;723,4;;;;;;;600,8;;;;;;;;;;;;;;;461,1;
Dallas;;;;;;;;;;;;;768,2;;;;;626,4;641,4;;539,5;;;;;;;;;;;;;;;
LittleRock;;;;;;;;;;;;;;;;;;544,7;;614,4;;401,5;;;;;;;;;;;;;514,5;394,3
SaintLouis;;;;;;;;;;;;;;;;;477,4;;;;511,5;;390,9;;;;;;362,4;;;;;;;435,0
Chicago;;;;;;;;;;;;;;;400,0;507,1;;;;;;393,0;;;353,0;;;;335,3;;;;;;;
SaultStMarie;;;;;;;;;;;;;;448,8;368,0;;;;;;;;;;332,2;317,2;;;;;;;;;;
Toronto;;;;;;;;;;;;;;;407,5;;;;;;;;384,8;335,4;;320,6;;;348,0;;;;;;;
Montreal;;;;;;;;;;;;;;;;;;;;;;;;366,3;350,4;;313,4;334,2;;;;;;;;
Boston;;;;;;;;;;;;;;;;;;;;;;;;;;336,7;;325,7;;;;;;;;
NewYork;;;;;;;;;;;;;;;;;;;;;;;;;;340,5;335,6;;360,8;338,5;;;;;;
Pittsburgh;;;;;;;;;;;;;;;;;;;;;;439,2;366,6;;353,1;;;325,8;;342,7;358,2;;;;;388,1
Washington;;;;;;;;;;;;;;;;;;;;;;;;;;;;343,8;355,1;;354,3;;;;;
Raleigh;;;;;;;;;;;;;;;;;;;;;;;;;;;;;369,5;357,2;;376,2;385,6;;;383,4
Atlanta;;;;;;;;;;;;;;;;;;;;;;;;;;;;;;;383,4;;393,5;402,5;479,2;381,9
Charleston;;;;;;;;;;;;;;;;;;;;;;;;;;;;;;;406,7;405,8;;401,9;;
Miami;;;;;;;;;;;;;;;;;;;;;;;;;;;;;;;;394,6;402,9;;425,9;
NewOrleans;;;;;;;;;;;;;;;;;;;600,1;;456,7;;;;;;;;;;;394,8;;412,5;;
Nashville;;;;;;;;;;;;;;;;;;;;;503,3;411,5;;;;;;;367,3;;373,1;398,1;;;;
Step_8000;Vancouver;Seattle;Calgary;Portland;Helena;SaltLakeCity;SanFrancisco;LosAngeles;LasVegas;Phoenix;SantaFe;Denver;ElPaso;Winnipeg;Duluth;Omaha;KansasCity;OklahomaCity;Houston;Dallas;LittleRock;SaintLouis;Chicago;SaultStMarie;Toronto;Montreal;Boston;NewYork;Pittsburgh;Washington;Raleigh;Atlanta;Charleston;Miami;NewOrleans;Nashville
Vancouver;;521,8;432,8;;;;;;;;;;;;;;;;;;;;;;;;;;;;;;;;;
Seattle;454,9;;452,7;600,5;498,8;;;;;;;;;;;;;;;;;;;;;;;;;;;;;;;
Calgary;454,1;489,1;;;469,1;;;;;;;;;425,7;;;;;;;;;;;;;;;;;;;;;;
Portland;;526,8;;;;654,1;779,6;;;;;;;;;;;;;;;;;;;;;;;;;;;;;
Helena;;520,5;432,1;;;929,8;;;;;;543,2;;393,0;393,0;492,5;;;;;;;;;;;;;;;;;;;;
SaltLakeCity;;;;607,3;469,7;;682,0;;1005,0;;;610,5;;;;;;;;;;;;;;;;;;;;;;;;
SanFrancisco;;;;656,3;;642,1;;903,0;;;;;;;;;;;;;;;;;;;;;;;;;;;;
LosAngeles;;;;;;;1000,0;;1000,0;1000,0;;;1000,0;;;;;;;;;;;;;;;;;;;;;;;
LasVegas;;;;;;640,0;;1002,0;;;;;;;;;;;;;;;;;;;;;;;;;;;;
Phoenix;;;;;;;;903,0;;;570,3;554,9;745,6;;;;;;;;;;;;;;;;;;;;;;;
SantaFe;;;;;;;;;;720,1;;520,9;604,8;;;;;616,0;;;;;;;;;;;;;;;;;;
Denver;;;;;508,0;635,9;;;;772,2;603,9;;;;;494,9;462,8;569,9;;;;;;;;;;;;;;;;;;
ElPaso;;;;;;;;906,0;;708,0;608,4;;;;;;;588,5;575,7;570,3;;;;;;;;;;;;;;;;
Winnipeg;;;439,9;;492,2;;;;;;;;;;389,6;;;;;;;;;353,4;;;;;;;;;;;;
Duluth;;;;;555,7;;;;;;;;;403,1;;;;;;;;;376,9;354,3;333,0;;;;;;;;;;;
Omaha;;;;;525,2;;;;;;;592,0;;;;;;;;;;;428,3;;;;;;;;;;;;;
KansasCity;;;;;;;;;;;;564,4;;;;;;;;;;416,6;;;;;;;;;;;;;;
OklahomaCity;;;;;;;;;;;628,1;570,3;621,2;;;;;;;565,3;474,9;;;;;;;;;;;;;;;
Houston;;;;;;;;;;;;;694,3;;;;;;;532,3;;;;;;;;;;;;;;;485,1;
Dallas;;;;;;;;;;;;;758,4;;;;;566,9;571,4;;451,9;;;;;;;;;;;;;;;
LittleRock;;;;;;;;;;;;;;;;;;586,8;;606,7;;441,7;;;;;;;;;;;;;424,1;394,4
SaintLouis;;;;;;;;;;;;;;;;;447,0;;;;499,9;;397,2;;;;;;367,2;;;;;;;403,6
Chicago;;;;;;;;;;;;;;;420,3;500,9;;;;;;412,5;;;338,5;;;;354,9;;;;;;;
SaultStMarie;;;;;;;;;;;;;;387,4;405,0;;;;;;;;;;337,5;304,8;;;;;;;;;;
Toronto;;;;;;;;;;;;;;;381,6;;;;;;;;377,9;363,4;;310,8;;;351,4;;;;;;;
Montreal;;;;;;;;;;;;;;;;;;;;;;;;370,2;347,1;;297,0;325,7;;;;;;;;
Boston;;;;;;;;;;;;;;;;;;;;;;;;;;330,2;;316,8;;;;;;;;
NewYork;;;;;;;;;;;;;;;;;;;;;;;;;;343,6;307,4;;346,2;330,5;;;;;;
Pittsburgh;;;;;;;;;;;;;;;;;;;;;;388,2;381,0;;349,1;;;316,3;;325,9;344,3;;;;;369,2
Washington;;;;;;;;;;;;;;;;;;;;;;;;;;;;329,8;362,1;;352,1;;;;;
Raleigh;;;;;;;;;;;;;;;;;;;;;;;;;;;;;347,3;336,0;;376,2;379,2;;;401,2
Atlanta;;;;;;;;;;;;;;;;;;;;;;;;;;;;;;;369,5;;393,5;422,6;514,2;394,2
Charleston;;;;;;;;;;;;;;;;;;;;;;;;;;;;;;;390,4;405,8;;401,9;;
Miami;;;;;;;;;;;;;;;;;;;;;;;;;;;;;;;;394,6;402,9;;506,8;
NewOrleans;;;;;;;;;;;;;;;;;;;577,3;;486,5;;;;;;;;;;;428,8;;440,9;;
Nashville;;;;;;;;;;;;;;;;;;;;;471,2;411,5;;;;;;;376,4;;365,9;425,6;;;;
Step_12000;Vancouver;Seattle;Calgary;Portland;Helena;SaltLakeCity;SanFrancisco;LosAngeles;LasVegas;Phoenix;SantaFe;Denver;ElPaso;Winnipeg;Duluth;Omaha;KansasCity;OklahomaCity;Houston;Dallas;LittleRock;SaintLouis;Chicago;SaultStMarie;Toronto;Montreal;Boston;NewYork;Pittsburgh;Washington;Raleigh;Atlanta;Charleston;Miami;NewOrleans;Nashville
Vancouver;;490,4;433,6;;;;;;;;;;;;;;;;;;;;;;;;;;;;;;;;;
Seattle;450,7;;469,4;564,5;521,0;;;;;;;;;;;;;;;;;;;;;;;;;;;;;;;
Calgary;466,3;520,4;;;515,0;;;;;;;;;412,2;;;;;;;;;;;;;;;;;;;;;;
Portland;;496,9;;;;619,5;642,1;;;;;;;;;;;;;;;;;;;;;;;;;;;;;
Helena;;508,2;467,7;;;986,6;;;;;;582,5;;420,1;410,7;449,6;;;;;;;;;;;;;;;;;;;;
SaltLakeCity;;;;593,8;493,9;;984,3;;751,5;;;620,6;;;;;;;;;;;;;;;;;;;;;;;;
SanFrancisco;;;;648,5;;605,9;;983,0;;;;;;;;;;;;;;;;;;;;;;;;;;;;
LosAngeles;;;;;;;1000,0;;1000,0;1000,0;;;1000,0;;;;;;;;;;;;;;;;;;;;;;;
LasVegas;;;;;;619,3;;902,0;;;;;;;;;;;;;;;;;;;;;;;;;;;;
Phoenix;;;;;;;;903,0;;;605,4;617,6;722,5;;;;;;;;;;;;;;;;;;;;;;;
SantaFe;;;;;;;;;;722,7;;569,2;664,2;;;;;558,2;;;;;;;;;;;;;;;;;;
Denver;;;;;509,8;640,1;;;;737,8;633,3;;;;;487,0;493,8;601,4;;;;;;;;;;;;;;;;;;
ElPaso;;;;;;;;906,0;;751,2;599,6;;;;;;;641,9;543,4;556,7;;;;;;;;;;;;;;;;
Winnipeg;;;442,9;;469,8;;;;;;;;;;440,1;;;;;;;;;364,0;;;;;;;;;;;;
Duluth;;;;;531,8;;;;;;;;;429,7;;;;;;;;;410,8;362,3;360,7;;;;;;;;;;;
Omaha;;;;;480,6;;;;;;;588,3;;;;;;;;;;;416,0;;;;;;;;;;;;;
KansasCity;;;;;;;;;;;;620,1;;;;;;;;;;403,8;;;;;;;;;;;;;;
OklahomaCity;;;;;;;;;;;623,4;621,1;718,3;;;;;;;584,1;484,2;;;;;;;;;;;;;;;
Houston;;;;;;;;;;;;;706,4;;;;;;;567,4;;;;;;;;;;;;;;;481,4;
Dallas;;;;;;;;;;;;;720,9;;;;;589,8;534,4;;477,3;;;;;;;;;;;;;;;
LittleRock;;;;;;;;;;;;;;;;;;571,8;;549,8;;439,3;;;;;;;;;;;;;502,4;414,7
SaintLouis;;;;;;;;;;;;;;;;;511,5;;;;468,2;;362,6;;;;;;360,3;;;;;;;418,6
Chicago;;;;;;;;;;;;;;;445,1;482,7;;;;;;419,9;;;351,8;;;;343,9;;;;;;;
SaultStMarie;;;;;;;;;;;;;;437,5;399,1;;;;;;;;;;322,7;322,2;;;;;;;;;;
Toronto;;;;;;;;;;;;;;;373,2;;;;;;;;420,6;350,8;;318,8;;;370,8;;;;;;;
Montreal;;;;;;;;;;;;;;;;;;;;;;;;371,6;332,0;;294,0;325,1;;;;;;;;
Boston;;;;;;;;;;;;;;;;;;;;;;;;;;318,0;;314,0;;;;;;;;
NewYork;;;;;;;;;;;;;;;;;;;;;;;;;;334,3;305,1;;355,0;329,4;;;;;;
Pittsburgh;;;;;;;;;;;;;;;;;;;;;;430,3;395,9;;346,8;;;306,8;;318,5;350,3;;;;;371,8
Washington;;;;;;;;;;;;;;;;;;;;;;;;;;;;326,1;353,6;;358,5;;;;;
Raleigh;;;;;;;;;;;;;;;;;;;;;;;;;;;;;352,7;336,0;;397,3;379,3;;;383,7
Atlanta;;;;;;;;;;;;;;;;;;;;;;;;;;;;;;;356,1;;389,6;416,5;456,6;391,2
Charleston;;;;;;;;;;;;;;;;;;;;;;;;;;;;;;;390,4;430,0;;401,9;;
Miami;;;;;;;;;;;;;;;;;;;;;;;;;;;;;;;;394,1;400,5;;499,5;
NewOrleans;;;;;;;;;;;;;;;;;;;577,4;;465,5;;;;;;;;;;;422,5;;429,8;;
Nashville;;;;;;;;;;;;;;;;;;;;;503,0;418,8;;;;;;;362,7;;361,6;419,9;;;;
Step_16000;Vancouver;Seattle;Calgary;Portland;Helena;SaltLakeCity;SanFrancisco;LosAngeles;LasVegas;Phoenix;SantaFe;Denver;ElPaso;Winnipeg;Duluth;Omaha;KansasCity;OklahomaCity;Houston;Dallas;LittleRock;SaintLouis;Chicago;SaultStMarie;Toronto;Montreal;Boston;NewYork;Pittsburgh;Washington;Raleigh;Atlanta;Charleston;Miami;NewOrleans;Nashville
Vancouver;;471,4;452,9;;;;;;;;;;;;;;;;;;;;;;;;;;;;;;;;;
Seattle;431,0;;440,7;505,7;505,4;;;;;;;;;;;;;;;;;;;;;;;;;;;;;;;
Calgary;432,3;465,1;;;486,1;;;;;;;;;430,3;;;;;;;;;;;;;;;;;;;;;;
Portland;;446,3;;;;628,8;625,6;;;;;;;;;;;;;;;;;;;;;;;;;;;;;
Helena;;486,9;422,7;;;575,6;;;;;;1012,0;;383,9;406,7;519,3;;;;;;;;;;;;;;;;;;;;
SaltLakeCity;;;;623,3;425,8;;607,7;;694,3;;;589,6;;;;;;;;;;;;;;;;;;;;;;;;
SanFrancisco;;;;554,4;;547,7;;903,0;;;;;;;;;;;;;;;;;;;;;;;;;;;;
LosAngeles;;;;;;;1000,0;;1000,0;1000,0;;;1000,0;;;;;;;;;;;;;;;;;;;;;;;
LasVegas;;;;;;624,0;;902,0;;;;;;;;;;;;;;;;;;;;;;;;;;;;
Phoenix;;;;;;;;1003,0;;;581,0;580,6;745,8;;;;;;;;;;;;;;;;;;;;;;;
SantaFe;;;;;;;;;;791,4;;570,3;677,6;;;;;540,4;;;;;;;;;;;;;;;;;;
Denver;;;;;550,6;653,3;;;;1008,0;625,8;;;;;463,2;510,7;637,9;;;;;;;;;;;;;;;;;;
ElPaso;;;;;;;;906,0;;772,9;642,1;;;;;;;613,8;556,6;587,0;;;;;;;;;;;;;;;;
Winnipeg;;;452,7;;520,6;;;;;;;;;;424,0;;;;;;;;;365,0;;;;;;;;;;;;
Duluth;;;;;506,2;;;;;;;;;441,8;;;;;;;;;382,2;391,2;354,6;;;;;;;;;;;
Omaha;;;;;497,1;;;;;;;631,7;;;;;;;;;;;433,2;;;;;;;;;;;;;
KansasCity;;;;;;;;;;;;639,1;;;;;;;;;;400,9;;;;;;;;;;;;;;
OklahomaCity;;;;;;;;;;;615,0;589,4;747,7;;;;;;;504,2;467,1;;;;;;;;;;;;;;;
Houston;;;;;;;;;;;;;722,1;;;;;;;556,2;;;;;;;;;;;;;;;475,2;
Dallas;;;;;;;;;;;;;716,8;;;;;632,3;578,8;;448,7;;;;;;;;;;;;;;;
LittleRock;;;;;;;;;;;;;;;;;;519,5;;607,7;;442,9;;;;;;;;;;;;;481,3;412,2
SaintLouis;;;;;;;;;;;;;;;;;434,2;;;;469,3;;410,5;;;;;;362,9;;;;;;;381,5
Chicago;;;;;;;;;;;;;;;458,0;480,3;;;;;;436,9;;;348,1;;;;354,8;;;;;;;
SaultStMarie;;;;;;;;;;;;;;422,5;389,8;;;;;;;;;;355,5;305,6;;;;;;;;;;
Toronto;;;;;;;;;;;;;;;426,1;;;;;;;;427,9;379,1;;299,7;;;379,1;;;;;;;
Montreal;;;;;;;;;;;;;;;;;;;;;;;;353,1;342,6;;289,5;303,3;;;;;;;;
Boston;;;;;;;;;;;;;;;;;;;;;;;;;;320,7;;320,2;;;;;;;;
NewYork;;;;;;;;;;;;;;;;;;;;;;;;;;334,3;299,0;;371,8;329,4;;;;;;
Pittsburgh;;;;;;;;;;;;;;;;;;;;;;447,7;381,0;;356,2;;;324,2;;316,2;360,0;;;;;427,3
Washington;;;;;;;;;;;;;;;;;;;;;;;;;;;;322,3;353,6;;362,4;;;;;
Raleigh;;;;;;;;;;;;;;;;;;;;;;;;;;;;;378,3;334,0;;415,4;379,3;;;402,7
Atlanta;;;;;;;;;;;;;;;;;;;;;;;;;;;;;;;348,8;;381,9;416,5;445,7;401,0
Charleston;;;;;;;;;;;;;;;;;;;;;;;;;;;;;;;387,5;430,0;;401,9;;
Miami;;;;;;;;;;;;;;;;;;;;;;;;;;;;;;;;394,1;400,5;;499,5;
NewOrleans;;;;;;;;;;;;;;;;;;;606,1;;427,8;;;;;;;;;;;407,2;;429,8;;
Nashville;;;;;;;;;;;;;;;;;;;;;550,2;392,4;;;;;;;352,7;;346,2;376,7;;;;
Step_20000;Vancouver;Seattle;Calgary;Portland;Helena;SaltLakeCity;SanFrancisco;LosAngeles;LasVegas;Phoenix;SantaFe;Denver;ElPaso;Winnipeg;Duluth;Omaha;KansasCity;OklahomaCity;Houston;Dallas;LittleRock;SaintLouis;Chicago;SaultStMarie;Toronto;Montreal;Boston;NewYork;Pittsburgh;Washington;Raleigh;Atlanta;Charleston;Miami;NewOrleans;Nashville
Vancouver;;451,8;481,2;;;;;;;;;;;;;;;;;;;;;;;;;;;;;;;;;
Seattle;428,6;;451,2;593,0;504,2;;;;;;;;;;;;;;;;;;;;;;;;;;;;;;;
Calgary;421,0;524,0;;;516,8;;;;;;;;;404,3;;;;;;;;;;;;;;;;;;;;;;
Portland;;536,4;;;;594,8;698,7;;;;;;;;;;;;;;;;;;;;;;;;;;;;;
Helena;;480,5;472,6;;;1008,0;;;;;;601,0;;452,1;439,2;496,7;;;;;;;;;;;;;;;;;;;;
SaltLakeCity;;;;614,3;524,5;;739,6;;1005,0;;;540,5;;;;;;;;;;;;;;;;;;;;;;;;
SanFrancisco;;;;597,2;;616,6;;903,0;;;;;;;;;;;;;;;;;;;;;;;;;;;;
LosAngeles;;;;;;;1000,0;;1000,0;1000,0;;;1000,0;;;;;;;;;;;;;;;;;;;;;;;
LasVegas;;;;;;595,5;;1002,0;;;;;;;;;;;;;;;;;;;;;;;;;;;;
Phoenix;;;;;;;;903,0;;;603,2;554,6;697,9;;;;;;;;;;;;;;;;;;;;;;;
SantaFe;;;;;;;;;;649,8;;556,8;699,0;;;;;624,4;;;;;;;;;;;;;;;;;;
Denver;;;;;504,4;631,7;;;;721,5;616,8;;;;;535,7;525,5;596,2;;;;;;;;;;;;;;;;;;
ElPaso;;;;;;;;906,0;;740,6;595,3;;;;;;;622,4;650,0;588,0;;;;;;;;;;;;;;;;
Winnipeg;;;453,2;;552,0;;;;;;;;;;446,0;;;;;;;;;392,8;;;;;;;;;;;;
Duluth;;;;;541,9;;;;;;;;;429,1;;;;;;;;;426,2;388,8;375,5;;;;;;;;;;;
Omaha;;;;;549,5;;;;;;;621,4;;;;;;;;;;;429,1;;;;;;;;;;;;;
KansasCity;;;;;;;;;;;;625,2;;;;;;;;;;419,1;;;;;;;;;;;;;;
OklahomaCity;;;;;;;;;;;624,8;624,0;730,8;;;;;;;588,4;507,6;;;;;;;;;;;;;;;
Houston;;;;;;;;;;;;;800,8;;;;;;;548,9;;;;;;;;;;;;;;;485,3;
Dallas;;;;;;;;;;;;;768,2;;;;;629,5;541,8;;461,2;;;;;;;;;;;;;;;
LittleRock;;;;;;;;;;;;;;;;;;622,3;;525,9;;429,4;;;;;;;;;;;;;464,9;412,7
SaintLouis;;;;;;;;;;;;;;;;;472,9;;;;501,5;;413,7;;;;;;383,1;;;;;;;358,5
Chicago;;;;;;;;;;;;;;;414,2;525,0;;;;;;455,4;;;344,0;;;;372,7;;;;;;;
SaultStMarie;;;;;;;;;;;;;;425,8;474,4;;;;;;;;;;346,1;301,2;;;;;;;;;;
Toronto;;;;;;;;;;;;;;;457,3;;;;;;;;397,6;387,4;;309,9;;;363,6;;;;;;;
Montreal;;;;;;;;;;;;;;;;;;;;;;;;336,4;376,8;;288,4;300,7;;;;;;;;
Boston;;;;;;;;;;;;;;;;;;;;;;;;;;312,9;;314,0;;;;;;;;
NewYork;;;;;;;;;;;;;;;;;;;;;;;;;;320,8;297,3;;367,4;320,4;;;;;;
Pittsburgh;;;;;;;;;;;;;;;;;;;;;;435,1;425,7;;359,6;;;321,6;;313,7;360,0;;;;;399,3
Washington;;;;;;;;;;;;;;;;;;;;;;;;;;;;317,0;356,4;;344,4;;;;;
Raleigh;;;;;;;;;;;;;;;;;;;;;;;;;;;;;361,6;332,2;;381,6;375,7;;;416,8
Atlanta;;;;;;;;;;;;;;;;;;;;;;;;;;;;;;;352,2;;376,7;403,3;427,0;397,9
Charleston;;;;;;;;;;;;;;;;;;;;;;;;;;;;;;;387,5;403,8;;393,5;;
Miami;;;;;;;;;;;;;;;;;;;;;;;;;;;;;;;;386,1;395,3;;522,3;
NewOrleans;;;;;;;;;;;;;;;;;;;593,8;;461,2;;;;;;;;;;;395,8;;429,7;;
Nashville;;;;;;;;;;;;;;;;;;;;;495,0;393,0;;;;;;;358,5;;355,8;375,2;;;;
Step_24000;Vancouver;Seattle;Calgary;Portland;Helena;SaltLakeCity;SanFrancisco;LosAngeles;LasVegas;Phoenix;SantaFe;Denver;ElPaso;Winnipeg;Duluth;Omaha;KansasCity;OklahomaCity;Houston;Dallas;LittleRock;SaintLouis;Chicago;SaultStMarie;Toronto;Montreal;Boston;NewYork;Pittsburgh;Washington;Raleigh;Atlanta;Charleston;Miami;NewOrleans;Nashville
Vancouver;;502,7;439,4;;;;;;;;;;;;;;;;;;;;;;;;;;;;;;;;;
Seattle;441,4;;421,4;628,8;549,3;;;;;;;;;;;;;;;;;;;;;;;;;;;;;;;
Calgary;434,2;459,7;;;462,9;;;;;;;;;441,9;;;;;;;;;;;;;;;;;;;;;;
Portland;;474,2;;;;602,7;743,8;;;;;;;;;;;;;;;;;;;;;;;;;;;;;
Helena;;503,7;430,1;;;971,8;;;;;;533,6;;479,7;412,8;450,9;;;;;;;;;;;;;;;;;;;;
SaltLakeCity;;;;527,8;530,1;;712,5;;915,4;;;594,4;;;;;;;;;;;;;;;;;;;;;;;;
SanFrancisco;;;;585,4;;626,1;;903,0;;;;;;;;;;;;;;;;;;;;;;;;;;;;
LosAngeles;;;;;;;1000,0;;1000,0;1000,0;;;1000,0;;;;;;;;;;;;;;;;;;;;;;;
LasVegas;;;;;;615,3;;982,0;;;;;;;;;;;;;;;;;;;;;;;;;;;;
Phoenix;;;;;;;;903,0;;;619,5;548,7;751,0;;;;;;;;;;;;;;;;;;;;;;;
SantaFe;;;;;;;;;;672,8;;646,5;651,9;;;;;627,6;;;;;;;;;;;;;;;;;;
Denver;;;;;455,4;698,1;;;;663,0;586,2;;;;;510,0;499,6;587,4;;;;;;;;;;;;;;;;;;
ElPaso;;;;;;;;906,0;;759,3;584,2;;;;;;;582,3;658,6;609,7;;;;;;;;;;;;;;;;
Winnipeg;;;448,3;;577,4;;;;;;;;;;387,3;;;;;;;;;386,3;;;;;;;;;;;;
Duluth;;;;;460,2;;;;;;;;;387,9;;;;;;;;;408,9;389,7;379,4;;;;;;;;;;;
Omaha;;;;;575,7;;;;;;;576,4;;;;;;;;;;;420,1;;;;;;;;;;;;;
KansasCity;;;;;;;;;;;;547,7;;;;;;;;;;452,3;;;;;;;;;;;;;;
OklahomaCity;;;;;;;;;;;602,1;607,4;698,9;;;;;;;595,6;518,4;;;;;;;;;;;;;;;
Houston;;;;;;;;;;;;;757,6;;;;;;;568,6;;;;;;;;;;;;;;;478,5;
Dallas;;;;;;;;;;;;;785,1;;;;;540,9;618,0;;478,2;;;;;;;;;;;;;;;
LittleRock;;;;;;;;;;;;;;;;;;590,7;;588,5;;471,1;;;;;;;;;;;;;499,0;392,1
SaintLouis;;;;;;;;;;;;;;;;;526,5;;;;517,0;;421,8;;;;;;398,4;;;;;;;379,9
Chicago;;;;;;;;;;;;;;;444,9;492,8;;;;;;439,0;;;362,1;;;;384,0;;;;;;;
SaultStMarie;;;;;;;;;;;;;;462,2;403,1;;;;;;;;;;388,7;331,7;;;;;;;;;;
Toronto;;;;;;;;;;;;;;;412,0;;;;;;;;407,6;390,7;;329,4;;;399,0;;;;;;;
Montreal;;;;;;;;;;;;;;;;;;;;;;;;359,5;380,4;;292,2;300,7;;;;;;;;
Boston;;;;;;;;;;;;;;;;;;;;;;;;;;330,3;;316,0;;;;;;;;
NewYork;;;;;;;;;;;;;;;;;;;;;;;;;;320,8;297,7;;386,7;320,4;;;;;;
Pittsburgh;;;;;;;;;;;;;;;;;;;;;;482,8;412,9;;336,4;;;326,0;;317,0;358,5;;;;;436,1
Washington;;;;;;;;;;;;;;;;;;;;;;;;;;;;320,7;361,4;;342,0;;;;;
Raleigh;;;;;;;;;;;;;;;;;;;;;;;;;;;;;366,7;323,9;;397,5;375,7;;;425,1
Atlanta;;;;;;;;;;;;;;;;;;;;;;;;;;;;;;;358,7;;375,5;418,1;496,8;397,9
Charleston;;;;;;;;;;;;;;;;;;;;;;;;;;;;;;;387,5;409,4;;393,5;;
Miami;;;;;;;;;;;;;;;;;;;;;;;;;;;;;;;;399,3;395,3;;490,2;
NewOrleans;;;;;;;;;;;;;;;;;;;606,0;;486,9;;;;;;;;;;;378,6;;419,6;;
Nashville;;;;;;;;;;;;;;;;;;;;;494,9;411,2;;;;;;;371,6;;359,4;381,4;;;;
Step_28000;Vancouver;Seattle;Calgary;Portland;Helena;SaltLakeCity;SanFrancisco;LosAngeles;LasVegas;Phoenix;SantaFe;Denver;ElPaso;Winnipeg;Duluth;Omaha;KansasCity;OklahomaCity;Houston;Dallas;LittleRock;SaintLouis;Chicago;SaultStMarie;Toronto;Montreal;Boston;NewYork;Pittsburgh;Washington;Raleigh;Atlanta;Charleston;Miami;NewOrleans;Nashville
Vancouver;;526,0;454,6;;;;;;;;;;;;;;;;;;;;;;;;;;;;;;;;;
Seattle;448,8;;449,5;664,8;549,0;;;;;;;;;;;;;;;;;;;;;;;;;;;;;;;
Calgary;430,2;562,8;;;465,7;;;;;;;;;412,5;;;;;;;;;;;;;;;;;;;;;;
Portland;;537,1;;;;631,8;809,4;;;;;;;;;;;;;;;;;;;;;;;;;;;;;
Helena;;533,5;445,0;;;983,6;;;;;;604,1;;437,6;421,9;505,9;;;;;;;;;;;;;;;;;;;;
SaltLakeCity;;;;658,9;489,9;;667,5;;981,4;;;600,2;;;;;;;;;;;;;;;;;;;;;;;;
SanFrancisco;;;;669,3;;640,3;;903,0;;;;;;;;;;;;;;;;;;;;;;;;;;;;
LosAngeles;;;;;;;1000,0;;1000,0;1000,0;;;1000,0;;;;;;;;;;;;;;;;;;;;;;;
LasVegas;;;;;;616,4;;982,0;;;;;;;;;;;;;;;;;;;;;;;;;;;;
Phoenix;;;;;;;;903,0;;;635,8;584,6;720,7;;;;;;;;;;;;;;;;;;;;;;;
SantaFe;;;;;;;;;;807,5;;554,3;715,5;;;;;549,2;;;;;;;;;;;;;;;;;;
Denver;;;;;470,1;623,1;;;;725,9;670,8;;;;;515,7;532,3;626,0;;;;;;;;;;;;;;;;;;
ElPaso;;;;;;;;906,0;;686,6;630,4;;;;;;;600,9;605,8;595,0;;;;;;;;;;;;;;;;
Winnipeg;;;474,2;;519,6;;;;;;;;;;410,5;;;;;;;;;397,7;;;;;;;;;;;;
Duluth;;;;;536,9;;;;;;;;;422,1;;;;;;;;;415,5;387,1;384,4;;;;;;;;;;;
Omaha;;;;;454,5;;;;;;;590,3;;;;;;;;;;;429,2;;;;;;;;;;;;;
KansasCity;;;;;;;;;;;;587,0;;;;;;;;;;413,9;;;;;;;;;;;;;;
OklahomaCity;;;;;;;;;;;615,1;600,9;765,0;;;;;;;618,4;467,3;;;;;;;;;;;;;;;
Houston;;;;;;;;;;;;;742,8;;;;;;;524,9;;;;;;;;;;;;;;;464,3;
Dallas;;;;;;;;;;;;;730,9;;;;;601,5;579,9;;491,9;;;;;;;;;;;;;;;
LittleRock;;;;;;;;;;;;;;;;;;579,1;;516,0;;396,9;;;;;;;;;;;;;471,9;421,1
SaintLouis;;;;;;;;;;;;;;;;;507,2;;;;485,0;;400,8;;;;;;363,7;;;;;;;409,3
Chicago;;;;;;;;;;;;;;;413,9;509,7;;;;;;453,6;;;381,5;;;;361,5;;;;;;;
SaultStMarie;;;;;;;;;;;;;;434,6;384,3;;;;;;;;;;364,5;323,6;;;;;;;;;;
Toronto;;;;;;;;;;;;;;;428,1;;;;;;;;402,9;367,5;;324,7;;;359,4;;;;;;;
Montreal;;;;;;;;;;;;;;;;;;;;;;;;378,2;353,1;;293,6;300,7;;;;;;;;
Boston;;;;;;;;;;;;;;;;;;;;;;;;;;336,5;;310,6;;;;;;;;
NewYork;;;;;;;;;;;;;;;;;;;;;;;;;;324,2;300,3;;385,9;320,6;;;;;;
Pittsburgh;;;;;;;;;;;;;;;;;;;;;;419,3;379,9;;353,9;;;321,1;;312,9;345,9;;;;;432,0
Washington;;;;;;;;;;;;;;;;;;;;;;;;;;;;332,5;375,1;;340,7;;;;;
Raleigh;;;;;;;;;;;;;;;;;;;;;;;;;;;;;366,7;327,3;;389,4;370,2;;;419,9
Atlanta;;;;;;;;;;;;;;;;;;;;;;;;;;;;;;;360,1;;375,5;418,1;529,1;410,1
Charleston;;;;;;;;;;;;;;;;;;;;;;;;;;;;;;;368,6;413,4;;384,6;;
Miami;;;;;;;;;;;;;;;;;;;;;;;;;;;;;;;;385,3;381,9;;474,8;
NewOrleans;;;;;;;;;;;;;;;;;;;641,5;;483,1;;;;;;;;;;;417,5;;406,1;;
Nashville;;;;;;;;;;;;;;;;;;;;;498,3;427,5;;;;;;;371,2;;357,0;406,1;;;;
Step_32000;Vancouver;Seattle;Calgary;Portland;Helena;SaltLakeCity;SanFrancisco;LosAngeles;LasVegas;Phoenix;SantaFe;Denver;ElPaso;Winnipeg;Duluth;Omaha;KansasCity;OklahomaCity;Houston;Dallas;LittleRock;SaintLouis;Chicago;SaultStMarie;Toronto;Montreal;Boston;NewYork;Pittsburgh;Washington;Raleigh;Atlanta;Charleston;Miami;NewOrleans;Nashville
Vancouver;;510,9;447,1;;;;;;;;;;;;;;;;;;;;;;;;;;;;;;;;;
Seattle;451,4;;469,7;565,8;514,3;;;;;;;;;;;;;;;;;;;;;;;;;;;;;;;
Calgary;463,7;515,5;;;527,9;;;;;;;;;432,6;;;;;;;;;;;;;;;;;;;;;;
Portland;;525,4;;;;665,0;726,3;;;;;;;;;;;;;;;;;;;;;;;;;;;;;
Helena;;505,5;476,4;;;618,5;;;;;;1012,0;;429,3;387,0;466,3;;;;;;;;;;;;;;;;;;;;
SaltLakeCity;;;;588,2;481,8;;700,1;;796,5;;;601,9;;;;;;;;;;;;;;;;;;;;;;;;
SanFrancisco;;;;617,1;;639,2;;903,0;;;;;;;;;;;;;;;;;;;;;;;;;;;;
LosAngeles;;;;;;;1000,0;;1000,0;1000,0;;;1000,0;;;;;;;;;;;;;;;;;;;;;;;
LasVegas;;;;;;660,3;;902,0;;;;;;;;;;;;;;;;;;;;;;;;;;;;
Phoenix;;;;;;;;1003,0;;;623,8;585,8;727,8;;;;;;;;;;;;;;;;;;;;;;;
SantaFe;;;;;;;;;;743,4;;596,3;634,7;;;;;583,7;;;;;;;;;;;;;;;;;;
Denver;;;;;485,5;538,4;;;;1008,0;629,0;;;;;504,5;456,5;572,1;;;;;;;;;;;;;;;;;;
ElPaso;;;;;;;;906,0;;775,0;620,2;;;;;;;567,6;570,4;590,8;;;;;;;;;;;;;;;;
Winnipeg;;;453,9;;514,6;;;;;;;;;;422,3;;;;;;;;;368,0;;;;;;;;;;;;
Duluth;;;;;527,2;;;;;;;;;418,2;;;;;;;;;397,4;357,3;355,5;;;;;;;;;;;
Omaha;;;;;499,2;;;;;;;561,0;;;;;;;;;;;400,2;;;;;;;;;;;;;
KansasCity;;;;;;;;;;;;574,2;;;;;;;;;;420,8;;;;;;;;;;;;;;
OklahomaCity;;;;;;;;;;;623,0;614,1;671,0;;;;;;;617,7;494,4;;;;;;;;;;;;;;;
Houston;;;;;;;;;;;;;723,7;;;;;;;593,9;;;;;;;;;;;;;;;502,7;
Dallas;;;;;;;;;;;;;686,3;;;;;574,4;598,9;;496,6;;;;;;;;;;;;;;;
LittleRock;;;;;;;;;;;;;;;;;;573,2;;605,4;;428,3;;;;;;;;;;;;;484,6;379,7
SaintLouis;;;;;;;;;;;;;;;;;451,7;;;;474,2;;402,9;;;;;;381,5;;;;;;;391,1
Chicago;;;;;;;;;;;;;;;392,9;483,4;;;;;;436,8;;;378,3;;;;335,1;;;;;;;
SaultStMarie;;;;;;;;;;;;;;433,2;397,1;;;;;;;;;;333,5;325,2;;;;;;;;;;
Toronto;;;;;;;;;;;;;;;441,0;;;;;;;;387,1;369,1;;331,3;;;341,5;;;;;;;
Montreal;;;;;;;;;;;;;;;;;;;;;;;;386,6;350,1;;289,5;298,7;;;;;;;;
Boston;;;;;;;;;;;;;;;;;;;;;;;;;;310,6;;316,9;;;;;;;;
NewYork;;;;;;;;;;;;;;;;;;;;;;;;;;312,2;291,1;;351,2;324,9;;;;;;
Pittsburgh;;;;;;;;;;;;;;;;;;;;;;412,6;390,5;;365,3;;;287,7;;321,4;353,9;;;;;395,9
Washington;;;;;;;;;;;;;;;;;;;;;;;;;;;;330,1;372,7;;347,2;;;;;
Raleigh;;;;;;;;;;;;;;;;;;;;;;;;;;;;;357,7;321,7;;379,1;370,2;;;401,2
Atlanta;;;;;;;;;;;;;;;;;;;;;;;;;;;;;;;347,0;;373,1;418,1;438,2;391,5
Charleston;;;;;;;;;;;;;;;;;;;;;;;;;;;;;;;368,6;402,1;;384,6;;
Miami;;;;;;;;;;;;;;;;;;;;;;;;;;;;;;;;376,4;381,9;;488,7;
NewOrleans;;;;;;;;;;;;;;;;;;;598,0;;499,5;;;;;;;;;;;422,9;;406,6;;
Nashville;;;;;;;;;;;;;;;;;;;;;474,3;389,1;;;;;;;354,1;;366,1;375,5;;;;
Step_36000;Vancouver;Seattle;Calgary;Portland;Helena;SaltLakeCity;SanFrancisco;LosAngeles;LasVegas;Phoenix;SantaFe;Denver;ElPaso;Winnipeg;Duluth;Omaha;KansasCity;OklahomaCity;Houston;Dallas;LittleRock;SaintLouis;Chicago;SaultStMarie;Toronto;Montreal;Boston;NewYork;Pittsburgh;Washington;Raleigh;Atlanta;Charleston;Miami;NewOrleans;Nashville
Vancouver;;529,2;438,0;;;;;;;;;;;;;;;;;;;;;;;;;;;;;;;;;
Seattle;455,5;;444,1;615,6;543,9;;;;;;;;;;;;;;;;;;;;;;;;;;;;;;;
Calgary;464,1;481,4;;;491,1;;;;;;;;;454,7;;;;;;;;;;;;;;;;;;;;;;
Portland;;533,2;;;;641,7;753,9;;;;;;;;;;;;;;;;;;;;;;;;;;;;;
Helena;;533,7;461,8;;;570,9;;;;;;1012,0;;430,3;435,3;523,4;;;;;;;;;;;;;;;;;;;;
SaltLakeCity;;;;609,8;503,2;;597,9;;715,8;;;549,9;;;;;;;;;;;;;;;;;;;;;;;;
SanFrancisco;;;;645,9;;628,8;;903,0;;;;;;;;;;;;;;;;;;;;;;;;;;;;
LosAngeles;;;;;;;1000,0;;1000,0;1000,0;;;1000,0;;;;;;;;;;;;;;;;;;;;;;;
LasVegas;;;;;;645,1;;902,0;;;;;;;;;;;;;;;;;;;;;;;;;;;;
Phoenix;;;;;;;;983,0;;;626,1;602,0;710,9;;;;;;;;;;;;;;;;;;;;;;;
SantaFe;;;;;;;;;;750,3;;548,5;694,1;;;;;607,4;;;;;;;;;;;;;;;;;;
Denver;;;;;523,0;593,2;;;;984,3;628,0;;;;;508,0;535,4;579,7;;;;;;;;;;;;;;;;;;
ElPaso;;;;;;;;906,0;;807,7;628,0;;;;;;;607,3;634,8;612,4;;;;;;;;;;;;;;;;
Winnipeg;;;443,7;;499,5;;;;;;;;;;427,8;;;;;;;;;377,4;;;;;;;;;;;;
Duluth;;;;;509,3;;;;;;;;;450,2;;;;;;;;;362,6;376,0;369,4;;;;;;;;;;;
Omaha;;;;;527,9;;;;;;;628,3;;;;;;;;;;;400,8;;;;;;;;;;;;;
KansasCity;;;;;;;;;;;;648,0;;;;;;;;;;405,9;;;;;;;;;;;;;;
OklahomaCity;;;;;;;;;;;575,8;591,1;665,8;;;;;;;619,0;501,4;;;;;;;;;;;;;;;
Houston;;;;;;;;;;;;;769,8;;;;;;;577,7;;;;;;;;;;;;;;;470,6;
Dallas;;;;;;;;;;;;;738,7;;;;;588,5;568,8;;469,0;;;;;;;;;;;;;;;
LittleRock;;;;;;;;;;;;;;;;;;584,7;;618,2;;395,2;;;;;;;;;;;;;482,3;393,0
SaintLouis;;;;;;;;;;;;;;;;;503,3;;;;456,5;;363,3;;;;;;367,8;;;;;;;416,5
Chicago;;;;;;;;;;;;;;;413,7;494,4;;;;;;398,6;;;355,1;;;;367,4;;;;;;;
SaultStMarie;;;;;;;;;;;;;;429,4;401,5;;;;;;;;;;352,3;322,4;;;;;;;;;;
Toronto;;;;;;;;;;;;;;;438,9;;;;;;;;395,0;368,4;;312,8;;;346,2;;;;;;;
Montreal;;;;;;;;;;;;;;;;;;;;;;;;367,3;339,9;;289,1;299,8;;;;;;;;
Boston;;;;;;;;;;;;;;;;;;;;;;;;;;317,4;;314,3;;;;;;;;
NewYork;;;;;;;;;;;;;;;;;;;;;;;;;;317,3;289,8;;332,3;325,2;;;;;;
Pittsburgh;;;;;;;;;;;;;;;;;;;;;;438,0;408,0;;382,9;;;299,3;;312,6;346,4;;;;;407,6
Washington;;;;;;;;;;;;;;;;;;;;;;;;;;;;320,2;354,0;;354,4;;;;;
Raleigh;;;;;;;;;;;;;;;;;;;;;;;;;;;;;357,7;318,5;;391,8;362,5;;;381,0
Atlanta;;;;;;;;;;;;;;;;;;;;;;;;;;;;;;;353,8;;368,1;432,1;461,6;404,5
Charleston;;;;;;;;;;;;;;;;;;;;;;;;;;;;;;;362,0;401,0;;374,8;;
Miami;;;;;;;;;;;;;;;;;;;;;;;;;;;;;;;;380,3;372,0;;504,3;
NewOrleans;;;;;;;;;;;;;;;;;;;594,9;;475,5;;;;;;;;;;;370,9;;407,9;;
Nashville;;;;;;;;;;;;;;;;;;;;;508,3;388,1;;;;;;;347,9;;350,0;391,5;;;;
Step_40000;Vancouver;Seattle;Calgary;Portland;Helena;SaltLakeCity;SanFrancisco;LosAngeles;LasVegas;Phoenix;SantaFe;Denver;ElPaso;Winnipeg;Duluth;Omaha;KansasCity;OklahomaCity;Houston;Dallas;LittleRock;SaintLouis;Chicago;SaultStMarie;Toronto;Montreal;Boston;NewYork;Pittsburgh;Washington;Raleigh;Atlanta;Charleston;Miami;NewOrleans;Nashville
Vancouver;;490,1;427,8;;;;;;;;;;;;;;;;;;;;;;;;;;;;;;;;;
Seattle;439,3;;447,8;623,9;525,1;;;;;;;;;;;;;;;;;;;;;;;;;;;;;;;
Calgary;442,6;479,2;;;544,6;;;;;;;;;453,0;;;;;;;;;;;;;;;;;;;;;;
Portland;;501,1;;;;629,7;776,8;;;;;;;;;;;;;;;;;;;;;;;;;;;;;
Helena;;531,1;446,2;;;618,7;;;;;;978,7;;399,6;445,2;441,4;;;;;;;;;;;;;;;;;;;;
SaltLakeCity;;;;640,7;454,7;;699,0;;788,2;;;559,2;;;;;;;;;;;;;;;;;;;;;;;;
SanFrancisco;;;;536,1;;626,4;;903,0;;;;;;;;;;;;;;;;;;;;;;;;;;;;
LosAngeles;;;;;;;1000,0;;1000,0;1000,0;;;1000,0;;;;;;;;;;;;;;;;;;;;;;;
LasVegas;;;;;;657,0;;902,0;;;;;;;;;;;;;;;;;;;;;;;;;;;;
Phoenix;;;;;;;;1003,0;;;634,1;569,3;709,7;;;;;;;;;;;;;;;;;;;;;;;
SantaFe;;;;;;;;;;666,9;;632,9;660,5;;;;;605,0;;;;;;;;;;;;;;;;;;
Denver;;;;;523,2;627,5;;;;935,1;613,7;;;;;531,5;483,5;599,6;;;;;;;;;;;;;;;;;;
ElPaso;;;;;;;;906,0;;714,5;685,6;;;;;;;570,8;608,1;556,9;;;;;;;;;;;;;;;;
Winnipeg;;;427,8;;539,8;;;;;;;;;;435,1;;;;;;;;;365,5;;;;;;;;;;;;
Duluth;;;;;541,6;;;;;;;;;408,6;;;;;;;;;410,9;393,7;347,2;;;;;;;;;;;
Omaha;;;;;538,7;;;;;;;561,2;;;;;;;;;;;389,0;;;;;;;;;;;;;
KansasCity;;;;;;;;;;;;574,6;;;;;;;;;;439,8;;;;;;;;;;;;;;
OklahomaCity;;;;;;;;;;;622,7;594,1;693,2;;;;;;;632,6;528,5;;;;;;;;;;;;;;;
Houston;;;;;;;;;;;;;726,8;;;;;;;597,7;;;;;;;;;;;;;;;461,4;
Dallas;;;;;;;;;;;;;748,0;;;;;569,3;624,9;;479,9;;;;;;;;;;;;;;;
LittleRock;;;;;;;;;;;;;;;;;;601,8;;595,3;;419,4;;;;;;;;;;;;;469,1;406,1
SaintLouis;;;;;;;;;;;;;;;;;475,9;;;;510,6;;402,1;;;;;;357,4;;;;;;;431,7
Chicago;;;;;;;;;;;;;;;438,5;459,1;;;;;;418,7;;;345,5;;;;366,4;;;;;;;
SaultStMarie;;;;;;;;;;;;;;440,2;399,3;;;;;;;;;;348,8;323,2;;;;;;;;;;
Toronto;;;;;;;;;;;;;;;371,0;;;;;;;;364,1;367,6;;321,0;;;347,1;;;;;;;
Montreal;;;;;;;;;;;;;;;;;;;;;;;;374,0;356,7;;280,9;295,5;;;;;;;;
Boston;;;;;;;;;;;;;;;;;;;;;;;;;;299,1;;291,2;;;;;;;;
NewYork;;;;;;;;;;;;;;;;;;;;;;;;;;318,9;285,2;;367,6;323,3;;;;;;
Pittsburgh;;;;;;;;;;;;;;;;;;;;;;454,3;389,0;;361,6;;;308,2;;317,5;329,6;;;;;382,3
Washington;;;;;;;;;;;;;;;;;;;;;;;;;;;;319,7;348,3;;348,7;;;;;
Raleigh;;;;;;;;;;;;;;;;;;;;;;;;;;;;;357,7;313,4;;387,0;358,5;;;404,5
Atlanta;;;;;;;;;;;;;;;;;;;;;;;;;;;;;;;355,7;;366,6;413,2;451,4;408,6
Charleston;;;;;;;;;;;;;;;;;;;;;;;;;;;;;;;358,4;391,4;;388,4;;
Miami;;;;;;;;;;;;;;;;;;;;;;;;;;;;;;;;395,9;361,3;;484,9;
NewOrleans;;;;;;;;;;;;;;;;;;;575,5;;467,0;;;;;;;;;;;374,9;;393,0;;
Nashville;;;;;;;;;;;;;;;;;;;;;478,3;412,8;;;;;;;363,2;;338,1;387,5;;;;
Step_4000;Vancouver;Seattle;Calgary;Portland;Helena;SaltLakeCity;SanFrancisco;LosAngeles;LasVegas;Phoenix;SantaFe;Denver;ElPaso;Winnipeg;Duluth;Omaha;KansasCity;OklahomaCity;Houston;Dallas;LittleRock;SaintLouis;Chicago;SaultStMarie;Toronto;Montreal;Boston;NewYork;Pittsburgh;Washington;Raleigh;Atlanta;Charleston;Miami;NewOrleans;Nashville
Vancouver;;533,2;434,7;;;;;;;;;;;;;;;;;;;;;;;;;;;;;;;;;
Seattle;458,1;;421,9;647,2;485,7;;;;;;;;;;;;;;;;;;;;;;;;;;;;;;;
Calgary;414,8;558,9;;;429,3;;;;;;;;;405,1;;;;;;;;;;;;;;;;;;;;;;
Portland;;566,5;;;;653,4;745,6;;;;;;;;;;;;;;;;;;;;;;;;;;;;;
Helena;;451,1;481,0;;;1008,0;;;;;;587,1;;392,4;435,8;485,2;;;;;;;;;;;;;;;;;;;;
SaltLakeCity;;;;635,4;552,0;;692,5;;981,4;;;590,3;;;;;;;;;;;;;;;;;;;;;;;;
SanFrancisco;;;;663,1;;699,4;;903,0;;;;;;;;;;;;;;;;;;;;;;;;;;;;
LosAngeles;;;;;;;1000,0;;1000,0;1000,0;;;1000,0;;;;;;;;;;;;;;;;;;;;;;;
LasVegas;;;;;;647,1;;982,0;;;;;;;;;;;;;;;;;;;;;;;;;;;;
Phoenix;;;;;;;;903,0;;;661,6;614,1;690,3;;;;;;;;;;;;;;;;;;;;;;;
SantaFe;;;;;;;;;;790,0;;611,0;657,1;;;;;557,5;;;;;;;;;;;;;;;;;;
Denver;;;;;531,7;644,7;;;;704,8;615,9;;;;;488,0;460,7;620,4;;;;;;;;;;;;;;;;;;
ElPaso;;;;;;;;906,0;;659,4;619,4;;;;;;;618,9;559,9;562,8;;;;;;;;;;;;;;;;
Winnipeg;;;430,5;;527,7;;;;;;;;;;388,1;;;;;;;;;374,1;;;;;;;;;;;;
Duluth;;;;;500,8;;;;;;;;;440,4;;;;;;;;;389,1;380,8;364,5;;;;;;;;;;;
Omaha;;;;;504,6;;;;;;;614,2;;;;;;;;;;;364,1;;;;;;;;;;;;;
KansasCity;;;;;;;;;;;;545,9;;;;;;;;;;410,1;;;;;;;;;;;;;;
OklahomaCity;;;;;;;;;;;647,1;593,8;804,5;;;;;;;525,5;486,7;;;;;;;;;;;;;;;
Houston;;;;;;;;;;;;;722,2;;;;;;;578,0;;;;;;;;;;;;;;;448,9;
Dallas;;;;;;;;;;;;;570,9;;;;;566,0;601,9;;469,0;;;;;;;;;;;;;;;
LittleRock;;;;;;;;;;;;;;;;;;579,0;;534,7;;393,5;;;;;;;;;;;;;460,1;415,2
SaintLouis;;;;;;;;;;;;;;;;;489,0;;;;447,1;;397,4;;;;;;347,4;;;;;;;359,0
Chicago;;;;;;;;;;;;;;;406,8;440,6;;;;;;383,4;;;363,7;;;;328,4;;;;;;;
SaultStMarie;;;;;;;;;;;;;;440,5;392,0;;;;;;;;;;362,3;317,3;;;;;;;;;;
Toronto;;;;;;;;;;;;;;;417,1;;;;;;;;370,1;376,8;;312,1;;;342,1;;;;;;;
Montreal;;;;;;;;;;;;;;;;;;;;;;;;340,5;385,1;;316,5;318,6;;;;;;;;
Boston;;;;;;;;;;;;;;;;;;;;;;;;;;328,7;;321,0;;;;;;;;
NewYork;;;;;;;;;;;;;;;;;;;;;;;;;;339,2;315,2;;335,4;329,3;;;;;;
Pittsburgh;;;;;;;;;;;;;;;;;;;;;;385,9;345,0;;343,1;;;305,6;;352,7;364,1;;;;;387,5
Washington;;;;;;;;;;;;;;;;;;;;;;;;;;;;334,2;362,2;;360,7;;;;;
Raleigh;;;;;;;;;;;;;;;;;;;;;;;;;;;;;382,9;349,9;;398,4;392,9;;;385,1
Atlanta;;;;;;;;;;;;;;;;;;;;;;;;;;;;;;;375,5;;404,4;412,6;480,5;413,8
Charleston;;;;;;;;;;;;;;;;;;;;;;;;;;;;;;;410,7;409,5;;414,6;;
Miami;;;;;;;;;;;;;;;;;;;;;;;;;;;;;;;;420,5;404,1;;450,1;
NewOrleans;;;;;;;;;;;;;;;;;;;559,2;;464,3;;;;;;;;;;;404,0;;410,8;;
Nashville;;;;;;;;;;;;;;;;;;;;;480,1;402,0;;;;;;;339,0;;369,9;377,1;;;;
Step_8000;Vancouver;Seattle;Calgary;Portland;Helena;SaltLakeCity;SanFrancisco;LosAngeles;LasVegas;Phoenix;SantaFe;Denver;ElPaso;Winnipeg;Duluth;Omaha;KansasCity;OklahomaCity;Houston;Dallas;LittleRock;SaintLouis;Chicago;SaultStMarie;Toronto;Montreal;Boston;NewYork;Pittsburgh;Washington;Raleigh;Atlanta;Charleston;Miami;NewOrleans;Nashville
Vancouver;;502,8;461,8;;;;;;;;;;;;;;;;;;;;;;;;;;;;;;;;;
Seattle;459,0;;458,4;533,2;530,9;;;;;;;;;;;;;;;;;;;;;;;;;;;;;;;
Calgary;445,8;502,7;;;513,6;;;;;;;;;456,6;;;;;;;;;;;;;;;;;;;;;;
Portland;;465,8;;;;677,5;796,3;;;;;;;;;;;;;;;;;;;;;;;;;;;;;
Helena;;518,2;452,4;;;922,2;;;;;;569,2;;449,6;416,0;500,2;;;;;;;;;;;;;;;;;;;;
SaltLakeCity;;;;639,9;512,6;;704,5;;1005,0;;;565,3;;;;;;;;;;;;;;;;;;;;;;;;
SanFrancisco;;;;595,6;;652,5;;903,0;;;;;;;;;;;;;;;;;;;;;;;;;;;;
LosAngeles;;;;;;;1000,0;;1000,0;1000,0;;;1000,0;;;;;;;;;;;;;;;;;;;;;;;
LasVegas;;;;;;632,0;;1002,0;;;;;;;;;;;;;;;;;;;;;;;;;;;;
Phoenix;;;;;;;;903,0;;;660,1;555,5;731,8;;;;;;;;;;;;;;;;;;;;;;;
SantaFe;;;;;;;;;;712,2;;601,5;776,3;;;;;573,9;;;;;;;;;;;;;;;;;;
Denver;;;;;513,2;641,2;;;;641,9;635,1;;;;;453,9;488,5;549,8;;;;;;;;;;;;;;;;;;
ElPaso;;;;;;;;906,0;;685,7;616,9;;;;;;;628,7;645,2;569,1;;;;;;;;;;;;;;;;
Winnipeg;;;451,3;;514,7;;;;;;;;;;461,2;;;;;;;;;354,1;;;;;;;;;;;;
Duluth;;;;;527,6;;;;;;;;;426,7;;;;;;;;;375,1;375,5;354,5;;;;;;;;;;;
Omaha;;;;;519,4;;;;;;;535,3;;;;;;;;;;;387,7;;;;;;;;;;;;;
KansasCity;;;;;;;;;;;;599,8;;;;;;;;;;428,9;;;;;;;;;;;;;;
OklahomaCity;;;;;;;;;;;608,0;596,7;694,4;;;;;;;598,3;491,7;;;;;;;;;;;;;;;
Houston;;;;;;;;;;;;;731,4;;;;;;;613,9;;;;;;;;;;;;;;;473,7;
Dallas;;;;;;;;;;;;;798,4;;;;;602,4;591,4;;461,5;;;;;;;;;;;;;;;
LittleRock;;;;;;;;;;;;;;;;;;589,4;;573,0;;391,5;;;;;;;;;;;;;396,3;401,4
SaintLouis;;;;;;;;;;;;;;;;;447,4;;;;454,6;;385,7;;;;;;342,5;;;;;;;414,0
Chicago;;;;;;;;;;;;;;;441,2;491,0;;;;;;404,1;;;366,2;;;;348,1;;;;;;;
SaultStMarie;;;;;;;;;;;;;;451,4;394,5;;;;;;;;;;338,9;292,0;;;;;;;;;;
Toronto;;;;;;;;;;;;;;;371,9;;;;;;;;406,4;359,6;;316,8;;;360,6;;;;;;;
Montreal;;;;;;;;;;;;;;;;;;;;;;;;373,4;341,6;;291,1;300,2;;;;;;;;
Boston;;;;;;;;;;;;;;;;;;;;;;;;;;313,9;;306,8;;;;;;;;
NewYork;;;;;;;;;;;;;;;;;;;;;;;;;;317,7;303,6;;346,4;324,2;;;;;;
Pittsburgh;;;;;;;;;;;;;;;;;;;;;;404,8;394,1;;357,7;;;300,4;;333,8;353,8;;;;;371,5
Washington;;;;;;;;;;;;;;;;;;;;;;;;;;;;326,9;359,8;;362,2;;;;;
Raleigh;;;;;;;;;;;;;;;;;;;;;;;;;;;;;382,9;338,6;;404,9;389,9;;;393,5
Atlanta;;;;;;;;;;;;;;;;;;;;;;;;;;;;;;;373,1;;399,2;412,6;489,5;396,3
Charleston;;;;;;;;;;;;;;;;;;;;;;;;;;;;;;;400,6;409,5;;417,8;;
Miami;;;;;;;;;;;;;;;;;;;;;;;;;;;;;;;;420,5;396,2;;469,5;
NewOrleans;;;;;;;;;;;;;;;;;;;525,2;;454,0;;;;;;;;;;;406,5;;420,5;;
Nashville;;;;;;;;;;;;;;;;;;;;;483,8;404,0;;;;;;;361,7;;351,5;386,1;;;;
Step_12000;Vancouver;Seattle;Calgary;Portland;Helena;SaltLakeCity;SanFrancisco;LosAngeles;LasVegas;Phoenix;SantaFe;Denver;ElPaso;Winnipeg;Duluth;Omaha;KansasCity;OklahomaCity;Houston;Dallas;LittleRock;SaintLouis;Chicago;SaultStMarie;Toronto;Montreal;Boston;NewYork;Pittsburgh;Washington;Raleigh;Atlanta;Charleston;Miami;NewOrleans;Nashville
Vancouver;;537,4;433,5;;;;;;;;;;;;;;;;;;;;;;;;;;;;;;;;;
Seattle;445,7;;466,0;634,5;479,0;;;;;;;;;;;;;;;;;;;;;;;;;;;;;;;
Calgary;431,8;508,2;;;477,4;;;;;;;;;418,1;;;;;;;;;;;;;;;;;;;;;;
Portland;;499,0;;;;650,9;709,5;;;;;;;;;;;;;;;;;;;;;;;;;;;;;
Helena;;488,2;458,5;;;986,6;;;;;;591,8;;406,6;454,9;540,0;;;;;;;;;;;;;;;;;;;;
SaltLakeCity;;;;623,9;478,6;;984,3;;754,3;;;643,5;;;;;;;;;;;;;;;;;;;;;;;;
SanFrancisco;;;;648,6;;627,9;;983,0;;;;;;;;;;;;;;;;;;;;;;;;;;;;
LosAngeles;;;;;;;1000,0;;1000,0;1000,0;;;1000,0;;;;;;;;;;;;;;;;;;;;;;;
LasVegas;;;;;;592,9;;902,0;;;;;;;;;;;;;;;;;;;;;;;;;;;;
Phoenix;;;;;;;;903,0;;;626,5;641,1;723,9;;;;;;;;;;;;;;;;;;;;;;;
SantaFe;;;;;;;;;;685,3;;637,5;682,3;;;;;611,5;;;;;;;;;;;;;;;;;;
Denver;;;;;499,7;681,8;;;;780,6;629,5;;;;;525,8;489,7;632,9;;;;;;;;;;;;;;;;;;
ElPaso;;;;;;;;906,0;;640,4;642,4;;;;;;;645,7;613,0;627,2;;;;;;;;;;;;;;;;
Winnipeg;;;459,6;;514,6;;;;;;;;;;430,5;;;;;;;;;369,3;;;;;;;;;;;;
Duluth;;;;;559,0;;;;;;;;;393,9;;;;;;;;;395,7;352,8;364,6;;;;;;;;;;;
Omaha;;;;;549,9;;;;;;;620,0;;;;;;;;;;;390,7;;;;;;;;;;;;;
KansasCity;;;;;;;;;;;;636,4;;;;;;;;;;423,1;;;;;;;;;;;;;;
OklahomaCity;;;;;;;;;;;641,8;595,7;783,0;;;;;;;568,5;492,6;;;;;;;;;;;;;;;
Houston;;;;;;;;;;;;;808,3;;;;;;;664,3;;;;;;;;;;;;;;;487,8;
Dallas;;;;;;;;;;;;;759,9;;;;;556,2;654,8;;453,8;;;;;;;;;;;;;;;
LittleRock;;;;;;;;;;;;;;;;;;633,0;;681,9;;424,0;;;;;;;;;;;;;505,3;403,0
SaintLouis;;;;;;;;;;;;;;;;;496,9;;;;512,0;;402,1;;;;;;347,5;;;;;;;375,8
Chicago;;;;;;;;;;;;;;;434,7;488,2;;;;;;444,9;;;345,7;;;;352,3;;;;;;;
SaultStMarie;;;;;;;;;;;;;;433,3;414,1;;;;;;;;;;363,0;317,1;;;;;;;;;;
Toronto;;;;;;;;;;;;;;;420,0;;;;;;;;378,4;357,6;;292,0;;;360,0;;;;;;;
Montreal;;;;;;;;;;;;;;;;;;;;;;;;345,0;359,9;;277,7;296,1;;;;;;;;
Boston;;;;;;;;;;;;;;;;;;;;;;;;;;293,4;;294,1;;;;;;;;
NewYork;;;;;;;;;;;;;;;;;;;;;;;;;;323,9;293,9;;333,7;312,1;;;;;;
Pittsburgh;;;;;;;;;;;;;;;;;;;;;;414,9;378,4;;372,0;;;294,8;;315,6;352,8;;;;;386,5
Washington;;;;;;;;;;;;;;;;;;;;;;;;;;;;312,1;340,5;;343,0;;;;;
Raleigh;;;;;;;;;;;;;;;;;;;;;;;;;;;;;373,8;325,4;;381,7;389,9;;;412,7
Atlanta;;;;;;;;;;;;;;;;;;;;;;;;;;;;;;;364,7;;395,2;422,4;433,9;388,1
Charleston;;;;;;;;;;;;;;;;;;;;;;;;;;;;;;;400,6;409,5;;419,2;;
Miami;;;;;;;;;;;;;;;;;;;;;;;;;;;;;;;;420,5;396,2;;467,7;
NewOrleans;;;;;;;;;;;;;;;;;;;667,7;;444,1;;;;;;;;;;;402,9;;421,6;;
Nashville;;;;;;;;;;;;;;;;;;;;;512,0;388,7;;;;;;;356,4;;361,5;390,8;;;;
Step_16000;Vancouver;Seattle;Calgary;Portland;Helena;SaltLakeCity;SanFrancisco;LosAngeles;LasVegas;Phoenix;SantaFe;Denver;ElPaso;Winnipeg;Duluth;Omaha;KansasCity;OklahomaCity;Houston;Dallas;LittleRock;SaintLouis;Chicago;SaultStMarie;Toronto;Montreal;Boston;NewYork;Pittsburgh;Washington;Raleigh;Atlanta;Charleston;Miami;NewOrleans;Nashville
Vancouver;;479,1;442,6;;;;;;;;;;;;;;;;;;;;;;;;;;;;;;;;;
Seattle;433,6;;451,4;567,4;526,0;;;;;;;;;;;;;;;;;;;;;;;;;;;;;;;
Calgary;430,7;468,9;;;478,3;;;;;;;;;415,5;;;;;;;;;;;;;;;;;;;;;;
Portland;;496,1;;;;626,3;715,9;;;;;;;;;;;;;;;;;;;;;;;;;;;;;
Helena;;472,5;436,6;;;947,7;;;;;;596,2;;401,9;443,8;495,4;;;;;;;;;;;;;;;;;;;;
SaltLakeCity;;;;606,7;554,3;;781,8;;1005,0;;;567,5;;;;;;;;;;;;;;;;;;;;;;;;
SanFrancisco;;;;572,1;;690,4;;903,0;;;;;;;;;;;;;;;;;;;;;;;;;;;;
LosAngeles;;;;;;;1000,0;;1000,0;1000,0;;;1000,0;;;;;;;;;;;;;;;;;;;;;;;
LasVegas;;;;;;684,8;;1002,0;;;;;;;;;;;;;;;;;;;;;;;;;;;;
Phoenix;;;;;;;;903,0;;;617,1;597,2;779,7;;;;;;;;;;;;;;;;;;;;;;;
SantaFe;;;;;;;;;;704,6;;630,5;687,1;;;;;592,8;;;;;;;;;;;;;;;;;;
Denver;;;;;551,9;621,7;;;;773,6;620,8;;;;;493,0;492,4;569,4;;;;;;;;;;;;;;;;;;
ElPaso;;;;;;;;906,0;;804,7;627,5;;;;;;;571,8;641,1;599,9;;;;;;;;;;;;;;;;
Winnipeg;;;460,8;;451,0;;;;;;;;;;430,4;;;;;;;;;377,8;;;;;;;;;;;;
Duluth;;;;;550,4;;;;;;;;;476,5;;;;;;;;;424,9;372,9;355,2;;;;;;;;;;;
Omaha;;;;;560,7;;;;;;;597,7;;;;;;;;;;;444,5;;;;;;;;;;;;;
KansasCity;;;;;;;;;;;;605,3;;;;;;;;;;433,1;;;;;;;;;;;;;;
OklahomaCity;;;;;;;;;;;635,7;579,1;612,0;;;;;;;605,7;473,1;;;;;;;;;;;;;;;
Houston;;;;;;;;;;;;;761,3;;;;;;;610,5;;;;;;;;;;;;;;;461,0;
Dallas;;;;;;;;;;;;;778,5;;;;;604,2;596,4;;500,4;;;;;;;;;;;;;;;
LittleRock;;;;;;;;;;;;;;;;;;565,4;;605,5;;433,7;;;;;;;;;;;;;495,5;381,9
SaintLouis;;;;;;;;;;;;;;;;;509,2;;;;462,8;;412,4;;;;;;358,6;;;;;;;427,6
Chicago;;;;;;;;;;;;;;;441,3;513,5;;;;;;426,8;;;375,4;;;;327,5;;;;;;;
SaultStMarie;;;;;;;;;;;;;;423,8;403,0;;;;;;;;;;389,1;312,2;;;;;;;;;;
Toronto;;;;;;;;;;;;;;;442,4;;;;;;;;374,0;362,0;;300,7;;;363,7;;;;;;;
Montreal;;;;;;;;;;;;;;;;;;;;;;;;368,6;331,8;;271,6;301,6;;;;;;;;
Boston;;;;;;;;;;;;;;;;;;;;;;;;;;290,9;;290,9;;;;;;;;
NewYork;;;;;;;;;;;;;;;;;;;;;;;;;;308,9;280,1;;357,1;312,1;;;;;;
Pittsburgh;;;;;;;;;;;;;;;;;;;;;;405,2;394,0;;360,0;;;288,6;;304,8;349,0;;;;;405,3
Washington;;;;;;;;;;;;;;;;;;;;;;;;;;;;301,3;325,8;;340,8;;;;;
Raleigh;;;;;;;;;;;;;;;;;;;;;;;;;;;;;377,5;325,4;;366,8;381,9;;;420,8
Atlanta;;;;;;;;;;;;;;;;;;;;;;;;;;;;;;;367,9;;392,6;443,4;416,2;411,8
Charleston;;;;;;;;;;;;;;;;;;;;;;;;;;;;;;;386,6;409,5;;422,4;;
Miami;;;;;;;;;;;;;;;;;;;;;;;;;;;;;;;;408,1;389,8;;526,6;
NewOrleans;;;;;;;;;;;;;;;;;;;607,6;;488,5;;;;;;;;;;;390,7;;432,6;;
Nashville;;;;;;;;;;;;;;;;;;;;;457,9;408,7;;;;;;;365,5;;361,4;388,5;;;;
Step_20000;Vancouver;Seattle;Calgary;Portland;Helena;SaltLakeCity;SanFrancisco;LosAngeles;LasVegas;Phoenix;SantaFe;Denver;ElPaso;Winnipeg;Duluth;Omaha;KansasCity;OklahomaCity;Houston;Dallas;LittleRock;SaintLouis;Chicago;SaultStMarie;Toronto;Montreal;Boston;NewYork;Pittsburgh;Washington;Raleigh;Atlanta;Charleston;Miami;NewOrleans;Nashville
Vancouver;;484,5;426,5;;;;;;;;;;;;;;;;;;;;;;;;;;;;;;;;;
Seattle;435,5;;452,6;585,3;452,6;;;;;;;;;;;;;;;;;;;;;;;;;;;;;;;
Calgary;449,9;497,1;;;534,1;;;;;;;;;425,8;;;;;;;;;;;;;;;;;;;;;;
Portland;;479,7;;;;644,7;687,8;;;;;;;;;;;;;;;;;;;;;;;;;;;;;
Helena;;483,3;465,9;;;585,1;;;;;;1012,0;;408,9;407,2;468,0;;;;;;;;;;;;;;;;;;;;
SaltLakeCity;;;;593,7;501,7;;744,5;;788,5;;;571,7;;;;;;;;;;;;;;;;;;;;;;;;
SanFrancisco;;;;570,1;;671,1;;903,0;;;;;;;;;;;;;;;;;;;;;;;;;;;;
LosAngeles;;;;;;;1000,0;;1000,0;1000,0;;;1000,0;;;;;;;;;;;;;;;;;;;;;;;
LasVegas;;;;;;657,9;;902,0;;;;;;;;;;;;;;;;;;;;;;;;;;;;
Phoenix;;;;;;;;1003,0;;;625,7;580,2;738,2;;;;;;;;;;;;;;;;;;;;;;;
SantaFe;;;;;;;;;;717,5;;633,9;662,0;;;;;635,4;;;;;;;;;;;;;;;;;;
Denver;;;;;465,7;655,1;;;;1008,0;611,4;;;;;479,5;499,5;591,7;;;;;;;;;;;;;;;;;;
ElPaso;;;;;;;;906,0;;748,1;632,2;;;;;;;629,7;592,5;598,5;;;;;;;;;;;;;;;;
Winnipeg;;;452,6;;478,2;;;;;;;;;;410,3;;;;;;;;;374,7;;;;;;;;;;;;
Duluth;;;;;446,6;;;;;;;;;436,2;;;;;;;;;414,5;357,9;350,4;;;;;;;;;;;
Omaha;;;;;544,4;;;;;;;551,6;;;;;;;;;;;373,4;;;;;;;;;;;;;
KansasCity;;;;;;;;;;;;572,6;;;;;;;;;;432,1;;;;;;;;;;;;;;
OklahomaCity;;;;;;;;;;;593,6;582,8;721,7;;;;;;;579,0;490,9;;;;;;;;;;;;;;;
Houston;;;;;;;;;;;;;719,7;;;;;;;556,5;;;;;;;;;;;;;;;485,5;
Dallas;;;;;;;;;;;;;712,4;;;;;547,8;569,6;;496,1;;;;;;;;;;;;;;;
LittleRock;;;;;;;;;;;;;;;;;;570,7;;558,7;;448,6;;;;;;;;;;;;;481,0;420,2
SaintLouis;;;;;;;;;;;;;;;;;478,1;;;;471,2;;389,4;;;;;;358,9;;;;;;;412,0
Chicago;;;;;;;;;;;;;;;399,1;488,5;;;;;;425,1;;;344,2;;;;377,6;;;;;;;
SaultStMarie;;;;;;;;;;;;;;420,5;397,5;;;;;;;;;;350,6;335,3;;;;;;;;;;
Toronto;;;;;;;;;;;;;;;418,8;;;;;;;;388,0;350,1;;323,9;;;345,9;;;;;;;
Montreal;;;;;;;;;;;;;;;;;;;;;;;;368,9;335,0;;270,3;317,3;;;;;;;;
Boston;;;;;;;;;;;;;;;;;;;;;;;;;;289,4;;290,3;;;;;;;;
NewYork;;;;;;;;;;;;;;;;;;;;;;;;;;313,6;276,4;;335,4;304,5;;;;;;
Pittsburgh;;;;;;;;;;;;;;;;;;;;;;418,7;388,3;;371,7;;;310,0;;299,3;350,9;;;;;423,5
Washington;;;;;;;;;;;;;;;;;;;;;;;;;;;;305,6;325,8;;340,6;;;;;
Raleigh;;;;;;;;;;;;;;;;;;;;;;;;;;;;;372,7;325,4;;375,1;374,0;;;414,6
Atlanta;;;;;;;;;;;;;;;;;;;;;;;;;;;;;;;373,2;;385,9;440,2;442,1;400,7
Charleston;;;;;;;;;;;;;;;;;;;;;;;;;;;;;;;386,6;396,7;;401,3;;
Miami;;;;;;;;;;;;;;;;;;;;;;;;;;;;;;;;400,1;380,1;;474,7;
NewOrleans;;;;;;;;;;;;;;;;;;;618,8;;508,2;;;;;;;;;;;400,8;;424,9;;
Nashville;;;;;;;;;;;;;;;;;;;;;482,8;403,1;;;;;;;376,3;;372,6;393,5;;;;
Step_24000;Vancouver;Seattle;Calgary;Portland;Helena;SaltLakeCity;SanFrancisco;LosAngeles;LasVegas;Phoenix;SantaFe;Denver;ElPaso;Winnipeg;Duluth;Omaha;KansasCity;OklahomaCity;Houston;Dallas;LittleRock;SaintLouis;Chicago;SaultStMarie;Toronto;Montreal;Boston;NewYork;Pittsburgh;Washington;Raleigh;Atlanta;Charleston;Miami;NewOrleans;Nashville
Vancouver;;554,7;446,7;;;;;;;;;;;;;;;;;;;;;;;;;;;;;;;;;
Seattle;486,7;;443,7;603,2;527,3;;;;;;;;;;;;;;;;;;;;;;;;;;;;;;;
Calgary;464,4;478,9;;;525,6;;;;;;;;;432,0;;;;;;;;;;;;;;;;;;;;;;
Portland;;527,6;;;;633,3;785,4;;;;;;;;;;;;;;;;;;;;;;;;;;;;;
Helena;;523,0;454,3;;;911,7;;;;;;577,3;;467,8;392,6;509,7;;;;;;;;;;;;;;;;;;;;
SaltLakeCity;;;;568,2;519,9;;1008,0;;711,0;;;610,1;;;;;;;;;;;;;;;;;;;;;;;;
SanFrancisco;;;;591,6;;693,5;;983,0;;;;;;;;;;;;;;;;;;;;;;;;;;;;
LosAngeles;;;;;;;1000,0;;1000,0;1000,0;;;1000,0;;;;;;;;;;;;;;;;;;;;;;;
LasVegas;;;;;;656,0;;902,0;;;;;;;;;;;;;;;;;;;;;;;;;;;;
Phoenix;;;;;;;;903,0;;;621,1;574,8;752,5;;;;;;;;;;;;;;;;;;;;;;;
SantaFe;;;;;;;;;;665,1;;582,6;689,5;;;;;562,8;;;;;;;;;;;;;;;;;;
Denver;;;;;520,3;647,3;;;;637,0;593,9;;;;;528,3;557,4;558,5;;;;;;;;;;;;;;;;;;
ElPaso;;;;;;;;906,0;;734,9;598,1;;;;;;;603,0;536,7;609,6;;;;;;;;;;;;;;;;
Winnipeg;;;442,0;;548,3;;;;;;;;;;406,5;;;;;;;;;394,1;;;;;;;;;;;;
Duluth;;;;;511,2;;;;;;;;;416,2;;;;;;;;;396,8;376,3;375,3;;;;;;;;;;;
Omaha;;;;;557,0;;;;;;;607,9;;;;;;;;;;;390,8;;;;;;;;;;;;;
KansasCity;;;;;;;;;;;;638,8;;;;;;;;;;397,7;;;;;;;;;;;;;;
OklahomaCity;;;;;;;;;;;597,0;600,9;650,7;;;;;;;562,8;478,0;;;;;;;;;;;;;;;
Houston;;;;;;;;;;;;;717,5;;;;;;;616,1;;;;;;;;;;;;;;;441,7;
Dallas;;;;;;;;;;;;;752,4;;;;;543,6;584,7;;458,2;;;;;;;;;;;;;;;
LittleRock;;;;;;;;;;;;;;;;;;571,6;;528,0;;421,4;;;;;;;;;;;;;469,7;408,9
SaintLouis;;;;;;;;;;;;;;;;;443,3;;;;486,7;;380,7;;;;;;328,3;;;;;;;389,3
Chicago;;;;;;;;;;;;;;;373,5;487,8;;;;;;416,5;;;372,7;;;;339,7;;;;;;;
SaultStMarie;;;;;;;;;;;;;;424,1;408,8;;;;;;;;;;365,9;307,7;;;;;;;;;;
Toronto;;;;;;;;;;;;;;;404,2;;;;;;;;397,4;379,6;;314,8;;;340,1;;;;;;;
Montreal;;;;;;;;;;;;;;;;;;;;;;;;353,7;361,8;;268,8;307,5;;;;;;;;
Boston;;;;;;;;;;;;;;;;;;;;;;;;;;293,2;;282,1;;;;;;;;
NewYork;;;;;;;;;;;;;;;;;;;;;;;;;;309,8;274,4;;325,6;299,3;;;;;;
Pittsburgh;;;;;;;;;;;;;;;;;;;;;;373,6;371,4;;340,8;;;308,5;;305,1;341,2;;;;;364,8
Washington;;;;;;;;;;;;;;;;;;;;;;;;;;;;307,4;336,2;;337,7;;;;;
Raleigh;;;;;;;;;;;;;;;;;;;;;;;;;;;;;347,5;318,1;;383,4;372,8;;;382,4
Atlanta;;;;;;;;;;;;;;;;;;;;;;;;;;;;;;;352,8;;368,2;399,0;451,9;397,5
Charleston;;;;;;;;;;;;;;;;;;;;;;;;;;;;;;;382,3;379,5;;387,2;;
Miami;;;;;;;;;;;;;;;;;;;;;;;;;;;;;;;;376,6;369,9;;434,9;
NewOrleans;;;;;;;;;;;;;;;;;;;596,0;;490,8;;;;;;;;;;;391,5;;413,7;;
Nashville;;;;;;;;;;;;;;;;;;;;;475,5;416,2;;;;;;;354,5;;353,8;355,3;;;;
Step_28000;Vancouver;Seattle;Calgary;Portland;Helena;SaltLakeCity;SanFrancisco;LosAngeles;LasVegas;Phoenix;SantaFe;Denver;ElPaso;Winnipeg;Duluth;Omaha;KansasCity;OklahomaCity;Houston;Dallas;LittleRock;SaintLouis;Chicago;SaultStMarie;Toronto;Montreal;Boston;NewYork;Pittsburgh;Washington;Raleigh;Atlanta;Charleston;Miami;NewOrleans;Nashville
Vancouver;;511,3;448,6;;;;;;;;;;;;;;;;;;;;;;;;;;;;;;;;;
Seattle;462,2;;473,2;597,0;553,0;;;;;;;;;;;;;;;;;;;;;;;;;;;;;;;
Calgary;460,6;518,2;;;527,0;;;;;;;;;416,0;;;;;;;;;;;;;;;;;;;;;;
Portland;;477,5;;;;631,4;653,5;;;;;;;;;;;;;;;;;;;;;;;;;;;;;
Helena;;516,9;479,9;;;1008,0;;;;;;565,0;;442,1;454,2;495,7;;;;;;;;;;;;;;;;;;;;
SaltLakeCity;;;;546,1;530,4;;662,5;;1005,0;;;559,1;;;;;;;;;;;;;;;;;;;;;;;;
SanFrancisco;;;;541,7;;623,3;;903,0;;;;;;;;;;;;;;;;;;;;;;;;;;;;
LosAngeles;;;;;;;1000,0;;1000,0;1000,0;;;1000,0;;;;;;;;;;;;;;;;;;;;;;;
LasVegas;;;;;;572,2;;1002,0;;;;;;;;;;;;;;;;;;;;;;;;;;;;
Phoenix;;;;;;;;903,0;;;614,4;622,0;677,9;;;;;;;;;;;;;;;;;;;;;;;
SantaFe;;;;;;;;;;683,3;;493,1;673,8;;;;;574,7;;;;;;;;;;;;;;;;;;
Denver;;;;;517,4;578,0;;;;675,0;616,8;;;;;470,1;518,2;537,8;;;;;;;;;;;;;;;;;;
ElPaso;;;;;;;;906,0;;755,4;587,7;;;;;;;579,3;586,6;592,8;;;;;;;;;;;;;;;;
Winnipeg;;;460,1;;540,6;;;;;;;;;;386,8;;;;;;;;;368,4;;;;;;;;;;;;
Duluth;;;;;528,9;;;;;;;;;450,6;;;;;;;;;430,4;389,8;339,6;;;;;;;;;;;
Omaha;;;;;507,0;;;;;;;583,6;;;;;;;;;;;426,6;;;;;;;;;;;;;
KansasCity;;;;;;;;;;;;611,3;;;;;;;;;;425,9;;;;;;;;;;;;;;
OklahomaCity;;;;;;;;;;;592,6;606,3;752,0;;;;;;;574,6;492,2;;;;;;;;;;;;;;;
Houston;;;;;;;;;;;;;687,4;;;;;;;559,2;;;;;;;;;;;;;;;514,5;
Dallas;;;;;;;;;;;;;700,3;;;;;604,5;587,9;;448,1;;;;;;;;;;;;;;;
LittleRock;;;;;;;;;;;;;;;;;;555,2;;586,0;;419,5;;;;;;;;;;;;;418,8;401,9
SaintLouis;;;;;;;;;;;;;;;;;514,4;;;;437,3;;390,4;;;;;;366,6;;;;;;;372,7
Chicago;;;;;;;;;;;;;;;423,0;501,4;;;;;;403,0;;;376,3;;;;364,2;;;;;;;
SaultStMarie;;;;;;;;;;;;;;460,7;418,6;;;;;;;;;;350,5;312,6;;;;;;;;;;
Toronto;;;;;;;;;;;;;;;375,6;;;;;;;;387,3;365,3;;307,1;;;341,6;;;;;;;
Montreal;;;;;;;;;;;;;;;;;;;;;;;;349,0;353,1;;267,5;314,3;;;;;;;;
Boston;;;;;;;;;;;;;;;;;;;;;;;;;;304,5;;295,8;;;;;;;;
NewYork;;;;;;;;;;;;;;;;;;;;;;;;;;312,5;268,8;;346,6;299,5;;;;;;
Pittsburgh;;;;;;;;;;;;;;;;;;;;;;412,7;391,0;;339,2;;;313,5;;298,1;329,2;;;;;365,3
Washington;;;;;;;;;;;;;;;;;;;;;;;;;;;;284,2;356,0;;331,2;;;;;
Raleigh;;;;;;;;;;;;;;;;;;;;;;;;;;;;;333,6;309,2;;375,4;369,7;;;376,4
Atlanta;;;;;;;;;;;;;;;;;;;;;;;;;;;;;;;330,3;;368,2;408,7;459,1;400,4
Charleston;;;;;;;;;;;;;;;;;;;;;;;;;;;;;;;382,3;379,5;;394,6;;
Miami;;;;;;;;;;;;;;;;;;;;;;;;;;;;;;;;387,8;369,9;;491,8;
NewOrleans;;;;;;;;;;;;;;;;;;;606,4;;460,7;;;;;;;;;;;381,3;;411,5;;
Nashville;;;;;;;;;;;;;;;;;;;;;451,7;410,6;;;;;;;371,9;;339,3;400,6;;;;
Step_32000;Vancouver;Seattle;Calgary;Portland;Helena;SaltLakeCity;SanFrancisco;LosAngeles;LasVegas;Phoenix;SantaFe;Denver;ElPaso;Winnipeg;Duluth;Omaha;KansasCity;OklahomaCity;Houston;Dallas;LittleRock;SaintLouis;Chicago;SaultStMarie;Toronto;Montreal;Boston;NewYork;Pittsburgh;Washington;Raleigh;Atlanta;Charleston;Miami;NewOrleans;Nashville
Vancouver;;486,0;439,3;;;;;;;;;;;;;;;;;;;;;;;;;;;;;;;;;
Seattle;435,2;;471,8;663,7;521,4;;;;;;;;;;;;;;;;;;;;;;;;;;;;;;;
Calgary;426,7;483,2;;;577,2;;;;;;;;;429,7;;;;;;;;;;;;;;;;;;;;;;
Portland;;502,6;;;;642,6;748,6;;;;;;;;;;;;;;;;;;;;;;;;;;;;;
Helena;;593,4;428,4;;;939,1;;;;;;543,2;;436,7;413,2;501,6;;;;;;;;;;;;;;;;;;;;
SaltLakeCity;;;;564,4;552,4;;733,7;;925,7;;;571,7;;;;;;;;;;;;;;;;;;;;;;;;
SanFrancisco;;;;640,6;;624,2;;903,0;;;;;;;;;;;;;;;;;;;;;;;;;;;;
LosAngeles;;;;;;;1000,0;;1000,0;1000,0;;;1000,0;;;;;;;;;;;;;;;;;;;;;;;
LasVegas;;;;;;673,0;;1002,0;;;;;;;;;;;;;;;;;;;;;;;;;;;;
Phoenix;;;;;;;;903,0;;;642,8;528,0;763,1;;;;;;;;;;;;;;;;;;;;;;;
SantaFe;;;;;;;;;;712,8;;607,7;694,5;;;;;596,7;;;;;;;;;;;;;;;;;;
Denver;;;;;519,8;608,8;;;;608,6;630,0;;;;;497,2;516,9;596,1;;;;;;;;;;;;;;;;;;
ElPaso;;;;;;;;906,0;;759,3;668,2;;;;;;;582,7;605,3;559,5;;;;;;;;;;;;;;;;
Winnipeg;;;441,6;;549,2;;;;;;;;;;443,6;;;;;;;;;367,0;;;;;;;;;;;;
Duluth;;;;;478,3;;;;;;;;;435,4;;;;;;;;;420,1;381,5;380,4;;;;;;;;;;;
Omaha;;;;;540,3;;;;;;;541,5;;;;;;;;;;;413,4;;;;;;;;;;;;;
KansasCity;;;;;;;;;;;;577,6;;;;;;;;;;433,5;;;;;;;;;;;;;;
OklahomaCity;;;;;;;;;;;631,8;577,6;688,3;;;;;;;624,2;488,3;;;;;;;;;;;;;;;
Houston;;;;;;;;;;;;;761,6;;;;;;;618,4;;;;;;;;;;;;;;;496,3;
Dallas;;;;;;;;;;;;;735,3;;;;;663,1;582,4;;446,1;;;;;;;;;;;;;;;
LittleRock;;;;;;;;;;;;;;;;;;594,9;;548,8;;417,9;;;;;;;;;;;;;507,3;419,4
SaintLouis;;;;;;;;;;;;;;;;;509,6;;;;473,5;;400,3;;;;;;348,4;;;;;;;371,3
Chicago;;;;;;;;;;;;;;;397,7;478,5;;;;;;435,0;;;345,7;;;;349,6;;;;;;;
SaultStMarie;;;;;;;;;;;;;;444,4;409,6;;;;;;;;;;357,9;318,1;;;;;;;;;;
Toronto;;;;;;;;;;;;;;;426,5;;;;;;;;434,6;335,8;;332,8;;;361,2;;;;;;;
Montreal;;;;;;;;;;;;;;;;;;;;;;;;385,3;362,2;;280,0;311,2;;;;;;;;
Boston;;;;;;;;;;;;;;;;;;;;;;;;;;309,2;;289,9;;;;;;;;
NewYork;;;;;;;;;;;;;;;;;;;;;;;;;;288,8;265,6;;342,5;296,9;;;;;;
Pittsburgh;;;;;;;;;;;;;;;;;;;;;;390,3;421,0;;339,1;;;296,4;;294,4;311,9;;;;;398,2
Washington;;;;;;;;;;;;;;;;;;;;;;;;;;;;299,6;339,7;;319,3;;;;;
Raleigh;;;;;;;;;;;;;;;;;;;;;;;;;;;;;333,2;301,7;;408,7;362,6;;;356,9
Atlanta;;;;;;;;;;;;;;;;;;;;;;;;;;;;;;;349,4;;365,4;408,7;484,0;406,2
Charleston;;;;;;;;;;;;;;;;;;;;;;;;;;;;;;;382,3;379,4;;424,1;;
Miami;;;;;;;;;;;;;;;;;;;;;;;;;;;;;;;;387,8;371,4;;475,8;
NewOrleans;;;;;;;;;;;;;;;;;;;639,4;;477,5;;;;;;;;;;;404,9;;419,5;;
Nashville;;;;;;;;;;;;;;;;;;;;;510,2;410,1;;;;;;;343,7;;325,2;401,7;;;;
Step_36000;Vancouver;Seattle;Calgary;Portland;Helena;SaltLakeCity;SanFrancisco;LosAngeles;LasVegas;Phoenix;SantaFe;Denver;ElPaso;Winnipeg;Duluth;Omaha;KansasCity;OklahomaCity;Houston;Dallas;LittleRock;SaintLouis;Chicago;SaultStMarie;Toronto;Montreal;Boston;NewYork;Pittsburgh;Washington;Raleigh;Atlanta;Charleston;Miami;NewOrleans;Nashville
Vancouver;;530,6;440,6;;;;;;;;;;;;;;;;;;;;;;;;;;;;;;;;;
Seattle;439,6;;434,0;629,2;527,6;;;;;;;;;;;;;;;;;;;;;;;;;;;;;;;
Calgary;439,2;510,1;;;487,6;;;;;;;;;409,5;;;;;;;;;;;;;;;;;;;;;;
Portland;;521,0;;;;608,8;679,4;;;;;;;;;;;;;;;;;;;;;;;;;;;;;
Helena;;519,5;436,9;;;986,6;;;;;;541,4;;438,3;457,1;479,4;;;;;;;;;;;;;;;;;;;;
SaltLakeCity;;;;636,0;503,1;;984,3;;625,2;;;603,5;;;;;;;;;;;;;;;;;;;;;;;;
SanFrancisco;;;;566,7;;626,2;;983,0;;;;;;;;;;;;;;;;;;;;;;;;;;;;
LosAngeles;;;;;;;1000,0;;1000,0;1000,0;;;1000,0;;;;;;;;;;;;;;;;;;;;;;;
LasVegas;;;;;;624,5;;902,0;;;;;;;;;;;;;;;;;;;;;;;;;;;;
Phoenix;;;;;;;;903,0;;;615,1;558,9;715,9;;;;;;;;;;;;;;;;;;;;;;;
SantaFe;;;;;;;;;;741,6;;569,4;677,0;;;;;567,5;;;;;;;;;;;;;;;;;;
Denver;;;;;514,9;617,3;;;;772,6;606,7;;;;;454,0;435,3;592,4;;;;;;;;;;;;;;;;;;
ElPaso;;;;;;;;906,0;;674,9;633,0;;;;;;;584,7;552,7;540,0;;;;;;;;;;;;;;;;
Winnipeg;;;430,0;;533,1;;;;;;;;;;435,7;;;;;;;;;361,3;;;;;;;;;;;;
Duluth;;;;;528,1;;;;;;;;;379,8;;;;;;;;;423,8;342,3;371,3;;;;;;;;;;;
Omaha;;;;;429,2;;;;;;;554,2;;;;;;;;;;;395,5;;;;;;;;;;;;;
KansasCity;;;;;;;;;;;;510,9;;;;;;;;;;405,0;;;;;;;;;;;;;;
OklahomaCity;;;;;;;;;;;620,7;553,3;763,9;;;;;;;585,0;459,4;;;;;;;;;;;;;;;
Houston;;;;;;;;;;;;;661,4;;;;;;;584,8;;;;;;;;;;;;;;;499,4;
Dallas;;;;;;;;;;;;;733,9;;;;;533,9;552,9;;493,3;;;;;;;;;;;;;;;
LittleRock;;;;;;;;;;;;;;;;;;528,3;;601,9;;379,2;;;;;;;;;;;;;481,5;419,4
SaintLouis;;;;;;;;;;;;;;;;;476,1;;;;437,7;;387,3;;;;;;343,7;;;;;;;409,7
Chicago;;;;;;;;;;;;;;;411,0;478,1;;;;;;425,3;;;348,0;;;;311,4;;;;;;;
SaultStMarie;;;;;;;;;;;;;;420,3;380,2;;;;;;;;;;346,4;328,7;;;;;;;;;;
Toronto;;;;;;;;;;;;;;;438,5;;;;;;;;400,2;358,9;;320,6;;;346,2;;;;;;;
Montreal;;;;;;;;;;;;;;;;;;;;;;;;337,2;382,2;;276,9;309,1;;;;;;;;
Boston;;;;;;;;;;;;;;;;;;;;;;;;;;312,0;;303,3;;;;;;;;
NewYork;;;;;;;;;;;;;;;;;;;;;;;;;;302,4;271,8;;360,0;295,7;;;;;;
Pittsburgh;;;;;;;;;;;;;;;;;;;;;;376,3;379,8;;356,2;;;284,7;;301,3;326,5;;;;;407,8
Washington;;;;;;;;;;;;;;;;;;;;;;;;;;;;303,2;346,6;;321,4;;;;;
Raleigh;;;;;;;;;;;;;;;;;;;;;;;;;;;;;333,2;295,9;;409,0;361,3;;;356,9
Atlanta;;;;;;;;;;;;;;;;;;;;;;;;;;;;;;;349,4;;364,8;398,1;528,4;399,6
Charleston;;;;;;;;;;;;;;;;;;;;;;;;;;;;;;;381,7;393,2;;400,3;;
Miami;;;;;;;;;;;;;;;;;;;;;;;;;;;;;;;;409,1;366,5;;437,2;
NewOrleans;;;;;;;;;;;;;;;;;;;598,2;;495,1;;;;;;;;;;;409,2;;396,0;;
Nashville;;;;;;;;;;;;;;;;;;;;;511,0;430,1;;;;;;;347,8;;340,7;421,2;;;;
Step_40000;Vancouver;Seattle;Calgary;Portland;Helena;SaltLakeCity;SanFrancisco;LosAngeles;LasVegas;Phoenix;SantaFe;Denver;ElPaso;Winnipeg;Duluth;Omaha;KansasCity;OklahomaCity;Houston;Dallas;LittleRock;SaintLouis;Chicago;SaultStMarie;Toronto;Montreal;Boston;NewYork;Pittsburgh;Washington;Raleigh;Atlanta;Charleston;Miami;NewOrleans;Nashville
Vancouver;;506,6;430,2;;;;;;;;;;;;;;;;;;;;;;;;;;;;;;;;;
Seattle;456,9;;466,9;616,3;510,1;;;;;;;;;;;;;;;;;;;;;;;;;;;;;;;
Calgary;462,5;526,2;;;540,7;;;;;;;;;429,4;;;;;;;;;;;;;;;;;;;;;;
Portland;;461,6;;;;623,8;743,3;;;;;;;;;;;;;;;;;;;;;;;;;;;;;
Helena;;503,9;442,7;;;921,1;;;;;;579,4;;434,4;467,6;493,3;;;;;;;;;;;;;;;;;;;;
SaltLakeCity;;;;619,4;620,8;;984,3;;729,1;;;604,9;;;;;;;;;;;;;;;;;;;;;;;;
SanFrancisco;;;;598,3;;677,7;;983,0;;;;;;;;;;;;;;;;;;;;;;;;;;;;
LosAngeles;;;;;;;1000,0;;1000,0;1000,0;;;1000,0;;;;;;;;;;;;;;;;;;;;;;;
LasVegas;;;;;;650,2;;902,0;;;;;;;;;;;;;;;;;;;;;;;;;;;;
Phoenix;;;;;;;;903,0;;;625,0;617,7;694,8;;;;;;;;;;;;;;;;;;;;;;;
SantaFe;;;;;;;;;;699,9;;649,4;687,6;;;;;633,2;;;;;;;;;;;;;;;;;;
Denver;;;;;526,5;639,0;;;;751,4;674,7;;;;;478,1;465,1;615,3;;;;;;;;;;;;;;;;;;
ElPaso;;;;;;;;906,0;;776,4;652,5;;;;;;;597,3;616,7;604,4;;;;;;;;;;;;;;;;
Winnipeg;;;449,6;;513,4;;;;;;;;;;458,9;;;;;;;;;397,8;;;;;;;;;;;;
Duluth;;;;;532,8;;;;;;;;;462,1;;;;;;;;;413,0;382,1;384,8;;;;;;;;;;;
Omaha;;;;;527,8;;;;;;;593,2;;;;;;;;;;;410,9;;;;;;;;;;;;;
KansasCity;;;;;;;;;;;;576,8;;;;;;;;;;444,7;;;;;;;;;;;;;;
OklahomaCity;;;;;;;;;;;645,8;568,7;714,7;;;;;;;616,3;525,1;;;;;;;;;;;;;;;
Houston;;;;;;;;;;;;;708,7;;;;;;;587,0;;;;;;;;;;;;;;;529,9;
Dallas;;;;;;;;;;;;;742,9;;;;;590,0;617,0;;458,6;;;;;;;;;;;;;;;
LittleRock;;;;;;;;;;;;;;;;;;593,1;;626,4;;431,3;;;;;;;;;;;;;466,2;450,8
SaintLouis;;;;;;;;;;;;;;;;;460,9;;;;545,3;;397,5;;;;;;322,6;;;;;;;394,7
Chicago;;;;;;;;;;;;;;;450,8;509,4;;;;;;406,7;;;386,4;;;;347,9;;;;;;;
SaultStMarie;;;;;;;;;;;;;;415,3;438,1;;;;;;;;;;382,3;297,8;;;;;;;;;;
Toronto;;;;;;;;;;;;;;;431,1;;;;;;;;414,2;351,8;;322,1;;;348,9;;;;;;;
Montreal;;;;;;;;;;;;;;;;;;;;;;;;348,3;369,1;;279,3;300,2;;;;;;;;
Boston;;;;;;;;;;;;;;;;;;;;;;;;;;293,0;;307,1;;;;;;;;
NewYork;;;;;;;;;;;;;;;;;;;;;;;;;;306,2;274,3;;372,8;292,5;;;;;;
Pittsburgh;;;;;;;;;;;;;;;;;;;;;;419,0;387,4;;373,8;;;297,8;;301,5;327,0;;;;;402,0
Washington;;;;;;;;;;;;;;;;;;;;;;;;;;;;314,7;317,7;;316,0;;;;;
Raleigh;;;;;;;;;;;;;;;;;;;;;;;;;;;;;341,4;294,9;;398,4;364,0;;;352,2
Atlanta;;;;;;;;;;;;;;;;;;;;;;;;;;;;;;;339,5;;367,8;405,2;459,0;381,7
Charleston;;;;;;;;;;;;;;;;;;;;;;;;;;;;;;;381,7;393,2;;414,9;;
Miami;;;;;;;;;;;;;;;;;;;;;;;;;;;;;;;;401,2;365,7;;455,2;
NewOrleans;;;;;;;;;;;;;;;;;;;603,4;;501,8;;;;;;;;;;;391,8;;423,8;;
Nashville;;;;;;;;;;;;;;;;;;;;;542,4;416,7;;;;;;;352,7;;340,1;418,5;;;;
Step_4000;Vancouver;Seattle;Calgary;Portland;Helena;SaltLakeCity;SanFrancisco;LosAngeles;LasVegas;Phoenix;SantaFe;Denver;ElPaso;Winnipeg;Duluth;Omaha;KansasCity;OklahomaCity;Houston;Dallas;LittleRock;SaintLouis;Chicago;SaultStMarie;Toronto;Montreal;Boston;NewYork;Pittsburgh;Washington;Raleigh;Atlanta;Charleston;Miami;NewOrleans;Nashville
Vancouver;;548,6;442,0;;;;;;;;;;;;;;;;;;;;;;;;;;;;;;;;;
Seattle;479,8;;441,0;616,6;565,7;;;;;;;;;;;;;;;;;;;;;;;;;;;;;;;
Calgary;462,2;500,2;;;536,2;;;;;;;;;423,1;;;;;;;;;;;;;;;;;;;;;;
Portland;;481,1;;;;673,7;705,0;;;;;;;;;;;;;;;;;;;;;;;;;;;;;
Helena;;583,0;453,1;;;919,5;;;;;;566,6;;438,2;416,6;455,2;;;;;;;;;;;;;;;;;;;;
SaltLakeCity;;;;618,7;587,0;;1008,0;;704,8;;;611,4;;;;;;;;;;;;;;;;;;;;;;;;
SanFrancisco;;;;560,1;;646,0;;1003,0;;;;;;;;;;;;;;;;;;;;;;;;;;;;
LosAngeles;;;;;;;1000,0;;1000,0;1000,0;;;1000,0;;;;;;;;;;;;;;;;;;;;;;;
LasVegas;;;;;;642,6;;902,0;;;;;;;;;;;;;;;;;;;;;;;;;;;;
Phoenix;;;;;;;;903,0;;;630,9;588,7;744,1;;;;;;;;;;;;;;;;;;;;;;;
SantaFe;;;;;;;;;;678,1;;613,0;669,7;;;;;633,0;;;;;;;;;;;;;;;;;;
Denver;;;;;536,6;650,9;;;;708,1;608,4;;;;;532,2;526,7;577,5;;;;;;;;;;;;;;;;;;
ElPaso;;;;;;;;906,0;;770,6;648,7;;;;;;;638,9;621,2;618,1;;;;;;;;;;;;;;;;
Winnipeg;;;468,2;;539,4;;;;;;;;;;451,5;;;;;;;;;357,6;;;;;;;;;;;;
Duluth;;;;;508,1;;;;;;;;;423,8;;;;;;;;;412,6;;350,3;;;;;;;;;;;
Omaha;;;;;545,2;;;;;;;600,1;;;;;;;;;;;391,1;;;;;;;;;;;;;
KansasCity;;;;;;;;;;;;598,2;;;;;;;;;;409,9;;;;;;;;;;;;;;
OklahomaCity;;;;;;;;;;;614,8;598,3;780,3;;;;;;;625,8;493,7;;;;;;;;;;;;;;;
Houston;;;;;;;;;;;;;734,7;;;;;;;570,4;;;;;;;;;;;;;;;469,7;
Dallas;;;;;;;;;;;;;749,2;;;;;640,8;586,5;;464,2;;;;;;;;;;;;;;;
LittleRock;;;;;;;;;;;;;;;;;;576,3;;597,8;;400,1;;;;;;;;;;;;;476,2;411,7
SaintLouis;;;;;;;;;;;;;;;;;473,4;;;;469,3;;377,4;;;;;;354,0;;;;;;;415,5
Chicago;;;;;;;;;;;;;;;394,7;485,7;;;;;;401,5;;;338,7;;;;368,3;;;;;;;
SaultStMarie;;;;;;;;;;;;;;411,0;;;;;;;;;;;346,5;323,7;;;;;;;;;;
Toronto;;;;;;;;;;;;;;;413,8;;;;;;;;383,1;348,2;;322,3;;;355,0;;;;;;;
Montreal;;;;;;;;;;;;;;;;;;;;;;;;362,0;340,8;;315,3;340,2;;;;;;;;
Boston;;;;;;;;;;;;;;;;;;;;;;;;;;330,2;;331,4;;;;;;;;
NewYork;;;;;;;;;;;;;;;;;;;;;;;;;;341,2;341,5;;355,9;350,3;;;;;;
Pittsburgh;;;;;;;;;;;;;;;;;;;;;;397,3;397,1;;364,7;;;331,0;;363,8;390,7;;;;;426,9
Washington;;;;;;;;;;;;;;;;;;;;;;;;;;;;360,4;369,4;;377,8;;;;;
Raleigh;;;;;;;;;;;;;;;;;;;;;;;;;;;;;410,6;354,9;;407,7;400,9;;;413,7
Atlanta;;;;;;;;;;;;;;;;;;;;;;;;;;;;;;;378,1;;399,1;448,1;470,2;447,5
Charleston;;;;;;;;;;;;;;;;;;;;;;;;;;;;;;;385,8;425,2;;419,9;;
Miami;;;;;;;;;;;;;;;;;;;;;;;;;;;;;;;;454,0;410,8;;491,7;
NewOrleans;;;;;;;;;;;;;;;;;;;543,7;;460,1;;;;;;;;;;;412,9;;446,5;;
Nashville;;;;;;;;;;;;;;;;;;;;;511,9;410,7;;;;;;;378,8;;395,3;411,0;;;;
Step_8000;Vancouver;Seattle;Calgary;Portland;Helena;SaltLakeCity;SanFrancisco;LosAngeles;LasVegas;Phoenix;SantaFe;Denver;ElPaso;Winnipeg;Duluth;Omaha;KansasCity;OklahomaCity;Houston;Dallas;LittleRock;SaintLouis;Chicago;SaultStMarie;Toronto;Montreal;Boston;NewYork;Pittsburgh;Washington;Raleigh;Atlanta;Charleston;Miami;NewOrleans;Nashville
Vancouver;;556,2;445,2;;;;;;;;;;;;;;;;;;;;;;;;;;;;;;;;;
Seattle;462,7;;452,1;615,7;509,8;;;;;;;;;;;;;;;;;;;;;;;;;;;;;;;
Calgary;484,0;529,5;;;511,3;;;;;;;;;436,4;;;;;;;;;;;;;;;;;;;;;;
Portland;;543,1;;;;646,1;704,5;;;;;;;;;;;;;;;;;;;;;;;;;;;;;
Helena;;525,4;453,2;;;915,8;;;;;;555,2;;423,6;448,4;457,7;;;;;;;;;;;;;;;;;;;;
SaltLakeCity;;;;604,6;508,0;;643,1;;981,4;;;568,2;;;;;;;;;;;;;;;;;;;;;;;;
SanFrancisco;;;;591,0;;654,1;;903,0;;;;;;;;;;;;;;;;;;;;;;;;;;;;
LosAngeles;;;;;;;1000,0;;1000,0;1000,0;;;1000,0;;;;;;;;;;;;;;;;;;;;;;;
LasVegas;;;;;;600,8;;982,0;;;;;;;;;;;;;;;;;;;;;;;;;;;;
Phoenix;;;;;;;;903,0;;;649,9;583,9;718,6;;;;;;;;;;;;;;;;;;;;;;;
SantaFe;;;;;;;;;;702,6;;609,6;761,2;;;;;570,0;;;;;;;;;;;;;;;;;;
Denver;;;;;483,0;579,7;;;;653,1;610,6;;;;;523,8;476,7;542,5;;;;;;;;;;;;;;;;;;
ElPaso;;;;;;;;906,0;;720,5;655,2;;;;;;;527,7;607,7;629,8;;;;;;;;;;;;;;;;
Winnipeg;;;434,9;;553,3;;;;;;;;;;426,5;;;;;;;;;383,6;;;;;;;;;;;;
Duluth;;;;;525,1;;;;;;;;;434,4;;;;;;;;;396,5;;369,9;;;;;;;;;;;
Omaha;;;;;480,9;;;;;;;568,2;;;;;;;;;;;423,3;;;;;;;;;;;;;
KansasCity;;;;;;;;;;;;569,1;;;;;;;;;;420,9;;;;;;;;;;;;;;
OklahomaCity;;;;;;;;;;;607,7;583,7;597,7;;;;;;;567,8;490,7;;;;;;;;;;;;;;;
Houston;;;;;;;;;;;;;661,2;;;;;;;621,5;;;;;;;;;;;;;;;453,9;
Dallas;;;;;;;;;;;;;674,8;;;;;539,8;571,2;;500,3;;;;;;;;;;;;;;;
LittleRock;;;;;;;;;;;;;;;;;;576,1;;594,3;;428,8;;;;;;;;;;;;;478,0;414,3
SaintLouis;;;;;;;;;;;;;;;;;512,8;;;;504,5;;425,5;;;;;;375,2;;;;;;;425,2
Chicago;;;;;;;;;;;;;;;404,1;521,3;;;;;;403,9;;;380,3;;;;384,8;;;;;;;
SaultStMarie;;;;;;;;;;;;;;443,2;;;;;;;;;;;340,0;326,2;;;;;;;;;;
Toronto;;;;;;;;;;;;;;;437,8;;;;;;;;399,3;368,2;;320,3;;;366,8;;;;;;;
Montreal;;;;;;;;;;;;;;;;;;;;;;;;353,5;352,6;;304,2;329,6;;;;;;;;
Boston;;;;;;;;;;;;;;;;;;;;;;;;;;328,1;;322,9;;;;;;;;
NewYork;;;;;;;;;;;;;;;;;;;;;;;;;;341,3;324,6;;374,1;339,5;;;;;;
Pittsburgh;;;;;;;;;;;;;;;;;;;;;;448,2;415,8;;356,7;;;318,7;;338,1;384,4;;;;;394,3
Washington;;;;;;;;;;;;;;;;;;;;;;;;;;;;350,3;361,7;;373,8;;;;;
Raleigh;;;;;;;;;;;;;;;;;;;;;;;;;;;;;396,3;349,1;;404,6;386,9;;;452,4
Atlanta;;;;;;;;;;;;;;;;;;;;;;;;;;;;;;;376,6;;386,6;427,0;439,1;408,2
Charleston;;;;;;;;;;;;;;;;;;;;;;;;;;;;;;;371,9;399,1;;409,3;;
Miami;;;;;;;;;;;;;;;;;;;;;;;;;;;;;;;;429,7;395,2;;439,3;
NewOrleans;;;;;;;;;;;;;;;;;;;582,6;;463,7;;;;;;;;;;;392,0;;404,9;;
Nashville;;;;;;;;;;;;;;;;;;;;;508,1;427,7;;;;;;;377,4;;391,9;401,9;;;;
Step_12000;Vancouver;Seattle;Calgary;Portland;Helena;SaltLakeCity;SanFrancisco;LosAngeles;LasVegas;Phoenix;SantaFe;Denver;ElPaso;Winnipeg;Duluth;Omaha;KansasCity;OklahomaCity;Houston;Dallas;LittleRock;SaintLouis;Chicago;SaultStMarie;Toronto;Montreal;Boston;NewYork;Pittsburgh;Washington;Raleigh;Atlanta;Charleston;Miami;NewOrleans;Nashville
Vancouver;;491,3;458,2;;;;;;;;;;;;;;;;;;;;;;;;;;;;;;;;;
Seattle;448,3;;443,3;571,8;544,2;;;;;;;;;;;;;;;;;;;;;;;;;;;;;;;
Calgary;441,6;497,2;;;551,0;;;;;;;;;437,1;;;;;;;;;;;;;;;;;;;;;;
Portland;;491,2;;;;624,1;640,6;;;;;;;;;;;;;;;;;;;;;;;;;;;;;
Helena;;494,0;440,7;;;1008,0;;;;;;584,9;;442,7;456,8;491,1;;;;;;;;;;;;;;;;;;;;
SaltLakeCity;;;;543,5;563,6;;699,4;;1005,0;;;611,7;;;;;;;;;;;;;;;;;;;;;;;;
SanFrancisco;;;;521,4;;658,2;;903,0;;;;;;;;;;;;;;;;;;;;;;;;;;;;
LosAngeles;;;;;;;1000,0;;1000,0;1000,0;;;1000,0;;;;;;;;;;;;;;;;;;;;;;;
LasVegas;;;;;;688,0;;1002,0;;;;;;;;;;;;;;;;;;;;;;;;;;;;
Phoenix;;;;;;;;903,0;;;610,2;623,6;701,0;;;;;;;;;;;;;;;;;;;;;;;
SantaFe;;;;;;;;;;703,3;;634,0;707,7;;;;;585,6;;;;;;;;;;;;;;;;;;
Denver;;;;;589,2;642,4;;;;701,0;611,4;;;;;501,9;537,3;608,2;;;;;;;;;;;;;;;;;;
ElPaso;;;;;;;;906,0;;701,8;613,3;;;;;;;578,9;608,9;530,8;;;;;;;;;;;;;;;;
Winnipeg;;;439,8;;522,3;;;;;;;;;;435,9;;;;;;;;;394,8;;;;;;;;;;;;
Duluth;;;;;514,0;;;;;;;;;412,4;;;;;;;;;423,1;;367,5;;;;;;;;;;;
Omaha;;;;;518,5;;;;;;;544,3;;;;;;;;;;;383,8;;;;;;;;;;;;;
KansasCity;;;;;;;;;;;;619,2;;;;;;;;;;424,6;;;;;;;;;;;;;;
OklahomaCity;;;;;;;;;;;575,0;608,1;751,1;;;;;;;535,9;468,2;;;;;;;;;;;;;;;
Houston;;;;;;;;;;;;;761,5;;;;;;;586,5;;;;;;;;;;;;;;;462,4;
Dallas;;;;;;;;;;;;;661,5;;;;;526,6;537,4;;474,2;;;;;;;;;;;;;;;
LittleRock;;;;;;;;;;;;;;;;;;552,8;;567,1;;409,2;;;;;;;;;;;;;444,1;419,8
SaintLouis;;;;;;;;;;;;;;;;;510,0;;;;481,7;;428,5;;;;;;343,9;;;;;;;437,0
Chicago;;;;;;;;;;;;;;;416,9;503,9;;;;;;422,9;;;365,8;;;;347,7;;;;;;;
SaultStMarie;;;;;;;;;;;;;;466,8;;;;;;;;;;;364,5;326,8;;;;;;;;;;
Toronto;;;;;;;;;;;;;;;419,7;;;;;;;;412,8;378,8;;322,1;;;353,9;;;;;;;
Montreal;;;;;;;;;;;;;;;;;;;;;;;;339,5;373,0;;300,3;333,4;;;;;;;;
Boston;;;;;;;;;;;;;;;;;;;;;;;;;;328,7;;322,9;;;;;;;;
NewYork;;;;;;;;;;;;;;;;;;;;;;;;;;341,3;324,6;;365,1;332,8;;;;;;
Pittsburgh;;;;;;;;;;;;;;;;;;;;;;395,3;381,2;;332,5;;;320,9;;335,0;375,4;;;;;381,5
Washington;;;;;;;;;;;;;;;;;;;;;;;;;;;;341,4;358,9;;357,9;;;;;
Raleigh;;;;;;;;;;;;;;;;;;;;;;;;;;;;;382,9;338,2;;394,2;381,3;;;432,2
Atlanta;;;;;;;;;;;;;;;;;;;;;;;;;;;;;;;375,6;;381,3;410,1;457,7;410,7
Charleston;;;;;;;;;;;;;;;;;;;;;;;;;;;;;;;368,9;397,8;;396,4;;
Miami;;;;;;;;;;;;;;;;;;;;;;;;;;;;;;;;411,6;378,8;;423,3;
NewOrleans;;;;;;;;;;;;;;;;;;;597,8;;459,9;;;;;;;;;;;376,5;;389,7;;
Nashville;;;;;;;;;;;;;;;;;;;;;504,8;441,2;;;;;;;356,2;;394,2;397,8;;;;
Step_16000;Vancouver;Seattle;Calgary;Portland;Helena;SaltLakeCity;SanFrancisco;LosAngeles;LasVegas;Phoenix;SantaFe;Denver;ElPaso;Winnipeg;Duluth;Omaha;KansasCity;OklahomaCity;Houston;Dallas;LittleRock;SaintLouis;Chicago;SaultStMarie;Toronto;Montreal;Boston;NewYork;Pittsburgh;Washington;Raleigh;Atlanta;Charleston;Miami;NewOrleans;Nashville
Vancouver;;499,3;440,5;;;;;;;;;;;;;;;;;;;;;;;;;;;;;;;;;
Seattle;453,3;;435,7;642,7;510,7;;;;;;;;;;;;;;;;;;;;;;;;;;;;;;;
Calgary;446,2;531,5;;;477,6;;;;;;;;;437,4;;;;;;;;;;;;;;;;;;;;;;
Portland;;546,6;;;;652,8;760,7;;;;;;;;;;;;;;;;;;;;;;;;;;;;;
Helena;;512,8;438,8;;;1011,0;;;;;;579,0;;470,1;389,0;491,9;;;;;;;;;;;;;;;;;;;;
SaltLakeCity;;;;665,9;507,6;;1008,0;;696,7;;;555,4;;;;;;;;;;;;;;;;;;;;;;;;
SanFrancisco;;;;661,3;;603,6;;1003,0;;;;;;;;;;;;;;;;;;;;;;;;;;;;
LosAngeles;;;;;;;1000,0;;1000,0;1000,0;;;1000,0;;;;;;;;;;;;;;;;;;;;;;;
LasVegas;;;;;;585,6;;902,0;;;;;;;;;;;;;;;;;;;;;;;;;;;;
Phoenix;;;;;;;;903,0;;;608,0;524,6;742,5;;;;;;;;;;;;;;;;;;;;;;;
SantaFe;;;;;;;;;;706,7;;562,0;738,4;;;;;609,7;;;;;;;;;;;;;;;;;;
Denver;;;;;535,6;572,2;;;;639,0;657,5;;;;;485,7;467,1;577,8;;;;;;;;;;;;;;;;;;
ElPaso;;;;;;;;906,0;;736,3;647,9;;;;;;;612,2;574,6;610,0;;;;;;;;;;;;;;;;
Winnipeg;;;443,1;;517,8;;;;;;;;;;432,7;;;;;;;;;362,8;;;;;;;;;;;;
Duluth;;;;;516,6;;;;;;;;;432,6;;;;;;;;;398,8;;350,0;;;;;;;;;;;
Omaha;;;;;469,7;;;;;;;549,8;;;;;;;;;;;399,3;;;;;;;;;;;;;
KansasCity;;;;;;;;;;;;527,9;;;;;;;;;;427,7;;;;;;;;;;;;;;
OklahomaCity;;;;;;;;;;;636,2;612,3;720,8;;;;;;;572,0;491,2;;;;;;;;;;;;;;;
Houston;;;;;;;;;;;;;708,3;;;;;;;576,8;;;;;;;;;;;;;;;491,9;
Dallas;;;;;;;;;;;;;711,8;;;;;634,2;607,6;;444,8;;;;;;;;;;;;;;;
LittleRock;;;;;;;;;;;;;;;;;;599,3;;562,1;;445,3;;;;;;;;;;;;;401,6;435,8
SaintLouis;;;;;;;;;;;;;;;;;467,5;;;;457,9;;413,8;;;;;;374,2;;;;;;;395,5
Chicago;;;;;;;;;;;;;;;411,4;486,7;;;;;;408,2;;;356,7;;;;376,9;;;;;;;
SaultStMarie;;;;;;;;;;;;;;429,0;;;;;;;;;;;372,5;303,5;;;;;;;;;;
Toronto;;;;;;;;;;;;;;;396,5;;;;;;;;376,5;372,2;;311,7;;;375,2;;;;;;;
Montreal;;;;;;;;;;;;;;;;;;;;;;;;369,7;354,7;;291,0;334,6;;;;;;;;
Boston;;;;;;;;;;;;;;;;;;;;;;;;;;312,9;;313,3;;;;;;;;
NewYork;;;;;;;;;;;;;;;;;;;;;;;;;;337,5;316,8;;331,6;331,9;;;;;;
Pittsburgh;;;;;;;;;;;;;;;;;;;;;;430,3;395,5;;346,1;;;319,2;;323,5;367,5;;;;;409,1
Washington;;;;;;;;;;;;;;;;;;;;;;;;;;;;330,4;350,2;;362,4;;;;;
Raleigh;;;;;;;;;;;;;;;;;;;;;;;;;;;;;382,9;330,4;;405,0;381,9;;;424,5
Atlanta;;;;;;;;;;;;;;;;;;;;;;;;;;;;;;;380,0;;378,3;396,3;487,8;410,7
Charleston;;;;;;;;;;;;;;;;;;;;;;;;;;;;;;;372,7;424,7;;396,4;;
Miami;;;;;;;;;;;;;;;;;;;;;;;;;;;;;;;;411,6;370,6;;473,4;
NewOrleans;;;;;;;;;;;;;;;;;;;594,1;;432,9;;;;;;;;;;;387,3;;403,4;;
Nashville;;;;;;;;;;;;;;;;;;;;;502,5;429,2;;;;;;;369,2;;382,9;375,1;;;;
Step_20000;Vancouver;Seattle;Calgary;Portland;Helena;SaltLakeCity;SanFrancisco;LosAngeles;LasVegas;Phoenix;SantaFe;Denver;ElPaso;Winnipeg;Duluth;Omaha;KansasCity;OklahomaCity;Houston;Dallas;LittleRock;SaintLouis;Chicago;SaultStMarie;Toronto;Montreal;Boston;NewYork;Pittsburgh;Washington;Raleigh;Atlanta;Charleston;Miami;NewOrleans;Nashville
Vancouver;;523,5;433,1;;;;;;;;;;;;;;;;;;;;;;;;;;;;;;;;;
Seattle;451,3;;431,3;616,7;446,7;;;;;;;;;;;;;;;;;;;;;;;;;;;;;;;
Calgary;437,2;458,5;;;506,0;;;;;;;;;439,9;;;;;;;;;;;;;;;;;;;;;;
Portland;;491,1;;;;569,5;751,8;;;;;;;;;;;;;;;;;;;;;;;;;;;;;
Helena;;507,6;450,0;;;1011,0;;;;;;556,5;;468,2;459,4;504,9;;;;;;;;;;;;;;;;;;;;
SaltLakeCity;;;;617,4;518,8;;1008,0;;710,2;;;544,2;;;;;;;;;;;;;;;;;;;;;;;;
SanFrancisco;;;;579,9;;651,0;;1003,0;;;;;;;;;;;;;;;;;;;;;;;;;;;;
LosAngeles;;;;;;;1000,0;;1000,0;1000,0;;;1000,0;;;;;;;;;;;;;;;;;;;;;;;
LasVegas;;;;;;627,8;;902,0;;;;;;;;;;;;;;;;;;;;;;;;;;;;
Phoenix;;;;;;;;903,0;;;641,9;598,5;763,5;;;;;;;;;;;;;;;;;;;;;;;
SantaFe;;;;;;;;;;714,7;;603,2;687,3;;;;;651,8;;;;;;;;;;;;;;;;;;
Denver;;;;;526,0;596,8;;;;749,0;644,3;;;;;521,1;567,7;593,3;;;;;;;;;;;;;;;;;;
ElPaso;;;;;;;;906,0;;756,7;609,8;;;;;;;590,5;600,3;616,8;;;;;;;;;;;;;;;;
Winnipeg;;;445,3;;499,3;;;;;;;;;;406,2;;;;;;;;;382,4;;;;;;;;;;;;
Duluth;;;;;549,1;;;;;;;;;459,2;;;;;;;;;367,1;;386,2;;;;;;;;;;;
Omaha;;;;;522,8;;;;;;;621,1;;;;;;;;;;;433,3;;;;;;;;;;;;;
KansasCity;;;;;;;;;;;;644,0;;;;;;;;;;425,5;;;;;;;;;;;;;;
OklahomaCity;;;;;;;;;;;624,0;635,1;751,0;;;;;;;628,9;508,6;;;;;;;;;;;;;;;
Houston;;;;;;;;;;;;;733,2;;;;;;;592,2;;;;;;;;;;;;;;;516,0;
Dallas;;;;;;;;;;;;;715,9;;;;;620,0;624,6;;485,1;;;;;;;;;;;;;;;
LittleRock;;;;;;;;;;;;;;;;;;614,3;;538,8;;407,5;;;;;;;;;;;;;438,4;406,9
SaintLouis;;;;;;;;;;;;;;;;;469,1;;;;502,3;;377,9;;;;;;372,4;;;;;;;417,3
Chicago;;;;;;;;;;;;;;;409,7;496,9;;;;;;398,3;;;347,8;;;;354,3;;;;;;;
SaultStMarie;;;;;;;;;;;;;;427,7;;;;;;;;;;;362,7;320,5;;;;;;;;;;
Toronto;;;;;;;;;;;;;;;457,4;;;;;;;;374,3;329,7;;320,9;;;377,3;;;;;;;
Montreal;;;;;;;;;;;;;;;;;;;;;;;;357,9;339,3;;284,9;318,2;;;;;;;;
Boston;;;;;;;;;;;;;;;;;;;;;;;;;;310,1;;314,2;;;;;;;;
NewYork;;;;;;;;;;;;;;;;;;;;;;;;;;330,9;303,0;;345,7;328,6;;;;;;
Pittsburgh;;;;;;;;;;;;;;;;;;;;;;394,1;398,1;;364,9;;;317,3;;313,2;369,6;;;;;396,9
Washington;;;;;;;;;;;;;;;;;;;;;;;;;;;;325,7;350,2;;336,3;;;;;
Raleigh;;;;;;;;;;;;;;;;;;;;;;;;;;;;;372,4;319,3;;390,0;381,6;;;427,0
Atlanta;;;;;;;;;;;;;;;;;;;;;;;;;;;;;;;364,3;;380,9;388,7;440,3;432,9
Charleston;;;;;;;;;;;;;;;;;;;;;;;;;;;;;;;372,7;415,9;;385,2;;
Miami;;;;;;;;;;;;;;;;;;;;;;;;;;;;;;;;395,8;368,1;;463,3;
NewOrleans;;;;;;;;;;;;;;;;;;;648,0;;447,7;;;;;;;;;;;395,3;;386,6;;
Nashville;;;;;;;;;;;;;;;;;;;;;476,1;444,3;;;;;;;370,2;;373,7;385,5;;;;
Step_24000;Vancouver;Seattle;Calgary;Portland;Helena;SaltLakeCity;SanFrancisco;LosAngeles;LasVegas;Phoenix;SantaFe;Denver;ElPaso;Winnipeg;Duluth;Omaha;KansasCity;OklahomaCity;Houston;Dallas;LittleRock;SaintLouis;Chicago;SaultStMarie;Toronto;Montreal;Boston;NewYork;Pittsburgh;Washington;Raleigh;Atlanta;Charleston;Miami;NewOrleans;Nashville
Vancouver;;518,0;471,7;;;;;;;;;;;;;;;;;;;;;;;;;;;;;;;;;
Seattle;454,6;;461,2;564,7;486,1;;;;;;;;;;;;;;;;;;;;;;;;;;;;;;;
Calgary;436,8;516,2;;;480,6;;;;;;;;;422,7;;;;;;;;;;;;;;;;;;;;;;
Portland;;482,3;;;;627,8;678,6;;;;;;;;;;;;;;;;;;;;;;;;;;;;;
Helena;;512,0;470,0;;;977,3;;;;;;568,1;;456,5;464,1;515,5;;;;;;;;;;;;;;;;;;;;
SaltLakeCity;;;;631,3;520,0;;933,0;;689,0;;;593,5;;;;;;;;;;;;;;;;;;;;;;;;
SanFrancisco;;;;636,2;;697,6;;983,0;;;;;;;;;;;;;;;;;;;;;;;;;;;;
LosAngeles;;;;;;;1000,0;;1000,0;1000,0;;;1000,0;;;;;;;;;;;;;;;;;;;;;;;
LasVegas;;;;;;621,8;;902,0;;;;;;;;;;;;;;;;;;;;;;;;;;;;
Phoenix;;;;;;;;903,0;;;623,0;603,1;717,3;;;;;;;;;;;;;;;;;;;;;;;
SantaFe;;;;;;;;;;693,9;;564,7;632,7;;;;;620,5;;;;;;;;;;;;;;;;;;
Denver;;;;;520,7;605,4;;;;725,7;611,4;;;;;433,3;519,7;646,2;;;;;;;;;;;;;;;;;;
ElPaso;;;;;;;;906,0;;739,0;633,2;;;;;;;605,0;541,9;634,6;;;;;;;;;;;;;;;;
Winnipeg;;;464,8;;499,2;;;;;;;;;;475,3;;;;;;;;;339,9;;;;;;;;;;;;
Duluth;;;;;545,8;;;;;;;;;455,7;;;;;;;;;407,2;;357,0;;;;;;;;;;;
Omaha;;;;;536,8;;;;;;;631,9;;;;;;;;;;;410,2;;;;;;;;;;;;;
KansasCity;;;;;;;;;;;;590,9;;;;;;;;;;423,5;;;;;;;;;;;;;;
OklahomaCity;;;;;;;;;;;628,3;598,3;794,4;;;;;;;603,4;482,1;;;;;;;;;;;;;;;
Houston;;;;;;;;;;;;;654,6;;;;;;;592,1;;;;;;;;;;;;;;;458,3;
Dallas;;;;;;;;;;;;;750,4;;;;;607,8;551,0;;509,3;;;;;;;;;;;;;;;
LittleRock;;;;;;;;;;;;;;;;;;530,1;;614,9;;417,0;;;;;;;;;;;;;462,3;397,0
SaintLouis;;;;;;;;;;;;;;;;;476,0;;;;491,9;;430,7;;;;;;377,4;;;;;;;389,5
Chicago;;;;;;;;;;;;;;;428,3;462,3;;;;;;408,2;;;332,3;;;;352,4;;;;;;;
SaultStMarie;;;;;;;;;;;;;;418,7;;;;;;;;;;;364,5;310,9;;;;;;;;;;
Toronto;;;;;;;;;;;;;;;393,4;;;;;;;;393,4;337,7;;323,2;;;328,2;;;;;;;
Montreal;;;;;;;;;;;;;;;;;;;;;;;;370,3;344,8;;281,8;323,3;;;;;;;;
Boston;;;;;;;;;;;;;;;;;;;;;;;;;;297,6;;311,6;;;;;;;;
NewYork;;;;;;;;;;;;;;;;;;;;;;;;;;330,3;293,6;;360,2;313,0;;;;;;
Pittsburgh;;;;;;;;;;;;;;;;;;;;;;402,3;405,8;;376,0;;;308,5;;311,8;354,8;;;;;383,3
Washington;;;;;;;;;;;;;;;;;;;;;;;;;;;;314,8;364,1;;346,8;;;;;
Raleigh;;;;;;;;;;;;;;;;;;;;;;;;;;;;;369,1;319,0;;390,0;370,6;;;380,1
Atlanta;;;;;;;;;;;;;;;;;;;;;;;;;;;;;;;340,1;;378,9;397,6;435,7;399,3
Charleston;;;;;;;;;;;;;;;;;;;;;;;;;;;;;;;372,7;385,2;;385,2;;
Miami;;;;;;;;;;;;;;;;;;;;;;;;;;;;;;;;398,0;368,1;;476,0;
NewOrleans;;;;;;;;;;;;;;;;;;;580,7;;474,8;;;;;;;;;;;364,5;;382,1;;
Nashville;;;;;;;;;;;;;;;;;;;;;462,3;425,8;;;;;;;371,7;;372,4;378,6;;;;
Step_28000;Vancouver;Seattle;Calgary;Portland;Helena;SaltLakeCity;SanFrancisco;LosAngeles;LasVegas;Phoenix;SantaFe;Denver;ElPaso;Winnipeg;Duluth;Omaha;KansasCity;OklahomaCity;Houston;Dallas;LittleRock;SaintLouis;Chicago;SaultStMarie;Toronto;Montreal;Boston;NewYork;Pittsburgh;Washington;Raleigh;Atlanta;Charleston;Miami;NewOrleans;Nashville
Vancouver;;478,1;458,3;;;;;;;;;;;;;;;;;;;;;;;;;;;;;;;;;
Seattle;441,3;;470,5;564,3;454,5;;;;;;;;;;;;;;;;;;;;;;;;;;;;;;;
Calgary;442,6;467,1;;;477,5;;;;;;;;;438,2;;;;;;;;;;;;;;;;;;;;;;
Portland;;496,4;;;;641,4;735,5;;;;;;;;;;;;;;;;;;;;;;;;;;;;;
Helena;;520,7;449,6;;;1011,0;;;;;;545,2;;394,2;448,2;448,8;;;;;;;;;;;;;;;;;;;;
SaltLakeCity;;;;627,9;517,8;;1008,0;;745,1;;;589,8;;;;;;;;;;;;;;;;;;;;;;;;
SanFrancisco;;;;609,0;;679,0;;1003,0;;;;;;;;;;;;;;;;;;;;;;;;;;;;
LosAngeles;;;;;;;1000,0;;1000,0;1000,0;;;1000,0;;;;;;;;;;;;;;;;;;;;;;;
LasVegas;;;;;;644,9;;902,0;;;;;;;;;;;;;;;;;;;;;;;;;;;;
Phoenix;;;;;;;;903,0;;;622,1;589,0;638,2;;;;;;;;;;;;;;;;;;;;;;;
SantaFe;;;;;;;;;;758,1;;561,5;705,0;;;;;636,6;;;;;;;;;;;;;;;;;;
Denver;;;;;543,7;580,7;;;;666,0;630,0;;;;;456,8;487,5;640,3;;;;;;;;;;;;;;;;;;
ElPaso;;;;;;;;906,0;;697,1;630,6;;;;;;;585,5;537,0;573,9;;;;;;;;;;;;;;;;
Winnipeg;;;448,2;;484,7;;;;;;;;;;442,3;;;;;;;;;365,6;;;;;;;;;;;;
Duluth;;;;;570,2;;;;;;;;;421,3;;;;;;;;;409,7;;371,9;;;;;;;;;;;
Omaha;;;;;499,1;;;;;;;508,5;;;;;;;;;;;372,6;;;;;;;;;;;;;
KansasCity;;;;;;;;;;;;512,0;;;;;;;;;;425,0;;;;;;;;;;;;;;
OklahomaCity;;;;;;;;;;;619,2;588,1;765,8;;;;;;;615,6;530,6;;;;;;;;;;;;;;;
Houston;;;;;;;;;;;;;743,5;;;;;;;545,6;;;;;;;;;;;;;;;418,7;
Dallas;;;;;;;;;;;;;741,7;;;;;607,1;558,5;;511,5;;;;;;;;;;;;;;;
LittleRock;;;;;;;;;;;;;;;;;;636,7;;536,6;;433,6;;;;;;;;;;;;;473,0;392,2
SaintLouis;;;;;;;;;;;;;;;;;463,5;;;;486,2;;434,3;;;;;;348,2;;;;;;;400,2
Chicago;;;;;;;;;;;;;;;420,2;465,5;;;;;;423,4;;;381,8;;;;371,6;;;;;;;
SaultStMarie;;;;;;;;;;;;;;420,1;;;;;;;;;;;360,0;330,9;;;;;;;;;;
Toronto;;;;;;;;;;;;;;;396,8;;;;;;;;407,9;349,5;;328,4;;;362,9;;;;;;;
Montreal;;;;;;;;;;;;;;;;;;;;;;;;402,5;358,3;;286,5;314,8;;;;;;;;
Boston;;;;;;;;;;;;;;;;;;;;;;;;;;318,7;;315,9;;;;;;;;
NewYork;;;;;;;;;;;;;;;;;;;;;;;;;;313,2;289,3;;369,6;313,0;;;;;;
Pittsburgh;;;;;;;;;;;;;;;;;;;;;;426,8;425,2;;379,2;;;315,9;;309,3;332,2;;;;;397,6
Washington;;;;;;;;;;;;;;;;;;;;;;;;;;;;321,9;364,1;;349,2;;;;;
Raleigh;;;;;;;;;;;;;;;;;;;;;;;;;;;;;365,3;313,5;;389,9;370,6;;;388,2
Atlanta;;;;;;;;;;;;;;;;;;;;;;;;;;;;;;;326,6;;366,4;388,7;473,1;399,3
Charleston;;;;;;;;;;;;;;;;;;;;;;;;;;;;;;;369,4;393,7;;402,9;;
Miami;;;;;;;;;;;;;;;;;;;;;;;;;;;;;;;;406,2;367,8;;520,4;
NewOrleans;;;;;;;;;;;;;;;;;;;564,0;;482,0;;;;;;;;;;;385,4;;422,0;;
Nashville;;;;;;;;;;;;;;;;;;;;;476,1;425,8;;;;;;;371,2;;370,7;376,6;;;;
Step_32000;Vancouver;Seattle;Calgary;Portland;Helena;SaltLakeCity;SanFrancisco;LosAngeles;LasVegas;Phoenix;SantaFe;Denver;ElPaso;Winnipeg;Duluth;Omaha;KansasCity;OklahomaCity;Houston;Dallas;LittleRock;SaintLouis;Chicago;SaultStMarie;Toronto;Montreal;Boston;NewYork;Pittsburgh;Washington;Raleigh;Atlanta;Charleston;Miami;NewOrleans;Nashville
Vancouver;;503,4;455,0;;;;;;;;;;;;;;;;;;;;;;;;;;;;;;;;;
Seattle;440,3;;430,6;602,3;494,0;;;;;;;;;;;;;;;;;;;;;;;;;;;;;;;
Calgary;438,6;470,4;;;488,8;;;;;;;;;438,0;;;;;;;;;;;;;;;;;;;;;;
Portland;;465,5;;;;663,3;777,7;;;;;;;;;;;;;;;;;;;;;;;;;;;;;
Helena;;531,6;432,7;;;1008,0;;;;;;594,6;;468,4;430,6;515,0;;;;;;;;;;;;;;;;;;;;
SaltLakeCity;;;;622,6;524,7;;792,7;;1005,0;;;642,5;;;;;;;;;;;;;;;;;;;;;;;;
SanFrancisco;;;;576,8;;673,9;;903,0;;;;;;;;;;;;;;;;;;;;;;;;;;;;
LosAngeles;;;;;;;1000,0;;1000,0;1000,0;;;1000,0;;;;;;;;;;;;;;;;;;;;;;;
LasVegas;;;;;;679,2;;1002,0;;;;;;;;;;;;;;;;;;;;;;;;;;;;
Phoenix;;;;;;;;903,0;;;621,0;621,8;733,4;;;;;;;;;;;;;;;;;;;;;;;
SantaFe;;;;;;;;;;722,9;;616,5;616,5;;;;;563,3;;;;;;;;;;;;;;;;;;
Denver;;;;;568,4;622,8;;;;692,4;571,6;;;;;564,9;505,0;545,4;;;;;;;;;;;;;;;;;;
ElPaso;;;;;;;;906,0;;739,0;629,4;;;;;;;558,2;575,9;547,8;;;;;;;;;;;;;;;;
Winnipeg;;;446,6;;512,4;;;;;;;;;;420,7;;;;;;;;;398,2;;;;;;;;;;;;
Duluth;;;;;530,9;;;;;;;;;467,0;;;;;;;;;403,3;;377,2;;;;;;;;;;;
Omaha;;;;;484,3;;;;;;;626,2;;;;;;;;;;;390,1;;;;;;;;;;;;;
KansasCity;;;;;;;;;;;;614,1;;;;;;;;;;412,3;;;;;;;;;;;;;;
OklahomaCity;;;;;;;;;;;587,3;643,0;580,8;;;;;;;575,2;461,8;;;;;;;;;;;;;;;
Houston;;;;;;;;;;;;;726,5;;;;;;;605,3;;;;;;;;;;;;;;;470,9;
Dallas;;;;;;;;;;;;;732,6;;;;;563,1;592,4;;439,3;;;;;;;;;;;;;;;
LittleRock;;;;;;;;;;;;;;;;;;557,7;;592,7;;434,3;;;;;;;;;;;;;488,4;417,3
SaintLouis;;;;;;;;;;;;;;;;;534,4;;;;465,1;;424,0;;;;;;380,8;;;;;;;418,5
Chicago;;;;;;;;;;;;;;;414,3;515,5;;;;;;443,5;;;377,5;;;;337,7;;;;;;;
SaultStMarie;;;;;;;;;;;;;;447,6;;;;;;;;;;;371,1;305,7;;;;;;;;;;
Toronto;;;;;;;;;;;;;;;401,4;;;;;;;;413,7;331,0;;299,1;;;369,2;;;;;;;
Montreal;;;;;;;;;;;;;;;;;;;;;;;;361,4;347,8;;282,4;316,7;;;;;;;;
Boston;;;;;;;;;;;;;;;;;;;;;;;;;;303,5;;302,4;;;;;;;;
NewYork;;;;;;;;;;;;;;;;;;;;;;;;;;298,5;289,5;;356,4;313,3;;;;;;
Pittsburgh;;;;;;;;;;;;;;;;;;;;;;419,7;434,6;;365,1;;;304,8;;307,1;338,8;;;;;405,3
Washington;;;;;;;;;;;;;;;;;;;;;;;;;;;;325,1;346,7;;342,2;;;;;
Raleigh;;;;;;;;;;;;;;;;;;;;;;;;;;;;;377,6;314,0;;379,3;355,8;;;370,8
Atlanta;;;;;;;;;;;;;;;;;;;;;;;;;;;;;;;332,9;;368,2;407,3;480,7;382,0
Charleston;;;;;;;;;;;;;;;;;;;;;;;;;;;;;;;365,5;378,8;;415,1;;
Miami;;;;;;;;;;;;;;;;;;;;;;;;;;;;;;;;414,4;367,8;;498,0;
NewOrleans;;;;;;;;;;;;;;;;;;;585,0;;514,6;;;;;;;;;;;385,3;;426,7;;
Nashville;;;;;;;;;;;;;;;;;;;;;500,5;444,1;;;;;;;376,2;;349,2;399,4;;;;
Step_36000;Vancouver;Seattle;Calgary;Portland;Helena;SaltLakeCity;SanFrancisco;LosAngeles;LasVegas;Phoenix;SantaFe;Denver;ElPaso;Winnipeg;Duluth;Omaha;KansasCity;OklahomaCity;Houston;Dallas;LittleRock;SaintLouis;Chicago;SaultStMarie;Toronto;Montreal;Boston;NewYork;Pittsburgh;Washington;Raleigh;Atlanta;Charleston;Miami;NewOrleans;Nashville
Vancouver;;514,4;457,6;;;;;;;;;;;;;;;;;;;;;;;;;;;;;;;;;
Seattle;435,0;;461,9;660,0;512,9;;;;;;;;;;;;;;;;;;;;;;;;;;;;;;;
Calgary;449,1;512,8;;;460,4;;;;;;;;;446,8;;;;;;;;;;;;;;;;;;;;;;
Portland;;479,3;;;;635,0;772,2;;;;;;;;;;;;;;;;;;;;;;;;;;;;;
Helena;;518,4;445,5;;;1011,0;;;;;;548,0;;439,9;449,0;466,9;;;;;;;;;;;;;;;;;;;;
SaltLakeCity;;;;595,0;540,4;;1008,0;;689,7;;;597,7;;;;;;;;;;;;;;;;;;;;;;;;
SanFrancisco;;;;600,6;;644,5;;983,0;;;;;;;;;;;;;;;;;;;;;;;;;;;;
LosAngeles;;;;;;;1000,0;;1000,0;1000,0;;;1000,0;;;;;;;;;;;;;;;;;;;;;;;
LasVegas;;;;;;635,4;;902,0;;;;;;;;;;;;;;;;;;;;;;;;;;;;
Phoenix;;;;;;;;903,0;;;637,0;600,7;735,2;;;;;;;;;;;;;;;;;;;;;;;
SantaFe;;;;;;;;;;741,6;;612,7;632,2;;;;;516,0;;;;;;;;;;;;;;;;;;
Denver;;;;;479,9;638,3;;;;728,8;612,3;;;;;445,8;496,0;516,0;;;;;;;;;;;;;;;;;;
ElPaso;;;;;;;;906,0;;696,7;615,4;;;;;;;543,3;621,9;618,5;;;;;;;;;;;;;;;;
Winnipeg;;;458,8;;513,3;;;;;;;;;;425,6;;;;;;;;;379,0;;;;;;;;;;;;
Duluth;;;;;543,8;;;;;;;;;422,0;;;;;;;;;401,7;;379,7;;;;;;;;;;;
Omaha;;;;;441,2;;;;;;;567,6;;;;;;;;;;;402,1;;;;;;;;;;;;;
KansasCity;;;;;;;;;;;;655,5;;;;;;;;;;425,5;;;;;;;;;;;;;;
OklahomaCity;;;;;;;;;;;629,0;573,0;580,1;;;;;;;604,7;491,6;;;;;;;;;;;;;;;
Houston;;;;;;;;;;;;;691,4;;;;;;;635,0;;;;;;;;;;;;;;;462,0;
Dallas;;;;;;;;;;;;;715,9;;;;;547,1;591,5;;489,0;;;;;;;;;;;;;;;
LittleRock;;;;;;;;;;;;;;;;;;542,8;;581,4;;434,1;;;;;;;;;;;;;457,2;413,0
SaintLouis;;;;;;;;;;;;;;;;;474,9;;;;479,0;;418,9;;;;;;370,2;;;;;;;401,4
Chicago;;;;;;;;;;;;;;;390,6;489,2;;;;;;422,7;;;374,3;;;;365,8;;;;;;;
SaultStMarie;;;;;;;;;;;;;;463,1;;;;;;;;;;;362,5;323,6;;;;;;;;;;
Toronto;;;;;;;;;;;;;;;410,1;;;;;;;;425,5;384,4;;313,9;;;377,9;;;;;;;
Montreal;;;;;;;;;;;;;;;;;;;;;;;;357,8;372,3;;280,5;324,9;;;;;;;;
Boston;;;;;;;;;;;;;;;;;;;;;;;;;;307,5;;312,4;;;;;;;;
NewYork;;;;;;;;;;;;;;;;;;;;;;;;;;298,5;281,6;;355,5;313,3;;;;;;
Pittsburgh;;;;;;;;;;;;;;;;;;;;;;419,7;389,9;;371,6;;;299,5;;308,7;341,4;;;;;383,8
Washington;;;;;;;;;;;;;;;;;;;;;;;;;;;;325,1;343,1;;340,6;;;;;
Raleigh;;;;;;;;;;;;;;;;;;;;;;;;;;;;;354,2;314,0;;369,0;355,8;;;390,9
Atlanta;;;;;;;;;;;;;;;;;;;;;;;;;;;;;;;339,2;;371,5;423,9;476,9;382,0
Charleston;;;;;;;;;;;;;;;;;;;;;;;;;;;;;;;362,0;378,8;;416,2;;
Miami;;;;;;;;;;;;;;;;;;;;;;;;;;;;;;;;414,4;362,0;;450,4;
NewOrleans;;;;;;;;;;;;;;;;;;;587,1;;499,3;;;;;;;;;;;370,8;;400,0;;
Nashville;;;;;;;;;;;;;;;;;;;;;484,1;423,4;;;;;;;377,3;;343,7;384,7;;;;
Step_40000;Vancouver;Seattle;Calgary;Portland;Helena;SaltLakeCity;SanFrancisco;LosAngeles;LasVegas;Phoenix;SantaFe;Denver;ElPaso;Winnipeg;Duluth;Omaha;KansasCity;OklahomaCity;Houston;Dallas;LittleRock;SaintLouis;Chicago;SaultStMarie;Toronto;Montreal;Boston;NewYork;Pittsburgh;Washington;Raleigh;Atlanta;Charleston;Miami;NewOrleans;Nashville
Vancouver;;500,1;461,4;;;;;;;;;;;;;;;;;;;;;;;;;;;;;;;;;
Seattle;438,7;;456,4;585,5;523,6;;;;;;;;;;;;;;;;;;;;;;;;;;;;;;;
Calgary;446,3;466,7;;;540,8;;;;;;;;;439,8;;;;;;;;;;;;;;;;;;;;;;
Portland;;490,4;;;;609,8;763,0;;;;;;;;;;;;;;;;;;;;;;;;;;;;;
Helena;;479,4;465,0;;;916,5;;;;;;566,1;;457,7;430,1;507,1;;;;;;;;;;;;;;;;;;;;
SaltLakeCity;;;;608,1;543,8;;746,0;;1005,0;;;542,9;;;;;;;;;;;;;;;;;;;;;;;;
SanFrancisco;;;;652,6;;634,1;;903,0;;;;;;;;;;;;;;;;;;;;;;;;;;;;
LosAngeles;;;;;;;1000,0;;1000,0;1000,0;;;1000,0;;;;;;;;;;;;;;;;;;;;;;;
LasVegas;;;;;;650,9;;1002,0;;;;;;;;;;;;;;;;;;;;;;;;;;;;
Phoenix;;;;;;;;903,0;;;622,7;545,3;738,3;;;;;;;;;;;;;;;;;;;;;;;
SantaFe;;;;;;;;;;763,1;;586,3;673,9;;;;;626,8;;;;;;;;;;;;;;;;;;
Denver;;;;;499,1;582,9;;;;597,0;589,5;;;;;533,0;507,3;607,4;;;;;;;;;;;;;;;;;;
ElPaso;;;;;;;;906,0;;709,1;620,5;;;;;;;578,1;620,0;597,5;;;;;;;;;;;;;;;;
Winnipeg;;;450,2;;549,7;;;;;;;;;;381,1;;;;;;;;;360,2;;;;;;;;;;;;
Duluth;;;;;568,3;;;;;;;;;405,0;;;;;;;;;384,1;;345,1;;;;;;;;;;;
Omaha;;;;;563,1;;;;;;;561,2;;;;;;;;;;;403,9;;;;;;;;;;;;;
KansasCity;;;;;;;;;;;;576,0;;;;;;;;;;410,0;;;;;;;;;;;;;;
OklahomaCity;;;;;;;;;;;609,8;569,4;760,2;;;;;;;591,9;449,2;;;;;;;;;;;;;;;
Houston;;;;;;;;;;;;;746,7;;;;;;;601,7;;;;;;;;;;;;;;;493,0;
Dallas;;;;;;;;;;;;;696,5;;;;;627,2;613,1;;521,4;;;;;;;;;;;;;;;
LittleRock;;;;;;;;;;;;;;;;;;577,6;;645,8;;447,1;;;;;;;;;;;;;451,9;410,6
SaintLouis;;;;;;;;;;;;;;;;;532,0;;;;440,0;;410,5;;;;;;394,2;;;;;;;410,2
Chicago;;;;;;;;;;;;;;;427,8;529,1;;;;;;442,4;;;366,4;;;;364,1;;;;;;;
SaultStMarie;;;;;;;;;;;;;;423,6;;;;;;;;;;;361,8;331,4;;;;;;;;;;
Toronto;;;;;;;;;;;;;;;430,0;;;;;;;;400,2;352,8;;306,7;;;364,9;;;;;;;
Montreal;;;;;;;;;;;;;;;;;;;;;;;;351,6;361,1;;280,8;326,0;;;;;;;;
Boston;;;;;;;;;;;;;;;;;;;;;;;;;;300,3;;318,9;;;;;;;;
NewYork;;;;;;;;;;;;;;;;;;;;;;;;;;317,5;281,5;;373,1;310,0;;;;;;
Pittsburgh;;;;;;;;;;;;;;;;;;;;;;457,8;412,0;;379,3;;;302,8;;312,7;354,2;;;;;391,3
Washington;;;;;;;;;;;;;;;;;;;;;;;;;;;;317,2;338,5;;362,4;;;;;
Raleigh;;;;;;;;;;;;;;;;;;;;;;;;;;;;;354,2;312,5;;369,0;355,8;;;416,2
Atlanta;;;;;;;;;;;;;;;;;;;;;;;;;;;;;;;348,8;;369,5;430,5;478,1;386,2
Charleston;;;;;;;;;;;;;;;;;;;;;;;;;;;;;;;362,0;378,8;;399,6;;
Miami;;;;;;;;;;;;;;;;;;;;;;;;;;;;;;;;420,8;365,7;;487,4;
NewOrleans;;;;;;;;;;;;;;;;;;;633,0;;485,8;;;;;;;;;;;359,9;;419,5;;
Nashville;;;;;;;;;;;;;;;;;;;;;548,7;435,8;;;;;;;356,5;;367,3;362,3;;;;
Step_4000;Vancouver;Seattle;Calgary;Portland;Helena;SaltLakeCity;SanFrancisco;LosAngeles;LasVegas;Phoenix;SantaFe;Denver;ElPaso;Winnipeg;Duluth;Omaha;KansasCity;OklahomaCity;Houston;Dallas;LittleRock;SaintLouis;Chicago;SaultStMarie;Toronto;Montreal;Boston;NewYork;Pittsburgh;Washington;Raleigh;Atlanta;Charleston;Miami;NewOrleans;Nashville
Vancouver;;489,8;440,2;;;;;;;;;;;;;;;;;;;;;;;;;;;;;;;;;
Seattle;450,7;;464,4;654,6;463,3;;;;;;;;;;;;;;;;;;;;;;;;;;;;;;;
Calgary;438,6;511,2;;;529,4;;;;;;;;;430,9;;;;;;;;;;;;;;;;;;;;;;
Portland;;543,0;;;;677,4;761,3;;;;;;;;;;;;;;;;;;;;;;;;;;;;;
Helena;;503,5;451,1;;;916,2;;;;;;595,8;;442,8;447,1;462,2;;;;;;;;;;;;;;;;;;;;
SaltLakeCity;;;;638,7;606,8;;732,5;;981,4;;;596,0;;;;;;;;;;;;;;;;;;;;;;;;
SanFrancisco;;;;607,2;;669,8;;903,0;;;;;;;;;;;;;;;;;;;;;;;;;;;;
LosAngeles;;;;;;;1000,0;;1000,0;1000,0;;;1000,0;;;;;;;;;;;;;;;;;;;;;;;
LasVegas;;;;;;632,2;;982,0;;;;;;;;;;;;;;;;;;;;;;;;;;;;
Phoenix;;;;;;;;903,0;;;612,5;604,3;751,9;;;;;;;;;;;;;;;;;;;;;;;
SantaFe;;;;;;;;;;655,3;;583,2;671,7;;;;;572,5;;;;;;;;;;;;;;;;;;
Denver;;;;;550,6;627,8;;;;659,3;621,0;;;;;505,7;522,1;545,3;;;;;;;;;;;;;;;;;;
ElPaso;;;;;;;;906,0;;696,7;597,0;;;;;;;535,6;586,1;600,3;;;;;;;;;;;;;;;;
Winnipeg;;;469,6;;478,8;;;;;;;;;;421,5;;;;;;;;;377,9;;;;;;;;;;;;
Duluth;;;;;516,4;;;;;;;;;442,9;;;;;;;;;396,2;;391,8;;;;;;;;;;;
Omaha;;;;;551,9;;;;;;;603,1;;;;;;;;;;;385,1;;;;;;;;;;;;;
KansasCity;;;;;;;;;;;;555,2;;;;;;;;;;444,4;;;;;;;;;;;;;;
OklahomaCity;;;;;;;;;;;621,1;598,3;748,1;;;;;;;544,4;464,8;;;;;;;;;;;;;;;
Houston;;;;;;;;;;;;;711,7;;;;;;;592,1;;;;;;;;;;;;;;;467,8;
Dallas;;;;;;;;;;;;;717,8;;;;;590,4;567,5;;454,9;;;;;;;;;;;;;;;
LittleRock;;;;;;;;;;;;;;;;;;548,0;;597,8;;401,2;;;;;;;;;;;;;460,1;390,4
SaintLouis;;;;;;;;;;;;;;;;;533,5;;;;464,4;;398,7;;;;;;352,8;;;;;;;384,0
Chicago;;;;;;;;;;;;;;;428,0;470,6;;;;;;437,8;;;386,1;;;;362,6;;;;;;;
SaultStMarie;;;;;;;;;;;;;;406,3;;;;;;;;;;;375,1;339,9;;;;;;;;;;
Toronto;;;;;;;;;;;;;;;444,1;;;;;;;;363,4;349,9;;333,7;;;350,9;;;;;;;
Montreal;;;;;;;;;;;;;;;;;;;;;;;;368,5;355,2;;344,2;347,6;;;;;;;;
Boston;;;;;;;;;;;;;;;;;;;;;;;;;;350,5;;354,2;;;;;;;;
NewYork;;;;;;;;;;;;;;;;;;;;;;;;;;357,5;347,2;;354,2;352,9;;;;;;
Pittsburgh;;;;;;;;;;;;;;;;;;;;;;416,3;387,9;;344,7;;;348,4;;361,8;365,2;;;;;380,5
Washington;;;;;;;;;;;;;;;;;;;;;;;;;;;;357,8;370,9;;365,4;;;;;
Raleigh;;;;;;;;;;;;;;;;;;;;;;;;;;;;;376,1;359,3;;394,4;388,5;;;398,3
Atlanta;;;;;;;;;;;;;;;;;;;;;;;;;;;;;;;373,2;;438,5;427,8;448,7;418,6
Charleston;;;;;;;;;;;;;;;;;;;;;;;;;;;;;;;399,8;422,3;;420,0;;
Miami;;;;;;;;;;;;;;;;;;;;;;;;;;;;;;;;435,9;414,9;;459,9;
NewOrleans;;;;;;;;;;;;;;;;;;;580,8;;441,0;;;;;;;;;;;417,3;;435,5;;
Nashville;;;;;;;;;;;;;;;;;;;;;471,7;417,2;;;;;;;375,4;;395,6;391,9;;;;
Step_8000;Vancouver;Seattle;Calgary;Portland;Helena;SaltLakeCity;SanFrancisco;LosAngeles;LasVegas;Phoenix;SantaFe;Denver;ElPaso;Winnipeg;Duluth;Omaha;KansasCity;OklahomaCity;Houston;Dallas;LittleRock;SaintLouis;Chicago;SaultStMarie;Toronto;Montreal;Boston;NewYork;Pittsburgh;Washington;Raleigh;Atlanta;Charleston;Miami;NewOrleans;Nashville
Vancouver;;496,8;459,0;;;;;;;;;;;;;;;;;;;;;;;;;;;;;;;;;
Seattle;437,2;;445,0;612,7;532,0;;;;;;;;;;;;;;;;;;;;;;;;;;;;;;;
Calgary;464,5;535,9;;;491,7;;;;;;;;;417,3;;;;;;;;;;;;;;;;;;;;;;
Portland;;547,3;;;;636,4;790,9;;;;;;;;;;;;;;;;;;;;;;;;;;;;;
Helena;;505,7;461,1;;;1008,0;;;;;;606,1;;448,5;448,3;467,2;;;;;;;;;;;;;;;;;;;;
SaltLakeCity;;;;643,8;502,9;;648,6;;1005,0;;;593,0;;;;;;;;;;;;;;;;;;;;;;;;
SanFrancisco;;;;606,4;;600,2;;903,0;;;;;;;;;;;;;;;;;;;;;;;;;;;;
LosAngeles;;;;;;;1000,0;;1000,0;1000,0;;;1000,0;;;;;;;;;;;;;;;;;;;;;;;
LasVegas;;;;;;634,6;;1002,0;;;;;;;;;;;;;;;;;;;;;;;;;;;;
Phoenix;;;;;;;;903,0;;;600,8;595,6;700,7;;;;;;;;;;;;;;;;;;;;;;;
SantaFe;;;;;;;;;;640,1;;523,7;718,6;;;;;570,5;;;;;;;;;;;;;;;;;;
Denver;;;;;498,2;659,3;;;;656,8;586,9;;;;;478,2;480,1;580,2;;;;;;;;;;;;;;;;;;
ElPaso;;;;;;;;906,0;;773,9;601,1;;;;;;;630,5;586,7;551,7;;;;;;;;;;;;;;;;
Winnipeg;;;458,3;;513,8;;;;;;;;;;440,3;;;;;;;;;358,1;;;;;;;;;;;;
Duluth;;;;;497,5;;;;;;;;;457,4;;;;;;;;;415,6;;386,8;;;;;;;;;;;
Omaha;;;;;507,3;;;;;;;583,8;;;;;;;;;;;401,6;;;;;;;;;;;;;
KansasCity;;;;;;;;;;;;608,4;;;;;;;;;;401,9;;;;;;;;;;;;;;
OklahomaCity;;;;;;;;;;;606,6;572,4;672,5;;;;;;;518,6;480,4;;;;;;;;;;;;;;;
Houston;;;;;;;;;;;;;689,8;;;;;;;568,5;;;;;;;;;;;;;;;453,1;
Dallas;;;;;;;;;;;;;631,4;;;;;530,9;556,4;;483,7;;;;;;;;;;;;;;;
LittleRock;;;;;;;;;;;;;;;;;;558,5;;561,5;;371,8;;;;;;;;;;;;;477,6;409,0
SaintLouis;;;;;;;;;;;;;;;;;486,5;;;;506,9;;412,6;;;;;;330,4;;;;;;;418,8
Chicago;;;;;;;;;;;;;;;405,7;479,9;;;;;;418,8;;;382,3;;;;357,8;;;;;;;
SaultStMarie;;;;;;;;;;;;;;401,9;;;;;;;;;;;375,8;338,0;;;;;;;;;;
Toronto;;;;;;;;;;;;;;;410,3;;;;;;;;437,8;383,1;;328,5;;;363,5;;;;;;;
Montreal;;;;;;;;;;;;;;;;;;;;;;;;383,3;354,1;;318,8;331,1;;;;;;;;
Boston;;;;;;;;;;;;;;;;;;;;;;;;;;340,1;;337,7;;;;;;;;
NewYork;;;;;;;;;;;;;;;;;;;;;;;;;;340,7;334,7;;362,5;340,6;;;;;;
Pittsburgh;;;;;;;;;;;;;;;;;;;;;;426,5;397,3;;351,5;;;325,9;;333,7;362,4;;;;;359,9
Washington;;;;;;;;;;;;;;;;;;;;;;;;;;;;341,3;356,6;;359,7;;;;;
Raleigh;;;;;;;;;;;;;;;;;;;;;;;;;;;;;376,1;353,1;;405,5;386,6;;;386,6
Atlanta;;;;;;;;;;;;;;;;;;;;;;;;;;;;;;;362,5;;427,2;427,8;470,1;401,5
Charleston;;;;;;;;;;;;;;;;;;;;;;;;;;;;;;;399,8;414,6;;427,0;;
Miami;;;;;;;;;;;;;;;;;;;;;;;;;;;;;;;;425,1;403,5;;479,1;
NewOrleans;;;;;;;;;;;;;;;;;;;541,6;;485,4;;;;;;;;;;;392,3;;402,7;;
Nashville;;;;;;;;;;;;;;;;;;;;;497,1;423,8;;;;;;;359,6;;385,8;403,2;;;;
Step_12000;Vancouver;Seattle;Calgary;Portland;Helena;SaltLakeCity;SanFrancisco;LosAngeles;LasVegas;Phoenix;SantaFe;Denver;ElPaso;Winnipeg;Duluth;Omaha;KansasCity;OklahomaCity;Houston;Dallas;LittleRock;SaintLouis;Chicago;SaultStMarie;Toronto;Montreal;Boston;NewYork;Pittsburgh;Washington;Raleigh;Atlanta;Charleston;Miami;NewOrleans;Nashville
Vancouver;;540,9;448,3;;;;;;;;;;;;;;;;;;;;;;;;;;;;;;;;;
Seattle;467,2;;443,3;661,4;486,8;;;;;;;;;;;;;;;;;;;;;;;;;;;;;;;
Calgary;475,4;514,5;;;532,3;;;;;;;;;435,1;;;;;;;;;;;;;;;;;;;;;;
Portland;;535,9;;;;650,5;726,6;;;;;;;;;;;;;;;;;;;;;;;;;;;;;
Helena;;522,4;483,1;;;986,6;;;;;;571,3;;426,9;453,5;523,2;;;;;;;;;;;;;;;;;;;;
SaltLakeCity;;;;643,5;542,4;;984,3;;717,8;;;575,9;;;;;;;;;;;;;;;;;;;;;;;;
SanFrancisco;;;;670,6;;682,6;;983,0;;;;;;;;;;;;;;;;;;;;;;;;;;;;
LosAngeles;;;;;;;1000,0;;1000,0;1000,0;;;1000,0;;;;;;;;;;;;;;;;;;;;;;;
LasVegas;;;;;;639,5;;902,0;;;;;;;;;;;;;;;;;;;;;;;;;;;;
Phoenix;;;;;;;;903,0;;;586,6;560,3;661,9;;;;;;;;;;;;;;;;;;;;;;;
SantaFe;;;;;;;;;;682,7;;528,2;739,6;;;;;596,5;;;;;;;;;;;;;;;;;;
Denver;;;;;512,3;615,3;;;;661,2;596,8;;;;;463,4;474,1;605,1;;;;;;;;;;;;;;;;;;
ElPaso;;;;;;;;906,0;;771,5;584,2;;;;;;;614,9;627,2;562,5;;;;;;;;;;;;;;;;
Winnipeg;;;452,1;;490,9;;;;;;;;;;467,0;;;;;;;;;361,2;;;;;;;;;;;;
Duluth;;;;;498,6;;;;;;;;;424,2;;;;;;;;;403,9;;364,9;;;;;;;;;;;
Omaha;;;;;532,1;;;;;;;607,4;;;;;;;;;;;392,6;;;;;;;;;;;;;
KansasCity;;;;;;;;;;;;568,6;;;;;;;;;;385,4;;;;;;;;;;;;;;
OklahomaCity;;;;;;;;;;;628,7;554,6;694,7;;;;;;;571,4;490,7;;;;;;;;;;;;;;;
Houston;;;;;;;;;;;;;790,5;;;;;;;565,7;;;;;;;;;;;;;;;451,6;
Dallas;;;;;;;;;;;;;674,3;;;;;572,4;577,1;;531,4;;;;;;;;;;;;;;;
LittleRock;;;;;;;;;;;;;;;;;;659,3;;593,5;;390,8;;;;;;;;;;;;;427,9;437,4
SaintLouis;;;;;;;;;;;;;;;;;432,8;;;;460,4;;443,1;;;;;;349,0;;;;;;;400,1
Chicago;;;;;;;;;;;;;;;440,6;531,0;;;;;;400,2;;;375,5;;;;362,4;;;;;;;
SaultStMarie;;;;;;;;;;;;;;432,3;;;;;;;;;;;388,2;316,4;;;;;;;;;;
Toronto;;;;;;;;;;;;;;;421,6;;;;;;;;396,6;385,3;;318,1;;;328,1;;;;;;;
Montreal;;;;;;;;;;;;;;;;;;;;;;;;373,4;349,7;;297,7;319,2;;;;;;;;
Boston;;;;;;;;;;;;;;;;;;;;;;;;;;321,8;;320,2;;;;;;;;
NewYork;;;;;;;;;;;;;;;;;;;;;;;;;;320,5;321,4;;345,9;326,1;;;;;;
Pittsburgh;;;;;;;;;;;;;;;;;;;;;;379,4;381,8;;349,7;;;311,1;;320,3;356,8;;;;;367,4
Washington;;;;;;;;;;;;;;;;;;;;;;;;;;;;333,0;336,0;;351,5;;;;;
Raleigh;;;;;;;;;;;;;;;;;;;;;;;;;;;;;376,1;341,9;;381,8;373,4;;;404,8
Atlanta;;;;;;;;;;;;;;;;;;;;;;;;;;;;;;;356,9;;418,4;414,8;495,5;389,4
Charleston;;;;;;;;;;;;;;;;;;;;;;;;;;;;;;;381,5;424,6;;426,6;;
Miami;;;;;;;;;;;;;;;;;;;;;;;;;;;;;;;;435,7;387,6;;481,6;
NewOrleans;;;;;;;;;;;;;;;;;;;592,7;;532,4;;;;;;;;;;;397,6;;400,2;;
Nashville;;;;;;;;;;;;;;;;;;;;;486,3;431,5;;;;;;;369,9;;378,6;445,5;;;;
Step_16000;Vancouver;Seattle;Calgary;Portland;Helena;SaltLakeCity;SanFrancisco;LosAngeles;LasVegas;Phoenix;SantaFe;Denver;ElPaso;Winnipeg;Duluth;Omaha;KansasCity;OklahomaCity;Houston;Dallas;LittleRock;SaintLouis;Chicago;SaultStMarie;Toronto;Montreal;Boston;NewYork;Pittsburgh;Washington;Raleigh;Atlanta;Charleston;Miami;NewOrleans;Nashville
Vancouver;;548,0;452,5;;;;;;;;;;;;;;;;;;;;;;;;;;;;;;;;;
Seattle;471,2;;442,7;641,7;522,6;;;;;;;;;;;;;;;;;;;;;;;;;;;;;;;
Calgary;466,0;517,5;;;550,6;;;;;;;;;423,4;;;;;;;;;;;;;;;;;;;;;;
Portland;;516,0;;;;623,3;717,1;;;;;;;;;;;;;;;;;;;;;;;;;;;;;
Helena;;559,5;459,4;;;974,1;;;;;;577,7;;413,3;438,6;504,9;;;;;;;;;;;;;;;;;;;;
SaltLakeCity;;;;657,4;537,4;;713,1;;928,1;;;573,1;;;;;;;;;;;;;;;;;;;;;;;;
SanFrancisco;;;;599,7;;653,5;;903,0;;;;;;;;;;;;;;;;;;;;;;;;;;;;
LosAngeles;;;;;;;1000,0;;1000,0;1000,0;;;1000,0;;;;;;;;;;;;;;;;;;;;;;;
LasVegas;;;;;;686,3;;982,0;;;;;;;;;;;;;;;;;;;;;;;;;;;;
Phoenix;;;;;;;;903,0;;;636,1;548,1;735,5;;;;;;;;;;;;;;;;;;;;;;;
SantaFe;;;;;;;;;;745,8;;563,2;765,8;;;;;637,1;;;;;;;;;;;;;;;;;;
Denver;;;;;531,7;646,4;;;;686,8;616,5;;;;;465,5;521,1;585,5;;;;;;;;;;;;;;;;;;
ElPaso;;;;;;;;906,0;;767,6;642,4;;;;;;;604,5;575,7;555,8;;;;;;;;;;;;;;;;
Winnipeg;;;449,9;;468,4;;;;;;;;;;462,2;;;;;;;;;350,2;;;;;;;;;;;;
Duluth;;;;;517,0;;;;;;;;;433,6;;;;;;;;;416,6;;376,8;;;;;;;;;;;
Omaha;;;;;538,7;;;;;;;587,9;;;;;;;;;;;429,5;;;;;;;;;;;;;
KansasCity;;;;;;;;;;;;579,3;;;;;;;;;;411,9;;;;;;;;;;;;;;
OklahomaCity;;;;;;;;;;;662,5;568,1;680,5;;;;;;;544,9;487,9;;;;;;;;;;;;;;;
Houston;;;;;;;;;;;;;740,3;;;;;;;604,3;;;;;;;;;;;;;;;509,2;
Dallas;;;;;;;;;;;;;703,3;;;;;596,0;614,8;;482,0;;;;;;;;;;;;;;;
LittleRock;;;;;;;;;;;;;;;;;;505,2;;595,6;;422,7;;;;;;;;;;;;;466,6;416,2
SaintLouis;;;;;;;;;;;;;;;;;514,7;;;;469,1;;404,7;;;;;;356,7;;;;;;;384,5
Chicago;;;;;;;;;;;;;;;460,5;467,9;;;;;;422,6;;;387,3;;;;369,4;;;;;;;
SaultStMarie;;;;;;;;;;;;;;411,9;;;;;;;;;;;364,7;299,9;;;;;;;;;;
Toronto;;;;;;;;;;;;;;;443,4;;;;;;;;404,4;337,3;;319,3;;;333,2;;;;;;;
Montreal;;;;;;;;;;;;;;;;;;;;;;;;335,0;356,1;;288,9;314,6;;;;;;;;
Boston;;;;;;;;;;;;;;;;;;;;;;;;;;314,2;;310,6;;;;;;;;
NewYork;;;;;;;;;;;;;;;;;;;;;;;;;;323,3;314,3;;359,1;320,5;;;;;;
Pittsburgh;;;;;;;;;;;;;;;;;;;;;;396,2;417,3;;370,4;;;310,6;;315,7;358,1;;;;;396,5
Washington;;;;;;;;;;;;;;;;;;;;;;;;;;;;327,2;336,0;;354,9;;;;;
Raleigh;;;;;;;;;;;;;;;;;;;;;;;;;;;;;372,4;341,9;;390,0;370,9;;;425,7
Atlanta;;;;;;;;;;;;;;;;;;;;;;;;;;;;;;;352,1;;418,4;407,5;458,2;380,2
Charleston;;;;;;;;;;;;;;;;;;;;;;;;;;;;;;;381,5;426,5;;399,8;;
Miami;;;;;;;;;;;;;;;;;;;;;;;;;;;;;;;;408,7;386,8;;465,9;
NewOrleans;;;;;;;;;;;;;;;;;;;592,6;;509,1;;;;;;;;;;;386,8;;398,4;;
Nashville;;;;;;;;;;;;;;;;;;;;;477,4;425,5;;;;;;;342,9;;371,5;428,8;;;;
Step_20000;Vancouver;Seattle;Calgary;Portland;Helena;SaltLakeCity;SanFrancisco;LosAngeles;LasVegas;Phoenix;SantaFe;Denver;ElPaso;Winnipeg;Duluth;Omaha;KansasCity;OklahomaCity;Houston;Dallas;LittleRock;SaintLouis;Chicago;SaultStMarie;Toronto;Montreal;Boston;NewYork;Pittsburgh;Washington;Raleigh;Atlanta;Charleston;Miami;NewOrleans;Nashville
Vancouver;;497,0;414,2;;;;;;;;;;;;;;;;;;;;;;;;;;;;;;;;;
Seattle;412,4;;430,7;592,0;508,1;;;;;;;;;;;;;;;;;;;;;;;;;;;;;;;
Calgary;420,7;460,6;;;454,6;;;;;;;;;429,5;;;;;;;;;;;;;;;;;;;;;;
Portland;;487,4;;;;622,7;783,0;;;;;;;;;;;;;;;;;;;;;;;;;;;;;
Helena;;487,9;425,6;;;935,3;;;;;;557,6;;439,0;421,3;494,8;;;;;;;;;;;;;;;;;;;;
SaltLakeCity;;;;621,1;522,5;;712,5;;1005,0;;;628,6;;;;;;;;;;;;;;;;;;;;;;;;
SanFrancisco;;;;662,8;;666,4;;903,0;;;;;;;;;;;;;;;;;;;;;;;;;;;;
LosAngeles;;;;;;;1000,0;;1000,0;1000,0;;;1000,0;;;;;;;;;;;;;;;;;;;;;;;
LasVegas;;;;;;628,4;;1002,0;;;;;;;;;;;;;;;;;;;;;;;;;;;;
Phoenix;;;;;;;;903,0;;;590,1;606,2;703,7;;;;;;;;;;;;;;;;;;;;;;;
SantaFe;;;;;;;;;;679,9;;617,5;617,6;;;;;631,3;;;;;;;;;;;;;;;;;;
Denver;;;;;506,4;636,4;;;;694,4;590,7;;;;;495,4;512,3;629,8;;;;;;;;;;;;;;;;;;
ElPaso;;;;;;;;906,0;;785,6;576,9;;;;;;;626,6;584,9;581,9;;;;;;;;;;;;;;;;
Winnipeg;;;435,3;;475,9;;;;;;;;;;409,8;;;;;;;;;378,8;;;;;;;;;;;;
Duluth;;;;;528,1;;;;;;;;;436,3;;;;;;;;;421,2;;364,1;;;;;;;;;;;
Omaha;;;;;519,0;;;;;;;578,6;;;;;;;;;;;405,5;;;;;;;;;;;;;
KansasCity;;;;;;;;;;;;633,5;;;;;;;;;;452,0;;;;;;;;;;;;;;
OklahomaCity;;;;;;;;;;;620,1;609,2;738,9;;;;;;;530,2;474,3;;;;;;;;;;;;;;;
Houston;;;;;;;;;;;;;718,2;;;;;;;586,0;;;;;;;;;;;;;;;488,7;
Dallas;;;;;;;;;;;;;680,1;;;;;545,1;583,1;;535,1;;;;;;;;;;;;;;;
LittleRock;;;;;;;;;;;;;;;;;;585,8;;581,8;;455,5;;;;;;;;;;;;;446,4;416,9
SaintLouis;;;;;;;;;;;;;;;;;553,3;;;;508,4;;435,7;;;;;;353,6;;;;;;;392,6
Chicago;;;;;;;;;;;;;;;439,0;537,6;;;;;;439,9;;;346,9;;;;397,4;;;;;;;
SaultStMarie;;;;;;;;;;;;;;454,0;;;;;;;;;;;366,4;310,3;;;;;;;;;;
Toronto;;;;;;;;;;;;;;;439,5;;;;;;;;396,5;347,4;;310,8;;;379,9;;;;;;;
Montreal;;;;;;;;;;;;;;;;;;;;;;;;353,9;362,5;;271,8;307,2;;;;;;;;
Boston;;;;;;;;;;;;;;;;;;;;;;;;;;288,1;;290,4;;;;;;;;
NewYork;;;;;;;;;;;;;;;;;;;;;;;;;;330,6;288,2;;363,6;323,8;;;;;;
Pittsburgh;;;;;;;;;;;;;;;;;;;;;;479,7;396,7;;366,5;;;299,0;;319,9;348,9;;;;;408,6
Washington;;;;;;;;;;;;;;;;;;;;;;;;;;;;317,2;357,0;;355,7;;;;;
Raleigh;;;;;;;;;;;;;;;;;;;;;;;;;;;;;357,4;335,8;;398,8;373,0;;;417,9
Atlanta;;;;;;;;;;;;;;;;;;;;;;;;;;;;;;;342,7;;418,4;396,1;485,9;393,7
Charleston;;;;;;;;;;;;;;;;;;;;;;;;;;;;;;;381,5;429,1;;409,3;;
Miami;;;;;;;;;;;;;;;;;;;;;;;;;;;;;;;;409,3;383,9;;488,7;
NewOrleans;;;;;;;;;;;;;;;;;;;589,3;;510,4;;;;;;;;;;;415,0;;399,1;;
Nashville;;;;;;;;;;;;;;;;;;;;;509,7;453,7;;;;;;;356,3;;368,9;409,2;;;;
Step_24000;Vancouver;Seattle;Calgary;Portland;Helena;SaltLakeCity;SanFrancisco;LosAngeles;LasVegas;Phoenix;SantaFe;Denver;ElPaso;Winnipeg;Duluth;Omaha;KansasCity;OklahomaCity;Houston;Dallas;LittleRock;SaintLouis;Chicago;SaultStMarie;Toronto;Montreal;Boston;NewYork;Pittsburgh;Washington;Raleigh;Atlanta;Charleston;Miami;NewOrleans;Nashville
Vancouver;;497,6;445,1;;;;;;;;;;;;;;;;;;;;;;;;;;;;;;;;;
Seattle;436,9;;445,5;612,3;534,5;;;;;;;;;;;;;;;;;;;;;;;;;;;;;;;
Calgary;441,8;454,3;;;536,8;;;;;;;;;437,5;;;;;;;;;;;;;;;;;;;;;;
Portland;;489,5;;;;606,9;694,4;;;;;;;;;;;;;;;;;;;;;;;;;;;;;
Helena;;485,7;478,4;;;908,5;;;;;;628,5;;440,1;435,0;411,4;;;;;;;;;;;;;;;;;;;;
SaltLakeCity;;;;629,6;480,6;;714,6;;1005,0;;;563,7;;;;;;;;;;;;;;;;;;;;;;;;
SanFrancisco;;;;572,9;;661,5;;903,0;;;;;;;;;;;;;;;;;;;;;;;;;;;;
LosAngeles;;;;;;;1000,0;;1000,0;1000,0;;;1000,0;;;;;;;;;;;;;;;;;;;;;;;
LasVegas;;;;;;598,9;;1002,0;;;;;;;;;;;;;;;;;;;;;;;;;;;;
Phoenix;;;;;;;;903,0;;;644,0;606,7;732,3;;;;;;;;;;;;;;;;;;;;;;;
SantaFe;;;;;;;;;;674,2;;587,1;736,4;;;;;541,3;;;;;;;;;;;;;;;;;;
Denver;;;;;519,6;580,8;;;;760,8;623,8;;;;;483,1;520,2;564,8;;;;;;;;;;;;;;;;;;
ElPaso;;;;;;;;906,0;;751,3;547,5;;;;;;;599,7;569,7;624,3;;;;;;;;;;;;;;;;
Winnipeg;;;460,4;;531,6;;;;;;;;;;430,3;;;;;;;;;396,0;;;;;;;;;;;;
Duluth;;;;;487,6;;;;;;;;;442,0;;;;;;;;;368,0;;343,8;;;;;;;;;;;
Omaha;;;;;521,7;;;;;;;572,1;;;;;;;;;;;357,2;;;;;;;;;;;;;
KansasCity;;;;;;;;;;;;610,9;;;;;;;;;;408,8;;;;;;;;;;;;;;
OklahomaCity;;;;;;;;;;;626,8;619,1;693,4;;;;;;;570,8;507,0;;;;;;;;;;;;;;;
Houston;;;;;;;;;;;;;742,8;;;;;;;544,8;;;;;;;;;;;;;;;495,3;
Dallas;;;;;;;;;;;;;790,1;;;;;624,4;618,8;;427,3;;;;;;;;;;;;;;;
LittleRock;;;;;;;;;;;;;;;;;;597,6;;562,3;;411,0;;;;;;;;;;;;;500,9;391,9
SaintLouis;;;;;;;;;;;;;;;;;487,6;;;;445,7;;381,4;;;;;;359,1;;;;;;;422,5
Chicago;;;;;;;;;;;;;;;414,6;403,8;;;;;;406,2;;;343,3;;;;346,1;;;;;;;
SaultStMarie;;;;;;;;;;;;;;422,2;;;;;;;;;;;372,5;297,9;;;;;;;;;;
Toronto;;;;;;;;;;;;;;;387,2;;;;;;;;383,5;354,1;;300,5;;;338,0;;;;;;;
Montreal;;;;;;;;;;;;;;;;;;;;;;;;399,4;323,2;;279,1;320,2;;;;;;;;
Boston;;;;;;;;;;;;;;;;;;;;;;;;;;330,0;;292,5;;;;;;;;
NewYork;;;;;;;;;;;;;;;;;;;;;;;;;;330,6;282,9;;350,0;323,8;;;;;;
Pittsburgh;;;;;;;;;;;;;;;;;;;;;;373,4;378,3;;361,7;;;300,7;;315,6;350,0;;;;;378,1
Washington;;;;;;;;;;;;;;;;;;;;;;;;;;;;321,6;341,5;;358,3;;;;;
Raleigh;;;;;;;;;;;;;;;;;;;;;;;;;;;;;354,5;333,6;;405,9;373,0;;;378,7
Atlanta;;;;;;;;;;;;;;;;;;;;;;;;;;;;;;;339,1;;398,8;400,2;482,7;393,7
Charleston;;;;;;;;;;;;;;;;;;;;;;;;;;;;;;;381,5;409,0;;409,3;;
Miami;;;;;;;;;;;;;;;;;;;;;;;;;;;;;;;;413,4;382,3;;509,1;
NewOrleans;;;;;;;;;;;;;;;;;;;552,6;;486,6;;;;;;;;;;;371,8;;400,5;;
Nashville;;;;;;;;;;;;;;;;;;;;;502,2;410,7;;;;;;;358,3;;367,9;436,4;;;;
Step_28000;Vancouver;Seattle;Calgary;Portland;Helena;SaltLakeCity;SanFrancisco;LosAngeles;LasVegas;Phoenix;SantaFe;Denver;ElPaso;Winnipeg;Duluth;Omaha;KansasCity;OklahomaCity;Houston;Dallas;LittleRock;SaintLouis;Chicago;SaultStMarie;Toronto;Montreal;Boston;NewYork;Pittsburgh;Washington;Raleigh;Atlanta;Charleston;Miami;NewOrleans;Nashville
Vancouver;;536,4;438,9;;;;;;;;;;;;;;;;;;;;;;;;;;;;;;;;;
Seattle;431,5;;449,4;631,1;518,4;;;;;;;;;;;;;;;;;;;;;;;;;;;;;;;
Calgary;456,9;505,8;;;413,4;;;;;;;;;398,7;;;;;;;;;;;;;;;;;;;;;;
Portland;;485,6;;;;656,3;718,8;;;;;;;;;;;;;;;;;;;;;;;;;;;;;
Helena;;542,6;421,9;;;537,3;;;;;;987,6;;383,0;472,0;497,2;;;;;;;;;;;;;;;;;;;;
SaltLakeCity;;;;577,4;495,6;;748,5;;693,2;;;640,5;;;;;;;;;;;;;;;;;;;;;;;;
SanFrancisco;;;;608,2;;630,8;;903,0;;;;;;;;;;;;;;;;;;;;;;;;;;;;
LosAngeles;;;;;;;1000,0;;1000,0;1000,0;;;1000,0;;;;;;;;;;;;;;;;;;;;;;;
LasVegas;;;;;;597,4;;902,0;;;;;;;;;;;;;;;;;;;;;;;;;;;;
Phoenix;;;;;;;;983,0;;;645,3;640,7;731,2;;;;;;;;;;;;;;;;;;;;;;;
SantaFe;;;;;;;;;;749,3;;605,9;639,4;;;;;583,0;;;;;;;;;;;;;;;;;;
Denver;;;;;526,6;643,4;;;;984,3;649,5;;;;;465,7;468,1;622,6;;;;;;;;;;;;;;;;;;
ElPaso;;;;;;;;906,0;;747,0;619,6;;;;;;;570,0;666,2;565,1;;;;;;;;;;;;;;;;
Winnipeg;;;445,8;;495,9;;;;;;;;;;445,9;;;;;;;;;387,0;;;;;;;;;;;;
Duluth;;;;;526,1;;;;;;;;;420,2;;;;;;;;;402,5;;354,4;;;;;;;;;;;
Omaha;;;;;504,0;;;;;;;546,6;;;;;;;;;;;398,1;;;;;;;;;;;;;
KansasCity;;;;;;;;;;;;631,6;;;;;;;;;;457,1;;;;;;;;;;;;;;
OklahomaCity;;;;;;;;;;;628,1;587,4;706,5;;;;;;;615,0;510,2;;;;;;;;;;;;;;;
Houston;;;;;;;;;;;;;802,4;;;;;;;619,7;;;;;;;;;;;;;;;496,3;
Dallas;;;;;;;;;;;;;668,4;;;;;600,7;608,1;;457,5;;;;;;;;;;;;;;;
LittleRock;;;;;;;;;;;;;;;;;;603,8;;618,7;;399,8;;;;;;;;;;;;;488,5;424,0
SaintLouis;;;;;;;;;;;;;;;;;562,5;;;;459,6;;392,2;;;;;;341,4;;;;;;;398,0
Chicago;;;;;;;;;;;;;;;421,7;468,8;;;;;;408,9;;;362,1;;;;357,6;;;;;;;
SaultStMarie;;;;;;;;;;;;;;436,0;;;;;;;;;;;344,5;302,7;;;;;;;;;;
Toronto;;;;;;;;;;;;;;;394,4;;;;;;;;425,4;360,7;;315,3;;;354,0;;;;;;;
Montreal;;;;;;;;;;;;;;;;;;;;;;;;362,3;370,7;;277,5;309,5;;;;;;;;
Boston;;;;;;;;;;;;;;;;;;;;;;;;;;305,8;;290,1;;;;;;;;
NewYork;;;;;;;;;;;;;;;;;;;;;;;;;;314,6;283,5;;337,9;323,6;;;;;;
Pittsburgh;;;;;;;;;;;;;;;;;;;;;;432,3;359,2;;326,7;;;304,8;;313,1;346,8;;;;;388,0
Washington;;;;;;;;;;;;;;;;;;;;;;;;;;;;316,5;341,5;;351,3;;;;;
Raleigh;;;;;;;;;;;;;;;;;;;;;;;;;;;;;361,2;329,8;;413,1;368,1;;;409,3
Atlanta;;;;;;;;;;;;;;;;;;;;;;;;;;;;;;;352,6;;391,4;399,3;457,6;392,1
Charleston;;;;;;;;;;;;;;;;;;;;;;;;;;;;;;;380,1;399,5;;398,0;;
Miami;;;;;;;;;;;;;;;;;;;;;;;;;;;;;;;;404,9;375,1;;447,2;
NewOrleans;;;;;;;;;;;;;;;;;;;605,1;;452,4;;;;;;;;;;;395,7;;406,0;;
Nashville;;;;;;;;;;;;;;;;;;;;;514,1;408,2;;;;;;;338,3;;369,4;422,4;;;;
Step_32000;Vancouver;Seattle;Calgary;Portland;Helena;SaltLakeCity;SanFrancisco;LosAngeles;LasVegas;Phoenix;SantaFe;Denver;ElPaso;Winnipeg;Duluth;Omaha;KansasCity;OklahomaCity;Houston;Dallas;LittleRock;SaintLouis;Chicago;SaultStMarie;Toronto;Montreal;Boston;NewYork;Pittsburgh;Washington;Raleigh;Atlanta;Charleston;Miami;NewOrleans;Nashville
Vancouver;;527,8;437,6;;;;;;;;;;;;;;;;;;;;;;;;;;;;;;;;;
Seattle;447,0;;443,1;609,1;553,4;;;;;;;;;;;;;;;;;;;;;;;;;;;;;;;
Calgary;465,2;461,1;;;488,4;;;;;;;;;426,1;;;;;;;;;;;;;;;;;;;;;;
Portland;;551,8;;;;608,6;776,3;;;;;;;;;;;;;;;;;;;;;;;;;;;;;
Helena;;529,1;439,0;;;977,4;;;;;;590,9;;445,3;372,1;444,3;;;;;;;;;;;;;;;;;;;;
SaltLakeCity;;;;677,3;550,8;;933,6;;704,9;;;638,9;;;;;;;;;;;;;;;;;;;;;;;;
SanFrancisco;;;;658,0;;700,9;;983,0;;;;;;;;;;;;;;;;;;;;;;;;;;;;
LosAngeles;;;;;;;1000,0;;1000,0;1000,0;;;1000,0;;;;;;;;;;;;;;;;;;;;;;;
LasVegas;;;;;;597,6;;902,0;;;;;;;;;;;;;;;;;;;;;;;;;;;;
Phoenix;;;;;;;;903,0;;;565,8;609,0;644,3;;;;;;;;;;;;;;;;;;;;;;;
SantaFe;;;;;;;;;;689,4;;565,4;611,0;;;;;557,2;;;;;;;;;;;;;;;;;;
Denver;;;;;497,0;613,6;;;;718,2;602,9;;;;;488,6;487,4;586,6;;;;;;;;;;;;;;;;;;
ElPaso;;;;;;;;906,0;;634,1;605,1;;;;;;;593,6;598,7;572,6;;;;;;;;;;;;;;;;
Winnipeg;;;415,1;;518,6;;;;;;;;;;438,8;;;;;;;;;354,7;;;;;;;;;;;;
Duluth;;;;;507,1;;;;;;;;;410,5;;;;;;;;;389,3;;337,7;;;;;;;;;;;
Omaha;;;;;563,5;;;;;;;617,1;;;;;;;;;;;381,8;;;;;;;;;;;;;
KansasCity;;;;;;;;;;;;586,2;;;;;;;;;;405,9;;;;;;;;;;;;;;
OklahomaCity;;;;;;;;;;;613,2;569,7;715,2;;;;;;;586,3;491,7;;;;;;;;;;;;;;;
Houston;;;;;;;;;;;;;742,3;;;;;;;604,5;;;;;;;;;;;;;;;481,6;
Dallas;;;;;;;;;;;;;710,5;;;;;552,8;604,2;;473,6;;;;;;;;;;;;;;;
LittleRock;;;;;;;;;;;;;;;;;;539,1;;575,0;;389,0;;;;;;;;;;;;;467,0;387,8
SaintLouis;;;;;;;;;;;;;;;;;464,2;;;;433,8;;377,8;;;;;;352,3;;;;;;;403,7
Chicago;;;;;;;;;;;;;;;417,6;456,5;;;;;;396,7;;;355,9;;;;338,4;;;;;;;
SaultStMarie;;;;;;;;;;;;;;400,9;;;;;;;;;;;357,5;308,8;;;;;;;;;;
Toronto;;;;;;;;;;;;;;;389,9;;;;;;;;396,8;354,9;;320,8;;;333,0;;;;;;;
Montreal;;;;;;;;;;;;;;;;;;;;;;;;350,9;344,8;;282,2;309,5;;;;;;;;
Boston;;;;;;;;;;;;;;;;;;;;;;;;;;314,4;;324,1;;;;;;;;
NewYork;;;;;;;;;;;;;;;;;;;;;;;;;;314,6;286,0;;356,5;319,8;;;;;;
Pittsburgh;;;;;;;;;;;;;;;;;;;;;;422,6;392,7;;397,4;;;296,8;;309,3;347,8;;;;;386,6
Washington;;;;;;;;;;;;;;;;;;;;;;;;;;;;318,7;349,7;;348,5;;;;;
Raleigh;;;;;;;;;;;;;;;;;;;;;;;;;;;;;358,6;329,8;;384,4;363,2;;;404,4
Atlanta;;;;;;;;;;;;;;;;;;;;;;;;;;;;;;;357,2;;381,4;401,6;539,6;395,2
Charleston;;;;;;;;;;;;;;;;;;;;;;;;;;;;;;;377,9;413,7;;402,6;;
Miami;;;;;;;;;;;;;;;;;;;;;;;;;;;;;;;;404,9;375,1;;463,4;
NewOrleans;;;;;;;;;;;;;;;;;;;649,1;;454,6;;;;;;;;;;;392,4;;408,3;;
Nashville;;;;;;;;;;;;;;;;;;;;;458,8;396,2;;;;;;;344,7;;368,7;422,1;;;;
Step_36000;Vancouver;Seattle;Calgary;Portland;Helena;SaltLakeCity;SanFrancisco;LosAngeles;LasVegas;Phoenix;SantaFe;Denver;ElPaso;Winnipeg;Duluth;Omaha;KansasCity;OklahomaCity;Houston;Dallas;LittleRock;SaintLouis;Chicago;SaultStMarie;Toronto;Montreal;Boston;NewYork;Pittsburgh;Washington;Raleigh;Atlanta;Charleston;Miami;NewOrleans;Nashville
Vancouver;;536,9;466,2;;;;;;;;;;;;;;;;;;;;;;;;;;;;;;;;;
Seattle;462,7;;450,6;627,1;538,9;;;;;;;;;;;;;;;;;;;;;;;;;;;;;;;
Calgary;443,4;512,8;;;517,9;;;;;;;;;409,8;;;;;;;;;;;;;;;;;;;;;;
Portland;;512,2;;;;654,2;731,3;;;;;;;;;;;;;;;;;;;;;;;;;;;;;
Helena;;525,5;448,4;;;1008,0;;;;;;572,1;;432,1;435,4;522,0;;;;;;;;;;;;;;;;;;;;
SaltLakeCity;;;;599,0;474,6;;699,2;;1005,0;;;608,0;;;;;;;;;;;;;;;;;;;;;;;;
SanFrancisco;;;;640,7;;657,5;;903,0;;;;;;;;;;;;;;;;;;;;;;;;;;;;
LosAngeles;;;;;;;1000,0;;1000,0;1000,0;;;1000,0;;;;;;;;;;;;;;;;;;;;;;;
LasVegas;;;;;;587,5;;1002,0;;;;;;;;;;;;;;;;;;;;;;;;;;;;
Phoenix;;;;;;;;903,0;;;622,1;617,1;650,8;;;;;;;;;;;;;;;;;;;;;;;
SantaFe;;;;;;;;;;725,8;;599,9;668,1;;;;;617,7;;;;;;;;;;;;;;;;;;
Denver;;;;;529,9;616,3;;;;737,3;596,2;;;;;516,8;543,5;574,9;;;;;;;;;;;;;;;;;;
ElPaso;;;;;;;;906,0;;697,1;574,3;;;;;;;623,8;686,8;641,7;;;;;;;;;;;;;;;;
Winnipeg;;;440,1;;543,9;;;;;;;;;;444,4;;;;;;;;;366,9;;;;;;;;;;;;
Duluth;;;;;517,6;;;;;;;;;464,4;;;;;;;;;404,7;;384,1;;;;;;;;;;;
Omaha;;;;;540,5;;;;;;;626,0;;;;;;;;;;;427,4;;;;;;;;;;;;;
KansasCity;;;;;;;;;;;;635,4;;;;;;;;;;413,0;;;;;;;;;;;;;;
OklahomaCity;;;;;;;;;;;631,4;609,7;731,6;;;;;;;628,9;477,8;;;;;;;;;;;;;;;
Houston;;;;;;;;;;;;;802,6;;;;;;;545,3;;;;;;;;;;;;;;;441,3;
Dallas;;;;;;;;;;;;;770,7;;;;;542,8;579,6;;483,4;;;;;;;;;;;;;;;
LittleRock;;;;;;;;;;;;;;;;;;538,9;;570,9;;401,8;;;;;;;;;;;;;510,2;405,3
SaintLouis;;;;;;;;;;;;;;;;;491,9;;;;455,6;;367,6;;;;;;349,3;;;;;;;422,8
Chicago;;;;;;;;;;;;;;;406,1;522,9;;;;;;412,0;;;380,2;;;;368,2;;;;;;;
SaultStMarie;;;;;;;;;;;;;;451,0;;;;;;;;;;;371,5;303,5;;;;;;;;;;
Toronto;;;;;;;;;;;;;;;433,5;;;;;;;;391,1;349,1;;312,0;;;355,5;;;;;;;
Montreal;;;;;;;;;;;;;;;;;;;;;;;;349,5;365,7;;285,5;302,2;;;;;;;;
Boston;;;;;;;;;;;;;;;;;;;;;;;;;;316,7;;319,1;;;;;;;;
NewYork;;;;;;;;;;;;;;;;;;;;;;;;;;314,6;289,0;;371,0;324,1;;;;;;
Pittsburgh;;;;;;;;;;;;;;;;;;;;;;409,4;408,0;;384,0;;;310,4;;309,3;349,0;;;;;372,8
Washington;;;;;;;;;;;;;;;;;;;;;;;;;;;;318,7;367,3;;359,4;;;;;
Raleigh;;;;;;;;;;;;;;;;;;;;;;;;;;;;;358,6;326,4;;373,0;363,4;;;426,5
Atlanta;;;;;;;;;;;;;;;;;;;;;;;;;;;;;;;361,4;;381,4;407,9;515,2;396,5
Charleston;;;;;;;;;;;;;;;;;;;;;;;;;;;;;;;377,9;402,4;;404,5;;
Miami;;;;;;;;;;;;;;;;;;;;;;;;;;;;;;;;404,9;373,7;;488,4;
NewOrleans;;;;;;;;;;;;;;;;;;;589,0;;470,5;;;;;;;;;;;442,8;;415,4;;
Nashville;;;;;;;;;;;;;;;;;;;;;456,8;420,5;;;;;;;346,5;;355,0;431,1;;;;
Step_40000;Vancouver;Seattle;Calgary;Portland;Helena;SaltLakeCity;SanFrancisco;LosAngeles;LasVegas;Phoenix;SantaFe;Denver;ElPaso;Winnipeg;Duluth;Omaha;KansasCity;OklahomaCity;Houston;Dallas;LittleRock;SaintLouis;Chicago;SaultStMarie;Toronto;Montreal;Boston;NewYork;Pittsburgh;Washington;Raleigh;Atlanta;Charleston;Miami;NewOrleans;Nashville
Vancouver;;504,9;455,1;;;;;;;;;;;;;;;;;;;;;;;;;;;;;;;;;
Seattle;456,2;;445,1;592,8;496,5;;;;;;;;;;;;;;;;;;;;;;;;;;;;;;;
Calgary;464,5;477,1;;;497,2;;;;;;;;;429,8;;;;;;;;;;;;;;;;;;;;;;
Portland;;507,6;;;;632,1;645,1;;;;;;;;;;;;;;;;;;;;;;;;;;;;;
Helena;;509,3;449,9;;;578,7;;;;;;975,2;;443,1;430,1;494,2;;;;;;;;;;;;;;;;;;;;
SaltLakeCity;;;;563,9;483,5;;742,0;;665,5;;;630,0;;;;;;;;;;;;;;;;;;;;;;;;
SanFrancisco;;;;570,8;;592,0;;903,0;;;;;;;;;;;;;;;;;;;;;;;;;;;;
LosAngeles;;;;;;;1000,0;;1000,0;1000,0;;;1000,0;;;;;;;;;;;;;;;;;;;;;;;
LasVegas;;;;;;640,2;;902,0;;;;;;;;;;;;;;;;;;;;;;;;;;;;
Phoenix;;;;;;;;1003,0;;;588,1;600,7;725,8;;;;;;;;;;;;;;;;;;;;;;;
SantaFe;;;;;;;;;;751,6;;574,2;640,0;;;;;590,5;;;;;;;;;;;;;;;;;;
Denver;;;;;527,2;608,2;;;;915,5;619,9;;;;;540,4;463,4;579,2;;;;;;;;;;;;;;;;;;
ElPaso;;;;;;;;906,0;;779,9;649,8;;;;;;;566,1;624,2;609,8;;;;;;;;;;;;;;;;
Winnipeg;;;453,0;;540,6;;;;;;;;;;437,0;;;;;;;;;344,5;;;;;;;;;;;;
Duluth;;;;;473,9;;;;;;;;;443,6;;;;;;;;;423,4;;375,7;;;;;;;;;;;
Omaha;;;;;548,9;;;;;;;578,8;;;;;;;;;;;399,6;;;;;;;;;;;;;
KansasCity;;;;;;;;;;;;569,3;;;;;;;;;;429,3;;;;;;;;;;;;;;
OklahomaCity;;;;;;;;;;;637,1;578,0;612,6;;;;;;;627,7;490,8;;;;;;;;;;;;;;;
Houston;;;;;;;;;;;;;780,2;;;;;;;603,1;;;;;;;;;;;;;;;500,9;
Dallas;;;;;;;;;;;;;786,3;;;;;589,0;643,0;;487,6;;;;;;;;;;;;;;;
LittleRock;;;;;;;;;;;;;;;;;;586,8;;604,7;;406,2;;;;;;;;;;;;;490,3;387,7
SaintLouis;;;;;;;;;;;;;;;;;468,5;;;;462,7;;421,5;;;;;;353,4;;;;;;;396,8
Chicago;;;;;;;;;;;;;;;437,9;485,3;;;;;;415,6;;;367,7;;;;389,4;;;;;;;
SaultStMarie;;;;;;;;;;;;;;419,1;;;;;;;;;;;326,8;289,9;;;;;;;;;;
Toronto;;;;;;;;;;;;;;;432,3;;;;;;;;393,8;345,9;;313,5;;;366,7;;;;;;;
Montreal;;;;;;;;;;;;;;;;;;;;;;;;334,5;366,6;;287,1;308,4;;;;;;;;
Boston;;;;;;;;;;;;;;;;;;;;;;;;;;307,5;;311,9;;;;;;;;
NewYork;;;;;;;;;;;;;;;;;;;;;;;;;;298,9;288,4;;340,7;321,0;;;;;;
Pittsburgh;;;;;;;;;;;;;;;;;;;;;;437,7;405,7;;363,1;;;298,8;;315,9;341,4;;;;;374,1
Washington;;;;;;;;;;;;;;;;;;;;;;;;;;;;323,7;367,7;;361,7;;;;;
Raleigh;;;;;;;;;;;;;;;;;;;;;;;;;;;;;358,6;327,1;;390,0;363,4;;;409,7
Atlanta;;;;;;;;;;;;;;;;;;;;;;;;;;;;;;;361,4;;381,4;413,0;514,6;389,6
Charleston;;;;;;;;;;;;;;;;;;;;;;;;;;;;;;;377,9;402,4;;404,5;;
Miami;;;;;;;;;;;;;;;;;;;;;;;;;;;;;;;;404,9;373,7;;475,9;
NewOrleans;;;;;;;;;;;;;;;;;;;553,7;;494,8;;;;;;;;;;;425,2;;420,5;;
Nashville;;;;;;;;;;;;;;;;;;;;;497,2;409,3;;;;;;;378,3;;356,9;423,4;;;;
Step_4000;Vancouver;Seattle;Calgary;Portland;Helena;SaltLakeCity;SanFrancisco;LosAngeles;LasVegas;Phoenix;SantaFe;Denver;ElPaso;Winnipeg;Duluth;Omaha;KansasCity;OklahomaCity;Houston;Dallas;LittleRock;SaintLouis;Chicago;SaultStMarie;Toronto;Montreal;Boston;NewYork;Pittsburgh;Washington;Raleigh;Atlanta;Charleston;Miami;NewOrleans;Nashville
Vancouver;;535,0;460,8;;;;;;;;;;;;;;;;;;;;;;;;;;;;;;;;;
Seattle;448,0;;445,0;629,0;538,3;;;;;;;;;;;;;;;;;;;;;;;;;;;;;;;
Calgary;468,4;539,6;;;492,9;;;;;;;;;467,4;;;;;;;;;;;;;;;;;;;;;;
Portland;;532,8;;;;605,1;732,5;;;;;;;;;;;;;;;;;;;;;;;;;;;;;
Helena;;559,4;446,8;;;983,6;;;;;;607,7;;439,0;448,4;459,9;;;;;;;;;;;;;;;;;;;;
SaltLakeCity;;;;612,4;514,5;;749,8;;981,4;;;624,6;;;;;;;;;;;;;;;;;;;;;;;;
SanFrancisco;;;;670,7;;615,2;;903,0;;;;;;;;;;;;;;;;;;;;;;;;;;;;
LosAngeles;;;;;;;1000,0;;1000,0;1000,0;;;1000,0;;;;;;;;;;;;;;;;;;;;;;;
LasVegas;;;;;;691,4;;982,0;;;;;;;;;;;;;;;;;;;;;;;;;;;;
Phoenix;;;;;;;;903,0;;;652,0;614,4;728,7;;;;;;;;;;;;;;;;;;;;;;;
SantaFe;;;;;;;;;;770,9;;548,0;722,1;;;;;595,3;;;;;;;;;;;;;;;;;;
Denver;;;;;539,9;606,7;;;;746,6;622,9;;;;;484,8;451,5;612,8;;;;;;;;;;;;;;;;;;
ElPaso;;;;;;;;906,0;;677,1;614,4;;;;;;;574,2;600,6;550,9;;;;;;;;;;;;;;;;
Winnipeg;;;473,4;;531,8;;;;;;;;;;452,7;;;;;;;;;355,7;;;;;;;;;;;;
Duluth;;;;;539,5;;;;;;;;;409,1;;;;;;;;;394,6;;374,6;;;;;;;;;;;
Omaha;;;;;535,2;;;;;;;564,6;;;;;;;;;;;410,3;;;;;;;;;;;;;
KansasCity;;;;;;;;;;;;530,9;;;;;;;;;;410,6;;;;;;;;;;;;;;
OklahomaCity;;;;;;;;;;;626,6;583,8;694,5;;;;;;;578,8;482,8;;;;;;;;;;;;;;;
Houston;;;;;;;;;;;;;679,8;;;;;;;597,4;;;;;;;;;;;;;;;469,7;
Dallas;;;;;;;;;;;;;749,1;;;;;609,2;591,1;;452,6;;;;;;;;;;;;;;;
LittleRock;;;;;;;;;;;;;;;;;;551,5;;634,9;;409,4;;;;;;;;;;;;;479,8;394,3
SaintLouis;;;;;;;;;;;;;;;;;458,6;;;;506,6;;383,1;;;;;;373,3;;;;;;;422,6
Chicago;;;;;;;;;;;;;;;433,4;513,5;;;;;;415,0;;;351,1;;;;362,2;;;;;;;
SaultStMarie;;;;;;;;;;;;;;441,0;;;;;;;;;;;362,9;321,4;;;;;;;;;;
Toronto;;;;;;;;;;;;;;;437,5;;;;;;;;374,1;356,2;;328,9;;;366,8;;;;;;;
Montreal;;;;;;;;;;;;;;;;;;;;;;;;356,0;354,1;;332,9;344,4;;;;;;;;
Boston;;;;;;;;;;;;;;;;;;;;;;;;;;341,2;;343,5;;;;;;;;
NewYork;;;;;;;;;;;;;;;;;;;;;;;;;;358,9;339,7;;358,4;358,9;;;;;;
Pittsburgh;;;;;;;;;;;;;;;;;;;;;;390,1;398,1;;354,0;;;333,9;;373,7;395,1;;;;;414,9
Washington;;;;;;;;;;;;;;;;;;;;;;;;;;;;350,4;383,5;;390,9;;;;;
Raleigh;;;;;;;;;;;;;;;;;;;;;;;;;;;;;385,1;374,0;;;412,5;;;409,8
Atlanta;;;;;;;;;;;;;;;;;;;;;;;;;;;;;;;;;415,8;433,5;447,8;427,7
Charleston;;;;;;;;;;;;;;;;;;;;;;;;;;;;;;;416,1;432,0;;426,0;;
Miami;;;;;;;;;;;;;;;;;;;;;;;;;;;;;;;;436,6;434,4;;460,7;
NewOrleans;;;;;;;;;;;;;;;;;;;570,6;;519,5;;;;;;;;;;;425,1;;427,5;;
Nashville;;;;;;;;;;;;;;;;;;;;;515,2;422,8;;;;;;;370,4;;377,3;410,4;;;;
Step_8000;Vancouver;Seattle;Calgary;Portland;Helena;SaltLakeCity;SanFrancisco;LosAngeles;LasVegas;Phoenix;SantaFe;Denver;ElPaso;Winnipeg;Duluth;Omaha;KansasCity;OklahomaCity;Houston;Dallas;LittleRock;SaintLouis;Chicago;SaultStMarie;Toronto;Montreal;Boston;NewYork;Pittsburgh;Washington;Raleigh;Atlanta;Charleston;Miami;NewOrleans;Nashville
Vancouver;;492,6;445,3;;;;;;;;;;;;;;;;;;;;;;;;;;;;;;;;;
Seattle;433,7;;440,0;591,2;506,5;;;;;;;;;;;;;;;;;;;;;;;;;;;;;;;
Calgary;435,6;485,0;;;524,0;;;;;;;;;433,5;;;;;;;;;;;;;;;;;;;;;;
Portland;;502,7;;;;598,3;794,3;;;;;;;;;;;;;;;;;;;;;;;;;;;;;
Helena;;465,9;445,0;;;973,1;;;;;;577,0;;448,4;428,1;522,2;;;;;;;;;;;;;;;;;;;;
SaltLakeCity;;;;617,8;497,0;;909,7;;636,1;;;563,4;;;;;;;;;;;;;;;;;;;;;;;;
SanFrancisco;;;;568,4;;646,2;;983,0;;;;;;;;;;;;;;;;;;;;;;;;;;;;
LosAngeles;;;;;;;1000,0;;1000,0;1000,0;;;1000,0;;;;;;;;;;;;;;;;;;;;;;;
LasVegas;;;;;;614,2;;902,0;;;;;;;;;;;;;;;;;;;;;;;;;;;;
Phoenix;;;;;;;;903,0;;;625,7;585,4;714,4;;;;;;;;;;;;;;;;;;;;;;;
SantaFe;;;;;;;;;;655,8;;625,8;647,7;;;;;595,7;;;;;;;;;;;;;;;;;;
Denver;;;;;509,9;610,1;;;;727,1;609,5;;;;;485,9;494,8;576,1;;;;;;;;;;;;;;;;;;
ElPaso;;;;;;;;906,0;;728,0;616,6;;;;;;;539,8;616,6;584,8;;;;;;;;;;;;;;;;
Winnipeg;;;455,1;;521,0;;;;;;;;;;454,0;;;;;;;;;357,1;;;;;;;;;;;;
Duluth;;;;;521,7;;;;;;;;;428,5;;;;;;;;;427,8;;354,6;;;;;;;;;;;
Omaha;;;;;483,6;;;;;;;578,9;;;;;;;;;;;424,1;;;;;;;;;;;;;
KansasCity;;;;;;;;;;;;615,5;;;;;;;;;;412,2;;;;;;;;;;;;;;
OklahomaCity;;;;;;;;;;;604,4;586,0;594,9;;;;;;;594,1;533,1;;;;;;;;;;;;;;;
Houston;;;;;;;;;;;;;771,6;;;;;;;551,6;;;;;;;;;;;;;;;474,1;
Dallas;;;;;;;;;;;;;633,9;;;;;548,5;629,5;;483,0;;;;;;;;;;;;;;;
LittleRock;;;;;;;;;;;;;;;;;;571,4;;568,8;;390,8;;;;;;;;;;;;;464,6;406,2
SaintLouis;;;;;;;;;;;;;;;;;428,1;;;;514,8;;401,0;;;;;;358,1;;;;;;;407,8
Chicago;;;;;;;;;;;;;;;418,5;517,2;;;;;;409,8;;;378,0;;;;367,1;;;;;;;
SaultStMarie;;;;;;;;;;;;;;415,8;;;;;;;;;;;361,2;317,6;;;;;;;;;;
Toronto;;;;;;;;;;;;;;;394,2;;;;;;;;412,4;351,7;;323,7;;;361,6;;;;;;;
Montreal;;;;;;;;;;;;;;;;;;;;;;;;341,5;350,9;;309,2;340,4;;;;;;;;
Boston;;;;;;;;;;;;;;;;;;;;;;;;;;336,1;;327,4;;;;;;;;
NewYork;;;;;;;;;;;;;;;;;;;;;;;;;;328,6;333,4;;357,1;344,6;;;;;;
Pittsburgh;;;;;;;;;;;;;;;;;;;;;;400,0;400,7;;363,2;;;316,9;;341,2;373,3;;;;;405,1
Washington;;;;;;;;;;;;;;;;;;;;;;;;;;;;339,8;375,4;;367,5;;;;;
Raleigh;;;;;;;;;;;;;;;;;;;;;;;;;;;;;360,8;357,8;;;393,9;;;416,6
Atlanta;;;;;;;;;;;;;;;;;;;;;;;;;;;;;;;;;415,8;431,3;471,2;427,7
Charleston;;;;;;;;;;;;;;;;;;;;;;;;;;;;;;;416,1;424,4;;421,2;;
Miami;;;;;;;;;;;;;;;;;;;;;;;;;;;;;;;;423,0;434,4;;466,0;
NewOrleans;;;;;;;;;;;;;;;;;;;566,2;;496,2;;;;;;;;;;;410,3;;434,1;;
Nashville;;;;;;;;;;;;;;;;;;;;;496,1;394,2;;;;;;;365,2;;368,8;401,8;;;;
Step_12000;Vancouver;Seattle;Calgary;Portland;Helena;SaltLakeCity;SanFrancisco;LosAngeles;LasVegas;Phoenix;SantaFe;Denver;ElPaso;Winnipeg;Duluth;Omaha;KansasCity;OklahomaCity;Houston;Dallas;LittleRock;SaintLouis;Chicago;SaultStMarie;Toronto;Montreal;Boston;NewYork;Pittsburgh;Washington;Raleigh;Atlanta;Charleston;Miami;NewOrleans;Nashville
Vancouver;;490,1;435,4;;;;;;;;;;;;;;;;;;;;;;;;;;;;;;;;;
Seattle;418,1;;448,7;624,3;523,6;;;;;;;;;;;;;;;;;;;;;;;;;;;;;;;
Calgary;417,2;450,8;;;465,3;;;;;;;;;410,2;;;;;;;;;;;;;;;;;;;;;;
Portland;;482,0;;;;603,4;760,0;;;;;;;;;;;;;;;;;;;;;;;;;;;;;
Helena;;464,8;426,0;;;886,5;;;;;;589,5;;387,9;415,8;493,6;;;;;;;;;;;;;;;;;;;;
SaltLakeCity;;;;582,9;428,5;;1008,0;;661,5;;;575,1;;;;;;;;;;;;;;;;;;;;;;;;
SanFrancisco;;;;598,8;;616,4;;1003,0;;;;;;;;;;;;;;;;;;;;;;;;;;;;
LosAngeles;;;;;;;1000,0;;1000,0;1000,0;;;1000,0;;;;;;;;;;;;;;;;;;;;;;;
LasVegas;;;;;;583,7;;902,0;;;;;;;;;;;;;;;;;;;;;;;;;;;;
Phoenix;;;;;;;;903,0;;;630,6;604,4;655,1;;;;;;;;;;;;;;;;;;;;;;;
SantaFe;;;;;;;;;;697,1;;611,3;601,9;;;;;572,3;;;;;;;;;;;;;;;;;;
Denver;;;;;494,8;586,6;;;;735,1;577,6;;;;;457,0;494,7;518,0;;;;;;;;;;;;;;;;;;
ElPaso;;;;;;;;906,0;;692,3;610,1;;;;;;;561,3;465,5;541,0;;;;;;;;;;;;;;;;
Winnipeg;;;434,5;;426,2;;;;;;;;;;403,9;;;;;;;;;350,2;;;;;;;;;;;;
Duluth;;;;;465,7;;;;;;;;;404,9;;;;;;;;;408,0;;359,1;;;;;;;;;;;
Omaha;;;;;547,6;;;;;;;598,5;;;;;;;;;;;385,0;;;;;;;;;;;;;
KansasCity;;;;;;;;;;;;593,6;;;;;;;;;;423,9;;;;;;;;;;;;;;
OklahomaCity;;;;;;;;;;;608,1;631,9;647,4;;;;;;;536,7;467,5;;;;;;;;;;;;;;;
Houston;;;;;;;;;;;;;654,7;;;;;;;545,6;;;;;;;;;;;;;;;449,2;
Dallas;;;;;;;;;;;;;661,1;;;;;594,6;538,5;;468,9;;;;;;;;;;;;;;;
LittleRock;;;;;;;;;;;;;;;;;;576,8;;533,0;;399,9;;;;;;;;;;;;;473,3;395,2
SaintLouis;;;;;;;;;;;;;;;;;463,2;;;;495,3;;408,0;;;;;;370,5;;;;;;;401,4
Chicago;;;;;;;;;;;;;;;437,1;467,4;;;;;;410,8;;;389,5;;;;376,3;;;;;;;
SaultStMarie;;;;;;;;;;;;;;411,5;;;;;;;;;;;349,5;320,5;;;;;;;;;;
Toronto;;;;;;;;;;;;;;;445,3;;;;;;;;397,5;370,7;;317,8;;;375,0;;;;;;;
Montreal;;;;;;;;;;;;;;;;;;;;;;;;366,2;343,4;;302,0;328,0;;;;;;;;
Boston;;;;;;;;;;;;;;;;;;;;;;;;;;326,6;;321,7;;;;;;;;
NewYork;;;;;;;;;;;;;;;;;;;;;;;;;;323,3;310,4;;343,9;339,5;;;;;;
Pittsburgh;;;;;;;;;;;;;;;;;;;;;;438,7;414,2;;361,1;;;306,0;;332,7;353,7;;;;;399,0
Washington;;;;;;;;;;;;;;;;;;;;;;;;;;;;327,0;357,2;;369,3;;;;;
Raleigh;;;;;;;;;;;;;;;;;;;;;;;;;;;;;360,8;340,0;;;393,9;;;411,0
Atlanta;;;;;;;;;;;;;;;;;;;;;;;;;;;;;;;;;415,8;422,5;449,5;427,7
Charleston;;;;;;;;;;;;;;;;;;;;;;;;;;;;;;;406,9;424,4;;423,1;;
Miami;;;;;;;;;;;;;;;;;;;;;;;;;;;;;;;;420,1;413,6;;442,3;
NewOrleans;;;;;;;;;;;;;;;;;;;574,4;;487,0;;;;;;;;;;;420,0;;417,3;;
Nashville;;;;;;;;;;;;;;;;;;;;;419,5;432,0;;;;;;;365,2;;372,3;413,2;;;;
Step_16000;Vancouver;Seattle;Calgary;Portland;Helena;SaltLakeCity;SanFrancisco;LosAngeles;LasVegas;Phoenix;SantaFe;Denver;ElPaso;Winnipeg;Duluth;Omaha;KansasCity;OklahomaCity;Houston;Dallas;LittleRock;SaintLouis;Chicago;SaultStMarie;Toronto;Montreal;Boston;NewYork;Pittsburgh;Washington;Raleigh;Atlanta;Charleston;Miami;NewOrleans;Nashville
Vancouver;;487,5;470,9;;;;;;;;;;;;;;;;;;;;;;;;;;;;;;;;;
Seattle;436,3;;453,4;598,5;462,3;;;;;;;;;;;;;;;;;;;;;;;;;;;;;;;
Calgary;469,0;479,0;;;472,4;;;;;;;;;465,9;;;;;;;;;;;;;;;;;;;;;;
Portland;;530,3;;;;627,1;687,4;;;;;;;;;;;;;;;;;;;;;;;;;;;;;
Helena;;525,6;447,6;;;918,3;;;;;;534,1;;464,1;450,6;500,2;;;;;;;;;;;;;;;;;;;;
SaltLakeCity;;;;635,4;500,0;;1008,0;;631,7;;;605,0;;;;;;;;;;;;;;;;;;;;;;;;
SanFrancisco;;;;528,8;;568,5;;1003,0;;;;;;;;;;;;;;;;;;;;;;;;;;;;
LosAngeles;;;;;;;1000,0;;1000,0;1000,0;;;1000,0;;;;;;;;;;;;;;;;;;;;;;;
LasVegas;;;;;;563,3;;902,0;;;;;;;;;;;;;;;;;;;;;;;;;;;;
Phoenix;;;;;;;;903,0;;;640,2;628,5;737,2;;;;;;;;;;;;;;;;;;;;;;;
SantaFe;;;;;;;;;;762,0;;570,2;620,6;;;;;587,9;;;;;;;;;;;;;;;;;;
Denver;;;;;498,4;603,2;;;;770,5;579,9;;;;;496,1;534,4;582,1;;;;;;;;;;;;;;;;;;
ElPaso;;;;;;;;906,0;;737,6;567,0;;;;;;;582,9;591,3;542,0;;;;;;;;;;;;;;;;
Winnipeg;;;461,3;;521,3;;;;;;;;;;404,1;;;;;;;;;364,9;;;;;;;;;;;;
Duluth;;;;;514,1;;;;;;;;;458,8;;;;;;;;;453,3;;359,0;;;;;;;;;;;
Omaha;;;;;550,5;;;;;;;614,0;;;;;;;;;;;406,3;;;;;;;;;;;;;
KansasCity;;;;;;;;;;;;602,8;;;;;;;;;;407,2;;;;;;;;;;;;;;
OklahomaCity;;;;;;;;;;;569,6;560,4;679,0;;;;;;;629,1;495,4;;;;;;;;;;;;;;;
Houston;;;;;;;;;;;;;703,0;;;;;;;564,1;;;;;;;;;;;;;;;482,4;
Dallas;;;;;;;;;;;;;731,8;;;;;588,4;570,3;;509,2;;;;;;;;;;;;;;;
LittleRock;;;;;;;;;;;;;;;;;;611,4;;563,3;;429,9;;;;;;;;;;;;;469,0;396,3
SaintLouis;;;;;;;;;;;;;;;;;529,6;;;;406,8;;377,5;;;;;;328,6;;;;;;;396,5
Chicago;;;;;;;;;;;;;;;445,1;531,6;;;;;;439,9;;;382,9;;;;366,2;;;;;;;
SaultStMarie;;;;;;;;;;;;;;437,0;;;;;;;;;;;379,9;330,8;;;;;;;;;;
Toronto;;;;;;;;;;;;;;;424,4;;;;;;;;398,5;348,6;;312,3;;;384,5;;;;;;;
Montreal;;;;;;;;;;;;;;;;;;;;;;;;386,8;349,5;;297,5;320,0;;;;;;;;
Boston;;;;;;;;;;;;;;;;;;;;;;;;;;322,8;;319,9;;;;;;;;
NewYork;;;;;;;;;;;;;;;;;;;;;;;;;;321,8;303,8;;346,3;324,5;;;;;;
Pittsburgh;;;;;;;;;;;;;;;;;;;;;;438,7;411,5;;363,3;;;303,6;;316,7;348,0;;;;;383,2
Washington;;;;;;;;;;;;;;;;;;;;;;;;;;;;315,7;348,3;;345,2;;;;;
Raleigh;;;;;;;;;;;;;;;;;;;;;;;;;;;;;357,9;325,1;;;388,8;;;394,5
Atlanta;;;;;;;;;;;;;;;;;;;;;;;;;;;;;;;;;415,8;421,4;438,5;430,2
Charleston;;;;;;;;;;;;;;;;;;;;;;;;;;;;;;;406,9;417,7;;423,1;;
Miami;;;;;;;;;;;;;;;;;;;;;;;;;;;;;;;;420,1;413,6;;458,1;
NewOrleans;;;;;;;;;;;;;;;;;;;566,3;;487,0;;;;;;;;;;;415,9;;421,8;;
Nashville;;;;;;;;;;;;;;;;;;;;;468,0;445,4;;;;;;;337,3;;357,3;399,6;;;;
Step_20000;Vancouver;Seattle;Calgary;Portland;Helena;SaltLakeCity;SanFrancisco;LosAngeles;LasVegas;Phoenix;SantaFe;Denver;ElPaso;Winnipeg;Duluth;Omaha;KansasCity;OklahomaCity;Houston;Dallas;LittleRock;SaintLouis;Chicago;SaultStMarie;Toronto;Montreal;Boston;NewYork;Pittsburgh;Washington;Raleigh;Atlanta;Charleston;Miami;NewOrleans;Nashville
Vancouver;;503,8;452,9;;;;;;;;;;;;;;;;;;;;;;;;;;;;;;;;;
Seattle;451,8;;455,8;586,2;465,8;;;;;;;;;;;;;;;;;;;;;;;;;;;;;;;
Calgary;471,6;481,2;;;555,6;;;;;;;;;437,3;;;;;;;;;;;;;;;;;;;;;;
Portland;;533,7;;;;629,9;719,5;;;;;;;;;;;;;;;;;;;;;;;;;;;;;
Helena;;481,6;481,1;;;1011,0;;;;;;564,6;;456,4;432,9;455,6;;;;;;;;;;;;;;;;;;;;
SaltLakeCity;;;;605,3;495,5;;1008,0;;719,5;;;572,1;;;;;;;;;;;;;;;;;;;;;;;;
SanFrancisco;;;;610,6;;626,2;;1003,0;;;;;;;;;;;;;;;;;;;;;;;;;;;;
LosAngeles;;;;;;;1000,0;;1000,0;1000,0;;;1000,0;;;;;;;;;;;;;;;;;;;;;;;
LasVegas;;;;;;590,5;;902,0;;;;;;;;;;;;;;;;;;;;;;;;;;;;
Phoenix;;;;;;;;903,0;;;632,3;563,7;771,2;;;;;;;;;;;;;;;;;;;;;;;
SantaFe;;;;;;;;;;716,0;;622,1;687,0;;;;;603,1;;;;;;;;;;;;;;;;;;
Denver;;;;;518,3;622,4;;;;664,0;603,2;;;;;510,2;500,0;577,3;;;;;;;;;;;;;;;;;;
ElPaso;;;;;;;;906,0;;754,3;642,9;;;;;;;611,3;627,1;617,1;;;;;;;;;;;;;;;;
Winnipeg;;;453,6;;549,9;;;;;;;;;;410,7;;;;;;;;;358,8;;;;;;;;;;;;
Duluth;;;;;512,7;;;;;;;;;420,9;;;;;;;;;400,6;;374,9;;;;;;;;;;;
Omaha;;;;;499,1;;;;;;;597,4;;;;;;;;;;;397,7;;;;;;;;;;;;;
KansasCity;;;;;;;;;;;;571,2;;;;;;;;;;458,9;;;;;;;;;;;;;;
OklahomaCity;;;;;;;;;;;622,6;565,1;706,5;;;;;;;546,3;532,8;;;;;;;;;;;;;;;
Houston;;;;;;;;;;;;;788,5;;;;;;;578,6;;;;;;;;;;;;;;;501,4;
Dallas;;;;;;;;;;;;;741,5;;;;;573,1;662,5;;512,8;;;;;;;;;;;;;;;
LittleRock;;;;;;;;;;;;;;;;;;608,0;;584,1;;446,6;;;;;;;;;;;;;520,4;415,2
SaintLouis;;;;;;;;;;;;;;;;;500,6;;;;505,0;;394,3;;;;;;340,4;;;;;;;448,3
Chicago;;;;;;;;;;;;;;;425,3;473,0;;;;;;463,1;;;352,3;;;;344,6;;;;;;;
SaultStMarie;;;;;;;;;;;;;;425,7;;;;;;;;;;;358,9;323,3;;;;;;;;;;
Toronto;;;;;;;;;;;;;;;434,0;;;;;;;;395,6;380,1;;300,7;;;345,9;;;;;;;
Montreal;;;;;;;;;;;;;;;;;;;;;;;;361,8;334,5;;295,0;309,7;;;;;;;;
Boston;;;;;;;;;;;;;;;;;;;;;;;;;;318,0;;320,0;;;;;;;;
NewYork;;;;;;;;;;;;;;;;;;;;;;;;;;321,8;299,3;;332,8;316,1;;;;;;
Pittsburgh;;;;;;;;;;;;;;;;;;;;;;453,2;357,6;;350,0;;;309,5;;321,3;357,5;;;;;375,5
Washington;;;;;;;;;;;;;;;;;;;;;;;;;;;;311,5;374,2;;354,5;;;;;
Raleigh;;;;;;;;;;;;;;;;;;;;;;;;;;;;;351,1;327,6;;;387,6;;;435,8
Atlanta;;;;;;;;;;;;;;;;;;;;;;;;;;;;;;;;;402,0;412,5;493,3;415,8
Charleston;;;;;;;;;;;;;;;;;;;;;;;;;;;;;;;406,9;423,4;;416,0;;
Miami;;;;;;;;;;;;;;;;;;;;;;;;;;;;;;;;419,2;405,8;;444,5;
NewOrleans;;;;;;;;;;;;;;;;;;;609,1;;487,0;;;;;;;;;;;405,2;;403,0;;
Nashville;;;;;;;;;;;;;;;;;;;;;493,3;420,8;;;;;;;344,6;;339,3;404,8;;;;
Step_24000;Vancouver;Seattle;Calgary;Portland;Helena;SaltLakeCity;SanFrancisco;LosAngeles;LasVegas;Phoenix;SantaFe;Denver;ElPaso;Winnipeg;Duluth;Omaha;KansasCity;OklahomaCity;Houston;Dallas;LittleRock;SaintLouis;Chicago;SaultStMarie;Toronto;Montreal;Boston;NewYork;Pittsburgh;Washington;Raleigh;Atlanta;Charleston;Miami;NewOrleans;Nashville
Vancouver;;526,4;436,0;;;;;;;;;;;;;;;;;;;;;;;;;;;;;;;;;
Seattle;456,2;;455,6;632,7;526,6;;;;;;;;;;;;;;;;;;;;;;;;;;;;;;;
Calgary;452,5;518,3;;;487,5;;;;;;;;;381,4;;;;;;;;;;;;;;;;;;;;;;
Portland;;541,0;;;;686,1;721,1;;;;;;;;;;;;;;;;;;;;;;;;;;;;;
Helena;;543,2;439,9;;;974,3;;;;;;546,9;;440,1;414,2;486,6;;;;;;;;;;;;;;;;;;;;
SaltLakeCity;;;;625,9;521,1;;704,6;;929,4;;;579,0;;;;;;;;;;;;;;;;;;;;;;;;
SanFrancisco;;;;644,9;;648,3;;903,0;;;;;;;;;;;;;;;;;;;;;;;;;;;;
LosAngeles;;;;;;;1000,0;;1000,0;1000,0;;;1000,0;;;;;;;;;;;;;;;;;;;;;;;
LasVegas;;;;;;693,5;;982,0;;;;;;;;;;;;;;;;;;;;;;;;;;;;
Phoenix;;;;;;;;903,0;;;609,3;616,3;589,4;;;;;;;;;;;;;;;;;;;;;;;
SantaFe;;;;;;;;;;625,4;;606,4;637,9;;;;;607,1;;;;;;;;;;;;;;;;;;
Denver;;;;;502,5;649,3;;;;634,9;606,1;;;;;479,9;513,0;551,7;;;;;;;;;;;;;;;;;;
ElPaso;;;;;;;;906,0;;755,6;624,7;;;;;;;561,8;575,4;618,2;;;;;;;;;;;;;;;;
Winnipeg;;;430,6;;511,9;;;;;;;;;;423,6;;;;;;;;;356,1;;;;;;;;;;;;
Duluth;;;;;543,3;;;;;;;;;433,5;;;;;;;;;400,0;;371,4;;;;;;;;;;;
Omaha;;;;;533,2;;;;;;;572,2;;;;;;;;;;;418,2;;;;;;;;;;;;;
KansasCity;;;;;;;;;;;;601,1;;;;;;;;;;401,2;;;;;;;;;;;;;;
OklahomaCity;;;;;;;;;;;624,1;619,4;702,1;;;;;;;564,6;498,2;;;;;;;;;;;;;;;
Houston;;;;;;;;;;;;;692,6;;;;;;;609,8;;;;;;;;;;;;;;;500,1;
Dallas;;;;;;;;;;;;;695,0;;;;;567,7;575,6;;490,5;;;;;;;;;;;;;;;
LittleRock;;;;;;;;;;;;;;;;;;593,6;;568,8;;385,1;;;;;;;;;;;;;468,5;395,1
SaintLouis;;;;;;;;;;;;;;;;;495,0;;;;421,4;;397,5;;;;;;331,1;;;;;;;415,0
Chicago;;;;;;;;;;;;;;;408,7;501,9;;;;;;430,4;;;378,3;;;;336,3;;;;;;;
SaultStMarie;;;;;;;;;;;;;;427,1;;;;;;;;;;;372,2;310,6;;;;;;;;;;
Toronto;;;;;;;;;;;;;;;450,3;;;;;;;;392,0;380,2;;296,8;;;339,2;;;;;;;
Montreal;;;;;;;;;;;;;;;;;;;;;;;;364,9;347,6;;281,5;301,0;;;;;;;;
Boston;;;;;;;;;;;;;;;;;;;;;;;;;;304,8;;303,1;;;;;;;;
NewYork;;;;;;;;;;;;;;;;;;;;;;;;;;319,9;290,6;;342,3;310,3;;;;;;
Pittsburgh;;;;;;;;;;;;;;;;;;;;;;364,4;382,9;;356,6;;;302,8;;310,0;367,5;;;;;376,8
Washington;;;;;;;;;;;;;;;;;;;;;;;;;;;;303,9;339,3;;372,7;;;;;
Raleigh;;;;;;;;;;;;;;;;;;;;;;;;;;;;;324,3;331,6;;;387,6;;;444,4
Atlanta;;;;;;;;;;;;;;;;;;;;;;;;;;;;;;;;;390,8;396,2;424,8;408,0
Charleston;;;;;;;;;;;;;;;;;;;;;;;;;;;;;;;406,9;410,8;;423,9;;
Miami;;;;;;;;;;;;;;;;;;;;;;;;;;;;;;;;410,1;394,2;;490,4;
NewOrleans;;;;;;;;;;;;;;;;;;;624,3;;460,6;;;;;;;;;;;387,6;;395,4;;
Nashville;;;;;;;;;;;;;;;;;;;;;486,3;426,5;;;;;;;337,5;;340,7;386,4;;;;
Step_28000;Vancouver;Seattle;Calgary;Portland;Helena;SaltLakeCity;SanFrancisco;LosAngeles;LasVegas;Phoenix;SantaFe;Denver;ElPaso;Winnipeg;Duluth;Omaha;KansasCity;OklahomaCity;Houston;Dallas;LittleRock;SaintLouis;Chicago;SaultStMarie;Toronto;Montreal;Boston;NewYork;Pittsburgh;Washington;Raleigh;Atlanta;Charleston;Miami;NewOrleans;Nashville
Vancouver;;509,1;436,3;;;;;;;;;;;;;;;;;;;;;;;;;;;;;;;;;
Seattle;458,6;;440,5;653,7;535,8;;;;;;;;;;;;;;;;;;;;;;;;;;;;;;;
Calgary;456,7;546,6;;;460,3;;;;;;;;;449,6;;;;;;;;;;;;;;;;;;;;;;
Portland;;518,7;;;;647,6;696,3;;;;;;;;;;;;;;;;;;;;;;;;;;;;;
Helena;;541,7;418,5;;;983,6;;;;;;591,5;;435,6;443,0;516,7;;;;;;;;;;;;;;;;;;;;
SaltLakeCity;;;;599,1;545,0;;712,8;;981,4;;;652,9;;;;;;;;;;;;;;;;;;;;;;;;
SanFrancisco;;;;636,2;;608,0;;903,0;;;;;;;;;;;;;;;;;;;;;;;;;;;;
LosAngeles;;;;;;;1000,0;;1000,0;1000,0;;;1000,0;;;;;;;;;;;;;;;;;;;;;;;
LasVegas;;;;;;577,3;;982,0;;;;;;;;;;;;;;;;;;;;;;;;;;;;
Phoenix;;;;;;;;903,0;;;621,3;615,9;808,7;;;;;;;;;;;;;;;;;;;;;;;
SantaFe;;;;;;;;;;675,5;;571,4;691,7;;;;;574,7;;;;;;;;;;;;;;;;;;
Denver;;;;;553,1;641,3;;;;787,9;622,4;;;;;524,2;503,3;618,5;;;;;;;;;;;;;;;;;;
ElPaso;;;;;;;;906,0;;723,9;642,9;;;;;;;628,7;636,3;629,2;;;;;;;;;;;;;;;;
Winnipeg;;;445,9;;477,2;;;;;;;;;;432,1;;;;;;;;;366,1;;;;;;;;;;;;
Duluth;;;;;557,3;;;;;;;;;422,6;;;;;;;;;406,1;;366,6;;;;;;;;;;;
Omaha;;;;;531,7;;;;;;;610,0;;;;;;;;;;;411,3;;;;;;;;;;;;;
KansasCity;;;;;;;;;;;;617,3;;;;;;;;;;376,8;;;;;;;;;;;;;;
OklahomaCity;;;;;;;;;;;607,4;582,9;763,8;;;;;;;604,6;486,6;;;;;;;;;;;;;;;
Houston;;;;;;;;;;;;;750,2;;;;;;;526,9;;;;;;;;;;;;;;;483,3;
Dallas;;;;;;;;;;;;;692,9;;;;;578,7;568,6;;489,8;;;;;;;;;;;;;;;
LittleRock;;;;;;;;;;;;;;;;;;617,7;;542,8;;431,8;;;;;;;;;;;;;490,5;398,2
SaintLouis;;;;;;;;;;;;;;;;;498,4;;;;500,6;;373,8;;;;;;340,5;;;;;;;396,1
Chicago;;;;;;;;;;;;;;;393,9;520,3;;;;;;410,5;;;323,1;;;;347,8;;;;;;;
SaultStMarie;;;;;;;;;;;;;;460,3;;;;;;;;;;;357,0;328,0;;;;;;;;;;
Toronto;;;;;;;;;;;;;;;425,7;;;;;;;;370,9;362,8;;300,9;;;348,2;;;;;;;
Montreal;;;;;;;;;;;;;;;;;;;;;;;;376,6;335,6;;272,9;302,5;;;;;;;;
Boston;;;;;;;;;;;;;;;;;;;;;;;;;;295,2;;300,2;;;;;;;;
NewYork;;;;;;;;;;;;;;;;;;;;;;;;;;314,4;288,4;;357,7;302,0;;;;;;
Pittsburgh;;;;;;;;;;;;;;;;;;;;;;447,8;376,4;;353,8;;;308,9;;309,7;349,5;;;;;391,5
Washington;;;;;;;;;;;;;;;;;;;;;;;;;;;;310,1;360,4;;336,9;;;;;
Raleigh;;;;;;;;;;;;;;;;;;;;;;;;;;;;;313,4;309,9;;;383,5;;;410,7
Atlanta;;;;;;;;;;;;;;;;;;;;;;;;;;;;;;;;;389,1;405,8;489,8;389,5
Charleston;;;;;;;;;;;;;;;;;;;;;;;;;;;;;;;406,9;405,4;;424,2;;
Miami;;;;;;;;;;;;;;;;;;;;;;;;;;;;;;;;413,7;394,2;;475,1;
NewOrleans;;;;;;;;;;;;;;;;;;;594,0;;477,1;;;;;;;;;;;381,5;;398,1;;
Nashville;;;;;;;;;;;;;;;;;;;;;494,6;416,9;;;;;;;356,2;;361,4;413,0;;;;
Step_32000;Vancouver;Seattle;Calgary;Portland;Helena;SaltLakeCity;SanFrancisco;LosAngeles;LasVegas;Phoenix;SantaFe;Denver;ElPaso;Winnipeg;Duluth;Omaha;KansasCity;OklahomaCity;Houston;Dallas;LittleRock;SaintLouis;Chicago;SaultStMarie;Toronto;Montreal;Boston;NewYork;Pittsburgh;Washington;Raleigh;Atlanta;Charleston;Miami;NewOrleans;Nashville
Vancouver;;506,4;458,2;;;;;;;;;;;;;;;;;;;;;;;;;;;;;;;;;
Seattle;447,8;;474,5;565,7;549,4;;;;;;;;;;;;;;;;;;;;;;;;;;;;;;;
Calgary;455,4;488,3;;;555,1;;;;;;;;;447,2;;;;;;;;;;;;;;;;;;;;;;
Portland;;485,8;;;;593,7;746,5;;;;;;;;;;;;;;;;;;;;;;;;;;;;;
Helena;;511,7;463,3;;;1008,0;;;;;;609,7;;433,0;432,9;518,9;;;;;;;;;;;;;;;;;;;;
SaltLakeCity;;;;659,8;521,6;;733,1;;1005,0;;;593,8;;;;;;;;;;;;;;;;;;;;;;;;
SanFrancisco;;;;630,7;;668,4;;903,0;;;;;;;;;;;;;;;;;;;;;;;;;;;;
LosAngeles;;;;;;;1000,0;;1000,0;1000,0;;;1000,0;;;;;;;;;;;;;;;;;;;;;;;
LasVegas;;;;;;634,3;;1002,0;;;;;;;;;;;;;;;;;;;;;;;;;;;;
Phoenix;;;;;;;;903,0;;;612,2;585,7;661,4;;;;;;;;;;;;;;;;;;;;;;;
SantaFe;;;;;;;;;;662,1;;555,0;731,0;;;;;573,9;;;;;;;;;;;;;;;;;;
Denver;;;;;548,1;601,5;;;;752,9;598,5;;;;;474,0;511,7;595,2;;;;;;;;;;;;;;;;;;
ElPaso;;;;;;;;906,0;;732,5;623,4;;;;;;;585,9;624,0;598,7;;;;;;;;;;;;;;;;
Winnipeg;;;471,9;;520,0;;;;;;;;;;438,8;;;;;;;;;381,9;;;;;;;;;;;;
Duluth;;;;;504,2;;;;;;;;;449,3;;;;;;;;;416,9;;369,6;;;;;;;;;;;
Omaha;;;;;547,3;;;;;;;619,1;;;;;;;;;;;416,7;;;;;;;;;;;;;
KansasCity;;;;;;;;;;;;575,3;;;;;;;;;;403,7;;;;;;;;;;;;;;
OklahomaCity;;;;;;;;;;;634,4;525,2;751,8;;;;;;;582,8;500,9;;;;;;;;;;;;;;;
Houston;;;;;;;;;;;;;721,4;;;;;;;610,4;;;;;;;;;;;;;;;505,1;
Dallas;;;;;;;;;;;;;631,3;;;;;638,2;594,1;;445,0;;;;;;;;;;;;;;;
LittleRock;;;;;;;;;;;;;;;;;;548,6;;567,4;;424,6;;;;;;;;;;;;;485,0;426,6
SaintLouis;;;;;;;;;;;;;;;;;511,5;;;;497,5;;439,9;;;;;;383,0;;;;;;;377,3
Chicago;;;;;;;;;;;;;;;441,7;496,9;;;;;;437,2;;;342,3;;;;348,3;;;;;;;
SaultStMarie;;;;;;;;;;;;;;458,3;;;;;;;;;;;379,0;326,7;;;;;;;;;;
Toronto;;;;;;;;;;;;;;;455,0;;;;;;;;395,4;377,9;;304,4;;;362,8;;;;;;;
Montreal;;;;;;;;;;;;;;;;;;;;;;;;383,1;335,6;;275,8;306,0;;;;;;;;
Boston;;;;;;;;;;;;;;;;;;;;;;;;;;285,8;;311,2;;;;;;;;
NewYork;;;;;;;;;;;;;;;;;;;;;;;;;;314,4;282,9;;375,1;309,6;;;;;;
Pittsburgh;;;;;;;;;;;;;;;;;;;;;;415,8;405,7;;363,2;;;312,8;;319,8;323,6;;;;;393,6
Washington;;;;;;;;;;;;;;;;;;;;;;;;;;;;302,1;358,8;;338,1;;;;;
Raleigh;;;;;;;;;;;;;;;;;;;;;;;;;;;;;306,2;303,4;;;364,6;;;378,6
Atlanta;;;;;;;;;;;;;;;;;;;;;;;;;;;;;;;;;372,0;405,8;474,6;416,7
Charleston;;;;;;;;;;;;;;;;;;;;;;;;;;;;;;;350,0;405,4;;448,2;;
Miami;;;;;;;;;;;;;;;;;;;;;;;;;;;;;;;;413,7;394,2;;531,9;
NewOrleans;;;;;;;;;;;;;;;;;;;613,3;;480,1;;;;;;;;;;;414,5;;418,9;;
Nashville;;;;;;;;;;;;;;;;;;;;;455,8;429,5;;;;;;;365,5;;355,0;423,1;;;;
Step_36000;Vancouver;Seattle;Calgary;Portland;Helena;SaltLakeCity;SanFrancisco;LosAngeles;LasVegas;Phoenix;SantaFe;Denver;ElPaso;Winnipeg;Duluth;Omaha;KansasCity;OklahomaCity;Houston;Dallas;LittleRock;SaintLouis;Chicago;SaultStMarie;Toronto;Montreal;Boston;NewYork;Pittsburgh;Washington;Raleigh;Atlanta;Charleston;Miami;NewOrleans;Nashville
Vancouver;;473,0;447,1;;;;;;;;;;;;;;;;;;;;;;;;;;;;;;;;;
Seattle;412,7;;453,4;630,3;501,5;;;;;;;;;;;;;;;;;;;;;;;;;;;;;;;
Calgary;423,7;537,4;;;512,4;;;;;;;;;440,4;;;;;;;;;;;;;;;;;;;;;;
Portland;;527,8;;;;652,1;742,8;;;;;;;;;;;;;;;;;;;;;;;;;;;;;
Helena;;569,6;445,5;;;975,7;;;;;;557,8;;433,2;437,8;515,0;;;;;;;;;;;;;;;;;;;;
SaltLakeCity;;;;598,2;498,9;;924,0;;656,4;;;600,3;;;;;;;;;;;;;;;;;;;;;;;;
SanFrancisco;;;;648,0;;617,0;;983,0;;;;;;;;;;;;;;;;;;;;;;;;;;;;
LosAngeles;;;;;;;1000,0;;1000,0;1000,0;;;1000,0;;;;;;;;;;;;;;;;;;;;;;;
LasVegas;;;;;;656,4;;902,0;;;;;;;;;;;;;;;;;;;;;;;;;;;;
Phoenix;;;;;;;;903,0;;;631,3;555,1;685,9;;;;;;;;;;;;;;;;;;;;;;;
SantaFe;;;;;;;;;;697,3;;589,5;626,5;;;;;623,9;;;;;;;;;;;;;;;;;;
Denver;;;;;468,5;618,1;;;;720,2;632,7;;;;;517,7;490,9;617,8;;;;;;;;;;;;;;;;;;
ElPaso;;;;;;;;906,0;;671,1;629,0;;;;;;;559,9;636,5;621,9;;;;;;;;;;;;;;;;
Winnipeg;;;447,3;;503,9;;;;;;;;;;412,6;;;;;;;;;369,8;;;;;;;;;;;;
Duluth;;;;;481,9;;;;;;;;;431,5;;;;;;;;;388,5;;360,4;;;;;;;;;;;
Omaha;;;;;518,3;;;;;;;637,5;;;;;;;;;;;395,8;;;;;;;;;;;;;
KansasCity;;;;;;;;;;;;546,7;;;;;;;;;;443,3;;;;;;;;;;;;;;
OklahomaCity;;;;;;;;;;;619,6;605,8;698,8;;;;;;;594,8;480,6;;;;;;;;;;;;;;;
Houston;;;;;;;;;;;;;700,9;;;;;;;610,4;;;;;;;;;;;;;;;502,3;
Dallas;;;;;;;;;;;;;718,3;;;;;588,9;584,3;;511,8;;;;;;;;;;;;;;;
LittleRock;;;;;;;;;;;;;;;;;;542,7;;610,6;;420,0;;;;;;;;;;;;;517,4;409,2
SaintLouis;;;;;;;;;;;;;;;;;482,5;;;;441,0;;393,1;;;;;;389,9;;;;;;;433,9
Chicago;;;;;;;;;;;;;;;414,8;516,1;;;;;;416,4;;;362,3;;;;359,0;;;;;;;
SaultStMarie;;;;;;;;;;;;;;436,5;;;;;;;;;;;365,5;311,1;;;;;;;;;;
Toronto;;;;;;;;;;;;;;;385,5;;;;;;;;412,6;368,3;;318,9;;;368,7;;;;;;;
Montreal;;;;;;;;;;;;;;;;;;;;;;;;363,4;340,9;;275,7;309,3;;;;;;;;
Boston;;;;;;;;;;;;;;;;;;;;;;;;;;301,6;;309,8;;;;;;;;
NewYork;;;;;;;;;;;;;;;;;;;;;;;;;;322,5;280,9;;359,3;314,5;;;;;;
Pittsburgh;;;;;;;;;;;;;;;;;;;;;;409,3;433,0;;361,4;;;316,8;;318,3;328,2;;;;;418,2
Washington;;;;;;;;;;;;;;;;;;;;;;;;;;;;298,4;352,8;;338,1;;;;;
Raleigh;;;;;;;;;;;;;;;;;;;;;;;;;;;;;321,3;303,4;;;361,1;;;420,0
Atlanta;;;;;;;;;;;;;;;;;;;;;;;;;;;;;;;;;372,0;405,8;508,7;416,7
Charleston;;;;;;;;;;;;;;;;;;;;;;;;;;;;;;;354,9;405,4;;438,4;;
Miami;;;;;;;;;;;;;;;;;;;;;;;;;;;;;;;;413,7;403,0;;548,7;
NewOrleans;;;;;;;;;;;;;;;;;;;626,9;;485,4;;;;;;;;;;;457,2;;433,8;;
Nashville;;;;;;;;;;;;;;;;;;;;;497,6;418,1;;;;;;;358,1;;352,9;433,7;;;;
Step_40000;Vancouver;Seattle;Calgary;Portland;Helena;SaltLakeCity;SanFrancisco;LosAngeles;LasVegas;Phoenix;SantaFe;Denver;ElPaso;Winnipeg;Duluth;Omaha;KansasCity;OklahomaCity;Houston;Dallas;LittleRock;SaintLouis;Chicago;SaultStMarie;Toronto;Montreal;Boston;NewYork;Pittsburgh;Washington;Raleigh;Atlanta;Charleston;Miami;NewOrleans;Nashville
Vancouver;;436,1;411,3;;;;;;;;;;;;;;;;;;;;;;;;;;;;;;;;;
Seattle;409,6;;423,0;505,0;488,9;;;;;;;;;;;;;;;;;;;;;;;;;;;;;;;
Calgary;415,6;444,9;;;438,8;;;;;;;;;434,7;;;;;;;;;;;;;;;;;;;;;;
Portland;;440,9;;;;559,4;548,3;;;;;;;;;;;;;;;;;;;;;;;;;;;;;
Helena;;462,2;407,9;;;913,4;;;;;;589,7;;412,2;460,3;481,6;;;;;;;;;;;;;;;;;;;;
SaltLakeCity;;;;541,3;502,7;;1008,0;;762,3;;;577,6;;;;;;;;;;;;;;;;;;;;;;;;
SanFrancisco;;;;537,8;;642,6;;1003,0;;;;;;;;;;;;;;;;;;;;;;;;;;;;
LosAngeles;;;;;;;1000,0;;1000,0;1000,0;;;1000,0;;;;;;;;;;;;;;;;;;;;;;;
LasVegas;;;;;;627,9;;902,0;;;;;;;;;;;;;;;;;;;;;;;;;;;;
Phoenix;;;;;;;;903,0;;;573,8;557,5;718,2;;;;;;;;;;;;;;;;;;;;;;;
SantaFe;;;;;;;;;;764,7;;584,5;695,7;;;;;605,5;;;;;;;;;;;;;;;;;;
Denver;;;;;484,9;632,3;;;;709,6;618,3;;;;;480,3;454,9;598,5;;;;;;;;;;;;;;;;;;
ElPaso;;;;;;;;906,0;;705,2;651,2;;;;;;;607,3;538,4;593,7;;;;;;;;;;;;;;;;
Winnipeg;;;429,8;;498,4;;;;;;;;;;438,3;;;;;;;;;344,7;;;;;;;;;;;;
Duluth;;;;;549,0;;;;;;;;;431,4;;;;;;;;;381,7;;357,0;;;;;;;;;;;
Omaha;;;;;487,2;;;;;;;578,0;;;;;;;;;;;401,8;;;;;;;;;;;;;
KansasCity;;;;;;;;;;;;580,5;;;;;;;;;;404,9;;;;;;;;;;;;;;
OklahomaCity;;;;;;;;;;;616,3;510,5;756,6;;;;;;;588,1;427,9;;;;;;;;;;;;;;;
Houston;;;;;;;;;;;;;745,0;;;;;;;589,0;;;;;;;;;;;;;;;450,2;
Dallas;;;;;;;;;;;;;722,2;;;;;625,0;583,2;;496,4;;;;;;;;;;;;;;;
LittleRock;;;;;;;;;;;;;;;;;;567,5;;544,8;;403,5;;;;;;;;;;;;;475,8;428,8
SaintLouis;;;;;;;;;;;;;;;;;445,5;;;;472,0;;393,5;;;;;;357,2;;;;;;;400,1
Chicago;;;;;;;;;;;;;;;405,1;470,5;;;;;;407,5;;;324,2;;;;354,6;;;;;;;
SaultStMarie;;;;;;;;;;;;;;425,4;;;;;;;;;;;329,5;313,7;;;;;;;;;;
Toronto;;;;;;;;;;;;;;;456,7;;;;;;;;384,1;385,2;;301,0;;;353,8;;;;;;;
Montreal;;;;;;;;;;;;;;;;;;;;;;;;353,9;377,6;;278,2;314,8;;;;;;;;
Boston;;;;;;;;;;;;;;;;;;;;;;;;;;293,0;;309,4;;;;;;;;
NewYork;;;;;;;;;;;;;;;;;;;;;;;;;;325,5;277,7;;363,8;314,0;;;;;;
Pittsburgh;;;;;;;;;;;;;;;;;;;;;;396,8;387,9;;346,7;;;313,1;;321,2;338,9;;;;;380,9
Washington;;;;;;;;;;;;;;;;;;;;;;;;;;;;298,4;342,8;;349,3;;;;;
Raleigh;;;;;;;;;;;;;;;;;;;;;;;;;;;;;313,8;310,5;;;367,6;;;421,2
Atlanta;;;;;;;;;;;;;;;;;;;;;;;;;;;;;;;;;374,1;423,0;462,2;401,8
Charleston;;;;;;;;;;;;;;;;;;;;;;;;;;;;;;;340,8;405,4;;422,8;;
Miami;;;;;;;;;;;;;;;;;;;;;;;;;;;;;;;;399,3;387,8;;462,9;
NewOrleans;;;;;;;;;;;;;;;;;;;601,5;;478,0;;;;;;;;;;;405,4;;429,8;;
Nashville;;;;;;;;;;;;;;;;;;;;;475,5;416,2;;;;;;;343,0;;363,4;405,6;;;;
