Step_4000;Vancouver;Seattle;Calgary;Portland;Helena;SaltLakeCity;SanFrancisco;LosAngeles;LasVegas;Phoenix;SantaFe;Denver;ElPaso;Winnipeg;Duluth;Omaha;KansasCity;OklahomaCity;Houston;Dallas;LittleRock;SaintLouis;Chicago;SaultStMarie;Toronto;Montreal;Boston;NewYork;Pittsburgh;Washington;Raleigh;Atlanta;Charleston;Miami;NewOrleans;Nashville
Vancouver;;253,9;209,2;;;;;;;;;;;;;;;;;;;;;;;;;;;;;;;;;
Seattle;204,9;;235,7;274,3;355,8;;;;;;;;;;;;;;;;;;;;;;;;;;;;;;;
Calgary;179,8;214,2;;;329,0;;;;;;;;;186,6;;;;;;;;;;;;;;;;;;;;;;
Portland;;282,4;;;;372,8;361,3;;;;;;;;;;;;;;;;;;;;;;;;;;;;;
Helena;;231,9;191,7;;;344,6;;;;;;423,6;;198,8;297,7;333,4;;;;;;;;;;;;;;;;;;;;
SaltLakeCity;;;;289,0;316,3;;332,0;;352,7;;;429,2;;;;;;;;;;;;;;;;;;;;;;;;
SanFrancisco;;;;332,0;;354,4;;1021,0;;;;;;;;;;;;;;;;;;;;;;;;;;;;
LosAngeles;;;;;;;364,8;;365,4;404,4;;;1018,0;;;;;;;;;;;;;;;;;;;;;;;
LasVegas;;;;;;352,0;;384,3;;;;;;;;;;;;;;;;;;;;;;;;;;;;
Phoenix;;;;;;;;395,3;;;421,2;390,5;456,9;;;;;;;;;;;;;;;;;;;;;;;
SantaFe;;;;;;;;;;369,8;;392,0;476,0;;;;;518,5;;;;;;;;;;;;;;;;;;
Denver;;;;;307,1;358,2;;;;392,0;436,5;;;;;373,4;425,4;482,8;;;;;;;;;;;;;;;;;;
ElPaso;;;;;;;;410,0;;414,3;438,4;;;;;;;487,9;1012,0;505,1;;;;;;;;;;;;;;;;
Winnipeg;;;142,9;;290,2;;;;;;;;;;250,4;;;;;;;;;103,2;;;;;;;;;;;;
Duluth;;;;;242,0;;;;;;;;;147,3;;235,9;;;;;;;456,7;159,3;143,1;;;;;;;;;;;
Omaha;;;;;256,5;;;;;;;372,7;;;289,4;;;;;;;;454,2;;;;;;;;;;;;;
KansasCity;;;;;;;;;;;;420,7;;;;;;480,4;;;;437,7;;;;;;;;;;;;;;
OklahomaCity;;;;;;;;;;;412,0;428,8;441,4;;;;420,0;;;565,4;599,2;;;;;;;;;;;;;;;
Houston;;;;;;;;;;;;;471,9;;;;;;;507,5;;;;;;;;;;;;;;;982,3;
Dallas;;;;;;;;;;;;;454,6;;;;;491,7;720,7;;567,8;;;;;;;;;;;;;;;
LittleRock;;;;;;;;;;;;;;;;;;495,2;;545,7;;516,4;;;;;;;;;;;;;727,2;652,0
SaintLouis;;;;;;;;;;;;;;;;;420,4;;;;630,2;;493,6;;;;;;507,3;;;;;;;739,2
Chicago;;;;;;;;;;;;;;;203,9;325,0;;;;;;570,5;;;174,0;;;;489,0;;;;;;;
SaultStMarie;;;;;;;;;;;;;;96,0;137,0;;;;;;;;;;389,6;37,6;;;;;;;;;;
Toronto;;;;;;;;;;;;;;;157,0;;;;;;;;300,0;122,6;;92,2;;;519,7;;;;;;;
Montreal;;;;;;;;;;;;;;;;;;;;;;;;220,5;0,5;;67,7;45,3;;;;;;;;
Boston;;;;;;;;;;;;;;;;;;;;;;;;;;43,9;;284,3;;;;;;;;
NewYork;;;;;;;;;;;;;;;;;;;;;;;;;;78,5;119,4;;502,1;359,5;;;;;;
Pittsburgh;;;;;;;;;;;;;;;;;;;;;;566,1;446,9;;302,6;;;300,6;;369,2;700,8;;;;;619,8
Washington;;;;;;;;;;;;;;;;;;;;;;;;;;;;273,2;218,4;;685,7;;;;;
Raleigh;;;;;;;;;;;;;;;;;;;;;;;;;;;;;419,7;475,4;;902,0;724,9;;;629,3
Atlanta;;;;;;;;;;;;;;;;;;;;;;;;;;;;;;;1000,0;;1000,0;1000,0;1000,0;1000,0
Charleston;;;;;;;;;;;;;;;;;;;;;;;;;;;;;;;671,8;902,0;;726,9;;
Miami;;;;;;;;;;;;;;;;;;;;;;;;;;;;;;;;905,0;720,7;;777,0;
NewOrleans;;;;;;;;;;;;;;;;;;;621,6;;619,9;;;;;;;;;;;984,0;;771,9;;
Nashville;;;;;;;;;;;;;;;;;;;;;590,0;558,2;;;;;;;511,8;;704,3;901,0;;;;
Step_8000;Vancouver;Seattle;Calgary;Portland;Helena;SaltLakeCity;SanFrancisco;LosAngeles;LasVegas;Phoenix;SantaFe;Denver;ElPaso;Winnipeg;Duluth;Omaha;KansasCity;OklahomaCity;Houston;Dallas;LittleRock;SaintLouis;Chicago;SaultStMarie;Toronto;Montreal;Boston;NewYork;Pittsburgh;Washington;Raleigh;Atlanta;Charleston;Miami;NewOrleans;Nashville
Vancouver;;272,0;273,8;;;;;;;;;;;;;;;;;;;;;;;;;;;;;;;;;
Seattle;253,4;;285,8;305,6;336,0;;;;;;;;;;;;;;;;;;;;;;;;;;;;;;;
Calgary;255,3;269,3;;;319,3;;;;;;;;;294,4;;;;;;;;;;;;;;;;;;;;;;
Portland;;281,9;;;;333,6;367,4;;;;;;;;;;;;;;;;;;;;;;;;;;;;;
Helena;;285,6;273,3;;;352,9;;;;;;349,1;;304,3;364,5;404,7;;;;;;;;;;;;;;;;;;;;
SaltLakeCity;;;;282,1;348,0;;364,4;;352,2;;;392,3;;;;;;;;;;;;;;;;;;;;;;;;
SanFrancisco;;;;312,5;;343,7;;995,8;;;;;;;;;;;;;;;;;;;;;;;;;;;;
LosAngeles;;;;;;;351,8;;358,3;407,6;;;990,9;;;;;;;;;;;;;;;;;;;;;;;
LasVegas;;;;;;358,0;;414,0;;;;;;;;;;;;;;;;;;;;;;;;;;;;
Phoenix;;;;;;;;414,4;;;426,3;370,4;511,6;;;;;;;;;;;;;;;;;;;;;;;
SantaFe;;;;;;;;;;397,1;;397,3;463,7;;;;;465,0;;;;;;;;;;;;;;;;;;
Denver;;;;;312,2;346,2;;;;403,3;427,8;;;;;398,5;427,1;462,5;;;;;;;;;;;;;;;;;;
ElPaso;;;;;;;;426,7;;435,8;428,2;;;;;;;450,4;974,2;526,9;;;;;;;;;;;;;;;;
Winnipeg;;;265,5;;332,2;;;;;;;;;;324,4;;;;;;;;;254,8;;;;;;;;;;;;
Duluth;;;;;353,6;;;;;;;;;293,5;;402,9;;;;;;;492,5;311,2;396,6;;;;;;;;;;;
Omaha;;;;;318,1;;;;;;;389,8;;;394,2;;;;;;;;497,6;;;;;;;;;;;;;
KansasCity;;;;;;;;;;;;401,6;;;;;;473,3;;;;487,6;;;;;;;;;;;;;;
OklahomaCity;;;;;;;;;;;420,7;383,9;527,6;;;;449,9;;;482,7;494,6;;;;;;;;;;;;;;;
Houston;;;;;;;;;;;;;522,4;;;;;;;492,4;;;;;;;;;;;;;;;907,5;
Dallas;;;;;;;;;;;;;524,9;;;;;490,5;552,1;;557,3;;;;;;;;;;;;;;;
LittleRock;;;;;;;;;;;;;;;;;;447,8;;496,2;;534,9;;;;;;;;;;;;;776,7;653,5
SaintLouis;;;;;;;;;;;;;;;;;424,5;;;;574,5;;488,5;;;;;;552,7;;;;;;;750,1
Chicago;;;;;;;;;;;;;;;394,3;395,1;;;;;;574,8;;;461,8;;;;522,1;;;;;;;
SaultStMarie;;;;;;;;;;;;;;219,7;257,6;;;;;;;;;;411,3;92,5;;;;;;;;;;
Toronto;;;;;;;;;;;;;;;372,8;;;;;;;;483,8;236,6;;218,7;;;548,7;;;;;;;
Montreal;;;;;;;;;;;;;;;;;;;;;;;;278,7;287,5;;204,1;314,8;;;;;;;;
Boston;;;;;;;;;;;;;;;;;;;;;;;;;;149,5;;385,8;;;;;;;;
NewYork;;;;;;;;;;;;;;;;;;;;;;;;;;174,8;290,8;;493,0;591,5;;;;;;
Pittsburgh;;;;;;;;;;;;;;;;;;;;;;509,4;502,2;;438,9;;;467,5;;559,7;653,8;;;;;749,9
Washington;;;;;;;;;;;;;;;;;;;;;;;;;;;;471,1;565,0;;776,8;;;;;
Raleigh;;;;;;;;;;;;;;;;;;;;;;;;;;;;;543,3;593,8;;902,0;751,1;;;710,7
Atlanta;;;;;;;;;;;;;;;;;;;;;;;;;;;;;;;1000,0;;1000,0;1000,0;1000,0;1000,0
Charleston;;;;;;;;;;;;;;;;;;;;;;;;;;;;;;;647,7;902,0;;788,9;;
Miami;;;;;;;;;;;;;;;;;;;;;;;;;;;;;;;;905,0;752,5;;752,5;
NewOrleans;;;;;;;;;;;;;;;;;;;656,2;;568,5;;;;;;;;;;;984,0;;769,6;;
Nashville;;;;;;;;;;;;;;;;;;;;;588,7;450,4;;;;;;;565,2;;762,8;901,0;;;;
Step_12000;Vancouver;Seattle;Calgary;Portland;Helena;SaltLakeCity;SanFrancisco;LosAngeles;LasVegas;Phoenix;SantaFe;Denver;ElPaso;Winnipeg;Duluth;Omaha;KansasCity;OklahomaCity;Houston;Dallas;LittleRock;SaintLouis;Chicago;SaultStMarie;Toronto;Montreal;Boston;NewYork;Pittsburgh;Washington;Raleigh;Atlanta;Charleston;Miami;NewOrleans;Nashville
Vancouver;;300,7;287,3;;;;;;;;;;;;;;;;;;;;;;;;;;;;;;;;;
Seattle;270,1;;297,5;312,9;335,7;;;;;;;;;;;;;;;;;;;;;;;;;;;;;;;
Calgary;262,9;277,5;;;339,0;;;;;;;;;319,1;;;;;;;;;;;;;;;;;;;;;;
Portland;;278,6;;;;353,3;327,4;;;;;;;;;;;;;;;;;;;;;;;;;;;;;
Helena;;302,3;305,6;;;364,1;;;;;;386,8;;326,7;379,0;392,3;;;;;;;;;;;;;;;;;;;;
SaltLakeCity;;;;323,2;359,1;;331,9;;345,1;;;418,1;;;;;;;;;;;;;;;;;;;;;;;;
SanFrancisco;;;;305,4;;361,6;;978,9;;;;;;;;;;;;;;;;;;;;;;;;;;;;
LosAngeles;;;;;;;343,0;;369,0;420,5;;;897,2;;;;;;;;;;;;;;;;;;;;;;;
LasVegas;;;;;;366,7;;413,3;;;;;;;;;;;;;;;;;;;;;;;;;;;;
Phoenix;;;;;;;;399,0;;;443,5;409,8;575,2;;;;;;;;;;;;;;;;;;;;;;;
SantaFe;;;;;;;;;;429,7;;418,8;496,5;;;;;481,5;;;;;;;;;;;;;;;;;;
Denver;;;;;329,9;343,0;;;;395,9;437,0;;;;;403,5;440,5;494,3;;;;;;;;;;;;;;;;;;
ElPaso;;;;;;;;385,6;;453,5;427,7;;;;;;;501,0;987,6;494,4;;;;;;;;;;;;;;;;
Winnipeg;;;302,3;;349,6;;;;;;;;;;395,2;;;;;;;;;312,5;;;;;;;;;;;;
Duluth;;;;;323,2;;;;;;;;;326,7;;399,8;;;;;;;478,7;399,7;427,9;;;;;;;;;;;
Omaha;;;;;354,8;;;;;;;397,4;;;402,1;;;;;;;;432,4;;;;;;;;;;;;;
KansasCity;;;;;;;;;;;;404,2;;;;;;487,2;;;;546,9;;;;;;;;;;;;;;
OklahomaCity;;;;;;;;;;;420,1;393,2;459,7;;;;445,6;;;511,6;645,0;;;;;;;;;;;;;;;
Houston;;;;;;;;;;;;;516,0;;;;;;;527,1;;;;;;;;;;;;;;;982,3;
Dallas;;;;;;;;;;;;;507,2;;;;;452,4;556,7;;600,3;;;;;;;;;;;;;;;
LittleRock;;;;;;;;;;;;;;;;;;501,4;;530,1;;530,7;;;;;;;;;;;;;781,5;673,0
SaintLouis;;;;;;;;;;;;;;;;;458,9;;;;577,2;;513,0;;;;;;603,7;;;;;;;709,4
Chicago;;;;;;;;;;;;;;;390,1;412,3;;;;;;562,9;;;440,5;;;;630,6;;;;;;;
SaultStMarie;;;;;;;;;;;;;;303,5;332,2;;;;;;;;;;484,8;315,9;;;;;;;;;;
Toronto;;;;;;;;;;;;;;;408,1;;;;;;;;480,7;374,5;;417,5;;;587,4;;;;;;;
Montreal;;;;;;;;;;;;;;;;;;;;;;;;324,3;289,3;;372,6;517,5;;;;;;;;
Boston;;;;;;;;;;;;;;;;;;;;;;;;;;366,3;;507,3;;;;;;;;
NewYork;;;;;;;;;;;;;;;;;;;;;;;;;;398,1;402,3;;580,5;619,8;;;;;;
Pittsburgh;;;;;;;;;;;;;;;;;;;;;;594,5;509,7;;450,9;;;518,6;;609,2;671,6;;;;;760,8
Washington;;;;;;;;;;;;;;;;;;;;;;;;;;;;531,1;603,9;;731,4;;;;;
Raleigh;;;;;;;;;;;;;;;;;;;;;;;;;;;;;584,0;580,0;;902,0;782,7;;;610,3
Atlanta;;;;;;;;;;;;;;;;;;;;;;;;;;;;;;;1000,0;;1000,0;1000,0;1000,0;1000,0
Charleston;;;;;;;;;;;;;;;;;;;;;;;;;;;;;;;721,9;902,0;;785,9;;
Miami;;;;;;;;;;;;;;;;;;;;;;;;;;;;;;;;905,0;759,4;;721,1;
NewOrleans;;;;;;;;;;;;;;;;;;;626,3;;571,3;;;;;;;;;;;984,0;;776,0;;
Nashville;;;;;;;;;;;;;;;;;;;;;582,1;480,4;;;;;;;591,5;;695,8;901,0;;;;
Step_16000;Vancouver;Seattle;Calgary;Portland;Helena;SaltLakeCity;SanFrancisco;LosAngeles;LasVegas;Phoenix;SantaFe;Denver;ElPaso;Winnipeg;Duluth;Omaha;KansasCity;OklahomaCity;Houston;Dallas;LittleRock;SaintLouis;Chicago;SaultStMarie;Toronto;Montreal;Boston;NewYork;Pittsburgh;Washington;Raleigh;Atlanta;Charleston;Miami;NewOrleans;Nashville
Vancouver;;298,1;297,6;;;;;;;;;;;;;;;;;;;;;;;;;;;;;;;;;
Seattle;273,4;;299,7;295,7;349,0;;;;;;;;;;;;;;;;;;;;;;;;;;;;;;;
Calgary;273,6;299,6;;;355,5;;;;;;;;;338,4;;;;;;;;;;;;;;;;;;;;;;
Portland;;297,2;;;;351,6;339,9;;;;;;;;;;;;;;;;;;;;;;;;;;;;;
Helena;;288,2;309,2;;;351,3;;;;;;391,7;;345,8;428,5;387,2;;;;;;;;;;;;;;;;;;;;
SaltLakeCity;;;;319,4;354,5;;433,5;;351,2;;;975,2;;;;;;;;;;;;;;;;;;;;;;;;
SanFrancisco;;;;306,4;;895,8;;338,7;;;;;;;;;;;;;;;;;;;;;;;;;;;;
LosAngeles;;;;;;;335,9;;346,1;442,3;;;517,1;;;;;;;;;;;;;;;;;;;;;;;
LasVegas;;;;;;353,9;;356,5;;;;;;;;;;;;;;;;;;;;;;;;;;;;
Phoenix;;;;;;;;411,4;;;425,6;427,1;521,7;;;;;;;;;;;;;;;;;;;;;;;
SantaFe;;;;;;;;;;405,4;;440,5;470,7;;;;;524,6;;;;;;;;;;;;;;;;;;
Denver;;;;;347,8;360,1;;;;428,2;422,7;;;;;415,5;451,1;898,9;;;;;;;;;;;;;;;;;;
ElPaso;;;;;;;;413,1;;421,4;439,0;;;;;;;508,0;595,9;517,7;;;;;;;;;;;;;;;;
Winnipeg;;;292,8;;334,8;;;;;;;;;;401,3;;;;;;;;;391,4;;;;;;;;;;;;
Duluth;;;;;377,4;;;;;;;;;352,5;;409,3;;;;;;;493,8;406,0;463,0;;;;;;;;;;;
Omaha;;;;;352,2;;;;;;;420,8;;;404,2;;;;;;;;495,1;;;;;;;;;;;;;
KansasCity;;;;;;;;;;;;407,0;;;;;;486,2;;;;536,1;;;;;;;;;;;;;;
OklahomaCity;;;;;;;;;;;443,5;414,2;448,4;;;;487,0;;;526,2;1009,0;;;;;;;;;;;;;;;
Houston;;;;;;;;;;;;;482,9;;;;;;;522,5;;;;;;;;;;;;;;;786,3;
Dallas;;;;;;;;;;;;;501,7;;;;;513,4;576,2;;617,3;;;;;;;;;;;;;;;
LittleRock;;;;;;;;;;;;;;;;;;513,6;;558,7;;567,0;;;;;;;;;;;;;1007,0;685,9
SaintLouis;;;;;;;;;;;;;;;;;461,8;;;;650,5;;488,4;;;;;;589,8;;;;;;;750,9
Chicago;;;;;;;;;;;;;;;369,2;415,6;;;;;;544,2;;;499,4;;;;530,2;;;;;;;
SaultStMarie;;;;;;;;;;;;;;338,4;410,6;;;;;;;;;;456,9;421,6;;;;;;;;;;
Toronto;;;;;;;;;;;;;;;396,6;;;;;;;;529,5;397,3;;428,6;;;505,7;;;;;;;
Montreal;;;;;;;;;;;;;;;;;;;;;;;;365,0;415,3;;453,3;513,6;;;;;;;;
Boston;;;;;;;;;;;;;;;;;;;;;;;;;;427,4;;540,0;;;;;;;;
NewYork;;;;;;;;;;;;;;;;;;;;;;;;;;424,7;430,5;;592,2;625,7;;;;;;
Pittsburgh;;;;;;;;;;;;;;;;;;;;;;569,2;473,4;;418,1;;;498,8;;617,9;762,6;;;;;684,9
Washington;;;;;;;;;;;;;;;;;;;;;;;;;;;;476,7;591,9;;701,1;;;;;
Raleigh;;;;;;;;;;;;;;;;;;;;;;;;;;;;;570,6;581,5;;902,0;759,1;;;706,0
Atlanta;;;;;;;;;;;;;;;;;;;;;;;;;;;;;;;1000,0;;1000,0;1000,0;1000,0;1000,0
Charleston;;;;;;;;;;;;;;;;;;;;;;;;;;;;;;;686,0;902,0;;787,9;;
Miami;;;;;;;;;;;;;;;;;;;;;;;;;;;;;;;;905,0;762,5;;732,7;
NewOrleans;;;;;;;;;;;;;;;;;;;562,8;;650,4;;;;;;;;;;;1004,0;;747,8;;
Nashville;;;;;;;;;;;;;;;;;;;;;656,6;536,0;;;;;;;572,1;;744,7;901,0;;;;
Step_20000;Vancouver;Seattle;Calgary;Portland;Helena;SaltLakeCity;SanFrancisco;LosAngeles;LasVegas;Phoenix;SantaFe;Denver;ElPaso;Winnipeg;Duluth;Omaha;KansasCity;OklahomaCity;Houston;Dallas;LittleRock;SaintLouis;Chicago;SaultStMarie;Toronto;Montreal;Boston;NewYork;Pittsburgh;Washington;Raleigh;Atlanta;Charleston;Miami;NewOrleans;Nashville
Vancouver;;293,2;317,8;;;;;;;;;;;;;;;;;;;;;;;;;;;;;;;;;
Seattle;277,7;;321,3;310,6;372,5;;;;;;;;;;;;;;;;;;;;;;;;;;;;;;;
Calgary;287,0;302,8;;;355,6;;;;;;;;;373,9;;;;;;;;;;;;;;;;;;;;;;
Portland;;315,7;;;;359,0;336,2;;;;;;;;;;;;;;;;;;;;;;;;;;;;;
Helena;;283,5;322,7;;;352,0;;;;;;422,3;;363,3;386,4;407,6;;;;;;;;;;;;;;;;;;;;
SaltLakeCity;;;;298,6;362,0;;315,4;;363,7;;;389,3;;;;;;;;;;;;;;;;;;;;;;;;
SanFrancisco;;;;310,9;;342,0;;977,9;;;;;;;;;;;;;;;;;;;;;;;;;;;;
LosAngeles;;;;;;;332,7;;326,8;427,2;;;891,7;;;;;;;;;;;;;;;;;;;;;;;
LasVegas;;;;;;331,9;;401,2;;;;;;;;;;;;;;;;;;;;;;;;;;;;
Phoenix;;;;;;;;398,3;;;431,2;425,9;503,3;;;;;;;;;;;;;;;;;;;;;;;
SantaFe;;;;;;;;;;408,1;;434,6;460,9;;;;;502,6;;;;;;;;;;;;;;;;;;
Denver;;;;;384,0;355,5;;;;393,1;446,0;;;;;412,3;464,9;469,6;;;;;;;;;;;;;;;;;;
ElPaso;;;;;;;;388,0;;412,0;423,0;;;;;;;495,9;1012,0;477,6;;;;;;;;;;;;;;;;
Winnipeg;;;319,8;;378,9;;;;;;;;;;430,4;;;;;;;;;405,9;;;;;;;;;;;;
Duluth;;;;;352,7;;;;;;;;;354,4;;441,4;;;;;;;499,0;413,6;473,6;;;;;;;;;;;
Omaha;;;;;358,0;;;;;;;438,8;;;417,3;;;;;;;;525,5;;;;;;;;;;;;;
KansasCity;;;;;;;;;;;;410,3;;;;;;495,7;;;;541,9;;;;;;;;;;;;;;
OklahomaCity;;;;;;;;;;;440,9;419,4;466,6;;;;466,7;;;535,5;586,4;;;;;;;;;;;;;;;
Houston;;;;;;;;;;;;;474,0;;;;;;;531,1;;;;;;;;;;;;;;;1006,0;
Dallas;;;;;;;;;;;;;494,5;;;;;463,6;616,7;;542,9;;;;;;;;;;;;;;;
LittleRock;;;;;;;;;;;;;;;;;;443,0;;507,6;;540,8;;;;;;;;;;;;;748,5;680,4
SaintLouis;;;;;;;;;;;;;;;;;472,6;;;;595,7;;507,4;;;;;;531,3;;;;;;;659,7
Chicago;;;;;;;;;;;;;;;429,0;419,9;;;;;;525,1;;;499,0;;;;553,9;;;;;;;
SaultStMarie;;;;;;;;;;;;;;326,0;416,9;;;;;;;;;;485,6;444,5;;;;;;;;;;
Toronto;;;;;;;;;;;;;;;388,8;;;;;;;;502,3;440,8;;439,6;;;547,1;;;;;;;
Montreal;;;;;;;;;;;;;;;;;;;;;;;;379,2;463,6;;429,0;493,4;;;;;;;;
Boston;;;;;;;;;;;;;;;;;;;;;;;;;;462,9;;526,3;;;;;;;;
NewYork;;;;;;;;;;;;;;;;;;;;;;;;;;472,2;459,9;;568,3;573,5;;;;;;
Pittsburgh;;;;;;;;;;;;;;;;;;;;;;537,8;509,9;;471,7;;;521,9;;549,9;694,2;;;;;777,2
Washington;;;;;;;;;;;;;;;;;;;;;;;;;;;;526,9;581,0;;675,1;;;;;
Raleigh;;;;;;;;;;;;;;;;;;;;;;;;;;;;;587,4;579,5;;902,0;778,4;;;675,5
Atlanta;;;;;;;;;;;;;;;;;;;;;;;;;;;;;;;1000,0;;1000,0;1000,0;1000,0;1000,0
Charleston;;;;;;;;;;;;;;;;;;;;;;;;;;;;;;;745,7;902,0;;781,4;;
Miami;;;;;;;;;;;;;;;;;;;;;;;;;;;;;;;;905,0;773,3;;744,9;
NewOrleans;;;;;;;;;;;;;;;;;;;665,7;;583,1;;;;;;;;;;;984,0;;747,1;;
Nashville;;;;;;;;;;;;;;;;;;;;;604,3;595,1;;;;;;;564,3;;696,9;901,0;;;;
Step_24000;Vancouver;Seattle;Calgary;Portland;Helena;SaltLakeCity;SanFrancisco;LosAngeles;LasVegas;Phoenix;SantaFe;Denver;ElPaso;Winnipeg;Duluth;Omaha;KansasCity;OklahomaCity;Houston;Dallas;LittleRock;SaintLouis;Chicago;SaultStMarie;Toronto;Montreal;Boston;NewYork;Pittsburgh;Washington;Raleigh;Atlanta;Charleston;Miami;NewOrleans;Nashville
Vancouver;;288,4;301,6;;;;;;;;;;;;;;;;;;;;;;;;;;;;;;;;;
Seattle;275,0;;314,8;298,2;371,1;;;;;;;;;;;;;;;;;;;;;;;;;;;;;;;
Calgary;285,2;306,3;;;353,5;;;;;;;;;354,8;;;;;;;;;;;;;;;;;;;;;;
Portland;;303,8;;;;375,9;335,8;;;;;;;;;;;;;;;;;;;;;;;;;;;;;
Helena;;299,7;304,3;;;355,0;;;;;;394,6;;353,1;400,1;394,7;;;;;;;;;;;;;;;;;;;;
SaltLakeCity;;;;317,6;340,8;;320,3;;351,5;;;424,5;;;;;;;;;;;;;;;;;;;;;;;;
SanFrancisco;;;;313,0;;348,9;;1021,0;;;;;;;;;;;;;;;;;;;;;;;;;;;;
LosAngeles;;;;;;;348,5;;347,4;415,0;;;1018,0;;;;;;;;;;;;;;;;;;;;;;;
LasVegas;;;;;;341,1;;384,7;;;;;;;;;;;;;;;;;;;;;;;;;;;;
Phoenix;;;;;;;;407,4;;;398,6;424,2;468,2;;;;;;;;;;;;;;;;;;;;;;;
SantaFe;;;;;;;;;;411,2;;405,2;484,4;;;;;503,8;;;;;;;;;;;;;;;;;;
Denver;;;;;339,8;357,8;;;;388,4;430,8;;;;;418,5;466,6;454,3;;;;;;;;;;;;;;;;;;
ElPaso;;;;;;;;383,3;;398,5;413,9;;;;;;;519,8;1012,0;522,1;;;;;;;;;;;;;;;;
Winnipeg;;;331,2;;337,5;;;;;;;;;;376,3;;;;;;;;;409,6;;;;;;;;;;;;
Duluth;;;;;344,0;;;;;;;;;359,6;;402,6;;;;;;;467,0;384,2;468,1;;;;;;;;;;;
Omaha;;;;;365,9;;;;;;;432,5;;;400,0;;;;;;;;481,9;;;;;;;;;;;;;
KansasCity;;;;;;;;;;;;397,4;;;;;;474,6;;;;523,7;;;;;;;;;;;;;;
OklahomaCity;;;;;;;;;;;433,4;412,8;508,6;;;;441,5;;;509,8;557,9;;;;;;;;;;;;;;;
Houston;;;;;;;;;;;;;503,9;;;;;;;526,2;;;;;;;;;;;;;;;982,3;
Dallas;;;;;;;;;;;;;498,6;;;;;509,9;644,7;;533,0;;;;;;;;;;;;;;;
LittleRock;;;;;;;;;;;;;;;;;;503,1;;542,2;;536,5;;;;;;;;;;;;;771,2;603,5
SaintLouis;;;;;;;;;;;;;;;;;472,7;;;;591,1;;461,8;;;;;;584,5;;;;;;;748,9
Chicago;;;;;;;;;;;;;;;392,7;412,8;;;;;;482,8;;;515,0;;;;557,9;;;;;;;
SaultStMarie;;;;;;;;;;;;;;365,3;408,1;;;;;;;;;;495,2;432,6;;;;;;;;;;
Toronto;;;;;;;;;;;;;;;435,9;;;;;;;;475,4;405,0;;445,3;;;613,4;;;;;;;
Montreal;;;;;;;;;;;;;;;;;;;;;;;;406,4;478,4;;467,8;515,1;;;;;;;;
Boston;;;;;;;;;;;;;;;;;;;;;;;;;;431,7;;533,0;;;;;;;;
NewYork;;;;;;;;;;;;;;;;;;;;;;;;;;421,0;460,6;;598,7;598,7;;;;;;
Pittsburgh;;;;;;;;;;;;;;;;;;;;;;589,1;478,1;;461,8;;;513,6;;576,9;695,5;;;;;684,8
Washington;;;;;;;;;;;;;;;;;;;;;;;;;;;;497,2;634,4;;673,2;;;;;
Raleigh;;;;;;;;;;;;;;;;;;;;;;;;;;;;;582,7;523,1;;902,0;784,7;;;737,3
Atlanta;;;;;;;;;;;;;;;;;;;;;;;;;;;;;;;1000,0;;1000,0;1000,0;1000,0;1000,0
Charleston;;;;;;;;;;;;;;;;;;;;;;;;;;;;;;;780,4;902,0;;802,7;;
Miami;;;;;;;;;;;;;;;;;;;;;;;;;;;;;;;;905,0;776,8;;781,0;
NewOrleans;;;;;;;;;;;;;;;;;;;512,0;;563,2;;;;;;;;;;;984,0;;798,2;;
Nashville;;;;;;;;;;;;;;;;;;;;;603,5;569,5;;;;;;;601,7;;802,2;901,0;;;;
Step_28000;Vancouver;Seattle;Calgary;Portland;Helena;SaltLakeCity;SanFrancisco;LosAngeles;LasVegas;Phoenix;SantaFe;Denver;ElPaso;Winnipeg;Duluth;Omaha;KansasCity;OklahomaCity;Houston;Dallas;LittleRock;SaintLouis;Chicago;SaultStMarie;Toronto;Montreal;Boston;NewYork;Pittsburgh;Washington;Raleigh;Atlanta;Charleston;Miami;NewOrleans;Nashville
Vancouver;;279,5;291,5;;;;;;;;;;;;;;;;;;;;;;;;;;;;;;;;;
Seattle;263,3;;285,9;309,1;364,0;;;;;;;;;;;;;;;;;;;;;;;;;;;;;;;
Calgary;276,9;300,7;;;320,0;;;;;;;;;350,0;;;;;;;;;;;;;;;;;;;;;;
Portland;;298,1;;;;340,2;332,1;;;;;;;;;;;;;;;;;;;;;;;;;;;;;
Helena;;321,6;314,3;;;349,6;;;;;;419,0;;373,4;440,8;417,0;;;;;;;;;;;;;;;;;;;;
SaltLakeCity;;;;311,8;370,3;;342,8;;357,9;;;414,9;;;;;;;;;;;;;;;;;;;;;;;;
SanFrancisco;;;;315,1;;354,9;;978,1;;;;;;;;;;;;;;;;;;;;;;;;;;;;
LosAngeles;;;;;;;334,9;;343,6;419,5;;;892,5;;;;;;;;;;;;;;;;;;;;;;;
LasVegas;;;;;;343,8;;402,2;;;;;;;;;;;;;;;;;;;;;;;;;;;;
Phoenix;;;;;;;;355,1;;;419,2;440,6;564,5;;;;;;;;;;;;;;;;;;;;;;;
SantaFe;;;;;;;;;;390,9;;443,1;430,7;;;;;528,8;;;;;;;;;;;;;;;;;;
Denver;;;;;354,8;352,7;;;;408,6;436,8;;;;;415,7;467,6;472,5;;;;;;;;;;;;;;;;;;
ElPaso;;;;;;;;407,7;;427,3;439,4;;;;;;;509,2;905,4;563,2;;;;;;;;;;;;;;;;
Winnipeg;;;300,1;;350,0;;;;;;;;;;421,0;;;;;;;;;379,8;;;;;;;;;;;;
Duluth;;;;;359,8;;;;;;;;;375,6;;419,9;;;;;;;506,6;394,1;462,8;;;;;;;;;;;
Omaha;;;;;360,6;;;;;;;380,5;;;404,6;;;;;;;;509,1;;;;;;;;;;;;;
KansasCity;;;;;;;;;;;;432,0;;;;;;473,8;;;;509,1;;;;;;;;;;;;;;
OklahomaCity;;;;;;;;;;;463,2;449,9;488,7;;;;470,1;;;532,6;571,3;;;;;;;;;;;;;;;
Houston;;;;;;;;;;;;;453,0;;;;;;;525,7;;;;;;;;;;;;;;;907,8;
Dallas;;;;;;;;;;;;;479,8;;;;;526,3;637,3;;586,9;;;;;;;;;;;;;;;
LittleRock;;;;;;;;;;;;;;;;;;495,9;;532,5;;540,2;;;;;;;;;;;;;681,0;735,2
SaintLouis;;;;;;;;;;;;;;;;;490,5;;;;632,9;;528,0;;;;;;553,5;;;;;;;668,6
Chicago;;;;;;;;;;;;;;;434,5;425,1;;;;;;584,5;;;435,0;;;;636,5;;;;;;;
SaultStMarie;;;;;;;;;;;;;;367,6;405,0;;;;;;;;;;475,6;425,1;;;;;;;;;;
Toronto;;;;;;;;;;;;;;;406,5;;;;;;;;483,9;398,0;;440,0;;;622,4;;;;;;;
Montreal;;;;;;;;;;;;;;;;;;;;;;;;404,1;464,7;;422,1;532,8;;;;;;;;
Boston;;;;;;;;;;;;;;;;;;;;;;;;;;410,5;;479,7;;;;;;;;
NewYork;;;;;;;;;;;;;;;;;;;;;;;;;;419,7;404,3;;511,1;644,0;;;;;;
Pittsburgh;;;;;;;;;;;;;;;;;;;;;;565,2;477,9;;494,4;;;509,9;;617,2;753,7;;;;;719,1
Washington;;;;;;;;;;;;;;;;;;;;;;;;;;;;520,1;611,6;;749,6;;;;;
Raleigh;;;;;;;;;;;;;;;;;;;;;;;;;;;;;579,3;613,1;;902,0;793,1;;;768,4
Atlanta;;;;;;;;;;;;;;;;;;;;;;;;;;;;;;;1000,0;;1000,0;1000,0;1000,0;1000,0
Charleston;;;;;;;;;;;;;;;;;;;;;;;;;;;;;;;698,5;902,0;;800,3;;
Miami;;;;;;;;;;;;;;;;;;;;;;;;;;;;;;;;905,0;772,5;;799,2;
NewOrleans;;;;;;;;;;;;;;;;;;;569,8;;591,6;;;;;;;;;;;1004,0;;785,4;;
Nashville;;;;;;;;;;;;;;;;;;;;;605,3;543,9;;;;;;;590,8;;781,6;901,0;;;;
Step_32000;Vancouver;Seattle;Calgary;Portland;Helena;SaltLakeCity;SanFrancisco;LosAngeles;LasVegas;Phoenix;SantaFe;Denver;ElPaso;Winnipeg;Duluth;Omaha;KansasCity;OklahomaCity;Houston;Dallas;LittleRock;SaintLouis;Chicago;SaultStMarie;Toronto;Montreal;Boston;NewYork;Pittsburgh;Washington;Raleigh;Atlanta;Charleston;Miami;NewOrleans;Nashville
Vancouver;;279,9;299,8;;;;;;;;;;;;;;;;;;;;;;;;;;;;;;;;;
Seattle;271,8;;296,8;292,4;357,8;;;;;;;;;;;;;;;;;;;;;;;;;;;;;;;
Calgary;269,7;306,1;;;331,4;;;;;;;;;371,4;;;;;;;;;;;;;;;;;;;;;;
Portland;;291,3;;;;350,8;324,5;;;;;;;;;;;;;;;;;;;;;;;;;;;;;
Helena;;301,2;320,9;;;345,7;;;;;;403,2;;362,9;405,3;400,1;;;;;;;;;;;;;;;;;;;;
SaltLakeCity;;;;310,0;352,5;;324,9;;357,2;;;987,1;;;;;;;;;;;;;;;;;;;;;;;;
SanFrancisco;;;;292,1;;992,3;;363,0;;;;;;;;;;;;;;;;;;;;;;;;;;;;
LosAngeles;;;;;;;451,3;;360,5;392,9;;;488,2;;;;;;;;;;;;;;;;;;;;;;;
LasVegas;;;;;;349,7;;386,0;;;;;;;;;;;;;;;;;;;;;;;;;;;;
Phoenix;;;;;;;;353,2;;;426,7;423,3;460,6;;;;;;;;;;;;;;;;;;;;;;;
SantaFe;;;;;;;;;;406,0;;414,3;487,4;;;;;467,6;;;;;;;;;;;;;;;;;;
Denver;;;;;365,8;365,1;;;;398,0;431,4;;;;;437,2;983,0;456,4;;;;;;;;;;;;;;;;;;
ElPaso;;;;;;;;367,3;;370,5;423,5;;;;;;;476,8;605,5;491,9;;;;;;;;;;;;;;;;
Winnipeg;;;304,0;;338,1;;;;;;;;;;405,9;;;;;;;;;391,5;;;;;;;;;;;;
Duluth;;;;;328,2;;;;;;;;;361,4;;400,0;;;;;;;467,3;405,1;464,8;;;;;;;;;;;
Omaha;;;;;342,7;;;;;;;405,0;;;432,4;;;;;;;;490,2;;;;;;;;;;;;;
KansasCity;;;;;;;;;;;;394,2;;;;;;512,5;;;;972,3;;;;;;;;;;;;;;
OklahomaCity;;;;;;;;;;;419,6;422,1;478,5;;;;464,8;;;535,9;584,2;;;;;;;;;;;;;;;
Houston;;;;;;;;;;;;;467,3;;;;;;;552,1;;;;;;;;;;;;;;;801,6;
Dallas;;;;;;;;;;;;;482,6;;;;;490,8;629,7;;607,2;;;;;;;;;;;;;;;
LittleRock;;;;;;;;;;;;;;;;;;479,9;;563,7;;513,6;;;;;;;;;;;;;729,6;697,9
SaintLouis;;;;;;;;;;;;;;;;;502,7;;;;596,7;;539,2;;;;;;544,2;;;;;;;932,9
Chicago;;;;;;;;;;;;;;;394,1;415,8;;;;;;533,0;;;477,2;;;;590,3;;;;;;;
SaultStMarie;;;;;;;;;;;;;;340,6;390,5;;;;;;;;;;468,8;446,3;;;;;;;;;;
Toronto;;;;;;;;;;;;;;;428,3;;;;;;;;516,5;410,2;;451,7;;;535,6;;;;;;;
Montreal;;;;;;;;;;;;;;;;;;;;;;;;418,1;482,1;;435,2;518,3;;;;;;;;
Boston;;;;;;;;;;;;;;;;;;;;;;;;;;453,8;;543,1;;;;;;;;
NewYork;;;;;;;;;;;;;;;;;;;;;;;;;;437,0;464,6;;562,9;581,0;;;;;;
Pittsburgh;;;;;;;;;;;;;;;;;;;;;;612,1;504,1;;503,5;;;490,8;;573,6;777,5;;;;;674,3
Washington;;;;;;;;;;;;;;;;;;;;;;;;;;;;511,0;582,8;;718,7;;;;;
Raleigh;;;;;;;;;;;;;;;;;;;;;;;;;;;;;636,1;607,2;;902,0;788,8;;;624,3
Atlanta;;;;;;;;;;;;;;;;;;;;;;;;;;;;;;;1000,0;;1000,0;1000,0;1000,0;1000,0
Charleston;;;;;;;;;;;;;;;;;;;;;;;;;;;;;;;761,3;902,0;;767,9;;
Miami;;;;;;;;;;;;;;;;;;;;;;;;;;;;;;;;905,0;746,4;;706,5;
NewOrleans;;;;;;;;;;;;;;;;;;;648,8;;543,2;;;;;;;;;;;904,0;;811,1;;
Nashville;;;;;;;;;;;;;;;;;;;;;603,8;585,4;;;;;;;600,3;;722,9;1001,0;;;;
Step_36000;Vancouver;Seattle;Calgary;Portland;Helena;SaltLakeCity;SanFrancisco;LosAngeles;LasVegas;Phoenix;SantaFe;Denver;ElPaso;Winnipeg;Duluth;Omaha;KansasCity;OklahomaCity;Houston;Dallas;LittleRock;SaintLouis;Chicago;SaultStMarie;Toronto;Montreal;Boston;NewYork;Pittsburgh;Washington;Raleigh;Atlanta;Charleston;Miami;NewOrleans;Nashville
Vancouver;;282,1;320,0;;;;;;;;;;;;;;;;;;;;;;;;;;;;;;;;;
Seattle;268,6;;307,5;307,4;368,0;;;;;;;;;;;;;;;;;;;;;;;;;;;;;;;
Calgary;280,4;298,8;;;366,1;;;;;;;;;350,2;;;;;;;;;;;;;;;;;;;;;;
Portland;;304,6;;;;331,7;358,1;;;;;;;;;;;;;;;;;;;;;;;;;;;;;
Helena;;310,7;308,4;;;353,3;;;;;;376,4;;356,8;389,8;413,7;;;;;;;;;;;;;;;;;;;;
SaltLakeCity;;;;300,0;355,1;;328,0;;345,3;;;394,2;;;;;;;;;;;;;;;;;;;;;;;;
SanFrancisco;;;;306,5;;337,2;;1021,0;;;;;;;;;;;;;;;;;;;;;;;;;;;;
LosAngeles;;;;;;;332,3;;337,2;400,0;;;1018,0;;;;;;;;;;;;;;;;;;;;;;;
LasVegas;;;;;;354,5;;397,3;;;;;;;;;;;;;;;;;;;;;;;;;;;;
Phoenix;;;;;;;;423,2;;;417,1;420,2;441,1;;;;;;;;;;;;;;;;;;;;;;;
SantaFe;;;;;;;;;;403,6;;396,3;446,2;;;;;500,8;;;;;;;;;;;;;;;;;;
Denver;;;;;356,9;346,5;;;;402,8;416,5;;;;;407,4;462,2;475,5;;;;;;;;;;;;;;;;;;
ElPaso;;;;;;;;414,3;;404,9;436,3;;;;;;;473,2;1012,0;489,4;;;;;;;;;;;;;;;;
Winnipeg;;;315,4;;365,2;;;;;;;;;;407,9;;;;;;;;;390,3;;;;;;;;;;;;
Duluth;;;;;385,2;;;;;;;;;348,9;;423,7;;;;;;;460,6;387,6;466,1;;;;;;;;;;;
Omaha;;;;;368,4;;;;;;;422,1;;;423,2;;;;;;;;490,6;;;;;;;;;;;;;
KansasCity;;;;;;;;;;;;411,9;;;;;;496,0;;;;518,6;;;;;;;;;;;;;;
OklahomaCity;;;;;;;;;;;431,9;412,3;474,5;;;;473,3;;;503,4;568,2;;;;;;;;;;;;;;;
Houston;;;;;;;;;;;;;457,2;;;;;;;503,0;;;;;;;;;;;;;;;1006,0;
Dallas;;;;;;;;;;;;;514,8;;;;;459,5;577,7;;523,6;;;;;;;;;;;;;;;
LittleRock;;;;;;;;;;;;;;;;;;496,0;;505,0;;567,2;;;;;;;;;;;;;725,6;651,3
SaintLouis;;;;;;;;;;;;;;;;;494,1;;;;615,5;;500,1;;;;;;583,1;;;;;;;774,3
Chicago;;;;;;;;;;;;;;;414,1;429,4;;;;;;542,9;;;470,9;;;;571,3;;;;;;;
SaultStMarie;;;;;;;;;;;;;;350,1;417,8;;;;;;;;;;416,7;428,5;;;;;;;;;;
Toronto;;;;;;;;;;;;;;;439,6;;;;;;;;482,3;384,0;;428,3;;;530,4;;;;;;;
Montreal;;;;;;;;;;;;;;;;;;;;;;;;391,3;446,3;;454,2;461,6;;;;;;;;
Boston;;;;;;;;;;;;;;;;;;;;;;;;;;421,5;;540,3;;;;;;;;
NewYork;;;;;;;;;;;;;;;;;;;;;;;;;;427,7;471,1;;525,9;607,8;;;;;;
Pittsburgh;;;;;;;;;;;;;;;;;;;;;;622,4;488,5;;484,4;;;505,3;;552,3;617,0;;;;;708,6
Washington;;;;;;;;;;;;;;;;;;;;;;;;;;;;540,7;563,1;;698,2;;;;;
Raleigh;;;;;;;;;;;;;;;;;;;;;;;;;;;;;571,9;544,2;;902,0;745,2;;;739,8
Atlanta;;;;;;;;;;;;;;;;;;;;;;;;;;;;;;;1000,0;;1000,0;1000,0;1000,0;1000,0
Charleston;;;;;;;;;;;;;;;;;;;;;;;;;;;;;;;735,4;902,0;;742,0;;
Miami;;;;;;;;;;;;;;;;;;;;;;;;;;;;;;;;905,0;757,5;;785,4;
NewOrleans;;;;;;;;;;;;;;;;;;;609,0;;600,6;;;;;;;;;;;1004,0;;779,2;;
Nashville;;;;;;;;;;;;;;;;;;;;;611,4;612,5;;;;;;;591,7;;663,6;901,0;;;;
Step_40000;Vancouver;Seattle;Calgary;Portland;Helena;SaltLakeCity;SanFrancisco;LosAngeles;LasVegas;Phoenix;SantaFe;Denver;ElPaso;Winnipeg;Duluth;Omaha;KansasCity;OklahomaCity;Houston;Dallas;LittleRock;SaintLouis;Chicago;SaultStMarie;Toronto;Montreal;Boston;NewYork;Pittsburgh;Washington;Raleigh;Atlanta;Charleston;Miami;NewOrleans;Nashville
Vancouver;;296,4;314,6;;;;;;;;;;;;;;;;;;;;;;;;;;;;;;;;;
Seattle;275,1;;307,5;294,1;364,0;;;;;;;;;;;;;;;;;;;;;;;;;;;;;;;
Calgary;281,2;298,3;;;338,4;;;;;;;;;356,5;;;;;;;;;;;;;;;;;;;;;;
Portland;;305,9;;;;341,4;330,2;;;;;;;;;;;;;;;;;;;;;;;;;;;;;
Helena;;310,1;312,5;;;358,2;;;;;;392,4;;369,5;397,9;399,4;;;;;;;;;;;;;;;;;;;;
SaltLakeCity;;;;295,0;329,1;;326,7;;359,5;;;409,5;;;;;;;;;;;;;;;;;;;;;;;;
SanFrancisco;;;;310,1;;353,6;;980,2;;;;;;;;;;;;;;;;;;;;;;;;;;;;
LosAngeles;;;;;;;344,2;;348,5;414,2;;;904,6;;;;;;;;;;;;;;;;;;;;;;;
LasVegas;;;;;;347,0;;379,1;;;;;;;;;;;;;;;;;;;;;;;;;;;;
Phoenix;;;;;;;;402,2;;;414,0;413,7;478,8;;;;;;;;;;;;;;;;;;;;;;;
SantaFe;;;;;;;;;;418,2;;410,5;494,1;;;;;443,3;;;;;;;;;;;;;;;;;;
Denver;;;;;355,1;344,0;;;;425,3;437,5;;;;;399,8;459,5;517,8;;;;;;;;;;;;;;;;;;
ElPaso;;;;;;;;403,0;;426,5;429,0;;;;;;;494,5;987,6;497,3;;;;;;;;;;;;;;;;
Winnipeg;;;324,9;;364,8;;;;;;;;;;432,0;;;;;;;;;387,9;;;;;;;;;;;;
Duluth;;;;;370,5;;;;;;;;;378,3;;423,3;;;;;;;519,2;401,2;455,4;;;;;;;;;;;
Omaha;;;;;368,8;;;;;;;438,8;;;403,1;;;;;;;;467,4;;;;;;;;;;;;;
KansasCity;;;;;;;;;;;;403,8;;;;;;472,9;;;;530,9;;;;;;;;;;;;;;
OklahomaCity;;;;;;;;;;;379,9;356,7;544,3;;;;461,3;;;485,6;584,0;;;;;;;;;;;;;;;
Houston;;;;;;;;;;;;;446,5;;;;;;;526,5;;;;;;;;;;;;;;;982,3;
Dallas;;;;;;;;;;;;;477,8;;;;;480,7;566,6;;567,0;;;;;;;;;;;;;;;
LittleRock;;;;;;;;;;;;;;;;;;503,0;;501,0;;547,4;;;;;;;;;;;;;745,1;662,4
SaintLouis;;;;;;;;;;;;;;;;;464,4;;;;554,1;;517,1;;;;;;589,1;;;;;;;719,7
Chicago;;;;;;;;;;;;;;;377,9;424,6;;;;;;557,1;;;504,8;;;;508,8;;;;;;;
SaultStMarie;;;;;;;;;;;;;;368,1;407,0;;;;;;;;;;428,7;447,6;;;;;;;;;;
Toronto;;;;;;;;;;;;;;;419,1;;;;;;;;508,0;378,3;;439,3;;;619,4;;;;;;;
Montreal;;;;;;;;;;;;;;;;;;;;;;;;385,1;483,2;;452,1;505,9;;;;;;;;
Boston;;;;;;;;;;;;;;;;;;;;;;;;;;441,1;;532,8;;;;;;;;
NewYork;;;;;;;;;;;;;;;;;;;;;;;;;;434,3;469,9;;530,9;598,0;;;;;;
Pittsburgh;;;;;;;;;;;;;;;;;;;;;;569,5;497,5;;472,9;;;514,6;;594,4;686,6;;;;;616,6
Washington;;;;;;;;;;;;;;;;;;;;;;;;;;;;499,1;577,7;;787,6;;;;;
Raleigh;;;;;;;;;;;;;;;;;;;;;;;;;;;;;597,8;589,8;;902,0;786,9;;;716,1
Atlanta;;;;;;;;;;;;;;;;;;;;;;;;;;;;;;;1000,0;;1000,0;1000,0;1000,0;1000,0
Charleston;;;;;;;;;;;;;;;;;;;;;;;;;;;;;;;715,0;902,0;;767,4;;
Miami;;;;;;;;;;;;;;;;;;;;;;;;;;;;;;;;905,0;776,8;;760,7;
NewOrleans;;;;;;;;;;;;;;;;;;;486,6;;551,5;;;;;;;;;;;984,0;;777,3;;
Nashville;;;;;;;;;;;;;;;;;;;;;643,9;536,2;;;;;;;541,1;;771,4;901,0;;;;
Step_4000;Vancouver;Seattle;Calgary;Portland;Helena;SaltLakeCity;SanFrancisco;LosAngeles;LasVegas;Phoenix;SantaFe;Denver;ElPaso;Winnipeg;Duluth;Omaha;KansasCity;OklahomaCity;Houston;Dallas;LittleRock;SaintLouis;Chicago;SaultStMarie;Toronto;Montreal;Boston;NewYork;Pittsburgh;Washington;Raleigh;Atlanta;Charleston;Miami;NewOrleans;Nashville
Vancouver;;248,1;201,3;;;;;;;;;;;;;;;;;;;;;;;;;;;;;;;;;
Seattle;206,9;;228,7;294,6;305,2;;;;;;;;;;;;;;;;;;;;;;;;;;;;;;;
Calgary;193,5;203,9;;;301,8;;;;;;;;;199,2;;;;;;;;;;;;;;;;;;;;;;
Portland;;261,0;;;;328,4;340,7;;;;;;;;;;;;;;;;;;;;;;;;;;;;;
Helena;;259,2;205,5;;;328,3;;;;;;395,8;;219,1;240,0;325,7;;;;;;;;;;;;;;;;;;;;
SaltLakeCity;;;;317,6;339,1;;353,2;;340,9;;;397,0;;;;;;;;;;;;;;;;;;;;;;;;
SanFrancisco;;;;302,3;;353,4;;1021,0;;;;;;;;;;;;;;;;;;;;;;;;;;;;
LosAngeles;;;;;;;358,5;;342,8;416,6;;;1018,0;;;;;;;;;;;;;;;;;;;;;;;
LasVegas;;;;;;355,3;;398,9;;;;;;;;;;;;;;;;;;;;;;;;;;;;
Phoenix;;;;;;;;419,5;;;415,6;422,8;494,9;;;;;;;;;;;;;;;;;;;;;;;
SantaFe;;;;;;;;;;397,6;;358,2;555,2;;;;;493,0;;;;;;;;;;;;;;;;;;
Denver;;;;;267,3;336,0;;;;405,7;423,8;;;;;300,3;479,0;442,8;;;;;;;;;;;;;;;;;;
ElPaso;;;;;;;;400,5;;398,4;459,6;;;;;;;473,6;1012,0;542,6;;;;;;;;;;;;;;;;
Winnipeg;;;193,3;;332,9;;;;;;;;;;207,0;;;;;;;;;173,0;;;;;;;;;;;;
Duluth;;;;;257,2;;;;;;;;;125,5;;274,3;;;;;;;360,7;126,8;80,1;;;;;;;;;;;
Omaha;;;;;279,3;;;;;;;380,0;;;281,1;;;;;;;;407,5;;;;;;;;;;;;;
KansasCity;;;;;;;;;;;;417,8;;;;;;529,6;;;;556,2;;;;;;;;;;;;;;
OklahomaCity;;;;;;;;;;;424,6;378,5;500,9;;;;475,0;;;517,5;536,1;;;;;;;;;;;;;;;
Houston;;;;;;;;;;;;;550,9;;;;;;;553,6;;;;;;;;;;;;;;;1006,0;
Dallas;;;;;;;;;;;;;484,8;;;;;534,1;613,4;;649,6;;;;;;;;;;;;;;;
LittleRock;;;;;;;;;;;;;;;;;;501,6;;557,3;;515,4;;;;;;;;;;;;;769,5;660,7
SaintLouis;;;;;;;;;;;;;;;;;457,0;;;;598,8;;357,2;;;;;;527,3;;;;;;;620,0
Chicago;;;;;;;;;;;;;;;236,1;327,2;;;;;;591,1;;;224,9;;;;467,1;;;;;;;
SaultStMarie;;;;;;;;;;;;;;236,6;145,9;;;;;;;;;;43,6;1,5;;;;;;;;;;
Toronto;;;;;;;;;;;;;;;217,8;;;;;;;;349,5;107,1;;14,6;;;41,1;;;;;;;
Montreal;;;;;;;;;;;;;;;;;;;;;;;;70,3;24,4;;24,4;107,6;;;;;;;;
Boston;;;;;;;;;;;;;;;;;;;;;;;;;;38,2;;127,2;;;;;;;;
NewYork;;;;;;;;;;;;;;;;;;;;;;;;;;31,5;44,2;;542,4;244,2;;;;;;
Pittsburgh;;;;;;;;;;;;;;;;;;;;;;577,1;431,5;;95,1;;;290,9;;184,8;508,9;;;;;544,5
Washington;;;;;;;;;;;;;;;;;;;;;;;;;;;;121,4;390,4;;284,2;;;;;
Raleigh;;;;;;;;;;;;;;;;;;;;;;;;;;;;;478,6;171,3;;902,0;549,2;;;526,3
Atlanta;;;;;;;;;;;;;;;;;;;;;;;;;;;;;;;1000,0;;1000,0;1000,0;1000,0;1000,0
Charleston;;;;;;;;;;;;;;;;;;;;;;;;;;;;;;;399,9;902,0;;770,5;;
Miami;;;;;;;;;;;;;;;;;;;;;;;;;;;;;;;;905,0;692,0;;730,8;
NewOrleans;;;;;;;;;;;;;;;;;;;638,7;;608,2;;;;;;;;;;;1004,0;;760,7;;
Nashville;;;;;;;;;;;;;;;;;;;;;613,2;544,9;;;;;;;510,4;;679,2;901,0;;;;
Step_8000;Vancouver;Seattle;Calgary;Portland;Helena;SaltLakeCity;SanFrancisco;LosAngeles;LasVegas;Phoenix;SantaFe;Denver;ElPaso;Winnipeg;Duluth;Omaha;KansasCity;OklahomaCity;Houston;Dallas;LittleRock;SaintLouis;Chicago;SaultStMarie;Toronto;Montreal;Boston;NewYork;Pittsburgh;Washington;Raleigh;Atlanta;Charleston;Miami;NewOrleans;Nashville
Vancouver;;283,5;254,0;;;;;;;;;;;;;;;;;;;;;;;;;;;;;;;;;
Seattle;259,8;;295,8;291,1;342,2;;;;;;;;;;;;;;;;;;;;;;;;;;;;;;;
Calgary;248,0;297,4;;;355,5;;;;;;;;;290,5;;;;;;;;;;;;;;;;;;;;;;
Portland;;297,9;;;;335,7;327,4;;;;;;;;;;;;;;;;;;;;;;;;;;;;;
Helena;;288,4;302,6;;;356,2;;;;;;431,5;;283,8;323,0;361,6;;;;;;;;;;;;;;;;;;;;
SaltLakeCity;;;;309,2;338,3;;331,8;;336,9;;;386,2;;;;;;;;;;;;;;;;;;;;;;;;
SanFrancisco;;;;299,0;;355,8;;993,4;;;;;;;;;;;;;;;;;;;;;;;;;;;;
LosAngeles;;;;;;;349,3;;333,2;369,1;;;977,8;;;;;;;;;;;;;;;;;;;;;;;
LasVegas;;;;;;350,4;;342,6;;;;;;;;;;;;;;;;;;;;;;;;;;;;
Phoenix;;;;;;;;398,1;;;409,1;389,1;462,9;;;;;;;;;;;;;;;;;;;;;;;
SantaFe;;;;;;;;;;381,2;;420,3;441,6;;;;;470,3;;;;;;;;;;;;;;;;;;
Denver;;;;;342,8;329,7;;;;369,3;393,1;;;;;387,1;464,4;493,7;;;;;;;;;;;;;;;;;;
ElPaso;;;;;;;;366,1;;376,2;398,3;;;;;;;455,4;901,4;521,6;;;;;;;;;;;;;;;;
Winnipeg;;;271,0;;334,5;;;;;;;;;;294,8;;;;;;;;;268,3;;;;;;;;;;;;
Duluth;;;;;323,0;;;;;;;;;276,7;;368,5;;;;;;;440,3;286,4;313,9;;;;;;;;;;;
Omaha;;;;;310,4;;;;;;;419,2;;;345,3;;;;;;;;426,1;;;;;;;;;;;;;
KansasCity;;;;;;;;;;;;403,6;;;;;;491,8;;;;570,4;;;;;;;;;;;;;;
OklahomaCity;;;;;;;;;;;399,0;439,6;473,8;;;;473,4;;;512,6;544,7;;;;;;;;;;;;;;;
Houston;;;;;;;;;;;;;479,7;;;;;;;503,2;;;;;;;;;;;;;;;982,3;
Dallas;;;;;;;;;;;;;467,1;;;;;486,3;610,2;;579,2;;;;;;;;;;;;;;;
LittleRock;;;;;;;;;;;;;;;;;;468,8;;534,5;;590,9;;;;;;;;;;;;;743,9;624,2
SaintLouis;;;;;;;;;;;;;;;;;439,4;;;;613,6;;450,1;;;;;;547,0;;;;;;;739,4
Chicago;;;;;;;;;;;;;;;367,7;364,6;;;;;;502,5;;;356,9;;;;492,8;;;;;;;
SaultStMarie;;;;;;;;;;;;;;292,7;360,5;;;;;;;;;;389,7;85,2;;;;;;;;;;
Toronto;;;;;;;;;;;;;;;338,5;;;;;;;;438,1;180,3;;199,7;;;559,4;;;;;;;
Montreal;;;;;;;;;;;;;;;;;;;;;;;;145,5;175,2;;157,5;500,9;;;;;;;;
Boston;;;;;;;;;;;;;;;;;;;;;;;;;;258,6;;341,0;;;;;;;;
NewYork;;;;;;;;;;;;;;;;;;;;;;;;;;243,1;204,7;;525,3;598,8;;;;;;
Pittsburgh;;;;;;;;;;;;;;;;;;;;;;563,3;481,7;;415,2;;;383,4;;613,3;635,2;;;;;739,2
Washington;;;;;;;;;;;;;;;;;;;;;;;;;;;;408,4;641,9;;772,3;;;;;
Raleigh;;;;;;;;;;;;;;;;;;;;;;;;;;;;;564,1;598,2;;902,0;765,6;;;665,5
Atlanta;;;;;;;;;;;;;;;;;;;;;;;;;;;;;;;1000,0;;1000,0;1000,0;1000,0;1000,0
Charleston;;;;;;;;;;;;;;;;;;;;;;;;;;;;;;;686,0;902,0;;804,1;;
Miami;;;;;;;;;;;;;;;;;;;;;;;;;;;;;;;;905,0;764,4;;671,2;
NewOrleans;;;;;;;;;;;;;;;;;;;628,6;;583,9;;;;;;;;;;;984,0;;732,5;;
Nashville;;;;;;;;;;;;;;;;;;;;;640,1;548,4;;;;;;;571,7;;670,1;901,0;;;;
Step_12000;Vancouver;Seattle;Calgary;Portland;Helena;SaltLakeCity;SanFrancisco;LosAngeles;LasVegas;Phoenix;SantaFe;Denver;ElPaso;Winnipeg;Duluth;Omaha;KansasCity;OklahomaCity;Houston;Dallas;LittleRock;SaintLouis;Chicago;SaultStMarie;Toronto;Montreal;Boston;NewYork;Pittsburgh;Washington;Raleigh;Atlanta;Charleston;Miami;NewOrleans;Nashville
Vancouver;;302,6;289,6;;;;;;;;;;;;;;;;;;;;;;;;;;;;;;;;;
Seattle;271,7;;309,1;320,9;353,6;;;;;;;;;;;;;;;;;;;;;;;;;;;;;;;
Calgary;271,6;296,4;;;364,3;;;;;;;;;333,6;;;;;;;;;;;;;;;;;;;;;;
Portland;;289,6;;;;350,3;354,2;;;;;;;;;;;;;;;;;;;;;;;;;;;;;
Helena;;276,5;303,9;;;347,7;;;;;;428,3;;348,7;405,2;397,9;;;;;;;;;;;;;;;;;;;;
SaltLakeCity;;;;300,7;358,6;;340,4;;333,4;;;446,6;;;;;;;;;;;;;;;;;;;;;;;;
SanFrancisco;;;;300,0;;378,7;;877,7;;;;;;;;;;;;;;;;;;;;;;;;;;;;
LosAngeles;;;;;;;335,1;;353,8;397,2;;;1018,0;;;;;;;;;;;;;;;;;;;;;;;
LasVegas;;;;;;334,4;;416,7;;;;;;;;;;;;;;;;;;;;;;;;;;;;
Phoenix;;;;;;;;426,1;;;431,8;438,8;458,7;;;;;;;;;;;;;;;;;;;;;;;
SantaFe;;;;;;;;;;403,8;;386,5;466,5;;;;;492,4;;;;;;;;;;;;;;;;;;
Denver;;;;;355,2;358,5;;;;400,3;453,1;;;;;416,5;469,1;525,9;;;;;;;;;;;;;;;;;;
ElPaso;;;;;;;;396,4;;401,1;420,3;;;;;;;471,3;1012,0;516,8;;;;;;;;;;;;;;;;
Winnipeg;;;298,0;;368,0;;;;;;;;;;422,1;;;;;;;;;390,5;;;;;;;;;;;;
Duluth;;;;;358,1;;;;;;;;;322,3;;392,3;;;;;;;515,9;340,4;480,0;;;;;;;;;;;
Omaha;;;;;353,4;;;;;;;432,9;;;389,8;;;;;;;;511,4;;;;;;;;;;;;;
KansasCity;;;;;;;;;;;;421,4;;;;;;532,1;;;;535,7;;;;;;;;;;;;;;
OklahomaCity;;;;;;;;;;;432,9;451,5;484,3;;;;469,5;;;529,2;649,4;;;;;;;;;;;;;;;
Houston;;;;;;;;;;;;;477,9;;;;;;;523,8;;;;;;;;;;;;;;;1006,0;
Dallas;;;;;;;;;;;;;444,3;;;;;533,7;574,0;;604,7;;;;;;;;;;;;;;;
LittleRock;;;;;;;;;;;;;;;;;;532,1;;525,1;;565,6;;;;;;;;;;;;;712,9;665,7
SaintLouis;;;;;;;;;;;;;;;;;492,3;;;;564,2;;519,8;;;;;;555,3;;;;;;;581,0
Chicago;;;;;;;;;;;;;;;417,4;398,5;;;;;;572,7;;;440,7;;;;612,9;;;;;;;
SaultStMarie;;;;;;;;;;;;;;332,8;363,7;;;;;;;;;;475,2;294,2;;;;;;;;;;
Toronto;;;;;;;;;;;;;;;372,6;;;;;;;;429,7;354,9;;377,7;;;491,3;;;;;;;
Montreal;;;;;;;;;;;;;;;;;;;;;;;;202,9;334,2;;374,9;504,9;;;;;;;;
Boston;;;;;;;;;;;;;;;;;;;;;;;;;;350,1;;448,0;;;;;;;;
NewYork;;;;;;;;;;;;;;;;;;;;;;;;;;351,7;419,7;;599,8;581,8;;;;;;
Pittsburgh;;;;;;;;;;;;;;;;;;;;;;551,3;494,1;;474,2;;;419,3;;650,2;781,1;;;;;654,7
Washington;;;;;;;;;;;;;;;;;;;;;;;;;;;;453,7;614,2;;776,9;;;;;
Raleigh;;;;;;;;;;;;;;;;;;;;;;;;;;;;;630,3;620,7;;902,0;765,8;;;711,3
Atlanta;;;;;;;;;;;;;;;;;;;;;;;;;;;;;;;1000,0;;1000,0;1000,0;1000,0;1000,0
Charleston;;;;;;;;;;;;;;;;;;;;;;;;;;;;;;;673,0;902,0;;739,6;;
Miami;;;;;;;;;;;;;;;;;;;;;;;;;;;;;;;;905,0;705,5;;742,5;
NewOrleans;;;;;;;;;;;;;;;;;;;529,5;;650,4;;;;;;;;;;;984,0;;783,5;;
Nashville;;;;;;;;;;;;;;;;;;;;;622,6;600,3;;;;;;;476,0;;714,8;901,0;;;;
Step_16000;Vancouver;Seattle;Calgary;Portland;Helena;SaltLakeCity;SanFrancisco;LosAngeles;LasVegas;Phoenix;SantaFe;Denver;ElPaso;Winnipeg;Duluth;Omaha;KansasCity;OklahomaCity;Houston;Dallas;LittleRock;SaintLouis;Chicago;SaultStMarie;Toronto;Montreal;Boston;NewYork;Pittsburgh;Washington;Raleigh;Atlanta;Charleston;Miami;NewOrleans;Nashville
Vancouver;;291,9;302,8;;;;;;;;;;;;;;;;;;;;;;;;;;;;;;;;;
Seattle;272,6;;323,1;300,9;387,7;;;;;;;;;;;;;;;;;;;;;;;;;;;;;;;
Calgary;279,1;297,6;;;376,1;;;;;;;;;341,8;;;;;;;;;;;;;;;;;;;;;;
Portland;;309,1;;;;330,8;335,4;;;;;;;;;;;;;;;;;;;;;;;;;;;;;
Helena;;308,9;324,1;;;335,7;;;;;;391,3;;329,4;399,3;431,2;;;;;;;;;;;;;;;;;;;;
SaltLakeCity;;;;305,7;368,4;;306,6;;330,6;;;378,6;;;;;;;;;;;;;;;;;;;;;;;;
SanFrancisco;;;;305,0;;348,6;;895,9;;;;;;;;;;;;;;;;;;;;;;;;;;;;
LosAngeles;;;;;;;427,0;;332,1;414,7;;;891,1;;;;;;;;;;;;;;;;;;;;;;;
LasVegas;;;;;;359,9;;362,3;;;;;;;;;;;;;;;;;;;;;;;;;;;;
Phoenix;;;;;;;;416,2;;;413,0;410,9;524,7;;;;;;;;;;;;;;;;;;;;;;;
SantaFe;;;;;;;;;;411,4;;395,4;436,3;;;;;466,3;;;;;;;;;;;;;;;;;;
Denver;;;;;382,8;345,3;;;;409,6;407,0;;;;;397,1;452,4;430,6;;;;;;;;;;;;;;;;;;
ElPaso;;;;;;;;431,0;;430,8;410,3;;;;;;;1014,0;494,6;498,0;;;;;;;;;;;;;;;;
Winnipeg;;;306,9;;349,2;;;;;;;;;;362,2;;;;;;;;;375,2;;;;;;;;;;;;
Duluth;;;;;364,3;;;;;;;;;337,1;;398,6;;;;;;;465,9;371,0;467,6;;;;;;;;;;;
Omaha;;;;;327,3;;;;;;;395,1;;;403,5;;;;;;;;478,7;;;;;;;;;;;;;
KansasCity;;;;;;;;;;;;409,2;;;;;;471,7;;;;609,4;;;;;;;;;;;;;;
OklahomaCity;;;;;;;;;;;418,3;409,4;524,9;;;;466,5;;;493,7;1009,0;;;;;;;;;;;;;;;
Houston;;;;;;;;;;;;;452,1;;;;;;;493,0;;;;;;;;;;;;;;;689,0;
Dallas;;;;;;;;;;;;;496,6;;;;;468,5;511,6;;537,8;;;;;;;;;;;;;;;
LittleRock;;;;;;;;;;;;;;;;;;452,2;;504,4;;535,8;;;;;;;;;;;;;1007,0;622,8
SaintLouis;;;;;;;;;;;;;;;;;484,2;;;;585,1;;467,2;;;;;;549,0;;;;;;;754,2
Chicago;;;;;;;;;;;;;;;402,7;398,6;;;;;;514,9;;;470,3;;;;546,0;;;;;;;
SaultStMarie;;;;;;;;;;;;;;324,0;406,2;;;;;;;;;;443,6;405,0;;;;;;;;;;
Toronto;;;;;;;;;;;;;;;391,9;;;;;;;;475,0;362,5;;423,1;;;567,8;;;;;;;
Montreal;;;;;;;;;;;;;;;;;;;;;;;;332,4;444,3;;402,6;493,7;;;;;;;;
Boston;;;;;;;;;;;;;;;;;;;;;;;;;;427,7;;507,7;;;;;;;;
NewYork;;;;;;;;;;;;;;;;;;;;;;;;;;421,4;420,3;;584,8;639,1;;;;;;
Pittsburgh;;;;;;;;;;;;;;;;;;;;;;505,0;494,5;;471,1;;;472,4;;589,6;722,1;;;;;691,0
Washington;;;;;;;;;;;;;;;;;;;;;;;;;;;;522,7;614,4;;707,3;;;;;
Raleigh;;;;;;;;;;;;;;;;;;;;;;;;;;;;;601,7;584,5;;902,0;761,4;;;722,2
Atlanta;;;;;;;;;;;;;;;;;;;;;;;;;;;;;;;1000,0;;1000,0;1000,0;1000,0;1000,0
Charleston;;;;;;;;;;;;;;;;;;;;;;;;;;;;;;;744,7;902,0;;732,2;;
Miami;;;;;;;;;;;;;;;;;;;;;;;;;;;;;;;;905,0;720,0;;763,7;
NewOrleans;;;;;;;;;;;;;;;;;;;609,0;;587,7;;;;;;;;;;;1004,0;;744,7;;
Nashville;;;;;;;;;;;;;;;;;;;;;636,9;616,9;;;;;;;589,4;;647,9;901,0;;;;
Step_20000;Vancouver;Seattle;Calgary;Portland;Helena;SaltLakeCity;SanFrancisco;LosAngeles;LasVegas;Phoenix;SantaFe;Denver;ElPaso;Winnipeg;Duluth;Omaha;KansasCity;OklahomaCity;Houston;Dallas;LittleRock;SaintLouis;Chicago;SaultStMarie;Toronto;Montreal;Boston;NewYork;Pittsburgh;Washington;Raleigh;Atlanta;Charleston;Miami;NewOrleans;Nashville
Vancouver;;268,8;301,6;;;;;;;;;;;;;;;;;;;;;;;;;;;;;;;;;
Seattle;266,8;;317,4;304,8;345,3;;;;;;;;;;;;;;;;;;;;;;;;;;;;;;;
Calgary;280,0;301,6;;;341,2;;;;;;;;;346,1;;;;;;;;;;;;;;;;;;;;;;
Portland;;304,4;;;;329,3;329,4;;;;;;;;;;;;;;;;;;;;;;;;;;;;;
Helena;;313,2;311,6;;;331,2;;;;;;374,6;;347,5;428,6;382,0;;;;;;;;;;;;;;;;;;;;
SaltLakeCity;;;;314,3;350,5;;324,1;;332,8;;;413,0;;;;;;;;;;;;;;;;;;;;;;;;
SanFrancisco;;;;301,9;;359,2;;993,7;;;;;;;;;;;;;;;;;;;;;;;;;;;;
LosAngeles;;;;;;;346,4;;337,6;430,0;;;979,4;;;;;;;;;;;;;;;;;;;;;;;
LasVegas;;;;;;322,5;;400,0;;;;;;;;;;;;;;;;;;;;;;;;;;;;
Phoenix;;;;;;;;416,0;;;423,6;406,1;544,9;;;;;;;;;;;;;;;;;;;;;;;
SantaFe;;;;;;;;;;434,9;;417,0;493,3;;;;;466,0;;;;;;;;;;;;;;;;;;
Denver;;;;;331,5;324,4;;;;406,7;404,8;;;;;387,3;471,7;462,9;;;;;;;;;;;;;;;;;;
ElPaso;;;;;;;;401,4;;421,2;421,6;;;;;;;484,9;910,2;503,4;;;;;;;;;;;;;;;;
Winnipeg;;;324,6;;355,8;;;;;;;;;;384,8;;;;;;;;;381,4;;;;;;;;;;;;
Duluth;;;;;378,1;;;;;;;;;363,9;;390,8;;;;;;;487,1;391,0;461,2;;;;;;;;;;;
Omaha;;;;;361,4;;;;;;;438,2;;;421,1;;;;;;;;480,6;;;;;;;;;;;;;
KansasCity;;;;;;;;;;;;391,0;;;;;;482,7;;;;658,6;;;;;;;;;;;;;;
OklahomaCity;;;;;;;;;;;427,9;415,6;486,5;;;;478,6;;;522,0;556,7;;;;;;;;;;;;;;;
Houston;;;;;;;;;;;;;514,4;;;;;;;552,4;;;;;;;;;;;;;;;1006,0;
Dallas;;;;;;;;;;;;;474,5;;;;;505,4;594,3;;577,6;;;;;;;;;;;;;;;
LittleRock;;;;;;;;;;;;;;;;;;471,8;;506,9;;652,2;;;;;;;;;;;;;774,2;713,3
SaintLouis;;;;;;;;;;;;;;;;;514,2;;;;615,6;;519,6;;;;;;574,9;;;;;;;770,4
Chicago;;;;;;;;;;;;;;;418,4;400,5;;;;;;555,2;;;467,9;;;;569,9;;;;;;;
SaultStMarie;;;;;;;;;;;;;;349,9;436,6;;;;;;;;;;423,3;423,8;;;;;;;;;;
Toronto;;;;;;;;;;;;;;;443,8;;;;;;;;516,6;396,4;;496,0;;;564,3;;;;;;;
Montreal;;;;;;;;;;;;;;;;;;;;;;;;359,6;443,1;;465,5;537,9;;;;;;;;
Boston;;;;;;;;;;;;;;;;;;;;;;;;;;448,7;;566,0;;;;;;;;
NewYork;;;;;;;;;;;;;;;;;;;;;;;;;;482,1;480,4;;600,7;673,6;;;;;;
Pittsburgh;;;;;;;;;;;;;;;;;;;;;;628,3;514,1;;479,7;;;566,5;;590,4;675,3;;;;;761,2
Washington;;;;;;;;;;;;;;;;;;;;;;;;;;;;534,0;627,8;;784,9;;;;;
Raleigh;;;;;;;;;;;;;;;;;;;;;;;;;;;;;622,3;599,3;;902,0;742,3;;;675,5
Atlanta;;;;;;;;;;;;;;;;;;;;;;;;;;;;;;;1000,0;;1000,0;1000,0;1000,0;1000,0
Charleston;;;;;;;;;;;;;;;;;;;;;;;;;;;;;;;652,7;902,0;;800,7;;
Miami;;;;;;;;;;;;;;;;;;;;;;;;;;;;;;;;905,0;735,3;;707,5;
NewOrleans;;;;;;;;;;;;;;;;;;;600,6;;610,3;;;;;;;;;;;984,0;;747,6;;
Nashville;;;;;;;;;;;;;;;;;;;;;603,9;576,0;;;;;;;638,2;;773,5;901,0;;;;
Step_24000;Vancouver;Seattle;Calgary;Portland;Helena;SaltLakeCity;SanFrancisco;LosAngeles;LasVegas;Phoenix;SantaFe;Denver;ElPaso;Winnipeg;Duluth;Omaha;KansasCity;OklahomaCity;Houston;Dallas;LittleRock;SaintLouis;Chicago;SaultStMarie;Toronto;Montreal;Boston;NewYork;Pittsburgh;Washington;Raleigh;Atlanta;Charleston;Miami;NewOrleans;Nashville
Vancouver;;282,3;315,8;;;;;;;;;;;;;;;;;;;;;;;;;;;;;;;;;
Seattle;275,8;;312,7;312,2;346,3;;;;;;;;;;;;;;;;;;;;;;;;;;;;;;;
Calgary;281,6;286,2;;;360,9;;;;;;;;;351,9;;;;;;;;;;;;;;;;;;;;;;
Portland;;292,4;;;;363,5;339,4;;;;;;;;;;;;;;;;;;;;;;;;;;;;;
Helena;;304,8;308,9;;;359,7;;;;;;394,5;;364,5;400,8;402,5;;;;;;;;;;;;;;;;;;;;
SaltLakeCity;;;;293,1;353,6;;357,6;;325,8;;;420,9;;;;;;;;;;;;;;;;;;;;;;;;
SanFrancisco;;;;324,9;;338,7;;981,8;;;;;;;;;;;;;;;;;;;;;;;;;;;;
LosAngeles;;;;;;;323,6;;320,9;395,0;;;904,4;;;;;;;;;;;;;;;;;;;;;;;
LasVegas;;;;;;342,8;;343,1;;;;;;;;;;;;;;;;;;;;;;;;;;;;
Phoenix;;;;;;;;410,1;;;424,0;377,8;452,9;;;;;;;;;;;;;;;;;;;;;;;
SantaFe;;;;;;;;;;404,1;;381,3;464,5;;;;;500,9;;;;;;;;;;;;;;;;;;
Denver;;;;;360,7;328,6;;;;422,9;419,8;;;;;422,4;457,8;505,4;;;;;;;;;;;;;;;;;;
ElPaso;;;;;;;;394,2;;419,6;428,2;;;;;;;1014,0;503,6;484,4;;;;;;;;;;;;;;;;
Winnipeg;;;295,3;;362,1;;;;;;;;;;430,3;;;;;;;;;412,2;;;;;;;;;;;;
Duluth;;;;;375,4;;;;;;;;;354,8;;380,6;;;;;;;469,7;409,8;463,2;;;;;;;;;;;
Omaha;;;;;359,0;;;;;;;386,3;;;406,3;;;;;;;;496,5;;;;;;;;;;;;;
KansasCity;;;;;;;;;;;;416,3;;;;;;485,3;;;;568,0;;;;;;;;;;;;;;
OklahomaCity;;;;;;;;;;;426,9;394,6;435,9;;;;486,5;;;517,3;984,6;;;;;;;;;;;;;;;
Houston;;;;;;;;;;;;;486,0;;;;;;;518,1;;;;;;;;;;;;;;;688,4;
Dallas;;;;;;;;;;;;;503,8;;;;;560,3;583,1;;577,1;;;;;;;;;;;;;;;
LittleRock;;;;;;;;;;;;;;;;;;508,9;;484,1;;568,6;;;;;;;;;;;;;983,3;664,0
SaintLouis;;;;;;;;;;;;;;;;;450,9;;;;638,7;;520,9;;;;;;564,2;;;;;;;720,0
Chicago;;;;;;;;;;;;;;;421,6;403,6;;;;;;535,4;;;488,2;;;;600,1;;;;;;;
SaultStMarie;;;;;;;;;;;;;;347,9;418,4;;;;;;;;;;504,8;463,7;;;;;;;;;;
Toronto;;;;;;;;;;;;;;;417,5;;;;;;;;517,7;389,0;;469,8;;;560,6;;;;;;;
Montreal;;;;;;;;;;;;;;;;;;;;;;;;407,8;451,5;;453,5;508,1;;;;;;;;
Boston;;;;;;;;;;;;;;;;;;;;;;;;;;454,3;;507,7;;;;;;;;
NewYork;;;;;;;;;;;;;;;;;;;;;;;;;;451,1;447,0;;519,0;570,5;;;;;;
Pittsburgh;;;;;;;;;;;;;;;;;;;;;;589,6;474,9;;485,3;;;506,6;;635,7;754,8;;;;;688,8
Washington;;;;;;;;;;;;;;;;;;;;;;;;;;;;533,6;576,0;;772,9;;;;;
Raleigh;;;;;;;;;;;;;;;;;;;;;;;;;;;;;592,6;634,5;;902,0;777,0;;;750,7
Atlanta;;;;;;;;;;;;;;;;;;;;;;;;;;;;;;;1000,0;;1000,0;1000,0;1000,0;1000,0
Charleston;;;;;;;;;;;;;;;;;;;;;;;;;;;;;;;677,3;902,0;;761,3;;
Miami;;;;;;;;;;;;;;;;;;;;;;;;;;;;;;;;905,0;775,3;;807,2;
NewOrleans;;;;;;;;;;;;;;;;;;;572,7;;659,2;;;;;;;;;;;984,0;;756,7;;
Nashville;;;;;;;;;;;;;;;;;;;;;655,9;608,0;;;;;;;555,4;;798,1;901,0;;;;
Step_28000;Vancouver;Seattle;Calgary;Portland;Helena;SaltLakeCity;SanFrancisco;LosAngeles;LasVegas;Phoenix;SantaFe;Denver;ElPaso;Winnipeg;Duluth;Omaha;KansasCity;OklahomaCity;Houston;Dallas;LittleRock;SaintLouis;Chicago;SaultStMarie;Toronto;Montreal;Boston;NewYork;Pittsburgh;Washington;Raleigh;Atlanta;Charleston;Miami;NewOrleans;Nashville
Vancouver;;309,0;291,2;;;;;;;;;;;;;;;;;;;;;;;;;;;;;;;;;
Seattle;266,3;;310,4;300,8;352,7;;;;;;;;;;;;;;;;;;;;;;;;;;;;;;;
Calgary;270,4;290,9;;;338,1;;;;;;;;;381,4;;;;;;;;;;;;;;;;;;;;;;
Portland;;292,5;;;;339,4;329,0;;;;;;;;;;;;;;;;;;;;;;;;;;;;;
Helena;;311,4;315,3;;;352,7;;;;;;436,9;;370,1;420,2;388,8;;;;;;;;;;;;;;;;;;;;
SaltLakeCity;;;;312,0;348,3;;324,0;;386,3;;;366,8;;;;;;;;;;;;;;;;;;;;;;;;
SanFrancisco;;;;299,8;;334,6;;1021,0;;;;;;;;;;;;;;;;;;;;;;;;;;;;
LosAngeles;;;;;;;320,8;;345,1;394,9;;;977,6;;;;;;;;;;;;;;;;;;;;;;;
LasVegas;;;;;;345,0;;502,7;;;;;;;;;;;;;;;;;;;;;;;;;;;;
Phoenix;;;;;;;;420,6;;;439,7;420,2;445,7;;;;;;;;;;;;;;;;;;;;;;;
SantaFe;;;;;;;;;;393,4;;426,2;469,5;;;;;490,1;;;;;;;;;;;;;;;;;;
Denver;;;;;333,0;342,5;;;;391,1;414,4;;;;;406,6;434,8;446,5;;;;;;;;;;;;;;;;;;
ElPaso;;;;;;;;407,5;;384,3;430,6;;;;;;;486,0;900,3;509,3;;;;;;;;;;;;;;;;
Winnipeg;;;302,4;;353,2;;;;;;;;;;394,3;;;;;;;;;424,2;;;;;;;;;;;;
Duluth;;;;;338,5;;;;;;;;;362,5;;423,5;;;;;;;499,7;427,0;471,0;;;;;;;;;;;
Omaha;;;;;360,1;;;;;;;426,7;;;431,7;;;;;;;;474,1;;;;;;;;;;;;;
KansasCity;;;;;;;;;;;;399,8;;;;;;469,8;;;;566,3;;;;;;;;;;;;;;
OklahomaCity;;;;;;;;;;;423,2;419,9;483,5;;;;423,9;;;522,5;590,4;;;;;;;;;;;;;;;
Houston;;;;;;;;;;;;;505,9;;;;;;;497,0;;;;;;;;;;;;;;;982,3;
Dallas;;;;;;;;;;;;;452,8;;;;;458,1;626,8;;657,4;;;;;;;;;;;;;;;
LittleRock;;;;;;;;;;;;;;;;;;511,5;;548,4;;610,2;;;;;;;;;;;;;749,5;666,8
SaintLouis;;;;;;;;;;;;;;;;;496,7;;;;626,6;;478,3;;;;;;555,1;;;;;;;689,2
Chicago;;;;;;;;;;;;;;;430,6;417,1;;;;;;565,9;;;468,8;;;;583,0;;;;;;;
SaultStMarie;;;;;;;;;;;;;;351,3;419,7;;;;;;;;;;452,3;453,0;;;;;;;;;;
Toronto;;;;;;;;;;;;;;;384,9;;;;;;;;508,4;408,9;;428,4;;;533,1;;;;;;;
Montreal;;;;;;;;;;;;;;;;;;;;;;;;395,6;508,1;;441,0;518,9;;;;;;;;
Boston;;;;;;;;;;;;;;;;;;;;;;;;;;470,0;;506,2;;;;;;;;
NewYork;;;;;;;;;;;;;;;;;;;;;;;;;;447,4;449,6;;539,1;542,6;;;;;;
Pittsburgh;;;;;;;;;;;;;;;;;;;;;;543,8;510,9;;496,8;;;515,5;;585,7;766,9;;;;;651,7
Washington;;;;;;;;;;;;;;;;;;;;;;;;;;;;526,2;591,0;;772,7;;;;;
Raleigh;;;;;;;;;;;;;;;;;;;;;;;;;;;;;599,5;649,6;;902,0;772,6;;;682,8
Atlanta;;;;;;;;;;;;;;;;;;;;;;;;;;;;;;;1000,0;;1000,0;1000,0;1000,0;1000,0
Charleston;;;;;;;;;;;;;;;;;;;;;;;;;;;;;;;692,2;902,0;;767,1;;
Miami;;;;;;;;;;;;;;;;;;;;;;;;;;;;;;;;905,0;765,2;;801,8;
NewOrleans;;;;;;;;;;;;;;;;;;;605,7;;602,6;;;;;;;;;;;984,0;;784,8;;
Nashville;;;;;;;;;;;;;;;;;;;;;612,5;517,3;;;;;;;613,7;;737,1;901,0;;;;
Step_32000;Vancouver;Seattle;Calgary;Portland;Helena;SaltLakeCity;SanFrancisco;LosAngeles;LasVegas;Phoenix;SantaFe;Denver;ElPaso;Winnipeg;Duluth;Omaha;KansasCity;OklahomaCity;Houston;Dallas;LittleRock;SaintLouis;Chicago;SaultStMarie;Toronto;Montreal;Boston;NewYork;Pittsburgh;Washington;Raleigh;Atlanta;Charleston;Miami;NewOrleans;Nashville
Vancouver;;282,0;297,4;;;;;;;;;;;;;;;;;;;;;;;;;;;;;;;;;
Seattle;261,5;;303,1;296,7;351,0;;;;;;;;;;;;;;;;;;;;;;;;;;;;;;;
Calgary;264,5;306,9;;;347,7;;;;;;;;;350,5;;;;;;;;;;;;;;;;;;;;;;
Portland;;296,0;;;;332,1;335,7;;;;;;;;;;;;;;;;;;;;;;;;;;;;;
Helena;;305,7;305,3;;;330,7;;;;;;381,8;;358,9;397,5;427,8;;;;;;;;;;;;;;;;;;;;
SaltLakeCity;;;;303,6;339,1;;337,2;;319,3;;;406,0;;;;;;;;;;;;;;;;;;;;;;;;
SanFrancisco;;;;298,2;;335,6;;978,4;;;;;;;;;;;;;;;;;;;;;;;;;;;;
LosAngeles;;;;;;;304,2;;329,7;439,1;;;894,6;;;;;;;;;;;;;;;;;;;;;;;
LasVegas;;;;;;315,5;;396,7;;;;;;;;;;;;;;;;;;;;;;;;;;;;
Phoenix;;;;;;;;436,2;;;403,5;417,6;529,6;;;;;;;;;;;;;;;;;;;;;;;
SantaFe;;;;;;;;;;413,5;;418,7;548,3;;;;;481,9;;;;;;;;;;;;;;;;;;
Denver;;;;;369,1;339,5;;;;430,7;432,4;;;;;400,4;509,6;457,4;;;;;;;;;;;;;;;;;;
ElPaso;;;;;;;;390,4;;439,7;439,0;;;;;;;487,5;987,6;530,9;;;;;;;;;;;;;;;;
Winnipeg;;;309,8;;348,7;;;;;;;;;;402,4;;;;;;;;;395,1;;;;;;;;;;;;
Duluth;;;;;326,9;;;;;;;;;354,4;;365,8;;;;;;;525,8;417,3;448,2;;;;;;;;;;;
Omaha;;;;;336,3;;;;;;;416,7;;;411,8;;;;;;;;546,7;;;;;;;;;;;;;
KansasCity;;;;;;;;;;;;441,2;;;;;;482,5;;;;578,9;;;;;;;;;;;;;;
OklahomaCity;;;;;;;;;;;434,1;427,9;468,5;;;;496,8;;;497,4;604,8;;;;;;;;;;;;;;;
Houston;;;;;;;;;;;;;445,1;;;;;;;506,7;;;;;;;;;;;;;;;982,3;
Dallas;;;;;;;;;;;;;452,1;;;;;486,0;609,1;;564,3;;;;;;;;;;;;;;;
LittleRock;;;;;;;;;;;;;;;;;;502,3;;551,2;;631,0;;;;;;;;;;;;;756,9;694,8
SaintLouis;;;;;;;;;;;;;;;;;468,0;;;;611,2;;525,4;;;;;;642,5;;;;;;;744,3
Chicago;;;;;;;;;;;;;;;396,1;429,2;;;;;;650,0;;;455,8;;;;617,1;;;;;;;
SaultStMarie;;;;;;;;;;;;;;347,2;371,2;;;;;;;;;;500,5;457,2;;;;;;;;;;
Toronto;;;;;;;;;;;;;;;403,1;;;;;;;;491,0;410,6;;438,8;;;570,5;;;;;;;
Montreal;;;;;;;;;;;;;;;;;;;;;;;;415,7;484,9;;436,3;503,0;;;;;;;;
Boston;;;;;;;;;;;;;;;;;;;;;;;;;;422,6;;499,9;;;;;;;;
NewYork;;;;;;;;;;;;;;;;;;;;;;;;;;430,5;456,9;;572,2;570,4;;;;;;
Pittsburgh;;;;;;;;;;;;;;;;;;;;;;513,1;476,4;;442,7;;;499,5;;616,3;770,0;;;;;663,0
Washington;;;;;;;;;;;;;;;;;;;;;;;;;;;;522,6;507,9;;688,7;;;;;
Raleigh;;;;;;;;;;;;;;;;;;;;;;;;;;;;;608,9;543,6;;902,0;747,9;;;791,2
Atlanta;;;;;;;;;;;;;;;;;;;;;;;;;;;;;;;1000,0;;1000,0;1000,0;1000,0;1000,0
Charleston;;;;;;;;;;;;;;;;;;;;;;;;;;;;;;;712,8;902,0;;780,4;;
Miami;;;;;;;;;;;;;;;;;;;;;;;;;;;;;;;;905,0;773,3;;754,2;
NewOrleans;;;;;;;;;;;;;;;;;;;598,6;;602,4;;;;;;;;;;;984,0;;767,5;;
Nashville;;;;;;;;;;;;;;;;;;;;;566,2;561,3;;;;;;;535,3;;748,7;901,0;;;;
Step_36000;Vancouver;Seattle;Calgary;Portland;Helena;SaltLakeCity;SanFrancisco;LosAngeles;LasVegas;Phoenix;SantaFe;Denver;ElPaso;Winnipeg;Duluth;Omaha;KansasCity;OklahomaCity;Houston;Dallas;LittleRock;SaintLouis;Chicago;SaultStMarie;Toronto;Montreal;Boston;NewYork;Pittsburgh;Washington;Raleigh;Atlanta;Charleston;Miami;NewOrleans;Nashville
Vancouver;;312,4;324,6;;;;;;;;;;;;;;;;;;;;;;;;;;;;;;;;;
Seattle;284,1;;324,9;308,3;320,0;;;;;;;;;;;;;;;;;;;;;;;;;;;;;;;
Calgary;273,7;283,7;;;342,1;;;;;;;;;361,8;;;;;;;;;;;;;;;;;;;;;;
Portland;;293,5;;;;365,5;346,9;;;;;;;;;;;;;;;;;;;;;;;;;;;;;
Helena;;312,2;317,1;;;353,0;;;;;;374,8;;373,9;458,0;434,3;;;;;;;;;;;;;;;;;;;;
SaltLakeCity;;;;303,4;380,0;;328,1;;345,4;;;447,2;;;;;;;;;;;;;;;;;;;;;;;;
SanFrancisco;;;;318,8;;350,5;;1021,0;;;;;;;;;;;;;;;;;;;;;;;;;;;;
LosAngeles;;;;;;;331,5;;342,6;412,3;;;1018,0;;;;;;;;;;;;;;;;;;;;;;;
LasVegas;;;;;;353,5;;383,6;;;;;;;;;;;;;;;;;;;;;;;;;;;;
Phoenix;;;;;;;;377,5;;;405,0;443,6;436,0;;;;;;;;;;;;;;;;;;;;;;;
SantaFe;;;;;;;;;;403,1;;408,5;523,0;;;;;511,7;;;;;;;;;;;;;;;;;;
Denver;;;;;354,4;342,4;;;;429,9;419,4;;;;;419,3;440,6;504,3;;;;;;;;;;;;;;;;;;
ElPaso;;;;;;;;374,9;;393,9;439,8;;;;;;;514,0;1012,0;586,7;;;;;;;;;;;;;;;;
Winnipeg;;;340,6;;353,5;;;;;;;;;;454,6;;;;;;;;;415,3;;;;;;;;;;;;
Duluth;;;;;341,3;;;;;;;;;382,2;;438,1;;;;;;;552,8;408,2;485,6;;;;;;;;;;;
Omaha;;;;;351,6;;;;;;;405,3;;;470,0;;;;;;;;539,4;;;;;;;;;;;;;
KansasCity;;;;;;;;;;;;382,0;;;;;;515,3;;;;546,9;;;;;;;;;;;;;;
OklahomaCity;;;;;;;;;;;450,6;405,1;478,8;;;;447,3;;;567,7;662,6;;;;;;;;;;;;;;;
Houston;;;;;;;;;;;;;508,4;;;;;;;570,6;;;;;;;;;;;;;;;1006,0;
Dallas;;;;;;;;;;;;;434,3;;;;;504,8;528,5;;655,4;;;;;;;;;;;;;;;
LittleRock;;;;;;;;;;;;;;;;;;529,6;;519,7;;515,2;;;;;;;;;;;;;768,8;722,7
SaintLouis;;;;;;;;;;;;;;;;;465,7;;;;568,6;;508,8;;;;;;584,5;;;;;;;676,9
Chicago;;;;;;;;;;;;;;;423,6;418,5;;;;;;532,2;;;450,6;;;;627,1;;;;;;;
SaultStMarie;;;;;;;;;;;;;;367,1;419,4;;;;;;;;;;482,0;422,5;;;;;;;;;;
Toronto;;;;;;;;;;;;;;;405,1;;;;;;;;521,7;400,9;;422,0;;;535,6;;;;;;;
Montreal;;;;;;;;;;;;;;;;;;;;;;;;397,4;458,8;;450,8;458,2;;;;;;;;
Boston;;;;;;;;;;;;;;;;;;;;;;;;;;410,4;;520,2;;;;;;;;
NewYork;;;;;;;;;;;;;;;;;;;;;;;;;;401,8;418,5;;636,0;551,6;;;;;;
Pittsburgh;;;;;;;;;;;;;;;;;;;;;;527,0;518,0;;453,2;;;532,7;;574,2;758,0;;;;;741,3
Washington;;;;;;;;;;;;;;;;;;;;;;;;;;;;501,4;578,8;;791,0;;;;;
Raleigh;;;;;;;;;;;;;;;;;;;;;;;;;;;;;592,2;621,0;;902,0;763,6;;;732,2
Atlanta;;;;;;;;;;;;;;;;;;;;;;;;;;;;;;;1000,0;;1000,0;1000,0;1000,0;1000,0
Charleston;;;;;;;;;;;;;;;;;;;;;;;;;;;;;;;632,7;902,0;;793,8;;
Miami;;;;;;;;;;;;;;;;;;;;;;;;;;;;;;;;905,0;724,9;;709,5;
NewOrleans;;;;;;;;;;;;;;;;;;;635,3;;628,8;;;;;;;;;;;1004,0;;788,0;;
Nashville;;;;;;;;;;;;;;;;;;;;;651,4;511,0;;;;;;;598,4;;721,3;901,0;;;;
Step_40000;Vancouver;Seattle;Calgary;Portland;Helena;SaltLakeCity;SanFrancisco;LosAngeles;LasVegas;Phoenix;SantaFe;Denver;ElPaso;Winnipeg;Duluth;Omaha;KansasCity;OklahomaCity;Houston;Dallas;LittleRock;SaintLouis;Chicago;SaultStMarie;Toronto;Montreal;Boston;NewYork;Pittsburgh;Washington;Raleigh;Atlanta;Charleston;Miami;NewOrleans;Nashville
Vancouver;;305,4;329,8;;;;;;;;;;;;;;;;;;;;;;;;;;;;;;;;;
Seattle;287,7;;293,4;308,8;361,1;;;;;;;;;;;;;;;;;;;;;;;;;;;;;;;
Calgary;286,9;300,4;;;345,8;;;;;;;;;388,9;;;;;;;;;;;;;;;;;;;;;;
Portland;;317,0;;;;366,1;336,3;;;;;;;;;;;;;;;;;;;;;;;;;;;;;
Helena;;297,3;305,9;;;352,1;;;;;;346,4;;393,1;449,7;443,1;;;;;;;;;;;;;;;;;;;;
SaltLakeCity;;;;310,4;346,9;;333,8;;356,1;;;458,9;;;;;;;;;;;;;;;;;;;;;;;;
SanFrancisco;;;;324,9;;356,0;;993,5;;;;;;;;;;;;;;;;;;;;;;;;;;;;
LosAngeles;;;;;;;333,3;;360,0;415,6;;;978,4;;;;;;;;;;;;;;;;;;;;;;;
LasVegas;;;;;;363,5;;412,9;;;;;;;;;;;;;;;;;;;;;;;;;;;;
Phoenix;;;;;;;;382,6;;;410,2;432,8;442,7;;;;;;;;;;;;;;;;;;;;;;;
SantaFe;;;;;;;;;;392,2;;409,4;445,4;;;;;486,9;;;;;;;;;;;;;;;;;;
Denver;;;;;365,1;373,5;;;;403,0;429,3;;;;;422,8;538,5;502,3;;;;;;;;;;;;;;;;;;
ElPaso;;;;;;;;398,4;;414,9;411,1;;;;;;;494,1;904,5;515,3;;;;;;;;;;;;;;;;
Winnipeg;;;329,2;;360,2;;;;;;;;;;428,7;;;;;;;;;412,1;;;;;;;;;;;;
Duluth;;;;;373,5;;;;;;;;;371,5;;411,5;;;;;;;497,5;391,1;462,3;;;;;;;;;;;
Omaha;;;;;364,9;;;;;;;405,8;;;425,6;;;;;;;;540,7;;;;;;;;;;;;;
KansasCity;;;;;;;;;;;;424,0;;;;;;483,9;;;;596,5;;;;;;;;;;;;;;
OklahomaCity;;;;;;;;;;;427,4;431,0;465,5;;;;445,4;;;490,9;593,2;;;;;;;;;;;;;;;
Houston;;;;;;;;;;;;;478,9;;;;;;;520,3;;;;;;;;;;;;;;;902,7;
Dallas;;;;;;;;;;;;;495,9;;;;;462,6;606,3;;604,6;;;;;;;;;;;;;;;
LittleRock;;;;;;;;;;;;;;;;;;493,9;;516,6;;555,5;;;;;;;;;;;;;716,9;754,7
SaintLouis;;;;;;;;;;;;;;;;;508,3;;;;603,5;;490,0;;;;;;650,5;;;;;;;749,2
Chicago;;;;;;;;;;;;;;;416,8;406,0;;;;;;559,0;;;501,7;;;;582,5;;;;;;;
SaultStMarie;;;;;;;;;;;;;;348,4;431,2;;;;;;;;;;466,3;420,9;;;;;;;;;;
Toronto;;;;;;;;;;;;;;;413,3;;;;;;;;517,9;418,0;;428,8;;;545,1;;;;;;;
Montreal;;;;;;;;;;;;;;;;;;;;;;;;404,9;462,9;;453,1;504,1;;;;;;;;
Boston;;;;;;;;;;;;;;;;;;;;;;;;;;433,1;;524,2;;;;;;;;
NewYork;;;;;;;;;;;;;;;;;;;;;;;;;;422,7;456,5;;505,1;634,9;;;;;;
Pittsburgh;;;;;;;;;;;;;;;;;;;;;;556,7;506,5;;502,4;;;538,9;;606,5;701,7;;;;;615,9
Washington;;;;;;;;;;;;;;;;;;;;;;;;;;;;510,6;538,4;;778,1;;;;;
Raleigh;;;;;;;;;;;;;;;;;;;;;;;;;;;;;631,8;665,0;;902,0;728,6;;;661,8
Atlanta;;;;;;;;;;;;;;;;;;;;;;;;;;;;;;;1000,0;;1000,0;1000,0;1000,0;1000,0
Charleston;;;;;;;;;;;;;;;;;;;;;;;;;;;;;;;713,0;902,0;;753,6;;
Miami;;;;;;;;;;;;;;;;;;;;;;;;;;;;;;;;905,0;785,8;;749,9;
NewOrleans;;;;;;;;;;;;;;;;;;;541,8;;624,8;;;;;;;;;;;1004,0;;799,1;;
Nashville;;;;;;;;;;;;;;;;;;;;;636,0;641,5;;;;;;;615,5;;684,6;901,0;;;;
Step_4000;Vancouver;Seattle;Calgary;Portland;Helena;SaltLakeCity;SanFrancisco;LosAngeles;LasVegas;Phoenix;SantaFe;Denver;ElPaso;Winnipeg;Duluth;Omaha;KansasCity;OklahomaCity;Houston;Dallas;LittleRock;SaintLouis;Chicago;SaultStMarie;Toronto;Montreal;Boston;NewYork;Pittsburgh;Washington;Raleigh;Atlanta;Charleston;Miami;NewOrleans;Nashville
Vancouver;;301,6;190,1;;;;;;;;;;;;;;;;;;;;;;;;;;;;;;;;;
Seattle;232,6;;262,3;310,3;349,6;;;;;;;;;;;;;;;;;;;;;;;;;;;;;;;
Calgary;178,7;262,9;;;336,6;;;;;;;;;267,6;;;;;;;;;;;;;;;;;;;;;;
Portland;;290,7;;;;350,7;337,5;;;;;;;;;;;;;;;;;;;;;;;;;;;;;
Helena;;267,3;289,9;;;334,9;;;;;;431,0;;308,6;381,2;387,4;;;;;;;;;;;;;;;;;;;;
SaltLakeCity;;;;303,3;349,7;;339,8;;349,7;;;401,2;;;;;;;;;;;;;;;;;;;;;;;;
SanFrancisco;;;;300,3;;343,2;;978,2;;;;;;;;;;;;;;;;;;;;;;;;;;;;
LosAngeles;;;;;;;317,9;;358,4;412,5;;;893,3;;;;;;;;;;;;;;;;;;;;;;;
LasVegas;;;;;;361,1;;373,4;;;;;;;;;;;;;;;;;;;;;;;;;;;;
Phoenix;;;;;;;;414,0;;;448,0;432,6;479,0;;;;;;;;;;;;;;;;;;;;;;;
SantaFe;;;;;;;;;;410,8;;415,6;476,9;;;;;486,7;;;;;;;;;;;;;;;;;;
Denver;;;;;339,9;346,7;;;;425,6;429,2;;;;;416,8;449,5;502,5;;;;;;;;;;;;;;;;;;
ElPaso;;;;;;;;401,0;;402,7;431,4;;;;;;;479,4;987,6;509,3;;;;;;;;;;;;;;;;
Winnipeg;;;163,0;;213,3;;;;;;;;;;409,0;;;;;;;;;186,2;;;;;;;;;;;;
Duluth;;;;;329,9;;;;;;;;;265,9;;406,8;;;;;;;520,4;302,2;359,6;;;;;;;;;;;
Omaha;;;;;339,7;;;;;;;410,6;;;400,7;;;;;;;;534,0;;;;;;;;;;;;;
KansasCity;;;;;;;;;;;;384,1;;;;;;;;;;535,6;;;;;;;;;;;;;;
OklahomaCity;;;;;;;;;;;451,0;438,3;512,7;;;;;;;508,4;614,7;;;;;;;;;;;;;;;
Houston;;;;;;;;;;;;;425,9;;;;;;;526,5;;;;;;;;;;;;;;;982,3;
Dallas;;;;;;;;;;;;;481,3;;;;;503,4;600,5;;582,8;;;;;;;;;;;;;;;
LittleRock;;;;;;;;;;;;;;;;;;504,0;;508,5;;539,8;;;;;;;;;;;;;800,3;640,1
SaintLouis;;;;;;;;;;;;;;;;;450,7;;;;621,9;;478,5;;;;;;592,0;;;;;;;594,4
Chicago;;;;;;;;;;;;;;;394,4;372,0;;;;;;528,2;;;418,7;;;;655,3;;;;;;;
SaultStMarie;;;;;;;;;;;;;;137,5;396,6;;;;;;;;;;304,5;142,6;;;;;;;;;;
Toronto;;;;;;;;;;;;;;;354,9;;;;;;;;467,5;273,8;;254,6;;;536,9;;;;;;;
Montreal;;;;;;;;;;;;;;;;;;;;;;;;145,4;427,1;;242,7;167,9;;;;;;;;
Boston;;;;;;;;;;;;;;;;;;;;;;;;;;221,4;;429,1;;;;;;;;
NewYork;;;;;;;;;;;;;;;;;;;;;;;;;;236,5;296,7;;499,8;680,7;;;;;;
Pittsburgh;;;;;;;;;;;;;;;;;;;;;;532,7;495,0;;347,4;;;552,8;;578,9;750,4;;;;;684,9
Washington;;;;;;;;;;;;;;;;;;;;;;;;;;;;498,9;538,4;;806,5;;;;;
Raleigh;;;;;;;;;;;;;;;;;;;;;;;;;;;;;520,8;684,1;;902,0;737,5;;;726,7
Atlanta;;;;;;;;;;;;;;;;;;;;;;;;;;;;;;;1000,0;;1000,0;1000,0;1000,0;1000,0
Charleston;;;;;;;;;;;;;;;;;;;;;;;;;;;;;;;785,9;899,3;;694,1;;
Miami;;;;;;;;;;;;;;;;;;;;;;;;;;;;;;;;905,0;768,1;;786,3;
NewOrleans;;;;;;;;;;;;;;;;;;;655,6;;635,0;;;;;;;;;;;984,0;;779,9;;
Nashville;;;;;;;;;;;;;;;;;;;;;578,3;535,0;;;;;;;562,3;;784,9;901,0;;;;
Step_8000;Vancouver;Seattle;Calgary;Portland;Helena;SaltLakeCity;SanFrancisco;LosAngeles;LasVegas;Phoenix;SantaFe;Denver;ElPaso;Winnipeg;Duluth;Omaha;KansasCity;OklahomaCity;Houston;Dallas;LittleRock;SaintLouis;Chicago;SaultStMarie;Toronto;Montreal;Boston;NewYork;Pittsburgh;Washington;Raleigh;Atlanta;Charleston;Miami;NewOrleans;Nashville
Vancouver;;286,1;293,5;;;;;;;;;;;;;;;;;;;;;;;;;;;;;;;;;
Seattle;259,3;;297,6;283,6;346,3;;;;;;;;;;;;;;;;;;;;;;;;;;;;;;;
Calgary;256,3;308,7;;;333,5;;;;;;;;;328,2;;;;;;;;;;;;;;;;;;;;;;
Portland;;309,4;;;;333,9;330,2;;;;;;;;;;;;;;;;;;;;;;;;;;;;;
Helena;;276,1;284,6;;;339,2;;;;;;348,2;;358,9;396,1;411,1;;;;;;;;;;;;;;;;;;;;
SaltLakeCity;;;;311,0;350,8;;339,7;;335,5;;;367,4;;;;;;;;;;;;;;;;;;;;;;;;
SanFrancisco;;;;304,4;;329,0;;993,6;;;;;;;;;;;;;;;;;;;;;;;;;;;;
LosAngeles;;;;;;;338,2;;355,1;440,4;;;979,1;;;;;;;;;;;;;;;;;;;;;;;
LasVegas;;;;;;336,7;;417,1;;;;;;;;;;;;;;;;;;;;;;;;;;;;
Phoenix;;;;;;;;402,8;;;425,3;437,9;511,2;;;;;;;;;;;;;;;;;;;;;;;
SantaFe;;;;;;;;;;417,7;;421,2;432,0;;;;;533,3;;;;;;;;;;;;;;;;;;
Denver;;;;;325,9;323,2;;;;409,1;408,3;;;;;431,7;462,7;493,8;;;;;;;;;;;;;;;;;;
ElPaso;;;;;;;;427,9;;391,9;444,4;;;;;;;504,7;908,3;524,5;;;;;;;;;;;;;;;;
Winnipeg;;;292,4;;353,5;;;;;;;;;;403,3;;;;;;;;;373,2;;;;;;;;;;;;
Duluth;;;;;362,7;;;;;;;;;339,7;;413,1;;;;;;;498,8;321,2;440,5;;;;;;;;;;;
Omaha;;;;;371,2;;;;;;;434,9;;;413,6;;;;;;;;481,9;;;;;;;;;;;;;
KansasCity;;;;;;;;;;;;401,5;;;;;;;;;;564,9;;;;;;;;;;;;;;
OklahomaCity;;;;;;;;;;;418,8;420,4;466,9;;;;;;;514,4;616,1;;;;;;;;;;;;;;;
Houston;;;;;;;;;;;;;525,9;;;;;;;541,7;;;;;;;;;;;;;;;1006,0;
Dallas;;;;;;;;;;;;;446,5;;;;;465,0;630,7;;589,1;;;;;;;;;;;;;;;
LittleRock;;;;;;;;;;;;;;;;;;488,4;;472,8;;603,4;;;;;;;;;;;;;699,4;713,4
SaintLouis;;;;;;;;;;;;;;;;;423,3;;;;626,3;;501,2;;;;;;614,5;;;;;;;740,2
Chicago;;;;;;;;;;;;;;;392,9;427,1;;;;;;614,8;;;436,8;;;;513,0;;;;;;;
SaultStMarie;;;;;;;;;;;;;;227,5;400,1;;;;;;;;;;385,3;340,5;;;;;;;;;;
Toronto;;;;;;;;;;;;;;;424,2;;;;;;;;507,5;347,3;;352,6;;;599,6;;;;;;;
Montreal;;;;;;;;;;;;;;;;;;;;;;;;301,3;492,1;;364,2;380,0;;;;;;;;
Boston;;;;;;;;;;;;;;;;;;;;;;;;;;354,0;;440,2;;;;;;;;
NewYork;;;;;;;;;;;;;;;;;;;;;;;;;;340,2;352,7;;574,5;576,0;;;;;;
Pittsburgh;;;;;;;;;;;;;;;;;;;;;;561,8;477,8;;506,7;;;470,6;;556,4;773,2;;;;;627,3
Washington;;;;;;;;;;;;;;;;;;;;;;;;;;;;502,0;572,0;;668,5;;;;;
Raleigh;;;;;;;;;;;;;;;;;;;;;;;;;;;;;604,7;591,5;;902,0;770,8;;;714,3
Atlanta;;;;;;;;;;;;;;;;;;;;;;;;;;;;;;;1000,0;;1000,0;1000,0;1000,0;1000,0
Charleston;;;;;;;;;;;;;;;;;;;;;;;;;;;;;;;722,2;902,0;;754,5;;
Miami;;;;;;;;;;;;;;;;;;;;;;;;;;;;;;;;905,0;739,5;;780,0;
NewOrleans;;;;;;;;;;;;;;;;;;;618,8;;625,8;;;;;;;;;;;1004,0;;788,3;;
Nashville;;;;;;;;;;;;;;;;;;;;;638,3;584,5;;;;;;;549,9;;771,6;901,0;;;;
Step_12000;Vancouver;Seattle;Calgary;Portland;Helena;SaltLakeCity;SanFrancisco;LosAngeles;LasVegas;Phoenix;SantaFe;Denver;ElPaso;Winnipeg;Duluth;Omaha;KansasCity;OklahomaCity;Houston;Dallas;LittleRock;SaintLouis;Chicago;SaultStMarie;Toronto;Montreal;Boston;NewYork;Pittsburgh;Washington;Raleigh;Atlanta;Charleston;Miami;NewOrleans;Nashville
Vancouver;;296,4;310,6;;;;;;;;;;;;;;;;;;;;;;;;;;;;;;;;;
Seattle;279,0;;306,7;300,1;328,1;;;;;;;;;;;;;;;;;;;;;;;;;;;;;;;
Calgary;275,0;313,2;;;356,9;;;;;;;;;348,3;;;;;;;;;;;;;;;;;;;;;;
Portland;;298,1;;;;367,4;327,8;;;;;;;;;;;;;;;;;;;;;;;;;;;;;
Helena;;291,7;312,8;;;361,1;;;;;;442,5;;363,7;382,2;416,9;;;;;;;;;;;;;;;;;;;;
SaltLakeCity;;;;308,7;369,3;;341,1;;328,8;;;461,1;;;;;;;;;;;;;;;;;;;;;;;;
SanFrancisco;;;;314,3;;312,9;;877,8;;;;;;;;;;;;;;;;;;;;;;;;;;;;
LosAngeles;;;;;;;327,0;;335,8;423,8;;;1018,0;;;;;;;;;;;;;;;;;;;;;;;
LasVegas;;;;;;389,9;;358,5;;;;;;;;;;;;;;;;;;;;;;;;;;;;
Phoenix;;;;;;;;388,0;;;434,2;446,1;488,2;;;;;;;;;;;;;;;;;;;;;;;
SantaFe;;;;;;;;;;399,7;;449,7;476,3;;;;;532,9;;;;;;;;;;;;;;;;;;
Denver;;;;;356,4;356,7;;;;428,7;446,0;;;;;444,4;476,2;535,5;;;;;;;;;;;;;;;;;;
ElPaso;;;;;;;;391,8;;427,2;425,8;;;;;;;489,9;1012,0;500,5;;;;;;;;;;;;;;;;
Winnipeg;;;320,8;;335,1;;;;;;;;;;384,2;;;;;;;;;390,0;;;;;;;;;;;;
Duluth;;;;;330,6;;;;;;;;;345,1;;410,9;;;;;;;498,3;404,6;439,9;;;;;;;;;;;
Omaha;;;;;355,3;;;;;;;422,7;;;386,0;;;;;;;;503,8;;;;;;;;;;;;;
KansasCity;;;;;;;;;;;;409,3;;;;;;;;;;579,2;;;;;;;;;;;;;;
OklahomaCity;;;;;;;;;;;433,5;414,5;468,1;;;;;;;472,3;626,2;;;;;;;;;;;;;;;
Houston;;;;;;;;;;;;;496,6;;;;;;;531,3;;;;;;;;;;;;;;;1006,0;
Dallas;;;;;;;;;;;;;479,7;;;;;516,3;520,7;;649,0;;;;;;;;;;;;;;;
LittleRock;;;;;;;;;;;;;;;;;;499,8;;502,2;;634,3;;;;;;;;;;;;;811,6;688,2
SaintLouis;;;;;;;;;;;;;;;;;528,0;;;;613,4;;529,0;;;;;;604,7;;;;;;;749,5
Chicago;;;;;;;;;;;;;;;416,4;412,1;;;;;;557,7;;;459,3;;;;579,2;;;;;;;
SaultStMarie;;;;;;;;;;;;;;320,0;415,5;;;;;;;;;;451,3;415,5;;;;;;;;;;
Toronto;;;;;;;;;;;;;;;411,4;;;;;;;;509,3;416,8;;404,3;;;516,0;;;;;;;
Montreal;;;;;;;;;;;;;;;;;;;;;;;;319,9;435,2;;415,6;451,9;;;;;;;;
Boston;;;;;;;;;;;;;;;;;;;;;;;;;;393,9;;538,1;;;;;;;;
NewYork;;;;;;;;;;;;;;;;;;;;;;;;;;402,0;454,6;;573,7;608,7;;;;;;
Pittsburgh;;;;;;;;;;;;;;;;;;;;;;582,2;470,3;;475,4;;;529,8;;615,9;709,7;;;;;737,9
Washington;;;;;;;;;;;;;;;;;;;;;;;;;;;;517,7;592,5;;696,4;;;;;
Raleigh;;;;;;;;;;;;;;;;;;;;;;;;;;;;;590,1;599,6;;902,0;772,5;;;724,7
Atlanta;;;;;;;;;;;;;;;;;;;;;;;;;;;;;;;1000,0;;1000,0;1000,0;1000,0;1000,0
Charleston;;;;;;;;;;;;;;;;;;;;;;;;;;;;;;;777,8;902,0;;766,5;;
Miami;;;;;;;;;;;;;;;;;;;;;;;;;;;;;;;;905,0;772,7;;782,3;
NewOrleans;;;;;;;;;;;;;;;;;;;626,6;;665,6;;;;;;;;;;;984,0;;793,3;;
Nashville;;;;;;;;;;;;;;;;;;;;;633,9;602,6;;;;;;;579,6;;696,8;901,0;;;;
Step_16000;Vancouver;Seattle;Calgary;Portland;Helena;SaltLakeCity;SanFrancisco;LosAngeles;LasVegas;Phoenix;SantaFe;Denver;ElPaso;Winnipeg;Duluth;Omaha;KansasCity;OklahomaCity;Houston;Dallas;LittleRock;SaintLouis;Chicago;SaultStMarie;Toronto;Montreal;Boston;NewYork;Pittsburgh;Washington;Raleigh;Atlanta;Charleston;Miami;NewOrleans;Nashville
Vancouver;;301,4;326,6;;;;;;;;;;;;;;;;;;;;;;;;;;;;;;;;;
Seattle;282,7;;306,8;310,7;391,4;;;;;;;;;;;;;;;;;;;;;;;;;;;;;;;
Calgary;284,5;297,8;;;354,3;;;;;;;;;380,7;;;;;;;;;;;;;;;;;;;;;;
Portland;;314,2;;;;371,4;339,6;;;;;;;;;;;;;;;;;;;;;;;;;;;;;
Helena;;333,2;330,3;;;348,4;;;;;;434,6;;391,4;439,6;407,6;;;;;;;;;;;;;;;;;;;;
SaltLakeCity;;;;316,4;372,9;;372,9;;352,3;;;404,5;;;;;;;;;;;;;;;;;;;;;;;;
SanFrancisco;;;;331,7;;356,1;;1021,0;;;;;;;;;;;;;;;;;;;;;;;;;;;;
LosAngeles;;;;;;;345,1;;351,2;434,2;;;1018,0;;;;;;;;;;;;;;;;;;;;;;;
LasVegas;;;;;;361,9;;374,5;;;;;;;;;;;;;;;;;;;;;;;;;;;;
Phoenix;;;;;;;;392,4;;;455,3;445,1;495,7;;;;;;;;;;;;;;;;;;;;;;;
SantaFe;;;;;;;;;;413,3;;431,6;509,2;;;;;574,8;;;;;;;;;;;;;;;;;;
Denver;;;;;368,8;367,8;;;;424,8;439,5;;;;;432,0;500,9;488,5;;;;;;;;;;;;;;;;;;
ElPaso;;;;;;;;406,2;;402,0;429,2;;;;;;;549,3;1012,0;549,0;;;;;;;;;;;;;;;;
Winnipeg;;;316,1;;342,0;;;;;;;;;;434,2;;;;;;;;;399,8;;;;;;;;;;;;
Duluth;;;;;357,2;;;;;;;;;362,3;;426,2;;;;;;;504,2;414,6;526,9;;;;;;;;;;;
Omaha;;;;;385,3;;;;;;;431,8;;;448,6;;;;;;;;512,2;;;;;;;;;;;;;
KansasCity;;;;;;;;;;;;453,7;;;;;;;;;;544,7;;;;;;;;;;;;;;
OklahomaCity;;;;;;;;;;;461,3;408,5;492,4;;;;;;;553,4;621,3;;;;;;;;;;;;;;;
Houston;;;;;;;;;;;;;511,1;;;;;;;530,7;;;;;;;;;;;;;;;1006,0;
Dallas;;;;;;;;;;;;;498,3;;;;;548,6;590,2;;622,7;;;;;;;;;;;;;;;
LittleRock;;;;;;;;;;;;;;;;;;523,3;;526,1;;658,1;;;;;;;;;;;;;811,5;712,3
SaintLouis;;;;;;;;;;;;;;;;;475,9;;;;650,4;;516,3;;;;;;563,1;;;;;;;797,0
Chicago;;;;;;;;;;;;;;;407,2;459,2;;;;;;591,0;;;476,4;;;;597,3;;;;;;;
SaultStMarie;;;;;;;;;;;;;;327,4;404,5;;;;;;;;;;450,0;434,1;;;;;;;;;;
Toronto;;;;;;;;;;;;;;;460,3;;;;;;;;516,3;411,3;;449,3;;;645,5;;;;;;;
Montreal;;;;;;;;;;;;;;;;;;;;;;;;358,7;475,3;;456,0;545,9;;;;;;;;
Boston;;;;;;;;;;;;;;;;;;;;;;;;;;461,5;;525,5;;;;;;;;
NewYork;;;;;;;;;;;;;;;;;;;;;;;;;;481,8;454,7;;601,0;624,6;;;;;;
Pittsburgh;;;;;;;;;;;;;;;;;;;;;;600,8;504,4;;487,8;;;478,5;;606,8;692,1;;;;;718,7
Washington;;;;;;;;;;;;;;;;;;;;;;;;;;;;522,6;608,6;;697,4;;;;;
Raleigh;;;;;;;;;;;;;;;;;;;;;;;;;;;;;604,1;596,3;;902,0;741,9;;;779,6
Atlanta;;;;;;;;;;;;;;;;;;;;;;;;;;;;;;;1000,0;;1000,0;1000,0;1000,0;1000,0
Charleston;;;;;;;;;;;;;;;;;;;;;;;;;;;;;;;771,3;902,0;;788,3;;
Miami;;;;;;;;;;;;;;;;;;;;;;;;;;;;;;;;905,0;810,0;;756,0;
NewOrleans;;;;;;;;;;;;;;;;;;;627,7;;563,0;;;;;;;;;;;1004,0;;803,1;;
Nashville;;;;;;;;;;;;;;;;;;;;;678,0;649,6;;;;;;;593,0;;744,7;901,0;;;;
Step_20000;Vancouver;Seattle;Calgary;Portland;Helena;SaltLakeCity;SanFrancisco;LosAngeles;LasVegas;Phoenix;SantaFe;Denver;ElPaso;Winnipeg;Duluth;Omaha;KansasCity;OklahomaCity;Houston;Dallas;LittleRock;SaintLouis;Chicago;SaultStMarie;Toronto;Montreal;Boston;NewYork;Pittsburgh;Washington;Raleigh;Atlanta;Charleston;Miami;NewOrleans;Nashville
Vancouver;;312,2;308,4;;;;;;;;;;;;;;;;;;;;;;;;;;;;;;;;;
Seattle;280,6;;331,5;298,3;372,5;;;;;;;;;;;;;;;;;;;;;;;;;;;;;;;
Calgary;279,5;284,7;;;347,0;;;;;;;;;374,9;;;;;;;;;;;;;;;;;;;;;;
Portland;;313,2;;;;350,9;341,1;;;;;;;;;;;;;;;;;;;;;;;;;;;;;
Helena;;298,8;323,2;;;349,1;;;;;;402,8;;376,7;402,9;388,3;;;;;;;;;;;;;;;;;;;;
SaltLakeCity;;;;306,6;364,4;;345,1;;343,3;;;398,9;;;;;;;;;;;;;;;;;;;;;;;;
SanFrancisco;;;;315,0;;357,0;;895,4;;;;;;;;;;;;;;;;;;;;;;;;;;;;
LosAngeles;;;;;;;347,4;;346,1;428,7;;;980,8;;;;;;;;;;;;;;;;;;;;;;;
LasVegas;;;;;;343,6;;377,3;;;;;;;;;;;;;;;;;;;;;;;;;;;;
Phoenix;;;;;;;;510,4;;;426,5;413,6;477,9;;;;;;;;;;;;;;;;;;;;;;;
SantaFe;;;;;;;;;;406,2;;407,9;468,9;;;;;453,5;;;;;;;;;;;;;;;;;;
Denver;;;;;348,3;369,0;;;;397,1;411,0;;;;;388,7;505,1;491,0;;;;;;;;;;;;;;;;;;
ElPaso;;;;;;;;399,3;;400,4;423,5;;;;;;;502,8;503,2;913,1;;;;;;;;;;;;;;;;
Winnipeg;;;331,6;;362,0;;;;;;;;;;441,2;;;;;;;;;385,6;;;;;;;;;;;;
Duluth;;;;;362,7;;;;;;;;;343,4;;410,8;;;;;;;505,5;400,5;471,8;;;;;;;;;;;
Omaha;;;;;345,5;;;;;;;398,0;;;383,8;;;;;;;;439,2;;;;;;;;;;;;;
KansasCity;;;;;;;;;;;;434,0;;;;;;;;;;592,0;;;;;;;;;;;;;;
OklahomaCity;;;;;;;;;;;420,5;411,4;491,6;;;;;;;507,9;603,9;;;;;;;;;;;;;;;
Houston;;;;;;;;;;;;;488,6;;;;;;;520,4;;;;;;;;;;;;;;;721,2;
Dallas;;;;;;;;;;;;;484,0;;;;;505,0;565,9;;1009,0;;;;;;;;;;;;;;;
LittleRock;;;;;;;;;;;;;;;;;;508,9;;512,8;;539,0;;;;;;;;;;;;;1007,0;737,9
SaintLouis;;;;;;;;;;;;;;;;;543,9;;;;631,6;;497,9;;;;;;634,2;;;;;;;698,0
Chicago;;;;;;;;;;;;;;;389,2;408,3;;;;;;519,2;;;491,5;;;;623,4;;;;;;;
SaultStMarie;;;;;;;;;;;;;;369,2;391,4;;;;;;;;;;466,7;443,8;;;;;;;;;;
Toronto;;;;;;;;;;;;;;;423,4;;;;;;;;474,9;398,6;;434,2;;;544,1;;;;;;;
Montreal;;;;;;;;;;;;;;;;;;;;;;;;389,1;480,1;;471,5;489,5;;;;;;;;
Boston;;;;;;;;;;;;;;;;;;;;;;;;;;443,2;;513,8;;;;;;;;
NewYork;;;;;;;;;;;;;;;;;;;;;;;;;;459,2;465,6;;579,1;586,9;;;;;;
Pittsburgh;;;;;;;;;;;;;;;;;;;;;;529,2;513,2;;496,6;;;498,1;;577,1;769,7;;;;;740,7
Washington;;;;;;;;;;;;;;;;;;;;;;;;;;;;527,9;602,8;;739,7;;;;;
Raleigh;;;;;;;;;;;;;;;;;;;;;;;;;;;;;617,3;652,5;;902,0;785,1;;;682,0
Atlanta;;;;;;;;;;;;;;;;;;;;;;;;;;;;;;;1000,0;;1000,0;1000,0;1000,0;1000,0
Charleston;;;;;;;;;;;;;;;;;;;;;;;;;;;;;;;794,3;902,0;;755,6;;
Miami;;;;;;;;;;;;;;;;;;;;;;;;;;;;;;;;905,0;756,8;;710,6;
NewOrleans;;;;;;;;;;;;;;;;;;;627,9;;604,3;;;;;;;;;;;1004,0;;813,4;;
Nashville;;;;;;;;;;;;;;;;;;;;;605,6;572,7;;;;;;;537,5;;701,3;901,0;;;;
Step_24000;Vancouver;Seattle;Calgary;Portland;Helena;SaltLakeCity;SanFrancisco;LosAngeles;LasVegas;Phoenix;SantaFe;Denver;ElPaso;Winnipeg;Duluth;Omaha;KansasCity;OklahomaCity;Houston;Dallas;LittleRock;SaintLouis;Chicago;SaultStMarie;Toronto;Montreal;Boston;NewYork;Pittsburgh;Washington;Raleigh;Atlanta;Charleston;Miami;NewOrleans;Nashville
Vancouver;;317,4;289,9;;;;;;;;;;;;;;;;;;;;;;;;;;;;;;;;;
Seattle;280,2;;310,3;307,2;367,6;;;;;;;;;;;;;;;;;;;;;;;;;;;;;;;
Calgary;274,0;294,5;;;328,1;;;;;;;;;339,4;;;;;;;;;;;;;;;;;;;;;;
Portland;;289,2;;;;363,9;349,7;;;;;;;;;;;;;;;;;;;;;;;;;;;;;
Helena;;309,8;300,3;;;361,3;;;;;;402,8;;369,9;382,7;410,1;;;;;;;;;;;;;;;;;;;;
SaltLakeCity;;;;327,3;329,0;;337,5;;351,2;;;898,0;;;;;;;;;;;;;;;;;;;;;;;;
SanFrancisco;;;;319,1;;979,4;;343,6;;;;;;;;;;;;;;;;;;;;;;;;;;;;
LosAngeles;;;;;;;326,6;;347,6;407,6;;;444,8;;;;;;;;;;;;;;;;;;;;;;;
LasVegas;;;;;;345,5;;376,3;;;;;;;;;;;;;;;;;;;;;;;;;;;;
Phoenix;;;;;;;;406,4;;;422,8;440,1;469,9;;;;;;;;;;;;;;;;;;;;;;;
SantaFe;;;;;;;;;;411,0;;427,1;464,5;;;;;500,5;;;;;;;;;;;;;;;;;;
Denver;;;;;364,2;362,7;;;;407,3;431,1;;;;;374,1;469,9;988,4;;;;;;;;;;;;;;;;;;
ElPaso;;;;;;;;382,1;;426,1;427,0;;;;;;;483,3;527,5;497,0;;;;;;;;;;;;;;;;
Winnipeg;;;322,2;;348,7;;;;;;;;;;399,0;;;;;;;;;393,3;;;;;;;;;;;;
Duluth;;;;;378,6;;;;;;;;;352,5;;419,5;;;;;;;498,7;396,6;459,0;;;;;;;;;;;
Omaha;;;;;358,0;;;;;;;390,4;;;434,5;;;;;;;;472,0;;;;;;;;;;;;;
KansasCity;;;;;;;;;;;;511,4;;;;;;;;;;547,7;;;;;;;;;;;;;;
OklahomaCity;;;;;;;;;;;430,9;416,7;459,5;;;;;;;514,5;984,6;;;;;;;;;;;;;;;
Houston;;;;;;;;;;;;;441,3;;;;;;;519,0;;;;;;;;;;;;;;;714,9;
Dallas;;;;;;;;;;;;;507,8;;;;;499,6;564,6;;589,6;;;;;;;;;;;;;;;
LittleRock;;;;;;;;;;;;;;;;;;533,1;;513,6;;539,6;;;;;;;;;;;;;983,3;725,3
SaintLouis;;;;;;;;;;;;;;;;;494,3;;;;611,0;;471,5;;;;;;592,3;;;;;;;705,7
Chicago;;;;;;;;;;;;;;;431,6;380,1;;;;;;518,8;;;512,3;;;;523,2;;;;;;;
SaultStMarie;;;;;;;;;;;;;;372,6;377,6;;;;;;;;;;446,6;442,8;;;;;;;;;;
Toronto;;;;;;;;;;;;;;;420,2;;;;;;;;469,1;392,9;;439,9;;;650,2;;;;;;;
Montreal;;;;;;;;;;;;;;;;;;;;;;;;417,9;509,6;;444,5;502,7;;;;;;;;
Boston;;;;;;;;;;;;;;;;;;;;;;;;;;455,0;;525,8;;;;;;;;
NewYork;;;;;;;;;;;;;;;;;;;;;;;;;;442,8;465,0;;605,3;557,3;;;;;;
Pittsburgh;;;;;;;;;;;;;;;;;;;;;;593,7;485,1;;456,9;;;508,7;;611,5;704,2;;;;;806,1
Washington;;;;;;;;;;;;;;;;;;;;;;;;;;;;506,0;580,7;;725,5;;;;;
Raleigh;;;;;;;;;;;;;;;;;;;;;;;;;;;;;590,9;585,0;;902,0;791,0;;;687,1
Atlanta;;;;;;;;;;;;;;;;;;;;;;;;;;;;;;;1000,0;;1000,0;1000,0;1000,0;1000,0
Charleston;;;;;;;;;;;;;;;;;;;;;;;;;;;;;;;708,9;902,0;;745,3;;
Miami;;;;;;;;;;;;;;;;;;;;;;;;;;;;;;;;905,0;750,2;;798,6;
NewOrleans;;;;;;;;;;;;;;;;;;;587,4;;584,1;;;;;;;;;;;984,0;;771,3;;
Nashville;;;;;;;;;;;;;;;;;;;;;575,3;543,3;;;;;;;602,4;;793,2;901,0;;;;
Step_28000;Vancouver;Seattle;Calgary;Portland;Helena;SaltLakeCity;SanFrancisco;LosAngeles;LasVegas;Phoenix;SantaFe;Denver;ElPaso;Winnipeg;Duluth;Omaha;KansasCity;OklahomaCity;Houston;Dallas;LittleRock;SaintLouis;Chicago;SaultStMarie;Toronto;Montreal;Boston;NewYork;Pittsburgh;Washington;Raleigh;Atlanta;Charleston;Miami;NewOrleans;Nashville
Vancouver;;291,0;309,6;;;;;;;;;;;;;;;;;;;;;;;;;;;;;;;;;
Seattle;273,0;;310,0;310,0;329,7;;;;;;;;;;;;;;;;;;;;;;;;;;;;;;;
Calgary;274,4;282,4;;;343,8;;;;;;;;;321,3;;;;;;;;;;;;;;;;;;;;;;
Portland;;287,3;;;;372,4;346,5;;;;;;;;;;;;;;;;;;;;;;;;;;;;;
Helena;;303,4;310,2;;;355,7;;;;;;371,6;;349,9;396,1;398,0;;;;;;;;;;;;;;;;;;;;
SaltLakeCity;;;;311,7;334,7;;361,1;;366,2;;;406,5;;;;;;;;;;;;;;;;;;;;;;;;
SanFrancisco;;;;333,2;;373,9;;1021,0;;;;;;;;;;;;;;;;;;;;;;;;;;;;
LosAngeles;;;;;;;346,1;;375,7;431,2;;;1018,0;;;;;;;;;;;;;;;;;;;;;;;
LasVegas;;;;;;344,7;;438,4;;;;;;;;;;;;;;;;;;;;;;;;;;;;
Phoenix;;;;;;;;408,6;;;423,7;398,9;602,2;;;;;;;;;;;;;;;;;;;;;;;
SantaFe;;;;;;;;;;417,5;;431,4;529,7;;;;;517,1;;;;;;;;;;;;;;;;;;
Denver;;;;;327,6;368,4;;;;431,0;428,2;;;;;416,4;486,8;523,9;;;;;;;;;;;;;;;;;;
ElPaso;;;;;;;;426,7;;424,4;436,5;;;;;;;510,3;908,0;529,8;;;;;;;;;;;;;;;;
Winnipeg;;;299,4;;344,9;;;;;;;;;;359,8;;;;;;;;;398,9;;;;;;;;;;;;
Duluth;;;;;353,4;;;;;;;;;357,8;;404,7;;;;;;;545,7;383,3;487,2;;;;;;;;;;;
Omaha;;;;;366,0;;;;;;;384,0;;;431,4;;;;;;;;539,9;;;;;;;;;;;;;
KansasCity;;;;;;;;;;;;384,5;;;;;;;;;;640,0;;;;;;;;;;;;;;
OklahomaCity;;;;;;;;;;;432,5;414,2;526,8;;;;;;;520,3;626,0;;;;;;;;;;;;;;;
Houston;;;;;;;;;;;;;550,5;;;;;;;540,1;;;;;;;;;;;;;;;1006,0;
Dallas;;;;;;;;;;;;;536,1;;;;;481,1;590,6;;590,7;;;;;;;;;;;;;;;
LittleRock;;;;;;;;;;;;;;;;;;468,1;;516,0;;582,8;;;;;;;;;;;;;803,8;737,8
SaintLouis;;;;;;;;;;;;;;;;;516,6;;;;606,0;;507,4;;;;;;613,1;;;;;;;689,4
Chicago;;;;;;;;;;;;;;;420,1;414,6;;;;;;634,7;;;492,0;;;;588,5;;;;;;;
SaultStMarie;;;;;;;;;;;;;;354,0;396,1;;;;;;;;;;457,9;459,5;;;;;;;;;;
Toronto;;;;;;;;;;;;;;;397,6;;;;;;;;448,4;391,0;;467,5;;;618,4;;;;;;;
Montreal;;;;;;;;;;;;;;;;;;;;;;;;413,3;510,7;;459,3;545,8;;;;;;;;
Boston;;;;;;;;;;;;;;;;;;;;;;;;;;444,1;;533,7;;;;;;;;
NewYork;;;;;;;;;;;;;;;;;;;;;;;;;;465,1;462,3;;611,0;658,4;;;;;;
Pittsburgh;;;;;;;;;;;;;;;;;;;;;;591,4;533,6;;494,6;;;589,5;;656,7;718,8;;;;;774,3
Washington;;;;;;;;;;;;;;;;;;;;;;;;;;;;594,4;560,4;;804,3;;;;;
Raleigh;;;;;;;;;;;;;;;;;;;;;;;;;;;;;608,4;680,0;;902,0;812,5;;;717,4
Atlanta;;;;;;;;;;;;;;;;;;;;;;;;;;;;;;;1000,0;;1000,0;1000,0;1000,0;1000,0
Charleston;;;;;;;;;;;;;;;;;;;;;;;;;;;;;;;770,7;902,0;;753,3;;
Miami;;;;;;;;;;;;;;;;;;;;;;;;;;;;;;;;905,0;789,3;;760,7;
NewOrleans;;;;;;;;;;;;;;;;;;;622,3;;596,9;;;;;;;;;;;984,0;;801,4;;
Nashville;;;;;;;;;;;;;;;;;;;;;649,3;566,8;;;;;;;569,4;;731,3;901,0;;;;
Step_32000;Vancouver;Seattle;Calgary;Portland;Helena;SaltLakeCity;SanFrancisco;LosAngeles;LasVegas;Phoenix;SantaFe;Denver;ElPaso;Winnipeg;Duluth;Omaha;KansasCity;OklahomaCity;Houston;Dallas;LittleRock;SaintLouis;Chicago;SaultStMarie;Toronto;Montreal;Boston;NewYork;Pittsburgh;Washington;Raleigh;Atlanta;Charleston;Miami;NewOrleans;Nashville
Vancouver;;308,6;301,5;;;;;;;;;;;;;;;;;;;;;;;;;;;;;;;;;
Seattle;273,3;;313,6;313,9;375,9;;;;;;;;;;;;;;;;;;;;;;;;;;;;;;;
Calgary;276,2;318,9;;;347,0;;;;;;;;;344,6;;;;;;;;;;;;;;;;;;;;;;
Portland;;326,2;;;;374,6;327,2;;;;;;;;;;;;;;;;;;;;;;;;;;;;;
Helena;;316,7;313,2;;;357,6;;;;;;429,7;;356,4;405,4;395,8;;;;;;;;;;;;;;;;;;;;
SaltLakeCity;;;;326,0;333,7;;346,6;;331,6;;;409,1;;;;;;;;;;;;;;;;;;;;;;;;
SanFrancisco;;;;330,9;;350,9;;1021,0;;;;;;;;;;;;;;;;;;;;;;;;;;;;
LosAngeles;;;;;;;362,1;;362,5;424,5;;;1018,0;;;;;;;;;;;;;;;;;;;;;;;
LasVegas;;;;;;342,8;;402,8;;;;;;;;;;;;;;;;;;;;;;;;;;;;
Phoenix;;;;;;;;396,5;;;443,4;408,8;504,5;;;;;;;;;;;;;;;;;;;;;;;
SantaFe;;;;;;;;;;439,7;;418,3;491,8;;;;;473,7;;;;;;;;;;;;;;;;;;
Denver;;;;;350,5;365,6;;;;424,0;427,9;;;;;402,7;460,4;494,7;;;;;;;;;;;;;;;;;;
ElPaso;;;;;;;;373,1;;444,0;440,4;;;;;;;504,0;1012,0;486,0;;;;;;;;;;;;;;;;
Winnipeg;;;317,2;;360,1;;;;;;;;;;398,8;;;;;;;;;410,5;;;;;;;;;;;;
Duluth;;;;;376,6;;;;;;;;;357,5;;432,4;;;;;;;513,5;391,5;450,3;;;;;;;;;;;
Omaha;;;;;358,0;;;;;;;415,8;;;437,1;;;;;;;;484,7;;;;;;;;;;;;;
KansasCity;;;;;;;;;;;;415,9;;;;;;;;;;542,5;;;;;;;;;;;;;;
OklahomaCity;;;;;;;;;;;436,7;450,3;468,4;;;;;;;495,7;660,2;;;;;;;;;;;;;;;
Houston;;;;;;;;;;;;;481,9;;;;;;;508,0;;;;;;;;;;;;;;;1006,0;
Dallas;;;;;;;;;;;;;462,5;;;;;483,8;553,5;;628,3;;;;;;;;;;;;;;;
LittleRock;;;;;;;;;;;;;;;;;;484,7;;503,6;;551,1;;;;;;;;;;;;;781,9;731,2
SaintLouis;;;;;;;;;;;;;;;;;456,5;;;;642,7;;463,7;;;;;;655,7;;;;;;;703,2
Chicago;;;;;;;;;;;;;;;402,8;445,7;;;;;;520,4;;;439,7;;;;529,2;;;;;;;
SaultStMarie;;;;;;;;;;;;;;369,6;408,0;;;;;;;;;;459,5;428,7;;;;;;;;;;
Toronto;;;;;;;;;;;;;;;412,0;;;;;;;;518,2;416,0;;462,2;;;562,8;;;;;;;
Montreal;;;;;;;;;;;;;;;;;;;;;;;;409,7;463,9;;447,2;514,4;;;;;;;;
Boston;;;;;;;;;;;;;;;;;;;;;;;;;;429,4;;537,0;;;;;;;;
NewYork;;;;;;;;;;;;;;;;;;;;;;;;;;445,4;460,3;;541,1;681,8;;;;;;
Pittsburgh;;;;;;;;;;;;;;;;;;;;;;570,3;475,4;;503,1;;;537,4;;641,9;761,7;;;;;712,3
Washington;;;;;;;;;;;;;;;;;;;;;;;;;;;;546,8;609,4;;775,3;;;;;
Raleigh;;;;;;;;;;;;;;;;;;;;;;;;;;;;;580,6;604,3;;902,0;793,1;;;650,8
Atlanta;;;;;;;;;;;;;;;;;;;;;;;;;;;;;;;1000,0;;1000,0;1000,0;1000,0;1000,0
Charleston;;;;;;;;;;;;;;;;;;;;;;;;;;;;;;;791,9;902,0;;797,4;;
Miami;;;;;;;;;;;;;;;;;;;;;;;;;;;;;;;;905,0;802,5;;737,0;
NewOrleans;;;;;;;;;;;;;;;;;;;613,5;;613,0;;;;;;;;;;;984,0;;805,5;;
Nashville;;;;;;;;;;;;;;;;;;;;;602,7;581,5;;;;;;;611,8;;741,8;901,0;;;;
Step_36000;Vancouver;Seattle;Calgary;Portland;Helena;SaltLakeCity;SanFrancisco;LosAngeles;LasVegas;Phoenix;SantaFe;Denver;ElPaso;Winnipeg;Duluth;Omaha;KansasCity;OklahomaCity;Houston;Dallas;LittleRock;SaintLouis;Chicago;SaultStMarie;Toronto;Montreal;Boston;NewYork;Pittsburgh;Washington;Raleigh;Atlanta;Charleston;Miami;NewOrleans;Nashville
Vancouver;;309,5;330,2;;;;;;;;;;;;;;;;;;;;;;;;;;;;;;;;;
Seattle;286,2;;319,6;312,4;363,9;;;;;;;;;;;;;;;;;;;;;;;;;;;;;;;
Calgary;277,6;293,4;;;389,1;;;;;;;;;357,4;;;;;;;;;;;;;;;;;;;;;;
Portland;;320,1;;;;381,2;342,4;;;;;;;;;;;;;;;;;;;;;;;;;;;;;
Helena;;299,3;314,0;;;345,7;;;;;;443,1;;352,0;402,1;413,4;;;;;;;;;;;;;;;;;;;;
SaltLakeCity;;;;327,6;346,2;;351,9;;338,4;;;438,6;;;;;;;;;;;;;;;;;;;;;;;;
SanFrancisco;;;;344,1;;377,7;;878,2;;;;;;;;;;;;;;;;;;;;;;;;;;;;
LosAngeles;;;;;;;330,4;;337,6;384,9;;;1018,0;;;;;;;;;;;;;;;;;;;;;;;
LasVegas;;;;;;373,1;;367,3;;;;;;;;;;;;;;;;;;;;;;;;;;;;
Phoenix;;;;;;;;344,9;;;439,8;423,6;529,1;;;;;;;;;;;;;;;;;;;;;;;
SantaFe;;;;;;;;;;441,9;;457,5;461,4;;;;;510,9;;;;;;;;;;;;;;;;;;
Denver;;;;;377,5;399,9;;;;426,7;449,4;;;;;421,1;502,7;524,0;;;;;;;;;;;;;;;;;;
ElPaso;;;;;;;;369,6;;414,6;440,0;;;;;;;529,1;1012,0;549,1;;;;;;;;;;;;;;;;
Winnipeg;;;325,7;;345,5;;;;;;;;;;429,4;;;;;;;;;380,6;;;;;;;;;;;;
Duluth;;;;;381,5;;;;;;;;;371,5;;423,5;;;;;;;523,5;388,2;463,9;;;;;;;;;;;
Omaha;;;;;388,8;;;;;;;382,4;;;434,9;;;;;;;;498,0;;;;;;;;;;;;;
KansasCity;;;;;;;;;;;;433,8;;;;;;;;;;564,8;;;;;;;;;;;;;;
OklahomaCity;;;;;;;;;;;440,6;449,4;503,4;;;;;;;552,3;617,4;;;;;;;;;;;;;;;
Houston;;;;;;;;;;;;;511,9;;;;;;;523,3;;;;;;;;;;;;;;;1006,0;
Dallas;;;;;;;;;;;;;499,3;;;;;541,5;568,4;;594,3;;;;;;;;;;;;;;;
LittleRock;;;;;;;;;;;;;;;;;;489,5;;542,6;;571,2;;;;;;;;;;;;;760,6;631,4
SaintLouis;;;;;;;;;;;;;;;;;485,1;;;;654,1;;521,2;;;;;;548,3;;;;;;;691,6
Chicago;;;;;;;;;;;;;;;432,1;434,8;;;;;;539,2;;;465,6;;;;587,6;;;;;;;
SaultStMarie;;;;;;;;;;;;;;344,9;392,8;;;;;;;;;;452,8;430,9;;;;;;;;;;
Toronto;;;;;;;;;;;;;;;420,1;;;;;;;;503,9;403,1;;457,5;;;593,7;;;;;;;
Montreal;;;;;;;;;;;;;;;;;;;;;;;;409,9;484,0;;474,7;528,7;;;;;;;;
Boston;;;;;;;;;;;;;;;;;;;;;;;;;;459,4;;533,8;;;;;;;;
NewYork;;;;;;;;;;;;;;;;;;;;;;;;;;462,2;468,3;;619,6;560,2;;;;;;
Pittsburgh;;;;;;;;;;;;;;;;;;;;;;625,3;506,1;;472,7;;;525,6;;643,5;743,6;;;;;687,8
Washington;;;;;;;;;;;;;;;;;;;;;;;;;;;;527,6;613,3;;752,8;;;;;
Raleigh;;;;;;;;;;;;;;;;;;;;;;;;;;;;;579,6;639,0;;902,0;801,6;;;727,2
Atlanta;;;;;;;;;;;;;;;;;;;;;;;;;;;;;;;1000,0;;1000,0;1000,0;1000,0;1000,0
Charleston;;;;;;;;;;;;;;;;;;;;;;;;;;;;;;;740,4;902,0;;779,9;;
Miami;;;;;;;;;;;;;;;;;;;;;;;;;;;;;;;;905,0;788,9;;765,2;
NewOrleans;;;;;;;;;;;;;;;;;;;663,2;;665,0;;;;;;;;;;;1004,0;;793,4;;
Nashville;;;;;;;;;;;;;;;;;;;;;576,8;576,8;;;;;;;603,6;;677,1;901,0;;;;
Step_40000;Vancouver;Seattle;Calgary;Portland;Helena;SaltLakeCity;SanFrancisco;LosAngeles;LasVegas;Phoenix;SantaFe;Denver;ElPaso;Winnipeg;Duluth;Omaha;KansasCity;OklahomaCity;Houston;Dallas;LittleRock;SaintLouis;Chicago;SaultStMarie;Toronto;Montreal;Boston;NewYork;Pittsburgh;Washington;Raleigh;Atlanta;Charleston;Miami;NewOrleans;Nashville
Vancouver;;301,4;288,4;;;;;;;;;;;;;;;;;;;;;;;;;;;;;;;;;
Seattle;272,8;;316,4;314,4;401,1;;;;;;;;;;;;;;;;;;;;;;;;;;;;;;;
Calgary;281,4;296,7;;;358,9;;;;;;;;;360,4;;;;;;;;;;;;;;;;;;;;;;
Portland;;327,8;;;;344,1;324,3;;;;;;;;;;;;;;;;;;;;;;;;;;;;;
Helena;;323,5;308,2;;;328,8;;;;;;416,4;;360,7;422,3;464,9;;;;;;;;;;;;;;;;;;;;
SaltLakeCity;;;;320,1;348,7;;351,7;;344,0;;;406,7;;;;;;;;;;;;;;;;;;;;;;;;
SanFrancisco;;;;308,7;;345,3;;996,2;;;;;;;;;;;;;;;;;;;;;;;;;;;;
LosAngeles;;;;;;;341,1;;353,0;419,0;;;993,4;;;;;;;;;;;;;;;;;;;;;;;
LasVegas;;;;;;354,7;;420,6;;;;;;;;;;;;;;;;;;;;;;;;;;;;
Phoenix;;;;;;;;389,4;;;435,7;423,3;542,5;;;;;;;;;;;;;;;;;;;;;;;
SantaFe;;;;;;;;;;433,9;;389,2;455,0;;;;;513,9;;;;;;;;;;;;;;;;;;
Denver;;;;;383,0;368,5;;;;434,6;445,3;;;;;420,9;495,2;495,3;;;;;;;;;;;;;;;;;;
ElPaso;;;;;;;;414,1;;420,3;468,6;;;;;;;496,3;987,6;495,5;;;;;;;;;;;;;;;;
Winnipeg;;;319,9;;363,1;;;;;;;;;;433,2;;;;;;;;;411,9;;;;;;;;;;;;
Duluth;;;;;383,3;;;;;;;;;374,3;;431,7;;;;;;;527,6;419,1;455,6;;;;;;;;;;;
Omaha;;;;;376,0;;;;;;;432,8;;;435,0;;;;;;;;504,2;;;;;;;;;;;;;
KansasCity;;;;;;;;;;;;436,6;;;;;;;;;;520,0;;;;;;;;;;;;;;
OklahomaCity;;;;;;;;;;;436,9;427,8;539,7;;;;;;;517,0;598,3;;;;;;;;;;;;;;;
Houston;;;;;;;;;;;;;478,4;;;;;;;507,3;;;;;;;;;;;;;;;982,3;
Dallas;;;;;;;;;;;;;464,5;;;;;511,3;546,7;;606,3;;;;;;;;;;;;;;;
LittleRock;;;;;;;;;;;;;;;;;;511,1;;488,4;;539,7;;;;;;;;;;;;;722,8;743,3
SaintLouis;;;;;;;;;;;;;;;;;484,8;;;;601,7;;501,6;;;;;;518,1;;;;;;;707,8
Chicago;;;;;;;;;;;;;;;455,1;406,4;;;;;;580,1;;;485,9;;;;534,0;;;;;;;
SaultStMarie;;;;;;;;;;;;;;341,9;410,4;;;;;;;;;;474,3;466,7;;;;;;;;;;
Toronto;;;;;;;;;;;;;;;399,6;;;;;;;;530,3;408,6;;455,7;;;629,7;;;;;;;
Montreal;;;;;;;;;;;;;;;;;;;;;;;;423,7;481,0;;473,3;532,5;;;;;;;;
Boston;;;;;;;;;;;;;;;;;;;;;;;;;;450,5;;546,7;;;;;;;;
NewYork;;;;;;;;;;;;;;;;;;;;;;;;;;422,3;473,4;;598,4;644,5;;;;;;
Pittsburgh;;;;;;;;;;;;;;;;;;;;;;574,3;497,6;;472,3;;;517,4;;654,1;687,9;;;;;653,5
Washington;;;;;;;;;;;;;;;;;;;;;;;;;;;;525,2;659,6;;738,4;;;;;
Raleigh;;;;;;;;;;;;;;;;;;;;;;;;;;;;;564,5;662,2;;902,0;691,7;;;729,6
Atlanta;;;;;;;;;;;;;;;;;;;;;;;;;;;;;;;1000,0;;1000,0;1000,0;1000,0;1000,0
Charleston;;;;;;;;;;;;;;;;;;;;;;;;;;;;;;;716,7;902,0;;802,0;;
Miami;;;;;;;;;;;;;;;;;;;;;;;;;;;;;;;;905,0;731,5;;805,8;
NewOrleans;;;;;;;;;;;;;;;;;;;612,1;;584,1;;;;;;;;;;;984,0;;792,0;;
Nashville;;;;;;;;;;;;;;;;;;;;;573,0;560,5;;;;;;;595,0;;748,6;901,0;;;;
Step_4000;Vancouver;Seattle;Calgary;Portland;Helena;SaltLakeCity;SanFrancisco;LosAngeles;LasVegas;Phoenix;SantaFe;Denver;ElPaso;Winnipeg;Duluth;Omaha;KansasCity;OklahomaCity;Houston;Dallas;LittleRock;SaintLouis;Chicago;SaultStMarie;Toronto;Montreal;Boston;NewYork;Pittsburgh;Washington;Raleigh;Atlanta;Charleston;Miami;NewOrleans;Nashville
Vancouver;;301,2;279,7;;;;;;;;;;;;;;;;;;;;;;;;;;;;;;;;;
Seattle;261,6;;300,2;319,5;355,8;;;;;;;;;;;;;;;;;;;;;;;;;;;;;;;
Calgary;262,1;289,5;;;345,9;;;;;;;;;319,7;;;;;;;;;;;;;;;;;;;;;;
Portland;;321,1;;;;366,8;346,7;;;;;;;;;;;;;;;;;;;;;;;;;;;;;
Helena;;306,3;298,6;;;345,7;;;;;;386,4;;353,1;408,3;405,6;;;;;;;;;;;;;;;;;;;;
SaltLakeCity;;;;323,9;381,4;;445,9;;349,6;;;407,7;;;;;;;;;;;;;;;;;;;;;;;;
SanFrancisco;;;;323,2;;354,4;;879,1;;;;;;;;;;;;;;;;;;;;;;;;;;;;
LosAngeles;;;;;;;372,6;;343,0;431,9;;;892,3;;;;;;;;;;;;;;;;;;;;;;;
LasVegas;;;;;;365,6;;404,5;;;;;;;;;;;;;;;;;;;;;;;;;;;;
Phoenix;;;;;;;;368,4;;;448,8;443,4;486,9;;;;;;;;;;;;;;;;;;;;;;;
SantaFe;;;;;;;;;;430,2;;420,3;589,6;;;;;466,1;;;;;;;;;;;;;;;;;;
Denver;;;;;357,9;346,1;;;;432,0;432,2;;;;;434,8;541,3;465,8;;;;;;;;;;;;;;;;;;
ElPaso;;;;;;;;419,5;;400,8;426,2;;;;;;;521,1;987,6;511,2;;;;;;;;;;;;;;;;
Winnipeg;;;273,1;;347,7;;;;;;;;;;381,3;;;;;;;;;376,0;;;;;;;;;;;;
Duluth;;;;;349,5;;;;;;;;;322,8;;446,9;;;;;;;519,2;395,5;435,5;;;;;;;;;;;
Omaha;;;;;352,4;;;;;;;412,7;;;437,0;;;;;;;;560,4;;;;;;;;;;;;;
KansasCity;;;;;;;;;;;;422,8;;;;;;;;;;641,7;;;;;;;;;;;;;;
OklahomaCity;;;;;;;;;;;430,3;415,7;487,9;;;;;;;515,1;627,9;;;;;;;;;;;;;;;
Houston;;;;;;;;;;;;;475,6;;;;;;;544,7;;;;;;;;;;;;;;;982,3;
Dallas;;;;;;;;;;;;;482,0;;;;;526,5;560,7;;651,3;;;;;;;;;;;;;;;
LittleRock;;;;;;;;;;;;;;;;;;531,4;;542,7;;603,1;;;;;;;;;;;;;697,2;676,3
SaintLouis;;;;;;;;;;;;;;;;;485,4;;;;638,2;;537,7;;;;;;567,9;;;;;;;712,0
Chicago;;;;;;;;;;;;;;;377,6;442,3;;;;;;539,3;;;464,1;;;;604,6;;;;;;;
SaultStMarie;;;;;;;;;;;;;;289,7;385,1;;;;;;;;;;479,4;401,9;;;;;;;;;;
Toronto;;;;;;;;;;;;;;;398,4;;;;;;;;413,1;379,5;;455,1;;;614,7;;;;;;;
Montreal;;;;;;;;;;;;;;;;;;;;;;;;332,1;396,1;;431,6;505,4;;;;;;;;
Boston;;;;;;;;;;;;;;;;;;;;;;;;;;413,2;;448,5;;;;;;;;
NewYork;;;;;;;;;;;;;;;;;;;;;;;;;;403,9;415,9;;597,3;560,9;;;;;;
Pittsburgh;;;;;;;;;;;;;;;;;;;;;;647,3;508,2;;501,5;;;471,3;;579,9;682,6;;;;;709,8
Washington;;;;;;;;;;;;;;;;;;;;;;;;;;;;475,9;588,5;;711,1;;;;;
Raleigh;;;;;;;;;;;;;;;;;;;;;;;;;;;;;599,4;611,3;;902,0;764,6;;;655,9
Atlanta;;;;;;;;;;;;;;;;;;;;;;;;;;;;;;;1000,0;;1000,0;1000,0;1000,0;1000,0
Charleston;;;;;;;;;;;;;;;;;;;;;;;;;;;;;;;717,6;902,0;;737,4;;
Miami;;;;;;;;;;;;;;;;;;;;;;;;;;;;;;;;905,0;767,3;;798,3;
NewOrleans;;;;;;;;;;;;;;;;;;;617,7;;671,8;;;;;;;;;;;984,0;;772,4;;
Nashville;;;;;;;;;;;;;;;;;;;;;627,8;611,8;;;;;;;530,5;;735,2;901,0;;;;
Step_8000;Vancouver;Seattle;Calgary;Portland;Helena;SaltLakeCity;SanFrancisco;LosAngeles;LasVegas;Phoenix;SantaFe;Denver;ElPaso;Winnipeg;Duluth;Omaha;KansasCity;OklahomaCity;Houston;Dallas;LittleRock;SaintLouis;Chicago;SaultStMarie;Toronto;Montreal;Boston;NewYork;Pittsburgh;Washington;Raleigh;Atlanta;Charleston;Miami;NewOrleans;Nashville
Vancouver;;308,2;307,4;;;;;;;;;;;;;;;;;;;;;;;;;;;;;;;;;
Seattle;276,1;;313,3;301,7;348,3;;;;;;;;;;;;;;;;;;;;;;;;;;;;;;;
Calgary;279,3;295,4;;;363,5;;;;;;;;;341,4;;;;;;;;;;;;;;;;;;;;;;
Portland;;284,7;;;;343,5;325,4;;;;;;;;;;;;;;;;;;;;;;;;;;;;;
Helena;;293,2;305,5;;;365,5;;;;;;399,3;;338,5;414,6;383,5;;;;;;;;;;;;;;;;;;;;
SaltLakeCity;;;;310,4;352,7;;323,3;;346,3;;;381,9;;;;;;;;;;;;;;;;;;;;;;;;
SanFrancisco;;;;307,0;;352,5;;1021,0;;;;;;;;;;;;;;;;;;;;;;;;;;;;
LosAngeles;;;;;;;314,9;;326,8;390,0;;;1018,0;;;;;;;;;;;;;;;;;;;;;;;
LasVegas;;;;;;371,2;;346,5;;;;;;;;;;;;;;;;;;;;;;;;;;;;
Phoenix;;;;;;;;360,1;;;435,7;399,8;452,7;;;;;;;;;;;;;;;;;;;;;;;
SantaFe;;;;;;;;;;393,5;;404,1;415,8;;;;;509,5;;;;;;;;;;;;;;;;;;
Denver;;;;;353,9;349,4;;;;405,1;423,5;;;;;409,8;476,1;453,4;;;;;;;;;;;;;;;;;;
ElPaso;;;;;;;;374,9;;394,7;409,7;;;;;;;506,1;1012,0;500,3;;;;;;;;;;;;;;;;
Winnipeg;;;298,5;;340,2;;;;;;;;;;374,7;;;;;;;;;376,6;;;;;;;;;;;;
Duluth;;;;;342,4;;;;;;;;;353,3;;407,2;;;;;;;494,4;360,8;435,4;;;;;;;;;;;
Omaha;;;;;339,2;;;;;;;434,9;;;392,9;;;;;;;;476,7;;;;;;;;;;;;;
KansasCity;;;;;;;;;;;;390,2;;;;;;;;;;583,8;;;;;;;;;;;;;;
OklahomaCity;;;;;;;;;;;436,0;417,6;444,7;;;;;;;509,7;646,1;;;;;;;;;;;;;;;
Houston;;;;;;;;;;;;;402,7;;;;;;;505,6;;;;;;;;;;;;;;;1006,0;
Dallas;;;;;;;;;;;;;447,9;;;;;472,8;566,6;;619,3;;;;;;;;;;;;;;;
LittleRock;;;;;;;;;;;;;;;;;;450,4;;539,9;;542,8;;;;;;;;;;;;;785,3;673,5
SaintLouis;;;;;;;;;;;;;;;;;468,4;;;;603,2;;492,1;;;;;;576,5;;;;;;;769,4
Chicago;;;;;;;;;;;;;;;387,8;403,2;;;;;;533,2;;;484,2;;;;592,5;;;;;;;
SaultStMarie;;;;;;;;;;;;;;349,4;391,1;;;;;;;;;;401,6;411,3;;;;;;;;;;
Toronto;;;;;;;;;;;;;;;406,8;;;;;;;;450,9;362,7;;398,0;;;550,9;;;;;;;
Montreal;;;;;;;;;;;;;;;;;;;;;;;;397,2;444,3;;420,7;487,5;;;;;;;;
Boston;;;;;;;;;;;;;;;;;;;;;;;;;;403,3;;520,8;;;;;;;;
NewYork;;;;;;;;;;;;;;;;;;;;;;;;;;403,5;426,7;;543,7;580,4;;;;;;
Pittsburgh;;;;;;;;;;;;;;;;;;;;;;567,7;477,5;;463,0;;;477,5;;614,7;654,9;;;;;735,4
Washington;;;;;;;;;;;;;;;;;;;;;;;;;;;;538,9;600,0;;731,8;;;;;
Raleigh;;;;;;;;;;;;;;;;;;;;;;;;;;;;;510,3;619,3;;902,0;742,5;;;766,9
Atlanta;;;;;;;;;;;;;;;;;;;;;;;;;;;;;;;1000,0;;1000,0;1000,0;1000,0;1000,0
Charleston;;;;;;;;;;;;;;;;;;;;;;;;;;;;;;;633,5;902,0;;782,4;;
Miami;;;;;;;;;;;;;;;;;;;;;;;;;;;;;;;;905,0;752,5;;715,3;
NewOrleans;;;;;;;;;;;;;;;;;;;525,2;;589,5;;;;;;;;;;;1004,0;;769,4;;
Nashville;;;;;;;;;;;;;;;;;;;;;551,3;497,3;;;;;;;527,7;;759,9;901,0;;;;
Step_12000;Vancouver;Seattle;Calgary;Portland;Helena;SaltLakeCity;SanFrancisco;LosAngeles;LasVegas;Phoenix;SantaFe;Denver;ElPaso;Winnipeg;Duluth;Omaha;KansasCity;OklahomaCity;Houston;Dallas;LittleRock;SaintLouis;Chicago;SaultStMarie;Toronto;Montreal;Boston;NewYork;Pittsburgh;Washington;Raleigh;Atlanta;Charleston;Miami;NewOrleans;Nashville
Vancouver;;283,7;320,3;;;;;;;;;;;;;;;;;;;;;;;;;;;;;;;;;
Seattle;276,2;;317,1;302,5;352,7;;;;;;;;;;;;;;;;;;;;;;;;;;;;;;;
Calgary;287,9;313,3;;;352,5;;;;;;;;;350,4;;;;;;;;;;;;;;;;;;;;;;
Portland;;293,4;;;;318,6;331,9;;;;;;;;;;;;;;;;;;;;;;;;;;;;;
Helena;;308,4;315,7;;;321,4;;;;;;405,6;;369,2;455,2;378,0;;;;;;;;;;;;;;;;;;;;
SaltLakeCity;;;;291,6;362,8;;331,2;;324,8;;;895,0;;;;;;;;;;;;;;;;;;;;;;;;
SanFrancisco;;;;293,9;;975,7;;358,0;;;;;;;;;;;;;;;;;;;;;;;;;;;;
LosAngeles;;;;;;;334,3;;313,8;383,5;;;489,5;;;;;;;;;;;;;;;;;;;;;;;
LasVegas;;;;;;356,9;;330,1;;;;;;;;;;;;;;;;;;;;;;;;;;;;
Phoenix;;;;;;;;360,7;;;408,9;370,5;427,9;;;;;;;;;;;;;;;;;;;;;;;
SantaFe;;;;;;;;;;387,2;;431,1;447,5;;;;;470,9;;;;;;;;;;;;;;;;;;
Denver;;;;;365,0;342,4;;;;366,0;404,6;;;;;413,2;1009,0;470,9;;;;;;;;;;;;;;;;;;
ElPaso;;;;;;;;394,1;;383,8;403,0;;;;;;;451,5;636,3;526,1;;;;;;;;;;;;;;;;
Winnipeg;;;314,5;;351,5;;;;;;;;;;429,0;;;;;;;;;403,3;;;;;;;;;;;;
Duluth;;;;;377,7;;;;;;;;;323,7;;414,6;;;;;;;513,6;395,8;466,0;;;;;;;;;;;
Omaha;;;;;351,9;;;;;;;390,6;;;409,5;;;;;;;;484,5;;;;;;;;;;;;;
KansasCity;;;;;;;;;;;;403,0;;;;;;;;;;1005,0;;;;;;;;;;;;;;
OklahomaCity;;;;;;;;;;;403,7;413,5;488,6;;;;;;;529,1;608,5;;;;;;;;;;;;;;;
Houston;;;;;;;;;;;;;445,1;;;;;;;520,4;;;;;;;;;;;;;;;779,6;
Dallas;;;;;;;;;;;;;502,1;;;;;491,3;591,6;;543,9;;;;;;;;;;;;;;;
LittleRock;;;;;;;;;;;;;;;;;;490,8;;492,9;;570,5;;;;;;;;;;;;;720,0;631,1
SaintLouis;;;;;;;;;;;;;;;;;494,4;;;;605,3;;525,3;;;;;;592,2;;;;;;;1003,0
Chicago;;;;;;;;;;;;;;;417,5;422,0;;;;;;533,9;;;471,5;;;;601,2;;;;;;;
SaultStMarie;;;;;;;;;;;;;;359,0;424,4;;;;;;;;;;469,8;433,1;;;;;;;;;;
Toronto;;;;;;;;;;;;;;;409,5;;;;;;;;481,5;383,9;;441,4;;;535,7;;;;;;;
Montreal;;;;;;;;;;;;;;;;;;;;;;;;384,1;457,7;;439,7;474,1;;;;;;;;
Boston;;;;;;;;;;;;;;;;;;;;;;;;;;398,9;;531,5;;;;;;;;
NewYork;;;;;;;;;;;;;;;;;;;;;;;;;;439,6;442,1;;528,8;608,6;;;;;;
Pittsburgh;;;;;;;;;;;;;;;;;;;;;;553,0;514,7;;437,6;;;533,1;;568,1;674,4;;;;;634,6
Washington;;;;;;;;;;;;;;;;;;;;;;;;;;;;514,2;630,0;;761,6;;;;;
Raleigh;;;;;;;;;;;;;;;;;;;;;;;;;;;;;579,6;610,7;;902,0;715,2;;;596,3
Atlanta;;;;;;;;;;;;;;;;;;;;;;;;;;;;;;;1000,0;;1000,0;1000,0;1000,0;1000,0
Charleston;;;;;;;;;;;;;;;;;;;;;;;;;;;;;;;701,5;902,0;;775,2;;
Miami;;;;;;;;;;;;;;;;;;;;;;;;;;;;;;;;905,0;800,8;;677,8;
NewOrleans;;;;;;;;;;;;;;;;;;;648,8;;637,4;;;;;;;;;;;904,0;;768,1;;
Nashville;;;;;;;;;;;;;;;;;;;;;554,5;549,8;;;;;;;573,2;;696,0;1001,0;;;;
Step_16000;Vancouver;Seattle;Calgary;Portland;Helena;SaltLakeCity;SanFrancisco;LosAngeles;LasVegas;Phoenix;SantaFe;Denver;ElPaso;Winnipeg;Duluth;Omaha;KansasCity;OklahomaCity;Houston;Dallas;LittleRock;SaintLouis;Chicago;SaultStMarie;Toronto;Montreal;Boston;NewYork;Pittsburgh;Washington;Raleigh;Atlanta;Charleston;Miami;NewOrleans;Nashville
Vancouver;;294,7;317,3;;;;;;;;;;;;;;;;;;;;;;;;;;;;;;;;;
Seattle;280,7;;310,1;294,4;350,8;;;;;;;;;;;;;;;;;;;;;;;;;;;;;;;
Calgary;283,4;298,8;;;337,3;;;;;;;;;365,1;;;;;;;;;;;;;;;;;;;;;;
Portland;;287,5;;;;336,4;326,3;;;;;;;;;;;;;;;;;;;;;;;;;;;;;
Helena;;311,7;307,7;;;349,4;;;;;;389,9;;373,1;392,4;403,9;;;;;;;;;;;;;;;;;;;;
SaltLakeCity;;;;325,7;355,0;;313,9;;349,7;;;1016,0;;;;;;;;;;;;;;;;;;;;;;;;
SanFrancisco;;;;301,2;;1021,0;;342,0;;;;;;;;;;;;;;;;;;;;;;;;;;;;
LosAngeles;;;;;;;305,8;;351,5;412,0;;;417,7;;;;;;;;;;;;;;;;;;;;;;;
LasVegas;;;;;;371,3;;370,7;;;;;;;;;;;;;;;;;;;;;;;;;;;;
Phoenix;;;;;;;;404,9;;;441,7;395,9;478,1;;;;;;;;;;;;;;;;;;;;;;;
SantaFe;;;;;;;;;;418,7;;404,7;450,0;;;;;553,7;;;;;;;;;;;;;;;;;;
Denver;;;;;352,0;371,5;;;;419,6;439,4;;;;;403,8;451,9;1013,0;;;;;;;;;;;;;;;;;;
ElPaso;;;;;;;;369,8;;410,9;425,3;;;;;;;499,0;530,3;522,6;;;;;;;;;;;;;;;;
Winnipeg;;;307,6;;376,0;;;;;;;;;;457,2;;;;;;;;;407,3;;;;;;;;;;;;
Duluth;;;;;364,4;;;;;;;;;363,0;;414,8;;;;;;;483,8;412,9;469,4;;;;;;;;;;;
Omaha;;;;;363,1;;;;;;;424,2;;;427,2;;;;;;;;486,1;;;;;;;;;;;;;
KansasCity;;;;;;;;;;;;427,5;;;;;;;;;;522,2;;;;;;;;;;;;;;
OklahomaCity;;;;;;;;;;;430,0;441,6;471,5;;;;;;;538,8;896,5;;;;;;;;;;;;;;;
Houston;;;;;;;;;;;;;455,4;;;;;;;537,8;;;;;;;;;;;;;;;725,9;
Dallas;;;;;;;;;;;;;469,6;;;;;535,1;581,8;;609,1;;;;;;;;;;;;;;;
LittleRock;;;;;;;;;;;;;;;;;;493,6;;537,8;;628,1;;;;;;;;;;;;;904,2;676,7
SaintLouis;;;;;;;;;;;;;;;;;473,3;;;;577,0;;494,7;;;;;;602,3;;;;;;;728,1
Chicago;;;;;;;;;;;;;;;412,9;431,7;;;;;;501,9;;;425,8;;;;549,6;;;;;;;
SaultStMarie;;;;;;;;;;;;;;346,6;420,6;;;;;;;;;;471,6;462,9;;;;;;;;;;
Toronto;;;;;;;;;;;;;;;428,9;;;;;;;;493,4;418,5;;434,6;;;595,6;;;;;;;
Montreal;;;;;;;;;;;;;;;;;;;;;;;;411,8;482,2;;450,3;539,8;;;;;;;;
Boston;;;;;;;;;;;;;;;;;;;;;;;;;;441,6;;514,6;;;;;;;;
NewYork;;;;;;;;;;;;;;;;;;;;;;;;;;443,0;435,0;;566,6;586,7;;;;;;
Pittsburgh;;;;;;;;;;;;;;;;;;;;;;591,9;501,5;;478,4;;;519,8;;616,8;680,4;;;;;772,5
Washington;;;;;;;;;;;;;;;;;;;;;;;;;;;;507,9;608,0;;656,7;;;;;
Raleigh;;;;;;;;;;;;;;;;;;;;;;;;;;;;;572,3;575,1;;902,0;745,5;;;680,8
Atlanta;;;;;;;;;;;;;;;;;;;;;;;;;;;;;;;1000,0;;1000,0;1000,0;1000,0;1000,0
Charleston;;;;;;;;;;;;;;;;;;;;;;;;;;;;;;;780,2;902,0;;763,8;;
Miami;;;;;;;;;;;;;;;;;;;;;;;;;;;;;;;;905,0;757,3;;791,1;
NewOrleans;;;;;;;;;;;;;;;;;;;545,7;;589,8;;;;;;;;;;;984,0;;794,6;;
Nashville;;;;;;;;;;;;;;;;;;;;;656,3;534,8;;;;;;;527,2;;796,1;901,0;;;;
Step_20000;Vancouver;Seattle;Calgary;Portland;Helena;SaltLakeCity;SanFrancisco;LosAngeles;LasVegas;Phoenix;SantaFe;Denver;ElPaso;Winnipeg;Duluth;Omaha;KansasCity;OklahomaCity;Houston;Dallas;LittleRock;SaintLouis;Chicago;SaultStMarie;Toronto;Montreal;Boston;NewYork;Pittsburgh;Washington;Raleigh;Atlanta;Charleston;Miami;NewOrleans;Nashville
Vancouver;;291,4;320,1;;;;;;;;;;;;;;;;;;;;;;;;;;;;;;;;;
Seattle;277,1;;328,8;318,3;341,6;;;;;;;;;;;;;;;;;;;;;;;;;;;;;;;
Calgary;263,0;312,8;;;394,9;;;;;;;;;350,8;;;;;;;;;;;;;;;;;;;;;;
Portland;;291,9;;;;343,1;322,6;;;;;;;;;;;;;;;;;;;;;;;;;;;;;
Helena;;295,8;317,8;;;358,5;;;;;;415,0;;351,7;417,3;386,3;;;;;;;;;;;;;;;;;;;;
SaltLakeCity;;;;317,4;348,7;;344,9;;334,9;;;447,8;;;;;;;;;;;;;;;;;;;;;;;;
SanFrancisco;;;;315,0;;352,8;;975,6;;;;;;;;;;;;;;;;;;;;;;;;;;;;
LosAngeles;;;;;;;328,4;;337,9;374,0;;;879,0;;;;;;;;;;;;;;;;;;;;;;;
LasVegas;;;;;;331,6;;387,6;;;;;;;;;;;;;;;;;;;;;;;;;;;;
Phoenix;;;;;;;;378,1;;;409,4;413,5;402,6;;;;;;;;;;;;;;;;;;;;;;;
SantaFe;;;;;;;;;;396,0;;383,0;470,2;;;;;461,4;;;;;;;;;;;;;;;;;;
Denver;;;;;347,8;333,1;;;;411,0;427,3;;;;;421,6;439,2;553,1;;;;;;;;;;;;;;;;;;
ElPaso;;;;;;;;352,3;;397,3;405,1;;;;;;;486,2;1012,0;534,4;;;;;;;;;;;;;;;;
Winnipeg;;;317,6;;364,5;;;;;;;;;;418,5;;;;;;;;;413,4;;;;;;;;;;;;
Duluth;;;;;357,9;;;;;;;;;363,9;;422,8;;;;;;;495,6;419,5;454,8;;;;;;;;;;;
Omaha;;;;;347,2;;;;;;;396,0;;;413,2;;;;;;;;457,5;;;;;;;;;;;;;
KansasCity;;;;;;;;;;;;423,8;;;;;;;;;;544,3;;;;;;;;;;;;;;
OklahomaCity;;;;;;;;;;;411,4;428,5;483,1;;;;;;;494,4;598,2;;;;;;;;;;;;;;;
Houston;;;;;;;;;;;;;459,6;;;;;;;500,4;;;;;;;;;;;;;;;1006,0;
Dallas;;;;;;;;;;;;;443,4;;;;;513,3;604,7;;566,1;;;;;;;;;;;;;;;
LittleRock;;;;;;;;;;;;;;;;;;470,2;;527,3;;541,9;;;;;;;;;;;;;776,4;671,6
SaintLouis;;;;;;;;;;;;;;;;;468,4;;;;647,9;;488,8;;;;;;602,2;;;;;;;785,8
Chicago;;;;;;;;;;;;;;;405,6;404,8;;;;;;613,6;;;467,2;;;;532,0;;;;;;;
SaultStMarie;;;;;;;;;;;;;;369,7;417,6;;;;;;;;;;493,8;432,7;;;;;;;;;;
Toronto;;;;;;;;;;;;;;;413,2;;;;;;;;469,4;406,5;;435,8;;;568,6;;;;;;;
Montreal;;;;;;;;;;;;;;;;;;;;;;;;400,0;437,6;;433,2;492,7;;;;;;;;
Boston;;;;;;;;;;;;;;;;;;;;;;;;;;443,1;;484,0;;;;;;;;
NewYork;;;;;;;;;;;;;;;;;;;;;;;;;;431,3;436,9;;560,8;670,9;;;;;;
Pittsburgh;;;;;;;;;;;;;;;;;;;;;;524,2;480,7;;464,3;;;541,7;;564,2;698,5;;;;;658,8
Washington;;;;;;;;;;;;;;;;;;;;;;;;;;;;524,4;604,5;;796,2;;;;;
Raleigh;;;;;;;;;;;;;;;;;;;;;;;;;;;;;607,3;631,9;;902,0;775,8;;;684,8
Atlanta;;;;;;;;;;;;;;;;;;;;;;;;;;;;;;;1000,0;;1000,0;1000,0;1000,0;1000,0
Charleston;;;;;;;;;;;;;;;;;;;;;;;;;;;;;;;764,4;902,0;;800,1;;
Miami;;;;;;;;;;;;;;;;;;;;;;;;;;;;;;;;905,0;774,9;;770,2;
NewOrleans;;;;;;;;;;;;;;;;;;;585,7;;659,7;;;;;;;;;;;1004,0;;751,0;;
Nashville;;;;;;;;;;;;;;;;;;;;;576,7;567,4;;;;;;;586,4;;707,2;901,0;;;;
Step_24000;Vancouver;Seattle;Calgary;Portland;Helena;SaltLakeCity;SanFrancisco;LosAngeles;LasVegas;Phoenix;SantaFe;Denver;ElPaso;Winnipeg;Duluth;Omaha;KansasCity;OklahomaCity;Houston;Dallas;LittleRock;SaintLouis;Chicago;SaultStMarie;Toronto;Montreal;Boston;NewYork;Pittsburgh;Washington;Raleigh;Atlanta;Charleston;Miami;NewOrleans;Nashville
Vancouver;;279,1;291,6;;;;;;;;;;;;;;;;;;;;;;;;;;;;;;;;;
Seattle;268,9;;300,1;297,4;361,8;;;;;;;;;;;;;;;;;;;;;;;;;;;;;;;
Calgary;277,1;302,4;;;365,7;;;;;;;;;355,2;;;;;;;;;;;;;;;;;;;;;;
Portland;;289,7;;;;333,2;333,2;;;;;;;;;;;;;;;;;;;;;;;;;;;;;
Helena;;317,1;322,4;;;356,0;;;;;;403,0;;344,8;395,0;430,6;;;;;;;;;;;;;;;;;;;;
SaltLakeCity;;;;316,4;350,7;;322,4;;349,7;;;369,8;;;;;;;;;;;;;;;;;;;;;;;;
SanFrancisco;;;;301,1;;336,1;;1021,0;;;;;;;;;;;;;;;;;;;;;;;;;;;;
LosAngeles;;;;;;;341,7;;341,8;403,9;;;1018,0;;;;;;;;;;;;;;;;;;;;;;;
LasVegas;;;;;;320,8;;391,8;;;;;;;;;;;;;;;;;;;;;;;;;;;;
Phoenix;;;;;;;;393,1;;;429,9;405,4;443,1;;;;;;;;;;;;;;;;;;;;;;;
SantaFe;;;;;;;;;;402,2;;422,5;452,9;;;;;459,7;;;;;;;;;;;;;;;;;;
Denver;;;;;348,7;357,8;;;;405,7;430,1;;;;;431,2;473,9;450,8;;;;;;;;;;;;;;;;;;
ElPaso;;;;;;;;375,2;;428,6;411,3;;;;;;;525,2;1012,0;507,3;;;;;;;;;;;;;;;;
Winnipeg;;;318,0;;338,9;;;;;;;;;;417,9;;;;;;;;;407,2;;;;;;;;;;;;
Duluth;;;;;350,9;;;;;;;;;339,1;;436,5;;;;;;;493,2;412,4;470,7;;;;;;;;;;;
Omaha;;;;;369,2;;;;;;;386,1;;;426,3;;;;;;;;523,6;;;;;;;;;;;;;
KansasCity;;;;;;;;;;;;385,3;;;;;;;;;;572,8;;;;;;;;;;;;;;
OklahomaCity;;;;;;;;;;;415,6;430,9;464,1;;;;;;;514,3;639,4;;;;;;;;;;;;;;;
Houston;;;;;;;;;;;;;521,1;;;;;;;506,0;;;;;;;;;;;;;;;1006,0;
Dallas;;;;;;;;;;;;;451,0;;;;;541,4;558,9;;591,9;;;;;;;;;;;;;;;
LittleRock;;;;;;;;;;;;;;;;;;492,2;;527,4;;562,6;;;;;;;;;;;;;722,4;649,9
SaintLouis;;;;;;;;;;;;;;;;;486,4;;;;629,6;;525,7;;;;;;629,1;;;;;;;707,9
Chicago;;;;;;;;;;;;;;;398,1;424,3;;;;;;579,1;;;455,8;;;;586,7;;;;;;;
SaultStMarie;;;;;;;;;;;;;;364,0;427,6;;;;;;;;;;507,6;423,8;;;;;;;;;;
Toronto;;;;;;;;;;;;;;;418,4;;;;;;;;493,1;412,8;;416,7;;;601,4;;;;;;;
Montreal;;;;;;;;;;;;;;;;;;;;;;;;405,2;473,7;;449,0;483,2;;;;;;;;
Boston;;;;;;;;;;;;;;;;;;;;;;;;;;457,8;;505,4;;;;;;;;
NewYork;;;;;;;;;;;;;;;;;;;;;;;;;;444,0;464,0;;580,7;624,6;;;;;;
Pittsburgh;;;;;;;;;;;;;;;;;;;;;;585,4;539,1;;478,4;;;536,5;;650,5;756,7;;;;;689,3
Washington;;;;;;;;;;;;;;;;;;;;;;;;;;;;551,3;611,2;;762,4;;;;;
Raleigh;;;;;;;;;;;;;;;;;;;;;;;;;;;;;590,0;651,1;;902,0;784,0;;;763,1
Atlanta;;;;;;;;;;;;;;;;;;;;;;;;;;;;;;;1000,0;;1000,0;1000,0;1000,0;1000,0
Charleston;;;;;;;;;;;;;;;;;;;;;;;;;;;;;;;658,6;902,0;;754,4;;
Miami;;;;;;;;;;;;;;;;;;;;;;;;;;;;;;;;905,0;718,1;;682,1;
NewOrleans;;;;;;;;;;;;;;;;;;;547,2;;624,6;;;;;;;;;;;1004,0;;781,6;;
Nashville;;;;;;;;;;;;;;;;;;;;;627,6;554,1;;;;;;;619,6;;710,7;901,0;;;;
Step_28000;Vancouver;Seattle;Calgary;Portland;Helena;SaltLakeCity;SanFrancisco;LosAngeles;LasVegas;Phoenix;SantaFe;Denver;ElPaso;Winnipeg;Duluth;Omaha;KansasCity;OklahomaCity;Houston;Dallas;LittleRock;SaintLouis;Chicago;SaultStMarie;Toronto;Montreal;Boston;NewYork;Pittsburgh;Washington;Raleigh;Atlanta;Charleston;Miami;NewOrleans;Nashville
Vancouver;;284,0;286,9;;;;;;;;;;;;;;;;;;;;;;;;;;;;;;;;;
Seattle;262,2;;320,4;312,5;378,5;;;;;;;;;;;;;;;;;;;;;;;;;;;;;;;
Calgary;270,4;306,9;;;371,9;;;;;;;;;369,3;;;;;;;;;;;;;;;;;;;;;;
Portland;;304,3;;;;353,5;337,9;;;;;;;;;;;;;;;;;;;;;;;;;;;;;
Helena;;284,6;315,9;;;337,1;;;;;;385,9;;365,2;414,8;419,0;;;;;;;;;;;;;;;;;;;;
SaltLakeCity;;;;321,8;335,7;;358,0;;343,5;;;404,9;;;;;;;;;;;;;;;;;;;;;;;;
SanFrancisco;;;;308,8;;364,8;;980,8;;;;;;;;;;;;;;;;;;;;;;;;;;;;
LosAngeles;;;;;;;346,9;;371,7;413,6;;;907,8;;;;;;;;;;;;;;;;;;;;;;;
LasVegas;;;;;;350,6;;407,8;;;;;;;;;;;;;;;;;;;;;;;;;;;;
Phoenix;;;;;;;;371,0;;;408,7;412,9;487,5;;;;;;;;;;;;;;;;;;;;;;;
SantaFe;;;;;;;;;;409,2;;386,4;499,6;;;;;533,0;;;;;;;;;;;;;;;;;;
Denver;;;;;364,0;378,3;;;;431,0;442,6;;;;;446,3;483,6;516,6;;;;;;;;;;;;;;;;;;
ElPaso;;;;;;;;512,4;;427,8;433,2;;;;;;;511,1;987,6;510,1;;;;;;;;;;;;;;;;
Winnipeg;;;300,0;;343,0;;;;;;;;;;439,9;;;;;;;;;422,5;;;;;;;;;;;;
Duluth;;;;;361,8;;;;;;;;;367,8;;419,4;;;;;;;547,1;442,6;446,3;;;;;;;;;;;
Omaha;;;;;357,5;;;;;;;400,5;;;385,3;;;;;;;;534,2;;;;;;;;;;;;;
KansasCity;;;;;;;;;;;;411,9;;;;;;;;;;574,1;;;;;;;;;;;;;;
OklahomaCity;;;;;;;;;;;453,1;398,5;520,9;;;;;;;509,4;625,8;;;;;;;;;;;;;;;
Houston;;;;;;;;;;;;;529,7;;;;;;;527,2;;;;;;;;;;;;;;;982,3;
Dallas;;;;;;;;;;;;;479,0;;;;;508,8;568,9;;557,9;;;;;;;;;;;;;;;
LittleRock;;;;;;;;;;;;;;;;;;540,1;;511,8;;532,3;;;;;;;;;;;;;751,1;652,3
SaintLouis;;;;;;;;;;;;;;;;;487,5;;;;624,1;;518,4;;;;;;563,7;;;;;;;724,1
Chicago;;;;;;;;;;;;;;;406,2;438,1;;;;;;595,7;;;490,6;;;;639,4;;;;;;;
SaultStMarie;;;;;;;;;;;;;;362,8;417,4;;;;;;;;;;484,4;442,7;;;;;;;;;;
Toronto;;;;;;;;;;;;;;;448,9;;;;;;;;521,2;426,1;;432,1;;;614,6;;;;;;;
Montreal;;;;;;;;;;;;;;;;;;;;;;;;401,7;480,7;;437,8;471,1;;;;;;;;
Boston;;;;;;;;;;;;;;;;;;;;;;;;;;448,9;;499,6;;;;;;;;
NewYork;;;;;;;;;;;;;;;;;;;;;;;;;;448,5;431,6;;537,8;624,3;;;;;;
Pittsburgh;;;;;;;;;;;;;;;;;;;;;;561,5;510,0;;512,3;;;555,5;;615,3;671,4;;;;;776,4
Washington;;;;;;;;;;;;;;;;;;;;;;;;;;;;537,6;654,5;;747,4;;;;;
Raleigh;;;;;;;;;;;;;;;;;;;;;;;;;;;;;607,1;625,2;;902,0;765,4;;;720,4
Atlanta;;;;;;;;;;;;;;;;;;;;;;;;;;;;;;;1000,0;;1000,0;1000,0;1000,0;1000,0
Charleston;;;;;;;;;;;;;;;;;;;;;;;;;;;;;;;750,1;902,0;;794,8;;
Miami;;;;;;;;;;;;;;;;;;;;;;;;;;;;;;;;905,0;761,7;;797,3;
NewOrleans;;;;;;;;;;;;;;;;;;;626,9;;589,3;;;;;;;;;;;984,0;;746,8;;
Nashville;;;;;;;;;;;;;;;;;;;;;617,7;627,1;;;;;;;558,1;;796,8;901,0;;;;
Step_32000;Vancouver;Seattle;Calgary;Portland;Helena;SaltLakeCity;SanFrancisco;LosAngeles;LasVegas;Phoenix;SantaFe;Denver;ElPaso;Winnipeg;Duluth;Omaha;KansasCity;OklahomaCity;Houston;Dallas;LittleRock;SaintLouis;Chicago;SaultStMarie;Toronto;Montreal;Boston;NewYork;Pittsburgh;Washington;Raleigh;Atlanta;Charleston;Miami;NewOrleans;Nashville
Vancouver;;303,0;294,3;;;;;;;;;;;;;;;;;;;;;;;;;;;;;;;;;
Seattle;269,7;;306,2;311,9;355,8;;;;;;;;;;;;;;;;;;;;;;;;;;;;;;;
Calgary;277,2;303,4;;;369,4;;;;;;;;;368,5;;;;;;;;;;;;;;;;;;;;;;
Portland;;300,2;;;;356,1;331,9;;;;;;;;;;;;;;;;;;;;;;;;;;;;;
Helena;;308,9;330,9;;;364,0;;;;;;414,1;;361,7;382,5;404,9;;;;;;;;;;;;;;;;;;;;
SaltLakeCity;;;;298,8;345,3;;445,0;;345,1;;;987,4;;;;;;;;;;;;;;;;;;;;;;;;
SanFrancisco;;;;300,4;;894,7;;352,2;;;;;;;;;;;;;;;;;;;;;;;;;;;;
LosAngeles;;;;;;;342,7;;352,2;432,6;;;498,8;;;;;;;;;;;;;;;;;;;;;;;
LasVegas;;;;;;342,4;;412,0;;;;;;;;;;;;;;;;;;;;;;;;;;;;
Phoenix;;;;;;;;435,9;;;417,2;406,1;490,1;;;;;;;;;;;;;;;;;;;;;;;
SantaFe;;;;;;;;;;396,3;;402,4;467,9;;;;;514,4;;;;;;;;;;;;;;;;;;
Denver;;;;;349,5;363,3;;;;415,1;434,6;;;;;415,1;984,5;469,6;;;;;;;;;;;;;;;;;;
ElPaso;;;;;;;;377,4;;444,2;433,0;;;;;;;534,7;547,6;497,0;;;;;;;;;;;;;;;;
Winnipeg;;;326,0;;369,4;;;;;;;;;;406,0;;;;;;;;;393,1;;;;;;;;;;;;
Duluth;;;;;382,9;;;;;;;;;349,5;;365,4;;;;;;;499,7;394,3;459,6;;;;;;;;;;;
Omaha;;;;;360,3;;;;;;;418,5;;;375,2;;;;;;;;470,6;;;;;;;;;;;;;
KansasCity;;;;;;;;;;;;419,2;;;;;;;;;;980,7;;;;;;;;;;;;;;
OklahomaCity;;;;;;;;;;;433,0;438,5;465,3;;;;;;;487,5;642,9;;;;;;;;;;;;;;;
Houston;;;;;;;;;;;;;462,7;;;;;;;504,5;;;;;;;;;;;;;;;682,4;
Dallas;;;;;;;;;;;;;464,7;;;;;512,2;549,2;;585,2;;;;;;;;;;;;;;;
LittleRock;;;;;;;;;;;;;;;;;;483,0;;521,6;;581,9;;;;;;;;;;;;;755,9;715,3
SaintLouis;;;;;;;;;;;;;;;;;477,7;;;;610,8;;486,2;;;;;;587,1;;;;;;;979,4
Chicago;;;;;;;;;;;;;;;405,2;416,1;;;;;;562,7;;;466,2;;;;659,0;;;;;;;
SaultStMarie;;;;;;;;;;;;;;368,2;427,9;;;;;;;;;;438,7;450,2;;;;;;;;;;
Toronto;;;;;;;;;;;;;;;390,2;;;;;;;;497,7;380,1;;440,8;;;547,6;;;;;;;
Montreal;;;;;;;;;;;;;;;;;;;;;;;;392,1;421,7;;444,9;517,2;;;;;;;;
Boston;;;;;;;;;;;;;;;;;;;;;;;;;;432,2;;499,0;;;;;;;;
NewYork;;;;;;;;;;;;;;;;;;;;;;;;;;425,5;459,5;;576,1;589,6;;;;;;
Pittsburgh;;;;;;;;;;;;;;;;;;;;;;521,2;497,3;;439,3;;;544,8;;614,7;762,7;;;;;667,5
Washington;;;;;;;;;;;;;;;;;;;;;;;;;;;;492,5;514,8;;766,6;;;;;
Raleigh;;;;;;;;;;;;;;;;;;;;;;;;;;;;;630,9;597,4;;902,0;809,6;;;782,0
Atlanta;;;;;;;;;;;;;;;;;;;;;;;;;;;;;;;1000,0;;1000,0;1000,0;1000,0;1000,0
Charleston;;;;;;;;;;;;;;;;;;;;;;;;;;;;;;;749,7;902,0;;799,9;;
Miami;;;;;;;;;;;;;;;;;;;;;;;;;;;;;;;;905,0;758,5;;758,0;
NewOrleans;;;;;;;;;;;;;;;;;;;604,4;;663,2;;;;;;;;;;;904,0;;723,0;;
Nashville;;;;;;;;;;;;;;;;;;;;;606,6;516,4;;;;;;;575,7;;766,9;981,0;;;;
Step_36000;Vancouver;Seattle;Calgary;Portland;Helena;SaltLakeCity;SanFrancisco;LosAngeles;LasVegas;Phoenix;SantaFe;Denver;ElPaso;Winnipeg;Duluth;Omaha;KansasCity;OklahomaCity;Houston;Dallas;LittleRock;SaintLouis;Chicago;SaultStMarie;Toronto;Montreal;Boston;NewYork;Pittsburgh;Washington;Raleigh;Atlanta;Charleston;Miami;NewOrleans;Nashville
Vancouver;;285,1;316,8;;;;;;;;;;;;;;;;;;;;;;;;;;;;;;;;;
Seattle;268,5;;327,0;309,9;365,3;;;;;;;;;;;;;;;;;;;;;;;;;;;;;;;
Calgary;283,3;280,8;;;355,3;;;;;;;;;375,3;;;;;;;;;;;;;;;;;;;;;;
Portland;;295,3;;;;346,3;319,3;;;;;;;;;;;;;;;;;;;;;;;;;;;;;
Helena;;301,4;319,7;;;328,0;;;;;;393,1;;377,1;392,9;408,7;;;;;;;;;;;;;;;;;;;;
SaltLakeCity;;;;305,6;363,5;;313,2;;352,0;;;406,4;;;;;;;;;;;;;;;;;;;;;;;;
SanFrancisco;;;;312,1;;336,2;;874,4;;;;;;;;;;;;;;;;;;;;;;;;;;;;
LosAngeles;;;;;;;316,5;;351,4;414,0;;;1018,0;;;;;;;;;;;;;;;;;;;;;;;
LasVegas;;;;;;361,1;;384,4;;;;;;;;;;;;;;;;;;;;;;;;;;;;
Phoenix;;;;;;;;416,2;;;428,2;419,5;502,7;;;;;;;;;;;;;;;;;;;;;;;
SantaFe;;;;;;;;;;378,0;;405,9;490,3;;;;;517,8;;;;;;;;;;;;;;;;;;
Denver;;;;;337,5;369,6;;;;400,8;397,6;;;;;389,9;426,5;485,8;;;;;;;;;;;;;;;;;;
ElPaso;;;;;;;;405,1;;392,0;439,0;;;;;;;484,3;1012,0;550,8;;;;;;;;;;;;;;;;
Winnipeg;;;324,6;;339,9;;;;;;;;;;422,3;;;;;;;;;380,3;;;;;;;;;;;;
Duluth;;;;;353,4;;;;;;;;;368,4;;417,2;;;;;;;468,6;380,4;450,0;;;;;;;;;;;
Omaha;;;;;342,1;;;;;;;415,5;;;396,6;;;;;;;;527,5;;;;;;;;;;;;;
KansasCity;;;;;;;;;;;;410,1;;;;;;;;;;594,4;;;;;;;;;;;;;;
OklahomaCity;;;;;;;;;;;428,3;448,4;481,6;;;;;;;519,4;591,1;;;;;;;;;;;;;;;
Houston;;;;;;;;;;;;;500,7;;;;;;;547,5;;;;;;;;;;;;;;;1006,0;
Dallas;;;;;;;;;;;;;546,3;;;;;506,4;571,8;;669,7;;;;;;;;;;;;;;;
LittleRock;;;;;;;;;;;;;;;;;;538,9;;545,6;;583,9;;;;;;;;;;;;;728,9;767,1
SaintLouis;;;;;;;;;;;;;;;;;499,4;;;;637,9;;502,1;;;;;;590,9;;;;;;;735,5
Chicago;;;;;;;;;;;;;;;429,8;420,8;;;;;;530,0;;;498,3;;;;551,0;;;;;;;
SaultStMarie;;;;;;;;;;;;;;361,4;419,3;;;;;;;;;;403,0;397,6;;;;;;;;;;
Toronto;;;;;;;;;;;;;;;440,1;;;;;;;;494,7;369,6;;441,3;;;586,4;;;;;;;
Montreal;;;;;;;;;;;;;;;;;;;;;;;;388,8;436,1;;464,9;503,3;;;;;;;;
Boston;;;;;;;;;;;;;;;;;;;;;;;;;;443,5;;539,6;;;;;;;;
NewYork;;;;;;;;;;;;;;;;;;;;;;;;;;439,5;463,6;;540,4;638,6;;;;;;
Pittsburgh;;;;;;;;;;;;;;;;;;;;;;589,3;487,7;;467,2;;;546,9;;641,3;720,3;;;;;675,0
Washington;;;;;;;;;;;;;;;;;;;;;;;;;;;;498,0;556,0;;788,2;;;;;
Raleigh;;;;;;;;;;;;;;;;;;;;;;;;;;;;;584,6;657,6;;902,0;764,8;;;711,8
Atlanta;;;;;;;;;;;;;;;;;;;;;;;;;;;;;;;1000,0;;1000,0;1000,0;1000,0;1000,0
Charleston;;;;;;;;;;;;;;;;;;;;;;;;;;;;;;;766,0;902,0;;777,9;;
Miami;;;;;;;;;;;;;;;;;;;;;;;;;;;;;;;;905,0;769,1;;786,7;
NewOrleans;;;;;;;;;;;;;;;;;;;582,4;;608,0;;;;;;;;;;;1004,0;;794,2;;
Nashville;;;;;;;;;;;;;;;;;;;;;664,0;563,1;;;;;;;611,7;;767,2;901,0;;;;
Step_40000;Vancouver;Seattle;Calgary;Portland;Helena;SaltLakeCity;SanFrancisco;LosAngeles;LasVegas;Phoenix;SantaFe;Denver;ElPaso;Winnipeg;Duluth;Omaha;KansasCity;OklahomaCity;Houston;Dallas;LittleRock;SaintLouis;Chicago;SaultStMarie;Toronto;Montreal;Boston;NewYork;Pittsburgh;Washington;Raleigh;Atlanta;Charleston;Miami;NewOrleans;Nashville
Vancouver;;297,9;311,6;;;;;;;;;;;;;;;;;;;;;;;;;;;;;;;;;
Seattle;275,9;;324,5;308,6;351,4;;;;;;;;;;;;;;;;;;;;;;;;;;;;;;;
Calgary;278,4;297,8;;;332,2;;;;;;;;;329,7;;;;;;;;;;;;;;;;;;;;;;
Portland;;285,3;;;;347,8;337,7;;;;;;;;;;;;;;;;;;;;;;;;;;;;;
Helena;;314,0;296,1;;;347,8;;;;;;420,4;;337,9;382,1;391,9;;;;;;;;;;;;;;;;;;;;
SaltLakeCity;;;;316,3;354,9;;351,2;;370,5;;;417,7;;;;;;;;;;;;;;;;;;;;;;;;
SanFrancisco;;;;304,8;;366,3;;892,3;;;;;;;;;;;;;;;;;;;;;;;;;;;;
LosAngeles;;;;;;;416,1;;358,5;406,3;;;890,1;;;;;;;;;;;;;;;;;;;;;;;
LasVegas;;;;;;353,0;;408,8;;;;;;;;;;;;;;;;;;;;;;;;;;;;
Phoenix;;;;;;;;484,3;;;429,6;406,4;492,4;;;;;;;;;;;;;;;;;;;;;;;
SantaFe;;;;;;;;;;432,6;;424,5;470,1;;;;;488,4;;;;;;;;;;;;;;;;;;
Denver;;;;;370,1;358,9;;;;410,2;425,0;;;;;440,3;491,3;477,7;;;;;;;;;;;;;;;;;;
ElPaso;;;;;;;;401,6;;414,1;449,6;;;;;;;467,7;1012,0;539,0;;;;;;;;;;;;;;;;
Winnipeg;;;311,9;;362,8;;;;;;;;;;404,3;;;;;;;;;377,0;;;;;;;;;;;;
Duluth;;;;;370,4;;;;;;;;;336,8;;409,2;;;;;;;508,1;400,2;462,9;;;;;;;;;;;
Omaha;;;;;354,7;;;;;;;393,9;;;436,4;;;;;;;;518,1;;;;;;;;;;;;;
KansasCity;;;;;;;;;;;;406,4;;;;;;;;;;548,1;;;;;;;;;;;;;;
OklahomaCity;;;;;;;;;;;430,1;429,9;511,0;;;;;;;501,5;585,9;;;;;;;;;;;;;;;
Houston;;;;;;;;;;;;;489,6;;;;;;;539,3;;;;;;;;;;;;;;;1006,0;
Dallas;;;;;;;;;;;;;473,7;;;;;498,1;628,8;;587,8;;;;;;;;;;;;;;;
LittleRock;;;;;;;;;;;;;;;;;;520,0;;516,5;;620,0;;;;;;;;;;;;;754,2;680,4
SaintLouis;;;;;;;;;;;;;;;;;504,3;;;;616,4;;524,5;;;;;;599,9;;;;;;;677,7
Chicago;;;;;;;;;;;;;;;405,7;394,3;;;;;;575,2;;;486,5;;;;584,1;;;;;;;
SaultStMarie;;;;;;;;;;;;;;348,6;397,1;;;;;;;;;;443,9;454,2;;;;;;;;;;
Toronto;;;;;;;;;;;;;;;414,3;;;;;;;;511,6;386,8;;440,3;;;612,8;;;;;;;
Montreal;;;;;;;;;;;;;;;;;;;;;;;;410,2;505,0;;453,4;485,9;;;;;;;;
Boston;;;;;;;;;;;;;;;;;;;;;;;;;;437,2;;513,5;;;;;;;;
NewYork;;;;;;;;;;;;;;;;;;;;;;;;;;407,8;434,8;;521,5;628,6;;;;;;
Pittsburgh;;;;;;;;;;;;;;;;;;;;;;605,2;521,7;;513,8;;;513,3;;612,7;734,8;;;;;639,5
Washington;;;;;;;;;;;;;;;;;;;;;;;;;;;;511,3;551,9;;720,5;;;;;
Raleigh;;;;;;;;;;;;;;;;;;;;;;;;;;;;;538,9;580,6;;902,0;800,8;;;656,6
Atlanta;;;;;;;;;;;;;;;;;;;;;;;;;;;;;;;1000,0;;1000,0;1000,0;1000,0;1000,0
Charleston;;;;;;;;;;;;;;;;;;;;;;;;;;;;;;;742,4;902,0;;772,2;;
Miami;;;;;;;;;;;;;;;;;;;;;;;;;;;;;;;;905,0;786,7;;774,6;
NewOrleans;;;;;;;;;;;;;;;;;;;549,7;;641,6;;;;;;;;;;;984,0;;790,0;;
Nashville;;;;;;;;;;;;;;;;;;;;;618,2;590,1;;;;;;;581,8;;682,6;901,0;;;;
Step_4000;Vancouver;Seattle;Calgary;Portland;Helena;SaltLakeCity;SanFrancisco;LosAngeles;LasVegas;Phoenix;SantaFe;Denver;ElPaso;Winnipeg;Duluth;Omaha;KansasCity;OklahomaCity;Houston;Dallas;LittleRock;SaintLouis;Chicago;SaultStMarie;Toronto;Montreal;Boston;NewYork;Pittsburgh;Washington;Raleigh;Atlanta;Charleston;Miami;NewOrleans;Nashville
Vancouver;;254,1;255,6;;;;;;;;;;;;;;;;;;;;;;;;;;;;;;;;;
Seattle;232,8;;262,6;296,2;344,0;;;;;;;;;;;;;;;;;;;;;;;;;;;;;;;
Calgary;182,8;242,2;;;327,6;;;;;;;;;318,0;;;;;;;;;;;;;;;;;;;;;;
Portland;;268,6;;;;352,5;318,4;;;;;;;;;;;;;;;;;;;;;;;;;;;;;
Helena;;289,0;279,3;;;347,2;;;;;;388,8;;323,1;358,1;390,6;;;;;;;;;;;;;;;;;;;;
SaltLakeCity;;;;301,7;324,3;;308,4;;320,4;;;395,3;;;;;;;;;;;;;;;;;;;;;;;;
SanFrancisco;;;;314,5;;342,1;;977,6;;;;;;;;;;;;;;;;;;;;;;;;;;;;
LosAngeles;;;;;;;335,8;;312,1;386,2;;;890,0;;;;;;;;;;;;;;;;;;;;;;;
LasVegas;;;;;;327,8;;353,0;;;;;;;;;;;;;;;;;;;;;;;;;;;;
Phoenix;;;;;;;;361,4;;;442,4;413,5;509,7;;;;;;;;;;;;;;;;;;;;;;;
SantaFe;;;;;;;;;;403,1;;377,1;433,6;;;;;543,0;;;;;;;;;;;;;;;;;;
Denver;;;;;349,3;343,2;;;;418,7;395,1;;;;;360,1;459,9;422,6;;;;;;;;;;;;;;;;;;
ElPaso;;;;;;;;480,1;;413,3;391,2;;;;;;;493,8;909,6;477,2;;;;;;;;;;;;;;;;
Winnipeg;;;228,9;;235,2;;;;;;;;;;426,3;;;;;;;;;311,8;;;;;;;;;;;;
Duluth;;;;;333,1;;;;;;;;;315,6;;;;;;;;;464,6;275,4;399,2;;;;;;;;;;;
Omaha;;;;;340,2;;;;;;;376,1;;;;;;;;;;;477,2;;;;;;;;;;;;;
KansasCity;;;;;;;;;;;;402,2;;;;;;;;;;553,1;;;;;;;;;;;;;;
OklahomaCity;;;;;;;;;;;425,8;391,6;486,0;;;;;;;539,9;620,6;;;;;;;;;;;;;;;
Houston;;;;;;;;;;;;;523,3;;;;;;;549,0;;;;;;;;;;;;;;;982,3;
Dallas;;;;;;;;;;;;;459,4;;;;;457,8;663,5;;586,9;;;;;;;;;;;;;;;
LittleRock;;;;;;;;;;;;;;;;;;501,6;;501,4;;622,7;;;;;;;;;;;;;716,5;662,6
SaintLouis;;;;;;;;;;;;;;;;;449,1;;;;626,8;;428,0;;;;;;581,9;;;;;;;732,3
Chicago;;;;;;;;;;;;;;;387,2;410,7;;;;;;531,2;;;434,1;;;;567,3;;;;;;;
SaultStMarie;;;;;;;;;;;;;;216,7;406,9;;;;;;;;;;294,1;213,6;;;;;;;;;;
Toronto;;;;;;;;;;;;;;;292,9;;;;;;;;466,9;285,2;;152,2;;;646,2;;;;;;;
Montreal;;;;;;;;;;;;;;;;;;;;;;;;218,4;421,9;;183,6;241,2;;;;;;;;
Boston;;;;;;;;;;;;;;;;;;;;;;;;;;140,1;;379,1;;;;;;;;
NewYork;;;;;;;;;;;;;;;;;;;;;;;;;;259,3;192,1;;617,1;527,2;;;;;;
Pittsburgh;;;;;;;;;;;;;;;;;;;;;;517,8;484,6;;341,2;;;470,3;;533,0;799,8;;;;;694,4
Washington;;;;;;;;;;;;;;;;;;;;;;;;;;;;455,2;495,9;;687,1;;;;;
Raleigh;;;;;;;;;;;;;;;;;;;;;;;;;;;;;590,3;571,3;;902,0;747,5;;;671,8
Atlanta;;;;;;;;;;;;;;;;;;;;;;;;;;;;;;;1000,0;;1000,0;1000,0;1000,0;1000,0
Charleston;;;;;;;;;;;;;;;;;;;;;;;;;;;;;;;762,4;902,0;;711,1;;
Miami;;;;;;;;;;;;;;;;;;;;;;;;;;;;;;;;905,0;763,1;;732,0;
NewOrleans;;;;;;;;;;;;;;;;;;;573,0;;579,5;;;;;;;;;;;984,0;;787,6;;
Nashville;;;;;;;;;;;;;;;;;;;;;679,6;583,3;;;;;;;613,0;;621,3;901,0;;;;
Step_8000;Vancouver;Seattle;Calgary;Portland;Helena;SaltLakeCity;SanFrancisco;LosAngeles;LasVegas;Phoenix;SantaFe;Denver;ElPaso;Winnipeg;Duluth;Omaha;KansasCity;OklahomaCity;Houston;Dallas;LittleRock;SaintLouis;Chicago;SaultStMarie;Toronto;Montreal;Boston;NewYork;Pittsburgh;Washington;Raleigh;Atlanta;Charleston;Miami;NewOrleans;Nashville
Vancouver;;315,1;278,5;;;;;;;;;;;;;;;;;;;;;;;;;;;;;;;;;
Seattle;274,4;;296,7;301,7;354,1;;;;;;;;;;;;;;;;;;;;;;;;;;;;;;;
Calgary;243,0;292,6;;;330,0;;;;;;;;;335,4;;;;;;;;;;;;;;;;;;;;;;
Portland;;286,6;;;;359,3;319,3;;;;;;;;;;;;;;;;;;;;;;;;;;;;;
Helena;;286,6;294,1;;;322,7;;;;;;385,9;;330,9;394,7;431,0;;;;;;;;;;;;;;;;;;;;
SaltLakeCity;;;;299,9;330,2;;333,2;;348,8;;;447,5;;;;;;;;;;;;;;;;;;;;;;;;
SanFrancisco;;;;312,4;;354,5;;996,2;;;;;;;;;;;;;;;;;;;;;;;;;;;;
LosAngeles;;;;;;;338,6;;341,3;419,5;;;993,4;;;;;;;;;;;;;;;;;;;;;;;
LasVegas;;;;;;362,2;;401,0;;;;;;;;;;;;;;;;;;;;;;;;;;;;
Phoenix;;;;;;;;383,4;;;418,7;423,7;497,0;;;;;;;;;;;;;;;;;;;;;;;
SantaFe;;;;;;;;;;430,7;;412,9;443,4;;;;;472,0;;;;;;;;;;;;;;;;;;
Denver;;;;;351,3;365,0;;;;423,7;436,2;;;;;391,8;501,3;474,5;;;;;;;;;;;;;;;;;;
ElPaso;;;;;;;;364,4;;423,0;391,0;;;;;;;506,9;987,6;509,1;;;;;;;;;;;;;;;;
Winnipeg;;;273,5;;358,0;;;;;;;;;;373,4;;;;;;;;;382,2;;;;;;;;;;;;
Duluth;;;;;363,8;;;;;;;;;312,7;;;;;;;;;491,7;359,5;456,0;;;;;;;;;;;
Omaha;;;;;346,8;;;;;;;433,3;;;;;;;;;;;477,1;;;;;;;;;;;;;
KansasCity;;;;;;;;;;;;433,9;;;;;;;;;;525,2;;;;;;;;;;;;;;
OklahomaCity;;;;;;;;;;;421,3;401,6;503,0;;;;;;;533,5;643,2;;;;;;;;;;;;;;;
Houston;;;;;;;;;;;;;445,3;;;;;;;527,4;;;;;;;;;;;;;;;982,3;
Dallas;;;;;;;;;;;;;472,7;;;;;482,1;583,9;;620,7;;;;;;;;;;;;;;;
LittleRock;;;;;;;;;;;;;;;;;;523,1;;538,0;;606,0;;;;;;;;;;;;;769,0;645,5
SaintLouis;;;;;;;;;;;;;;;;;500,0;;;;550,7;;499,4;;;;;;529,4;;;;;;;688,5
Chicago;;;;;;;;;;;;;;;369,7;386,9;;;;;;577,4;;;503,6;;;;530,3;;;;;;;
SaultStMarie;;;;;;;;;;;;;;326,8;392,2;;;;;;;;;;404,1;324,6;;;;;;;;;;
Toronto;;;;;;;;;;;;;;;424,5;;;;;;;;486,3;352,7;;383,4;;;606,1;;;;;;;
Montreal;;;;;;;;;;;;;;;;;;;;;;;;321,6;421,9;;367,8;497,3;;;;;;;;
Boston;;;;;;;;;;;;;;;;;;;;;;;;;;328,7;;519,7;;;;;;;;
NewYork;;;;;;;;;;;;;;;;;;;;;;;;;;384,8;423,9;;578,8;585,7;;;;;;
Pittsburgh;;;;;;;;;;;;;;;;;;;;;;548,8;471,5;;466,3;;;514,2;;550,4;651,2;;;;;598,8
Washington;;;;;;;;;;;;;;;;;;;;;;;;;;;;505,5;565,4;;756,3;;;;;
Raleigh;;;;;;;;;;;;;;;;;;;;;;;;;;;;;499,0;625,3;;902,0;781,2;;;722,5
Atlanta;;;;;;;;;;;;;;;;;;;;;;;;;;;;;;;1000,0;;1000,0;1000,0;1000,0;1000,0
Charleston;;;;;;;;;;;;;;;;;;;;;;;;;;;;;;;751,1;902,0;;753,5;;
Miami;;;;;;;;;;;;;;;;;;;;;;;;;;;;;;;;905,0;777,0;;771,8;
NewOrleans;;;;;;;;;;;;;;;;;;;616,5;;652,9;;;;;;;;;;;984,0;;741,8;;
Nashville;;;;;;;;;;;;;;;;;;;;;616,2;551,6;;;;;;;542,8;;722,5;901,0;;;;
Step_12000;Vancouver;Seattle;Calgary;Portland;Helena;SaltLakeCity;SanFrancisco;LosAngeles;LasVegas;Phoenix;SantaFe;Denver;ElPaso;Winnipeg;Duluth;Omaha;KansasCity;OklahomaCity;Houston;Dallas;LittleRock;SaintLouis;Chicago;SaultStMarie;Toronto;Montreal;Boston;NewYork;Pittsburgh;Washington;Raleigh;Atlanta;Charleston;Miami;NewOrleans;Nashville
Vancouver;;313,3;321,1;;;;;;;;;;;;;;;;;;;;;;;;;;;;;;;;;
Seattle;285,2;;304,7;312,1;345,8;;;;;;;;;;;;;;;;;;;;;;;;;;;;;;;
Calgary;283,9;302,7;;;366,8;;;;;;;;;347,5;;;;;;;;;;;;;;;;;;;;;;
Portland;;308,2;;;;331,8;315,5;;;;;;;;;;;;;;;;;;;;;;;;;;;;;
Helena;;296,4;307,1;;;340,5;;;;;;388,4;;329,9;406,8;390,5;;;;;;;;;;;;;;;;;;;;
SaltLakeCity;;;;305,5;344,2;;338,1;;359,3;;;414,9;;;;;;;;;;;;;;;;;;;;;;;;
SanFrancisco;;;;298,2;;336,3;;1021,0;;;;;;;;;;;;;;;;;;;;;;;;;;;;
LosAngeles;;;;;;;333,1;;339,3;450,7;;;993,4;;;;;;;;;;;;;;;;;;;;;;;
LasVegas;;;;;;336,9;;496,0;;;;;;;;;;;;;;;;;;;;;;;;;;;;
Phoenix;;;;;;;;407,1;;;431,7;411,0;496,7;;;;;;;;;;;;;;;;;;;;;;;
SantaFe;;;;;;;;;;420,5;;433,8;474,7;;;;;478,3;;;;;;;;;;;;;;;;;;
Denver;;;;;313,4;332,2;;;;444,6;424,8;;;;;395,1;456,6;546,8;;;;;;;;;;;;;;;;;;
ElPaso;;;;;;;;395,5;;426,7;434,8;;;;;;;500,4;987,6;509,7;;;;;;;;;;;;;;;;
Winnipeg;;;311,0;;378,0;;;;;;;;;;410,7;;;;;;;;;407,7;;;;;;;;;;;;
Duluth;;;;;351,3;;;;;;;;;371,8;;;;;;;;;478,8;407,2;459,2;;;;;;;;;;;
Omaha;;;;;364,6;;;;;;;438,7;;;;;;;;;;;491,2;;;;;;;;;;;;;
KansasCity;;;;;;;;;;;;399,6;;;;;;;;;;533,5;;;;;;;;;;;;;;
OklahomaCity;;;;;;;;;;;437,8;439,4;497,4;;;;;;;529,1;595,3;;;;;;;;;;;;;;;
Houston;;;;;;;;;;;;;489,2;;;;;;;534,0;;;;;;;;;;;;;;;982,3;
Dallas;;;;;;;;;;;;;480,5;;;;;514,5;559,8;;555,7;;;;;;;;;;;;;;;
LittleRock;;;;;;;;;;;;;;;;;;474,6;;531,2;;553,1;;;;;;;;;;;;;772,9;668,2
SaintLouis;;;;;;;;;;;;;;;;;435,3;;;;539,7;;505,7;;;;;;571,0;;;;;;;743,5
Chicago;;;;;;;;;;;;;;;404,0;389,1;;;;;;581,9;;;484,2;;;;561,4;;;;;;;
SaultStMarie;;;;;;;;;;;;;;335,5;453,4;;;;;;;;;;455,5;428,7;;;;;;;;;;
Toronto;;;;;;;;;;;;;;;410,3;;;;;;;;499,8;361,9;;404,1;;;539,2;;;;;;;
Montreal;;;;;;;;;;;;;;;;;;;;;;;;375,7;444,3;;413,1;539,5;;;;;;;;
Boston;;;;;;;;;;;;;;;;;;;;;;;;;;402,2;;501,6;;;;;;;;
NewYork;;;;;;;;;;;;;;;;;;;;;;;;;;422,7;427,2;;550,3;650,6;;;;;;
Pittsburgh;;;;;;;;;;;;;;;;;;;;;;492,4;491,8;;481,1;;;567,6;;618,1;731,4;;;;;599,3
Washington;;;;;;;;;;;;;;;;;;;;;;;;;;;;510,9;550,0;;717,0;;;;;
Raleigh;;;;;;;;;;;;;;;;;;;;;;;;;;;;;598,4;630,8;;902,0;783,4;;;745,0
Atlanta;;;;;;;;;;;;;;;;;;;;;;;;;;;;;;;1000,0;;1000,0;1000,0;1000,0;1000,0
Charleston;;;;;;;;;;;;;;;;;;;;;;;;;;;;;;;743,3;902,0;;784,4;;
Miami;;;;;;;;;;;;;;;;;;;;;;;;;;;;;;;;905,0;747,7;;761,4;
NewOrleans;;;;;;;;;;;;;;;;;;;561,2;;578,8;;;;;;;;;;;984,0;;776,8;;
Nashville;;;;;;;;;;;;;;;;;;;;;598,2;557,9;;;;;;;563,6;;731,6;901,0;;;;
Step_16000;Vancouver;Seattle;Calgary;Portland;Helena;SaltLakeCity;SanFrancisco;LosAngeles;LasVegas;Phoenix;SantaFe;Denver;ElPaso;Winnipeg;Duluth;Omaha;KansasCity;OklahomaCity;Houston;Dallas;LittleRock;SaintLouis;Chicago;SaultStMarie;Toronto;Montreal;Boston;NewYork;Pittsburgh;Washington;Raleigh;Atlanta;Charleston;Miami;NewOrleans;Nashville
Vancouver;;297,8;311,0;;;;;;;;;;;;;;;;;;;;;;;;;;;;;;;;;
Seattle;278,1;;311,0;314,5;364,2;;;;;;;;;;;;;;;;;;;;;;;;;;;;;;;
Calgary;284,0;316,2;;;356,8;;;;;;;;;367,4;;;;;;;;;;;;;;;;;;;;;;
Portland;;295,5;;;;350,8;368,9;;;;;;;;;;;;;;;;;;;;;;;;;;;;;
Helena;;313,8;328,5;;;368,7;;;;;;406,6;;376,3;428,2;411,7;;;;;;;;;;;;;;;;;;;;
SaltLakeCity;;;;314,5;375,5;;336,5;;355,3;;;389,2;;;;;;;;;;;;;;;;;;;;;;;;
SanFrancisco;;;;324,1;;350,7;;897,1;;;;;;;;;;;;;;;;;;;;;;;;;;;;
LosAngeles;;;;;;;442,7;;368,9;420,6;;;976,7;;;;;;;;;;;;;;;;;;;;;;;
LasVegas;;;;;;346,6;;420,6;;;;;;;;;;;;;;;;;;;;;;;;;;;;
Phoenix;;;;;;;;493,2;;;417,7;407,5;463,2;;;;;;;;;;;;;;;;;;;;;;;
SantaFe;;;;;;;;;;395,0;;409,2;460,9;;;;;478,9;;;;;;;;;;;;;;;;;;
Denver;;;;;369,0;347,4;;;;406,0;430,7;;;;;420,5;426,6;506,3;;;;;;;;;;;;;;;;;;
ElPaso;;;;;;;;393,1;;433,0;427,9;;;;;;;497,0;895,2;551,2;;;;;;;;;;;;;;;;
Winnipeg;;;324,6;;373,5;;;;;;;;;;424,2;;;;;;;;;421,6;;;;;;;;;;;;
Duluth;;;;;339,0;;;;;;;;;376,9;;;;;;;;;478,5;397,8;466,6;;;;;;;;;;;
Omaha;;;;;372,3;;;;;;;391,6;;;;;;;;;;;507,8;;;;;;;;;;;;;
KansasCity;;;;;;;;;;;;418,4;;;;;;;;;;480,3;;;;;;;;;;;;;;
OklahomaCity;;;;;;;;;;;443,0;403,0;506,3;;;;;;;521,0;593,9;;;;;;;;;;;;;;;
Houston;;;;;;;;;;;;;468,8;;;;;;;518,6;;;;;;;;;;;;;;;982,3;
Dallas;;;;;;;;;;;;;507,0;;;;;491,4;583,6;;676,0;;;;;;;;;;;;;;;
LittleRock;;;;;;;;;;;;;;;;;;499,6;;498,5;;531,4;;;;;;;;;;;;;799,4;699,0
SaintLouis;;;;;;;;;;;;;;;;;434,5;;;;651,2;;497,2;;;;;;573,3;;;;;;;634,1
Chicago;;;;;;;;;;;;;;;396,0;409,0;;;;;;544,8;;;486,6;;;;570,2;;;;;;;
SaultStMarie;;;;;;;;;;;;;;360,4;402,0;;;;;;;;;;470,0;417,6;;;;;;;;;;
Toronto;;;;;;;;;;;;;;;445,9;;;;;;;;513,6;391,3;;417,0;;;581,8;;;;;;;
Montreal;;;;;;;;;;;;;;;;;;;;;;;;422,6;464,7;;426,1;514,8;;;;;;;;
Boston;;;;;;;;;;;;;;;;;;;;;;;;;;420,1;;522,2;;;;;;;;
NewYork;;;;;;;;;;;;;;;;;;;;;;;;;;425,1;452,0;;580,3;634,4;;;;;;
Pittsburgh;;;;;;;;;;;;;;;;;;;;;;522,2;503,7;;474,5;;;517,8;;651,8;752,9;;;;;632,0
Washington;;;;;;;;;;;;;;;;;;;;;;;;;;;;517,6;556,3;;728,1;;;;;
Raleigh;;;;;;;;;;;;;;;;;;;;;;;;;;;;;551,7;623,8;;902,0;805,4;;;790,2
Atlanta;;;;;;;;;;;;;;;;;;;;;;;;;;;;;;;1000,0;;1000,0;1000,0;1000,0;1000,0
Charleston;;;;;;;;;;;;;;;;;;;;;;;;;;;;;;;769,7;902,0;;767,4;;
Miami;;;;;;;;;;;;;;;;;;;;;;;;;;;;;;;;905,0;774,7;;789,5;
NewOrleans;;;;;;;;;;;;;;;;;;;617,7;;664,3;;;;;;;;;;;984,0;;793,7;;
Nashville;;;;;;;;;;;;;;;;;;;;;581,0;467,8;;;;;;;596,2;;748,9;901,0;;;;
Step_20000;Vancouver;Seattle;Calgary;Portland;Helena;SaltLakeCity;SanFrancisco;LosAngeles;LasVegas;Phoenix;SantaFe;Denver;ElPaso;Winnipeg;Duluth;Omaha;KansasCity;OklahomaCity;Houston;Dallas;LittleRock;SaintLouis;Chicago;SaultStMarie;Toronto;Montreal;Boston;NewYork;Pittsburgh;Washington;Raleigh;Atlanta;Charleston;Miami;NewOrleans;Nashville
Vancouver;;323,5;298,6;;;;;;;;;;;;;;;;;;;;;;;;;;;;;;;;;
Seattle;281,3;;309,8;302,8;384,1;;;;;;;;;;;;;;;;;;;;;;;;;;;;;;;
Calgary;278,7;298,4;;;374,2;;;;;;;;;339,4;;;;;;;;;;;;;;;;;;;;;;
Portland;;283,5;;;;356,7;329,7;;;;;;;;;;;;;;;;;;;;;;;;;;;;;
Helena;;313,9;319,8;;;334,4;;;;;;395,5;;352,1;416,3;388,8;;;;;;;;;;;;;;;;;;;;
SaltLakeCity;;;;311,8;338,8;;338,3;;375,9;;;383,3;;;;;;;;;;;;;;;;;;;;;;;;
SanFrancisco;;;;301,0;;330,2;;1021,0;;;;;;;;;;;;;;;;;;;;;;;;;;;;
LosAngeles;;;;;;;341,4;;367,8;422,3;;;1018,0;;;;;;;;;;;;;;;;;;;;;;;
LasVegas;;;;;;364,0;;404,2;;;;;;;;;;;;;;;;;;;;;;;;;;;;
Phoenix;;;;;;;;387,6;;;438,5;415,8;513,2;;;;;;;;;;;;;;;;;;;;;;;
SantaFe;;;;;;;;;;417,1;;425,0;508,2;;;;;539,2;;;;;;;;;;;;;;;;;;
Denver;;;;;376,8;335,1;;;;436,4;436,0;;;;;440,5;442,1;479,9;;;;;;;;;;;;;;;;;;
ElPaso;;;;;;;;361,5;;444,1;468,1;;;;;;;548,2;1012,0;513,2;;;;;;;;;;;;;;;;
Winnipeg;;;314,7;;368,0;;;;;;;;;;414,1;;;;;;;;;395,6;;;;;;;;;;;;
Duluth;;;;;362,2;;;;;;;;;339,0;;;;;;;;;497,8;404,9;435,5;;;;;;;;;;;
Omaha;;;;;356,8;;;;;;;378,7;;;;;;;;;;;482,9;;;;;;;;;;;;;
KansasCity;;;;;;;;;;;;408,4;;;;;;;;;;573,8;;;;;;;;;;;;;;
OklahomaCity;;;;;;;;;;;453,6;424,8;508,1;;;;;;;531,3;617,1;;;;;;;;;;;;;;;
Houston;;;;;;;;;;;;;460,3;;;;;;;556,8;;;;;;;;;;;;;;;1006,0;
Dallas;;;;;;;;;;;;;469,7;;;;;528,2;555,4;;657,8;;;;;;;;;;;;;;;
LittleRock;;;;;;;;;;;;;;;;;;538,2;;488,6;;571,3;;;;;;;;;;;;;730,1;665,9
SaintLouis;;;;;;;;;;;;;;;;;462,6;;;;570,1;;468,5;;;;;;558,9;;;;;;;786,9
Chicago;;;;;;;;;;;;;;;445,5;442,7;;;;;;529,3;;;444,5;;;;536,9;;;;;;;
SaultStMarie;;;;;;;;;;;;;;365,5;397,0;;;;;;;;;;474,3;461,5;;;;;;;;;;
Toronto;;;;;;;;;;;;;;;439,7;;;;;;;;498,5;407,1;;468,0;;;540,7;;;;;;;
Montreal;;;;;;;;;;;;;;;;;;;;;;;;411,7;432,1;;449,4;542,4;;;;;;;;
Boston;;;;;;;;;;;;;;;;;;;;;;;;;;457,6;;526,8;;;;;;;;
NewYork;;;;;;;;;;;;;;;;;;;;;;;;;;452,7;448,6;;539,7;552,7;;;;;;
Pittsburgh;;;;;;;;;;;;;;;;;;;;;;544,1;486,0;;474,8;;;500,2;;600,2;624,0;;;;;612,9
Washington;;;;;;;;;;;;;;;;;;;;;;;;;;;;501,5;529,3;;655,3;;;;;
Raleigh;;;;;;;;;;;;;;;;;;;;;;;;;;;;;603,3;591,0;;902,0;801,9;;;706,7
Atlanta;;;;;;;;;;;;;;;;;;;;;;;;;;;;;;;1000,0;;1000,0;1000,0;1000,0;1000,0
Charleston;;;;;;;;;;;;;;;;;;;;;;;;;;;;;;;745,1;902,0;;773,9;;
Miami;;;;;;;;;;;;;;;;;;;;;;;;;;;;;;;;905,0;757,6;;745,5;
NewOrleans;;;;;;;;;;;;;;;;;;;618,0;;620,6;;;;;;;;;;;984,0;;791,0;;
Nashville;;;;;;;;;;;;;;;;;;;;;596,2;580,1;;;;;;;545,0;;692,5;901,0;;;;
Step_24000;Vancouver;Seattle;Calgary;Portland;Helena;SaltLakeCity;SanFrancisco;LosAngeles;LasVegas;Phoenix;SantaFe;Denver;ElPaso;Winnipeg;Duluth;Omaha;KansasCity;OklahomaCity;Houston;Dallas;LittleRock;SaintLouis;Chicago;SaultStMarie;Toronto;Montreal;Boston;NewYork;Pittsburgh;Washington;Raleigh;Atlanta;Charleston;Miami;NewOrleans;Nashville
Vancouver;;298,8;312,7;;;;;;;;;;;;;;;;;;;;;;;;;;;;;;;;;
Seattle;278,1;;311,0;303,0;375,5;;;;;;;;;;;;;;;;;;;;;;;;;;;;;;;
Calgary;284,4;297,7;;;373,9;;;;;;;;;359,7;;;;;;;;;;;;;;;;;;;;;;
Portland;;320,4;;;;355,5;312,7;;;;;;;;;;;;;;;;;;;;;;;;;;;;;
Helena;;304,3;312,6;;;345,7;;;;;;446,6;;332,2;380,3;394,4;;;;;;;;;;;;;;;;;;;;
SaltLakeCity;;;;309,0;329,4;;328,7;;347,0;;;426,8;;;;;;;;;;;;;;;;;;;;;;;;
SanFrancisco;;;;311,1;;360,7;;994,0;;;;;;;;;;;;;;;;;;;;;;;;;;;;
LosAngeles;;;;;;;340,7;;339,1;394,7;;;981,1;;;;;;;;;;;;;;;;;;;;;;;
LasVegas;;;;;;358,1;;375,1;;;;;;;;;;;;;;;;;;;;;;;;;;;;
Phoenix;;;;;;;;380,9;;;427,7;418,3;471,0;;;;;;;;;;;;;;;;;;;;;;;
SantaFe;;;;;;;;;;391,4;;393,9;481,9;;;;;560,5;;;;;;;;;;;;;;;;;;
Denver;;;;;355,5;359,8;;;;391,8;421,0;;;;;444,8;490,0;531,2;;;;;;;;;;;;;;;;;;
ElPaso;;;;;;;;378,1;;413,1;431,5;;;;;;;498,5;919,5;498,9;;;;;;;;;;;;;;;;
Winnipeg;;;333,8;;359,4;;;;;;;;;;406,4;;;;;;;;;400,1;;;;;;;;;;;;
Duluth;;;;;340,1;;;;;;;;;360,5;;;;;;;;;465,1;405,3;474,1;;;;;;;;;;;
Omaha;;;;;352,4;;;;;;;433,9;;;;;;;;;;;508,0;;;;;;;;;;;;;
KansasCity;;;;;;;;;;;;427,8;;;;;;;;;;572,9;;;;;;;;;;;;;;
OklahomaCity;;;;;;;;;;;435,1;443,7;479,4;;;;;;;521,0;635,2;;;;;;;;;;;;;;;
Houston;;;;;;;;;;;;;603,9;;;;;;;521,1;;;;;;;;;;;;;;;1006,0;
Dallas;;;;;;;;;;;;;505,6;;;;;527,4;554,2;;566,5;;;;;;;;;;;;;;;
LittleRock;;;;;;;;;;;;;;;;;;525,7;;538,1;;533,9;;;;;;;;;;;;;784,0;665,1
SaintLouis;;;;;;;;;;;;;;;;;522,6;;;;581,1;;498,6;;;;;;562,6;;;;;;;670,9
Chicago;;;;;;;;;;;;;;;393,5;395,9;;;;;;551,7;;;442,4;;;;597,0;;;;;;;
SaultStMarie;;;;;;;;;;;;;;366,1;389,2;;;;;;;;;;483,5;433,1;;;;;;;;;;
Toronto;;;;;;;;;;;;;;;425,2;;;;;;;;523,3;417,1;;442,8;;;528,5;;;;;;;
Montreal;;;;;;;;;;;;;;;;;;;;;;;;434,8;500,4;;446,0;488,2;;;;;;;;
Boston;;;;;;;;;;;;;;;;;;;;;;;;;;457,3;;502,5;;;;;;;;
NewYork;;;;;;;;;;;;;;;;;;;;;;;;;;435,6;444,5;;590,4;589,1;;;;;;
Pittsburgh;;;;;;;;;;;;;;;;;;;;;;569,5;447,4;;461,9;;;507,1;;575,6;684,3;;;;;726,3
Washington;;;;;;;;;;;;;;;;;;;;;;;;;;;;524,7;552,9;;695,9;;;;;
Raleigh;;;;;;;;;;;;;;;;;;;;;;;;;;;;;607,6;597,6;;902,0;740,3;;;708,8
Atlanta;;;;;;;;;;;;;;;;;;;;;;;;;;;;;;;1000,0;;1000,0;1000,0;1000,0;1000,0
Charleston;;;;;;;;;;;;;;;;;;;;;;;;;;;;;;;681,7;902,0;;775,2;;
Miami;;;;;;;;;;;;;;;;;;;;;;;;;;;;;;;;905,0;744,0;;742,0;
NewOrleans;;;;;;;;;;;;;;;;;;;602,8;;635,0;;;;;;;;;;;984,0;;779,9;;
Nashville;;;;;;;;;;;;;;;;;;;;;547,2;537,3;;;;;;;589,9;;662,3;901,0;;;;
Step_28000;Vancouver;Seattle;Calgary;Portland;Helena;SaltLakeCity;SanFrancisco;LosAngeles;LasVegas;Phoenix;SantaFe;Denver;ElPaso;Winnipeg;Duluth;Omaha;KansasCity;OklahomaCity;Houston;Dallas;LittleRock;SaintLouis;Chicago;SaultStMarie;Toronto;Montreal;Boston;NewYork;Pittsburgh;Washington;Raleigh;Atlanta;Charleston;Miami;NewOrleans;Nashville
Vancouver;;296,8;321,0;;;;;;;;;;;;;;;;;;;;;;;;;;;;;;;;;
Seattle;283,8;;299,3;311,9;344,0;;;;;;;;;;;;;;;;;;;;;;;;;;;;;;;
Calgary;278,5;283,0;;;367,4;;;;;;;;;356,7;;;;;;;;;;;;;;;;;;;;;;
Portland;;292,1;;;;362,2;431,2;;;;;;;;;;;;;;;;;;;;;;;;;;;;;
Helena;;308,7;299,0;;;337,8;;;;;;368,2;;353,0;411,5;407,5;;;;;;;;;;;;;;;;;;;;
SaltLakeCity;;;;336,2;361,1;;352,3;;348,1;;;1016,0;;;;;;;;;;;;;;;;;;;;;;;;
SanFrancisco;;;;324,9;;878,3;;405,2;;;;;;;;;;;;;;;;;;;;;;;;;;;;
LosAngeles;;;;;;;338,0;;346,1;413,1;;;505,8;;;;;;;;;;;;;;;;;;;;;;;
LasVegas;;;;;;344,1;;379,3;;;;;;;;;;;;;;;;;;;;;;;;;;;;
Phoenix;;;;;;;;392,7;;;422,7;406,4;453,5;;;;;;;;;;;;;;;;;;;;;;;
SantaFe;;;;;;;;;;389,2;;410,5;471,4;;;;;541,2;;;;;;;;;;;;;;;;;;
Denver;;;;;341,9;360,3;;;;415,9;448,0;;;;;419,6;494,3;1013,0;;;;;;;;;;;;;;;;;;
ElPaso;;;;;;;;407,2;;406,7;459,4;;;;;;;523,9;603,1;530,3;;;;;;;;;;;;;;;;
Winnipeg;;;323,0;;371,6;;;;;;;;;;412,6;;;;;;;;;375,9;;;;;;;;;;;;
Duluth;;;;;357,2;;;;;;;;;351,6;;;;;;;;;442,6;380,0;460,8;;;;;;;;;;;
Omaha;;;;;369,5;;;;;;;449,3;;;;;;;;;;;473,5;;;;;;;;;;;;;
KansasCity;;;;;;;;;;;;415,9;;;;;;;;;;595,7;;;;;;;;;;;;;;
OklahomaCity;;;;;;;;;;;481,4;447,6;506,5;;;;;;;558,7;1009,0;;;;;;;;;;;;;;;
Houston;;;;;;;;;;;;;443,9;;;;;;;531,5;;;;;;;;;;;;;;;785,9;
Dallas;;;;;;;;;;;;;466,7;;;;;484,4;590,1;;631,0;;;;;;;;;;;;;;;
LittleRock;;;;;;;;;;;;;;;;;;523,7;;527,6;;526,7;;;;;;;;;;;;;1007,0;734,8
SaintLouis;;;;;;;;;;;;;;;;;461,6;;;;604,8;;483,0;;;;;;617,3;;;;;;;747,6
Chicago;;;;;;;;;;;;;;;395,7;421,0;;;;;;515,9;;;416,6;;;;503,3;;;;;;;
SaultStMarie;;;;;;;;;;;;;;359,0;374,6;;;;;;;;;;475,2;421,5;;;;;;;;;;
Toronto;;;;;;;;;;;;;;;436,1;;;;;;;;491,8;379,0;;414,9;;;536,3;;;;;;;
Montreal;;;;;;;;;;;;;;;;;;;;;;;;380,4;465,9;;431,2;493,6;;;;;;;;
Boston;;;;;;;;;;;;;;;;;;;;;;;;;;425,3;;508,9;;;;;;;;
NewYork;;;;;;;;;;;;;;;;;;;;;;;;;;444,7;463,3;;575,4;541,8;;;;;;
Pittsburgh;;;;;;;;;;;;;;;;;;;;;;531,5;475,5;;485,6;;;492,2;;599,1;693,4;;;;;655,2
Washington;;;;;;;;;;;;;;;;;;;;;;;;;;;;534,6;581,7;;752,3;;;;;
Raleigh;;;;;;;;;;;;;;;;;;;;;;;;;;;;;619,4;635,9;;902,0;754,9;;;735,6
Atlanta;;;;;;;;;;;;;;;;;;;;;;;;;;;;;;;1000,0;;1000,0;1000,0;1000,0;1000,0
Charleston;;;;;;;;;;;;;;;;;;;;;;;;;;;;;;;688,0;902,0;;777,4;;
Miami;;;;;;;;;;;;;;;;;;;;;;;;;;;;;;;;905,0;779,7;;764,8;
NewOrleans;;;;;;;;;;;;;;;;;;;615,5;;656,8;;;;;;;;;;;984,0;;783,2;;
Nashville;;;;;;;;;;;;;;;;;;;;;615,7;576,3;;;;;;;551,8;;729,1;901,0;;;;
Step_32000;Vancouver;Seattle;Calgary;Portland;Helena;SaltLakeCity;SanFrancisco;LosAngeles;LasVegas;Phoenix;SantaFe;Denver;ElPaso;Winnipeg;Duluth;Omaha;KansasCity;OklahomaCity;Houston;Dallas;LittleRock;SaintLouis;Chicago;SaultStMarie;Toronto;Montreal;Boston;NewYork;Pittsburgh;Washington;Raleigh;Atlanta;Charleston;Miami;NewOrleans;Nashville
Vancouver;;309,3;302,0;;;;;;;;;;;;;;;;;;;;;;;;;;;;;;;;;
Seattle;274,4;;306,2;297,9;356,7;;;;;;;;;;;;;;;;;;;;;;;;;;;;;;;
Calgary;281,4;282,6;;;339,1;;;;;;;;;349,6;;;;;;;;;;;;;;;;;;;;;;
Portland;;307,1;;;;326,8;310,6;;;;;;;;;;;;;;;;;;;;;;;;;;;;;
Helena;;284,8;302,2;;;360,2;;;;;;388,5;;349,0;391,1;402,5;;;;;;;;;;;;;;;;;;;;
SaltLakeCity;;;;300,6;340,9;;325,9;;355,8;;;393,8;;;;;;;;;;;;;;;;;;;;;;;;
SanFrancisco;;;;296,2;;346,5;;996,2;;;;;;;;;;;;;;;;;;;;;;;;;;;;
LosAngeles;;;;;;;339,8;;357,5;410,6;;;993,4;;;;;;;;;;;;;;;;;;;;;;;
LasVegas;;;;;;367,3;;397,7;;;;;;;;;;;;;;;;;;;;;;;;;;;;
Phoenix;;;;;;;;410,1;;;432,0;418,6;475,8;;;;;;;;;;;;;;;;;;;;;;;
SantaFe;;;;;;;;;;414,9;;422,5;438,2;;;;;451,7;;;;;;;;;;;;;;;;;;
Denver;;;;;348,9;341,9;;;;414,0;421,2;;;;;435,5;462,8;497,5;;;;;;;;;;;;;;;;;;
ElPaso;;;;;;;;393,0;;401,8;413,1;;;;;;;489,0;987,6;510,4;;;;;;;;;;;;;;;;
Winnipeg;;;302,4;;342,1;;;;;;;;;;383,2;;;;;;;;;396,1;;;;;;;;;;;;
Duluth;;;;;347,5;;;;;;;;;360,5;;;;;;;;;400,8;420,1;472,1;;;;;;;;;;;
Omaha;;;;;361,9;;;;;;;409,6;;;;;;;;;;;489,4;;;;;;;;;;;;;
KansasCity;;;;;;;;;;;;405,3;;;;;;;;;;583,8;;;;;;;;;;;;;;
OklahomaCity;;;;;;;;;;;429,3;415,5;431,5;;;;;;;507,9;592,5;;;;;;;;;;;;;;;
Houston;;;;;;;;;;;;;486,2;;;;;;;447,4;;;;;;;;;;;;;;;982,3;
Dallas;;;;;;;;;;;;;443,3;;;;;437,7;578,7;;598,2;;;;;;;;;;;;;;;
LittleRock;;;;;;;;;;;;;;;;;;472,2;;497,1;;561,4;;;;;;;;;;;;;619,8;768,6
SaintLouis;;;;;;;;;;;;;;;;;507,1;;;;608,3;;485,2;;;;;;596,2;;;;;;;751,2
Chicago;;;;;;;;;;;;;;;385,6;388,7;;;;;;560,0;;;547,5;;;;611,9;;;;;;;
SaultStMarie;;;;;;;;;;;;;;354,5;395,2;;;;;;;;;;504,3;434,8;;;;;;;;;;
Toronto;;;;;;;;;;;;;;;416,0;;;;;;;;464,1;425,9;;444,8;;;591,2;;;;;;;
Montreal;;;;;;;;;;;;;;;;;;;;;;;;404,5;453,1;;435,9;541,9;;;;;;;;
Boston;;;;;;;;;;;;;;;;;;;;;;;;;;450,3;;514,7;;;;;;;;
NewYork;;;;;;;;;;;;;;;;;;;;;;;;;;439,5;434,3;;598,6;632,3;;;;;;
Pittsburgh;;;;;;;;;;;;;;;;;;;;;;540,6;535,0;;423,1;;;464,8;;598,1;725,2;;;;;700,6
Washington;;;;;;;;;;;;;;;;;;;;;;;;;;;;476,4;573,7;;726,1;;;;;
Raleigh;;;;;;;;;;;;;;;;;;;;;;;;;;;;;584,6;583,4;;902,0;781,8;;;751,1
Atlanta;;;;;;;;;;;;;;;;;;;;;;;;;;;;;;;1000,0;;1000,0;1000,0;1000,0;1000,0
Charleston;;;;;;;;;;;;;;;;;;;;;;;;;;;;;;;729,8;902,0;;770,5;;
Miami;;;;;;;;;;;;;;;;;;;;;;;;;;;;;;;;905,0;746,3;;739,9;
NewOrleans;;;;;;;;;;;;;;;;;;;549,9;;611,7;;;;;;;;;;;984,0;;761,7;;
Nashville;;;;;;;;;;;;;;;;;;;;;625,2;600,1;;;;;;;556,7;;810,5;901,0;;;;
Step_36000;Vancouver;Seattle;Calgary;Portland;Helena;SaltLakeCity;SanFrancisco;LosAngeles;LasVegas;Phoenix;SantaFe;Denver;ElPaso;Winnipeg;Duluth;Omaha;KansasCity;OklahomaCity;Houston;Dallas;LittleRock;SaintLouis;Chicago;SaultStMarie;Toronto;Montreal;Boston;NewYork;Pittsburgh;Washington;Raleigh;Atlanta;Charleston;Miami;NewOrleans;Nashville
Vancouver;;288,8;311,0;;;;;;;;;;;;;;;;;;;;;;;;;;;;;;;;;
Seattle;279,9;;306,4;309,8;362,7;;;;;;;;;;;;;;;;;;;;;;;;;;;;;;;
Calgary;272,6;309,9;;;367,6;;;;;;;;;377,3;;;;;;;;;;;;;;;;;;;;;;
Portland;;285,8;;;;340,3;338,7;;;;;;;;;;;;;;;;;;;;;;;;;;;;;
Helena;;314,7;295,3;;;345,6;;;;;;384,9;;345,1;390,4;400,6;;;;;;;;;;;;;;;;;;;;
SaltLakeCity;;;;322,9;346,5;;338,2;;356,6;;;1016,0;;;;;;;;;;;;;;;;;;;;;;;;
SanFrancisco;;;;306,1;;880,2;;331,7;;;;;;;;;;;;;;;;;;;;;;;;;;;;
LosAngeles;;;;;;;321,5;;354,6;405,5;;;485,8;;;;;;;;;;;;;;;;;;;;;;;
LasVegas;;;;;;359,0;;428,2;;;;;;;;;;;;;;;;;;;;;;;;;;;;
Phoenix;;;;;;;;408,4;;;410,1;435,3;498,7;;;;;;;;;;;;;;;;;;;;;;;
SantaFe;;;;;;;;;;421,1;;428,4;510,3;;;;;467,4;;;;;;;;;;;;;;;;;;
Denver;;;;;367,8;354,0;;;;414,5;434,1;;;;;411,4;451,9;1013,0;;;;;;;;;;;;;;;;;;
ElPaso;;;;;;;;377,0;;412,5;417,5;;;;;;;520,3;558,1;518,7;;;;;;;;;;;;;;;;
Winnipeg;;;305,8;;374,8;;;;;;;;;;414,2;;;;;;;;;400,2;;;;;;;;;;;;
Duluth;;;;;334,3;;;;;;;;;359,3;;;;;;;;;465,4;394,5;460,6;;;;;;;;;;;
Omaha;;;;;350,8;;;;;;;411,8;;;;;;;;;;;459,3;;;;;;;;;;;;;
KansasCity;;;;;;;;;;;;413,6;;;;;;;;;;567,7;;;;;;;;;;;;;;
OklahomaCity;;;;;;;;;;;436,0;400,0;510,5;;;;;;;517,5;1009,0;;;;;;;;;;;;;;;
Houston;;;;;;;;;;;;;514,0;;;;;;;502,7;;;;;;;;;;;;;;;679,2;
Dallas;;;;;;;;;;;;;501,7;;;;;493,3;554,7;;581,1;;;;;;;;;;;;;;;
LittleRock;;;;;;;;;;;;;;;;;;500,4;;522,1;;547,2;;;;;;;;;;;;;1007,0;651,3
SaintLouis;;;;;;;;;;;;;;;;;495,4;;;;618,8;;523,5;;;;;;587,9;;;;;;;720,1
Chicago;;;;;;;;;;;;;;;399,6;427,7;;;;;;567,2;;;470,8;;;;580,3;;;;;;;
SaultStMarie;;;;;;;;;;;;;;354,4;419,5;;;;;;;;;;467,9;418,3;;;;;;;;;;
Toronto;;;;;;;;;;;;;;;404,8;;;;;;;;510,0;378,2;;449,5;;;594,4;;;;;;;
Montreal;;;;;;;;;;;;;;;;;;;;;;;;382,9;459,5;;447,7;490,4;;;;;;;;
Boston;;;;;;;;;;;;;;;;;;;;;;;;;;443,8;;512,1;;;;;;;;
NewYork;;;;;;;;;;;;;;;;;;;;;;;;;;437,7;467,6;;587,4;646,0;;;;;;
Pittsburgh;;;;;;;;;;;;;;;;;;;;;;575,1;508,9;;440,2;;;542,7;;623,2;773,7;;;;;709,7
Washington;;;;;;;;;;;;;;;;;;;;;;;;;;;;509,5;582,8;;697,3;;;;;
Raleigh;;;;;;;;;;;;;;;;;;;;;;;;;;;;;619,8;639,3;;902,0;777,5;;;729,5
Atlanta;;;;;;;;;;;;;;;;;;;;;;;;;;;;;;;1000,0;;1000,0;1000,0;1000,0;1000,0
Charleston;;;;;;;;;;;;;;;;;;;;;;;;;;;;;;;750,3;902,0;;768,5;;
Miami;;;;;;;;;;;;;;;;;;;;;;;;;;;;;;;;905,0;755,9;;765,8;
NewOrleans;;;;;;;;;;;;;;;;;;;608,3;;580,4;;;;;;;;;;;1004,0;;796,4;;
Nashville;;;;;;;;;;;;;;;;;;;;;619,0;597,0;;;;;;;634,2;;692,3;901,0;;;;
Step_40000;Vancouver;Seattle;Calgary;Portland;Helena;SaltLakeCity;SanFrancisco;LosAngeles;LasVegas;Phoenix;SantaFe;Denver;ElPaso;Winnipeg;Duluth;Omaha;KansasCity;OklahomaCity;Houston;Dallas;LittleRock;SaintLouis;Chicago;SaultStMarie;Toronto;Montreal;Boston;NewYork;Pittsburgh;Washington;Raleigh;Atlanta;Charleston;Miami;NewOrleans;Nashville
Vancouver;;302,9;320,8;;;;;;;;;;;;;;;;;;;;;;;;;;;;;;;;;
Seattle;283,8;;330,7;308,2;353,5;;;;;;;;;;;;;;;;;;;;;;;;;;;;;;;
Calgary;279,7;317,8;;;356,5;;;;;;;;;359,7;;;;;;;;;;;;;;;;;;;;;;
Portland;;300,2;;;;367,3;350,4;;;;;;;;;;;;;;;;;;;;;;;;;;;;;
Helena;;315,6;317,7;;;343,3;;;;;;408,9;;360,9;414,0;475,4;;;;;;;;;;;;;;;;;;;;
SaltLakeCity;;;;317,2;397,0;;343,9;;343,8;;;408,2;;;;;;;;;;;;;;;;;;;;;;;;
SanFrancisco;;;;327,3;;362,3;;877,6;;;;;;;;;;;;;;;;;;;;;;;;;;;;
LosAngeles;;;;;;;431,0;;334,3;396,2;;;1018,0;;;;;;;;;;;;;;;;;;;;;;;
LasVegas;;;;;;350,4;;354,3;;;;;;;;;;;;;;;;;;;;;;;;;;;;
Phoenix;;;;;;;;403,6;;;421,8;412,8;491,5;;;;;;;;;;;;;;;;;;;;;;;
SantaFe;;;;;;;;;;398,2;;411,7;501,4;;;;;518,3;;;;;;;;;;;;;;;;;;
Denver;;;;;372,8;335,3;;;;399,3;400,3;;;;;449,9;467,9;471,5;;;;;;;;;;;;;;;;;;
ElPaso;;;;;;;;369,8;;410,4;441,1;;;;;;;483,3;897,9;489,0;;;;;;;;;;;;;;;;
Winnipeg;;;324,9;;377,5;;;;;;;;;;377,3;;;;;;;;;425,9;;;;;;;;;;;;
Duluth;;;;;394,3;;;;;;;;;364,8;;;;;;;;;472,9;387,5;448,6;;;;;;;;;;;
Omaha;;;;;373,1;;;;;;;439,2;;;;;;;;;;;536,6;;;;;;;;;;;;;
KansasCity;;;;;;;;;;;;413,2;;;;;;;;;;562,1;;;;;;;;;;;;;;
OklahomaCity;;;;;;;;;;;424,4;399,7;485,9;;;;;;;483,8;622,9;;;;;;;;;;;;;;;
Houston;;;;;;;;;;;;;516,9;;;;;;;483,8;;;;;;;;;;;;;;;1006,0;
Dallas;;;;;;;;;;;;;495,4;;;;;459,6;535,9;;545,4;;;;;;;;;;;;;;;
LittleRock;;;;;;;;;;;;;;;;;;501,4;;493,4;;543,3;;;;;;;;;;;;;728,3;651,5
SaintLouis;;;;;;;;;;;;;;;;;464,1;;;;530,4;;559,1;;;;;;604,1;;;;;;;633,3
Chicago;;;;;;;;;;;;;;;395,3;446,6;;;;;;537,4;;;496,0;;;;661,7;;;;;;;
SaultStMarie;;;;;;;;;;;;;;368,9;405,3;;;;;;;;;;523,5;441,6;;;;;;;;;;
Toronto;;;;;;;;;;;;;;;414,6;;;;;;;;491,3;393,5;;431,6;;;645,9;;;;;;;
Montreal;;;;;;;;;;;;;;;;;;;;;;;;413,2;446,9;;444,3;530,3;;;;;;;;
Boston;;;;;;;;;;;;;;;;;;;;;;;;;;455,6;;492,6;;;;;;;;
NewYork;;;;;;;;;;;;;;;;;;;;;;;;;;445,1;460,7;;544,2;618,4;;;;;;
Pittsburgh;;;;;;;;;;;;;;;;;;;;;;572,8;488,5;;498,3;;;516,5;;612,1;798,6;;;;;722,6
Washington;;;;;;;;;;;;;;;;;;;;;;;;;;;;538,7;564,8;;751,4;;;;;
Raleigh;;;;;;;;;;;;;;;;;;;;;;;;;;;;;630,1;590,8;;902,0;771,0;;;697,3
Atlanta;;;;;;;;;;;;;;;;;;;;;;;;;;;;;;;1000,0;;1000,0;1000,0;1000,0;1000,0
Charleston;;;;;;;;;;;;;;;;;;;;;;;;;;;;;;;701,1;902,0;;775,2;;
Miami;;;;;;;;;;;;;;;;;;;;;;;;;;;;;;;;905,0;788,9;;802,1;
NewOrleans;;;;;;;;;;;;;;;;;;;644,8;;639,2;;;;;;;;;;;1004,0;;766,8;;
Nashville;;;;;;;;;;;;;;;;;;;;;589,2;602,5;;;;;;;639,1;;758,4;901,0;;;;
Step_4000;Vancouver;Seattle;Calgary;Portland;Helena;SaltLakeCity;SanFrancisco;LosAngeles;LasVegas;Phoenix;SantaFe;Denver;ElPaso;Winnipeg;Duluth;Omaha;KansasCity;OklahomaCity;Houston;Dallas;LittleRock;SaintLouis;Chicago;SaultStMarie;Toronto;Montreal;Boston;NewYork;Pittsburgh;Washington;Raleigh;Atlanta;Charleston;Miami;NewOrleans;Nashville
Vancouver;;268,0;230,8;;;;;;;;;;;;;;;;;;;;;;;;;;;;;;;;;
Seattle;230,0;;246,1;296,3;310,2;;;;;;;;;;;;;;;;;;;;;;;;;;;;;;;
Calgary;212,7;257,2;;;335,5;;;;;;;;;222,6;;;;;;;;;;;;;;;;;;;;;;
Portland;;275,8;;;;349,2;308,8;;;;;;;;;;;;;;;;;;;;;;;;;;;;;
Helena;;274,8;245,0;;;344,3;;;;;;391,6;;299,2;333,1;392,2;;;;;;;;;;;;;;;;;;;;
SaltLakeCity;;;;287,6;331,5;;313,0;;352,1;;;416,6;;;;;;;;;;;;;;;;;;;;;;;;
SanFrancisco;;;;300,3;;326,6;;1023,0;;;;;;;;;;;;;;;;;;;;;;;;;;;;
LosAngeles;;;;;;;323,3;;359,4;408,5;;;1020,0;;;;;;;;;;;;;;;;;;;;;;;
LasVegas;;;;;;327,9;;373,0;;;;;;;;;;;;;;;;;;;;;;;;;;;;
Phoenix;;;;;;;;386,9;;;417,6;427,9;455,3;;;;;;;;;;;;;;;;;;;;;;;
SantaFe;;;;;;;;;;406,0;;404,9;478,6;;;;;549,7;;;;;;;;;;;;;;;;;;
Denver;;;;;334,9;357,4;;;;409,8;435,8;;;;;409,6;408,2;519,4;;;;;;;;;;;;;;;;;;
ElPaso;;;;;;;;344,9;;410,0;450,0;;;;;;;1014,0;540,7;532,1;;;;;;;;;;;;;;;;
Winnipeg;;;185,1;;252,5;;;;;;;;;;351,8;;;;;;;;;200,4;;;;;;;;;;;;
Duluth;;;;;298,8;;;;;;;;;290,7;;;;;;;;;443,4;273,2;326,4;;;;;;;;;;;
Omaha;;;;;313,7;;;;;;;402,8;;;;;;;;;;;461,2;;;;;;;;;;;;;
KansasCity;;;;;;;;;;;;388,7;;;;;;;;;;447,5;;;;;;;;;;;;;;
OklahomaCity;;;;;;;;;;;434,9;434,3;482,8;;;;;;;539,6;1009,0;;;;;;;;;;;;;;;
Houston;;;;;;;;;;;;;469,6;;;;;;;504,7;;;;;;;;;;;;;;;746,3;
Dallas;;;;;;;;;;;;;461,5;;;;;505,3;592,1;;611,4;;;;;;;;;;;;;;;
LittleRock;;;;;;;;;;;;;;;;;;547,3;;516,1;;563,4;;;;;;;;;;;;;1007,0;629,4
SaintLouis;;;;;;;;;;;;;;;;;428,6;;;;612,5;;442,1;;;;;;575,3;;;;;;;712,3
Chicago;;;;;;;;;;;;;;;323,7;349,6;;;;;;486,8;;;358,0;;;;559,2;;;;;;;
SaultStMarie;;;;;;;;;;;;;;172,5;314,6;;;;;;;;;;207,6;32,5;;;;;;;;;;
Toronto;;;;;;;;;;;;;;;356,8;;;;;;;;451,3;81,9;;229,3;;;403,8;;;;;;;
Montreal;;;;;;;;;;;;;;;;;;;;;;;;101,5;96,6;;278,0;330,0;;;;;;;;
Boston;;;;;;;;;;;;;;;;;;;;;;;;;;117,8;;433,0;;;;;;;;
NewYork;;;;;;;;;;;;;;;;;;;;;;;;;;179,0;280,5;;496,9;553,2;;;;;;
Pittsburgh;;;;;;;;;;;;;;;;;;;;;;569,6;443,3;;335,3;;;454,0;;611,4;612,3;;;;;655,3
Washington;;;;;;;;;;;;;;;;;;;;;;;;;;;;453,9;437,3;;681,9;;;;;
Raleigh;;;;;;;;;;;;;;;;;;;;;;;;;;;;;506,3;535,9;;902,0;723,0;;;697,6
Atlanta;;;;;;;;;;;;;;;;;;;;;;;;;;;;;;;1000,0;;1000,0;1000,0;1000,0;1000,0
Charleston;;;;;;;;;;;;;;;;;;;;;;;;;;;;;;;703,7;902,0;;709,4;;
Miami;;;;;;;;;;;;;;;;;;;;;;;;;;;;;;;;905,0;733,4;;728,8;
NewOrleans;;;;;;;;;;;;;;;;;;;620,2;;641,1;;;;;;;;;;;1004,0;;779,9;;
Nashville;;;;;;;;;;;;;;;;;;;;;575,6;583,9;;;;;;;549,1;;754,6;901,0;;;;
Step_8000;Vancouver;Seattle;Calgary;Portland;Helena;SaltLakeCity;SanFrancisco;LosAngeles;LasVegas;Phoenix;SantaFe;Denver;ElPaso;Winnipeg;Duluth;Omaha;KansasCity;OklahomaCity;Houston;Dallas;LittleRock;SaintLouis;Chicago;SaultStMarie;Toronto;Montreal;Boston;NewYork;Pittsburgh;Washington;Raleigh;Atlanta;Charleston;Miami;NewOrleans;Nashville
Vancouver;;287,1;287,0;;;;;;;;;;;;;;;;;;;;;;;;;;;;;;;;;
Seattle;264,0;;279,6;294,8;351,0;;;;;;;;;;;;;;;;;;;;;;;;;;;;;;;
Calgary;267,9;301,3;;;339,6;;;;;;;;;325,6;;;;;;;;;;;;;;;;;;;;;;
Portland;;281,1;;;;346,7;327,9;;;;;;;;;;;;;;;;;;;;;;;;;;;;;
Helena;;288,8;297,1;;;356,2;;;;;;435,7;;351,8;383,4;384,1;;;;;;;;;;;;;;;;;;;;
SaltLakeCity;;;;322,9;368,9;;339,0;;342,8;;;404,2;;;;;;;;;;;;;;;;;;;;;;;;
SanFrancisco;;;;303,7;;360,4;;997,2;;;;;;;;;;;;;;;;;;;;;;;;;;;;
LosAngeles;;;;;;;351,5;;367,2;421,9;;;994,3;;;;;;;;;;;;;;;;;;;;;;;
LasVegas;;;;;;370,3;;429,1;;;;;;;;;;;;;;;;;;;;;;;;;;;;
Phoenix;;;;;;;;412,8;;;418,4;393,1;452,3;;;;;;;;;;;;;;;;;;;;;;;
SantaFe;;;;;;;;;;393,2;;432,7;464,1;;;;;444,1;;;;;;;;;;;;;;;;;;
Denver;;;;;388,5;354,6;;;;410,7;416,5;;;;;383,3;410,7;507,1;;;;;;;;;;;;;;;;;;
ElPaso;;;;;;;;396,6;;395,4;399,1;;;;;;;474,3;516,9;988,4;;;;;;;;;;;;;;;;
Winnipeg;;;282,0;;331,0;;;;;;;;;;393,0;;;;;;;;;299,9;;;;;;;;;;;;
Duluth;;;;;352,0;;;;;;;;;326,7;;;;;;;;;474,7;361,2;483,2;;;;;;;;;;;
Omaha;;;;;350,7;;;;;;;403,5;;;;;;;;;;;467,7;;;;;;;;;;;;;
KansasCity;;;;;;;;;;;;403,3;;;;;;;;;;495,5;;;;;;;;;;;;;;
OklahomaCity;;;;;;;;;;;399,6;405,0;459,4;;;;;;;490,6;567,7;;;;;;;;;;;;;;;
Houston;;;;;;;;;;;;;476,0;;;;;;;509,0;;;;;;;;;;;;;;;746,9;
Dallas;;;;;;;;;;;;;492,4;;;;;487,4;564,3;;984,6;;;;;;;;;;;;;;;
LittleRock;;;;;;;;;;;;;;;;;;492,4;;495,0;;545,0;;;;;;;;;;;;;983,3;707,6
SaintLouis;;;;;;;;;;;;;;;;;431,4;;;;609,0;;516,3;;;;;;543,4;;;;;;;750,6
Chicago;;;;;;;;;;;;;;;428,5;393,0;;;;;;558,1;;;488,4;;;;628,8;;;;;;;
SaultStMarie;;;;;;;;;;;;;;296,1;422,7;;;;;;;;;;239,2;191,6;;;;;;;;;;
Toronto;;;;;;;;;;;;;;;361,2;;;;;;;;513,7;253,1;;335,1;;;603,2;;;;;;;
Montreal;;;;;;;;;;;;;;;;;;;;;;;;181,7;254,4;;403,0;491,9;;;;;;;;
Boston;;;;;;;;;;;;;;;;;;;;;;;;;;328,0;;537,0;;;;;;;;
NewYork;;;;;;;;;;;;;;;;;;;;;;;;;;364,8;416,6;;583,7;644,5;;;;;;
Pittsburgh;;;;;;;;;;;;;;;;;;;;;;575,8;481,6;;398,8;;;522,6;;583,5;745,1;;;;;640,1
Washington;;;;;;;;;;;;;;;;;;;;;;;;;;;;503,9;566,8;;741,1;;;;;
Raleigh;;;;;;;;;;;;;;;;;;;;;;;;;;;;;559,5;556,5;;902,0;773,1;;;730,4
Atlanta;;;;;;;;;;;;;;;;;;;;;;;;;;;;;;;1000,0;;1000,0;1000,0;1000,0;1000,0
Charleston;;;;;;;;;;;;;;;;;;;;;;;;;;;;;;;794,1;902,0;;784,4;;
Miami;;;;;;;;;;;;;;;;;;;;;;;;;;;;;;;;905,0;789,5;;815,3;
NewOrleans;;;;;;;;;;;;;;;;;;;581,8;;579,1;;;;;;;;;;;984,0;;800,1;;
Nashville;;;;;;;;;;;;;;;;;;;;;587,2;541,7;;;;;;;590,2;;711,0;901,0;;;;
Step_12000;Vancouver;Seattle;Calgary;Portland;Helena;SaltLakeCity;SanFrancisco;LosAngeles;LasVegas;Phoenix;SantaFe;Denver;ElPaso;Winnipeg;Duluth;Omaha;KansasCity;OklahomaCity;Houston;Dallas;LittleRock;SaintLouis;Chicago;SaultStMarie;Toronto;Montreal;Boston;NewYork;Pittsburgh;Washington;Raleigh;Atlanta;Charleston;Miami;NewOrleans;Nashville
Vancouver;;300,3;290,8;;;;;;;;;;;;;;;;;;;;;;;;;;;;;;;;;
Seattle;267,2;;313,1;312,2;374,7;;;;;;;;;;;;;;;;;;;;;;;;;;;;;;;
Calgary;270,7;307,7;;;343,8;;;;;;;;;337,8;;;;;;;;;;;;;;;;;;;;;;
Portland;;299,2;;;;351,1;332,2;;;;;;;;;;;;;;;;;;;;;;;;;;;;;
Helena;;300,4;310,2;;;363,5;;;;;;439,3;;358,3;398,5;408,9;;;;;;;;;;;;;;;;;;;;
SaltLakeCity;;;;309,9;364,1;;325,3;;350,6;;;392,1;;;;;;;;;;;;;;;;;;;;;;;;
SanFrancisco;;;;317,6;;352,4;;893,3;;;;;;;;;;;;;;;;;;;;;;;;;;;;
LosAngeles;;;;;;;322,4;;348,7;421,5;;;1018,0;;;;;;;;;;;;;;;;;;;;;;;
LasVegas;;;;;;337,6;;375,0;;;;;;;;;;;;;;;;;;;;;;;;;;;;
Phoenix;;;;;;;;381,6;;;410,0;440,2;547,7;;;;;;;;;;;;;;;;;;;;;;;
SantaFe;;;;;;;;;;423,1;;441,3;489,3;;;;;549,5;;;;;;;;;;;;;;;;;;
Denver;;;;;349,9;356,3;;;;433,8;464,4;;;;;422,5;436,9;510,1;;;;;;;;;;;;;;;;;;
ElPaso;;;;;;;;371,8;;427,4;482,5;;;;;;;528,2;907,0;544,1;;;;;;;;;;;;;;;;
Winnipeg;;;294,9;;373,6;;;;;;;;;;415,2;;;;;;;;;378,2;;;;;;;;;;;;
Duluth;;;;;371,3;;;;;;;;;362,9;;;;;;;;;475,9;349,4;458,1;;;;;;;;;;;
Omaha;;;;;355,7;;;;;;;383,8;;;;;;;;;;;497,2;;;;;;;;;;;;;
KansasCity;;;;;;;;;;;;452,8;;;;;;;;;;496,1;;;;;;;;;;;;;;
OklahomaCity;;;;;;;;;;;465,8;405,7;419,8;;;;;;;539,1;601,8;;;;;;;;;;;;;;;
Houston;;;;;;;;;;;;;484,1;;;;;;;534,7;;;;;;;;;;;;;;;1006,0;
Dallas;;;;;;;;;;;;;462,4;;;;;476,8;547,8;;662,0;;;;;;;;;;;;;;;
LittleRock;;;;;;;;;;;;;;;;;;464,8;;492,7;;567,9;;;;;;;;;;;;;814,7;739,3
SaintLouis;;;;;;;;;;;;;;;;;433,1;;;;586,4;;491,4;;;;;;564,4;;;;;;;740,2
Chicago;;;;;;;;;;;;;;;397,8;459,3;;;;;;584,2;;;482,2;;;;533,7;;;;;;;
SaultStMarie;;;;;;;;;;;;;;361,5;450,1;;;;;;;;;;495,0;306,5;;;;;;;;;;
Toronto;;;;;;;;;;;;;;;428,2;;;;;;;;502,9;389,2;;411,9;;;545,5;;;;;;;
Montreal;;;;;;;;;;;;;;;;;;;;;;;;181,7;370,5;;415,0;514,8;;;;;;;;
Boston;;;;;;;;;;;;;;;;;;;;;;;;;;390,9;;524,2;;;;;;;;
NewYork;;;;;;;;;;;;;;;;;;;;;;;;;;421,8;436,7;;575,6;556,3;;;;;;
Pittsburgh;;;;;;;;;;;;;;;;;;;;;;530,4;486,0;;489,3;;;507,6;;633,3;744,7;;;;;574,0
Washington;;;;;;;;;;;;;;;;;;;;;;;;;;;;499,0;600,2;;786,0;;;;;
Raleigh;;;;;;;;;;;;;;;;;;;;;;;;;;;;;555,9;647,0;;902,0;761,3;;;696,1
Atlanta;;;;;;;;;;;;;;;;;;;;;;;;;;;;;;;1000,0;;1000,0;1000,0;1000,0;1000,0
Charleston;;;;;;;;;;;;;;;;;;;;;;;;;;;;;;;668,3;902,0;;813,9;;
Miami;;;;;;;;;;;;;;;;;;;;;;;;;;;;;;;;905,0;779,3;;715,4;
NewOrleans;;;;;;;;;;;;;;;;;;;516,9;;626,8;;;;;;;;;;;984,0;;777,2;;
Nashville;;;;;;;;;;;;;;;;;;;;;594,3;633,1;;;;;;;583,5;;778,1;901,0;;;;
Step_16000;Vancouver;Seattle;Calgary;Portland;Helena;SaltLakeCity;SanFrancisco;LosAngeles;LasVegas;Phoenix;SantaFe;Denver;ElPaso;Winnipeg;Duluth;Omaha;KansasCity;OklahomaCity;Houston;Dallas;LittleRock;SaintLouis;Chicago;SaultStMarie;Toronto;Montreal;Boston;NewYork;Pittsburgh;Washington;Raleigh;Atlanta;Charleston;Miami;NewOrleans;Nashville
Vancouver;;276,5;323,3;;;;;;;;;;;;;;;;;;;;;;;;;;;;;;;;;
Seattle;278,8;;329,0;316,3;357,7;;;;;;;;;;;;;;;;;;;;;;;;;;;;;;;
Calgary;280,6;317,6;;;369,7;;;;;;;;;343,6;;;;;;;;;;;;;;;;;;;;;;
Portland;;291,0;;;;336,7;331,3;;;;;;;;;;;;;;;;;;;;;;;;;;;;;
Helena;;316,8;304,8;;;349,5;;;;;;433,7;;367,6;421,2;418,2;;;;;;;;;;;;;;;;;;;;
SaltLakeCity;;;;302,8;380,8;;326,3;;336,5;;;420,2;;;;;;;;;;;;;;;;;;;;;;;;
SanFrancisco;;;;311,0;;346,0;;1021,0;;;;;;;;;;;;;;;;;;;;;;;;;;;;
LosAngeles;;;;;;;329,4;;338,9;400,5;;;1018,0;;;;;;;;;;;;;;;;;;;;;;;
LasVegas;;;;;;339,2;;351,0;;;;;;;;;;;;;;;;;;;;;;;;;;;;
Phoenix;;;;;;;;403,3;;;413,8;433,1;450,5;;;;;;;;;;;;;;;;;;;;;;;
SantaFe;;;;;;;;;;413,6;;389,3;470,5;;;;;504,2;;;;;;;;;;;;;;;;;;
Denver;;;;;353,7;337,3;;;;401,4;405,9;;;;;393,8;457,4;491,9;;;;;;;;;;;;;;;;;;
ElPaso;;;;;;;;384,1;;399,3;439,0;;;;;;;483,7;1012,0;486,6;;;;;;;;;;;;;;;;
Winnipeg;;;320,5;;360,8;;;;;;;;;;436,5;;;;;;;;;393,2;;;;;;;;;;;;
Duluth;;;;;368,4;;;;;;;;;367,6;;;;;;;;;512,4;405,8;473,3;;;;;;;;;;;
Omaha;;;;;361,6;;;;;;;432,6;;;;;;;;;;;498,1;;;;;;;;;;;;;
KansasCity;;;;;;;;;;;;422,0;;;;;;;;;;464,6;;;;;;;;;;;;;;
OklahomaCity;;;;;;;;;;;454,6;430,6;482,6;;;;;;;512,9;556,7;;;;;;;;;;;;;;;
Houston;;;;;;;;;;;;;426,2;;;;;;;541,0;;;;;;;;;;;;;;;1006,0;
Dallas;;;;;;;;;;;;;447,5;;;;;532,5;660,1;;548,0;;;;;;;;;;;;;;;
LittleRock;;;;;;;;;;;;;;;;;;528,4;;515,5;;559,5;;;;;;;;;;;;;729,6;624,2
SaintLouis;;;;;;;;;;;;;;;;;458,3;;;;579,1;;458,8;;;;;;587,5;;;;;;;740,9
Chicago;;;;;;;;;;;;;;;441,2;424,2;;;;;;541,0;;;457,8;;;;508,7;;;;;;;
SaultStMarie;;;;;;;;;;;;;;354,9;385,4;;;;;;;;;;465,5;395,9;;;;;;;;;;
Toronto;;;;;;;;;;;;;;;436,1;;;;;;;;499,1;421,5;;394,0;;;548,3;;;;;;;
Montreal;;;;;;;;;;;;;;;;;;;;;;;;270,1;461,1;;453,6;485,9;;;;;;;;
Boston;;;;;;;;;;;;;;;;;;;;;;;;;;405,3;;498,6;;;;;;;;
NewYork;;;;;;;;;;;;;;;;;;;;;;;;;;427,2;462,0;;557,1;555,5;;;;;;
Pittsburgh;;;;;;;;;;;;;;;;;;;;;;597,3;484,2;;466,6;;;519,5;;526,1;734,8;;;;;598,4
Washington;;;;;;;;;;;;;;;;;;;;;;;;;;;;509,9;589,9;;762,0;;;;;
Raleigh;;;;;;;;;;;;;;;;;;;;;;;;;;;;;603,6;571,1;;902,0;741,1;;;707,9
Atlanta;;;;;;;;;;;;;;;;;;;;;;;;;;;;;;;1000,0;;1000,0;1000,0;1000,0;1000,0
Charleston;;;;;;;;;;;;;;;;;;;;;;;;;;;;;;;770,6;902,0;;803,3;;
Miami;;;;;;;;;;;;;;;;;;;;;;;;;;;;;;;;905,0;790,0;;804,2;
NewOrleans;;;;;;;;;;;;;;;;;;;606,4;;597,8;;;;;;;;;;;1004,0;;776,1;;
Nashville;;;;;;;;;;;;;;;;;;;;;621,8;593,7;;;;;;;580,2;;696,3;901,0;;;;
Step_20000;Vancouver;Seattle;Calgary;Portland;Helena;SaltLakeCity;SanFrancisco;LosAngeles;LasVegas;Phoenix;SantaFe;Denver;ElPaso;Winnipeg;Duluth;Omaha;KansasCity;OklahomaCity;Houston;Dallas;LittleRock;SaintLouis;Chicago;SaultStMarie;Toronto;Montreal;Boston;NewYork;Pittsburgh;Washington;Raleigh;Atlanta;Charleston;Miami;NewOrleans;Nashville
Vancouver;;289,1;302,8;;;;;;;;;;;;;;;;;;;;;;;;;;;;;;;;;
Seattle;264,8;;302,1;318,2;352,1;;;;;;;;;;;;;;;;;;;;;;;;;;;;;;;
Calgary;271,8;306,3;;;338,3;;;;;;;;;357,0;;;;;;;;;;;;;;;;;;;;;;
Portland;;276,1;;;;366,2;342,7;;;;;;;;;;;;;;;;;;;;;;;;;;;;;
Helena;;299,0;312,4;;;344,1;;;;;;454,9;;342,1;397,4;395,9;;;;;;;;;;;;;;;;;;;;
SaltLakeCity;;;;295,7;360,0;;333,9;;377,5;;;400,8;;;;;;;;;;;;;;;;;;;;;;;;
SanFrancisco;;;;316,2;;360,7;;1021,0;;;;;;;;;;;;;;;;;;;;;;;;;;;;
LosAngeles;;;;;;;333,8;;361,2;424,4;;;1018,0;;;;;;;;;;;;;;;;;;;;;;;
LasVegas;;;;;;354,9;;411,6;;;;;;;;;;;;;;;;;;;;;;;;;;;;
Phoenix;;;;;;;;396,1;;;448,2;436,6;492,1;;;;;;;;;;;;;;;;;;;;;;;
SantaFe;;;;;;;;;;437,6;;426,8;510,6;;;;;529,3;;;;;;;;;;;;;;;;;;
Denver;;;;;368,8;353,9;;;;447,3;440,1;;;;;419,4;470,7;460,5;;;;;;;;;;;;;;;;;;
ElPaso;;;;;;;;394,1;;439,4;441,9;;;;;;;501,2;1012,0;495,5;;;;;;;;;;;;;;;;
Winnipeg;;;310,7;;347,2;;;;;;;;;;420,4;;;;;;;;;401,7;;;;;;;;;;;;
Duluth;;;;;341,1;;;;;;;;;344,7;;;;;;;;;484,1;419,6;503,7;;;;;;;;;;;
Omaha;;;;;348,5;;;;;;;427,5;;;;;;;;;;;456,6;;;;;;;;;;;;;
KansasCity;;;;;;;;;;;;423,1;;;;;;;;;;494,9;;;;;;;;;;;;;;
OklahomaCity;;;;;;;;;;;443,1;419,3;512,8;;;;;;;534,6;618,0;;;;;;;;;;;;;;;
Houston;;;;;;;;;;;;;482,3;;;;;;;541,5;;;;;;;;;;;;;;;1006,0;
Dallas;;;;;;;;;;;;;459,8;;;;;507,2;576,4;;627,7;;;;;;;;;;;;;;;
LittleRock;;;;;;;;;;;;;;;;;;526,1;;543,2;;581,3;;;;;;;;;;;;;743,9;722,0
SaintLouis;;;;;;;;;;;;;;;;;462,0;;;;592,6;;475,4;;;;;;599,7;;;;;;;708,3
Chicago;;;;;;;;;;;;;;;392,5;438,0;;;;;;579,7;;;482,1;;;;617,7;;;;;;;
SaultStMarie;;;;;;;;;;;;;;369,5;397,1;;;;;;;;;;494,8;432,2;;;;;;;;;;
Toronto;;;;;;;;;;;;;;;408,1;;;;;;;;509,8;427,1;;432,5;;;603,2;;;;;;;
Montreal;;;;;;;;;;;;;;;;;;;;;;;;373,6;467,1;;445,5;509,2;;;;;;;;
Boston;;;;;;;;;;;;;;;;;;;;;;;;;;455,2;;526,5;;;;;;;;
NewYork;;;;;;;;;;;;;;;;;;;;;;;;;;433,6;452,5;;573,2;567,1;;;;;;
Pittsburgh;;;;;;;;;;;;;;;;;;;;;;620,0;491,2;;465,6;;;493,9;;623,8;723,5;;;;;712,6
Washington;;;;;;;;;;;;;;;;;;;;;;;;;;;;520,4;554,5;;777,3;;;;;
Raleigh;;;;;;;;;;;;;;;;;;;;;;;;;;;;;573,1;655,1;;902,0;780,0;;;697,2
Atlanta;;;;;;;;;;;;;;;;;;;;;;;;;;;;;;;1000,0;;1000,0;1000,0;1000,0;1000,0
Charleston;;;;;;;;;;;;;;;;;;;;;;;;;;;;;;;698,5;902,0;;758,0;;
Miami;;;;;;;;;;;;;;;;;;;;;;;;;;;;;;;;905,0;761,1;;701,7;
NewOrleans;;;;;;;;;;;;;;;;;;;594,6;;620,6;;;;;;;;;;;1004,0;;772,7;;
Nashville;;;;;;;;;;;;;;;;;;;;;543,2;627,1;;;;;;;627,2;;692,5;901,0;;;;
Step_24000;Vancouver;Seattle;Calgary;Portland;Helena;SaltLakeCity;SanFrancisco;LosAngeles;LasVegas;Phoenix;SantaFe;Denver;ElPaso;Winnipeg;Duluth;Omaha;KansasCity;OklahomaCity;Houston;Dallas;LittleRock;SaintLouis;Chicago;SaultStMarie;Toronto;Montreal;Boston;NewYork;Pittsburgh;Washington;Raleigh;Atlanta;Charleston;Miami;NewOrleans;Nashville
Vancouver;;301,3;331,1;;;;;;;;;;;;;;;;;;;;;;;;;;;;;;;;;
Seattle;284,2;;328,3;303,0;349,7;;;;;;;;;;;;;;;;;;;;;;;;;;;;;;;
Calgary;284,1;305,8;;;375,9;;;;;;;;;369,1;;;;;;;;;;;;;;;;;;;;;;
Portland;;296,5;;;;347,6;322,4;;;;;;;;;;;;;;;;;;;;;;;;;;;;;
Helena;;303,7;315,1;;;357,9;;;;;;388,1;;377,6;405,1;433,8;;;;;;;;;;;;;;;;;;;;
SaltLakeCity;;;;294,7;363,4;;325,4;;351,8;;;416,5;;;;;;;;;;;;;;;;;;;;;;;;
SanFrancisco;;;;302,3;;341,3;;993,4;;;;;;;;;;;;;;;;;;;;;;;;;;;;
LosAngeles;;;;;;;316,1;;349,2;395,4;;;977,8;;;;;;;;;;;;;;;;;;;;;;;
LasVegas;;;;;;346,4;;400,3;;;;;;;;;;;;;;;;;;;;;;;;;;;;
Phoenix;;;;;;;;338,7;;;433,7;415,4;504,8;;;;;;;;;;;;;;;;;;;;;;;
SantaFe;;;;;;;;;;413,4;;431,9;448,6;;;;;478,1;;;;;;;;;;;;;;;;;;
Denver;;;;;356,0;339,6;;;;410,1;426,3;;;;;440,3;468,5;475,6;;;;;;;;;;;;;;;;;;
ElPaso;;;;;;;;350,9;;376,2;424,9;;;;;;;523,8;900,9;515,5;;;;;;;;;;;;;;;;
Winnipeg;;;333,7;;367,1;;;;;;;;;;443,8;;;;;;;;;390,0;;;;;;;;;;;;
Duluth;;;;;367,8;;;;;;;;;373,1;;;;;;;;;488,3;411,5;414,5;;;;;;;;;;;
Omaha;;;;;371,6;;;;;;;430,5;;;;;;;;;;;510,1;;;;;;;;;;;;;
KansasCity;;;;;;;;;;;;384,9;;;;;;;;;;581,3;;;;;;;;;;;;;;
OklahomaCity;;;;;;;;;;;432,0;394,9;504,8;;;;;;;511,9;616,9;;;;;;;;;;;;;;;
Houston;;;;;;;;;;;;;462,3;;;;;;;500,8;;;;;;;;;;;;;;;982,3;
Dallas;;;;;;;;;;;;;484,3;;;;;472,0;641,3;;544,3;;;;;;;;;;;;;;;
LittleRock;;;;;;;;;;;;;;;;;;495,0;;505,9;;543,9;;;;;;;;;;;;;760,5;685,9
SaintLouis;;;;;;;;;;;;;;;;;476,1;;;;526,9;;493,0;;;;;;596,8;;;;;;;745,6
Chicago;;;;;;;;;;;;;;;435,5;388,0;;;;;;573,9;;;462,4;;;;526,4;;;;;;;
SaultStMarie;;;;;;;;;;;;;;364,0;433,8;;;;;;;;;;492,6;457,2;;;;;;;;;;
Toronto;;;;;;;;;;;;;;;449,8;;;;;;;;507,8;432,0;;420,7;;;607,1;;;;;;;
Montreal;;;;;;;;;;;;;;;;;;;;;;;;372,6;443,3;;449,6;541,7;;;;;;;;
Boston;;;;;;;;;;;;;;;;;;;;;;;;;;432,7;;533,4;;;;;;;;
NewYork;;;;;;;;;;;;;;;;;;;;;;;;;;435,5;455,2;;614,9;572,8;;;;;;
Pittsburgh;;;;;;;;;;;;;;;;;;;;;;607,1;534,5;;457,9;;;505,5;;667,8;765,5;;;;;715,2
Washington;;;;;;;;;;;;;;;;;;;;;;;;;;;;541,0;600,3;;749,6;;;;;
Raleigh;;;;;;;;;;;;;;;;;;;;;;;;;;;;;576,3;662,0;;902,0;806,1;;;752,9
Atlanta;;;;;;;;;;;;;;;;;;;;;;;;;;;;;;;1000,0;;1000,0;1000,0;1000,0;1000,0
Charleston;;;;;;;;;;;;;;;;;;;;;;;;;;;;;;;791,7;902,0;;763,3;;
Miami;;;;;;;;;;;;;;;;;;;;;;;;;;;;;;;;905,0;786,6;;790,2;
NewOrleans;;;;;;;;;;;;;;;;;;;602,8;;622,3;;;;;;;;;;;984,0;;778,1;;
Nashville;;;;;;;;;;;;;;;;;;;;;666,1;560,5;;;;;;;578,8;;711,2;901,0;;;;
Step_28000;Vancouver;Seattle;Calgary;Portland;Helena;SaltLakeCity;SanFrancisco;LosAngeles;LasVegas;Phoenix;SantaFe;Denver;ElPaso;Winnipeg;Duluth;Omaha;KansasCity;OklahomaCity;Houston;Dallas;LittleRock;SaintLouis;Chicago;SaultStMarie;Toronto;Montreal;Boston;NewYork;Pittsburgh;Washington;Raleigh;Atlanta;Charleston;Miami;NewOrleans;Nashville
Vancouver;;299,5;310,9;;;;;;;;;;;;;;;;;;;;;;;;;;;;;;;;;
Seattle;286,4;;309,7;300,1;367,5;;;;;;;;;;;;;;;;;;;;;;;;;;;;;;;
Calgary;286,4;309,4;;;375,9;;;;;;;;;352,8;;;;;;;;;;;;;;;;;;;;;;
Portland;;291,6;;;;383,0;331,5;;;;;;;;;;;;;;;;;;;;;;;;;;;;;
Helena;;310,9;318,7;;;336,7;;;;;;390,9;;370,3;425,3;414,3;;;;;;;;;;;;;;;;;;;;
SaltLakeCity;;;;313,4;340,7;;452,6;;359,0;;;431,3;;;;;;;;;;;;;;;;;;;;;;;;
SanFrancisco;;;;313,4;;366,8;;898,5;;;;;;;;;;;;;;;;;;;;;;;;;;;;
LosAngeles;;;;;;;450,4;;346,8;424,2;;;908,6;;;;;;;;;;;;;;;;;;;;;;;
LasVegas;;;;;;351,5;;375,9;;;;;;;;;;;;;;;;;;;;;;;;;;;;
Phoenix;;;;;;;;368,8;;;425,3;428,3;449,3;;;;;;;;;;;;;;;;;;;;;;;
SantaFe;;;;;;;;;;412,7;;433,3;464,1;;;;;513,7;;;;;;;;;;;;;;;;;;
Denver;;;;;371,6;370,1;;;;414,6;441,3;;;;;467,4;493,7;509,2;;;;;;;;;;;;;;;;;;
ElPaso;;;;;;;;394,5;;418,0;426,7;;;;;;;479,8;1012,0;516,4;;;;;;;;;;;;;;;;
Winnipeg;;;332,3;;364,1;;;;;;;;;;406,1;;;;;;;;;412,2;;;;;;;;;;;;
Duluth;;;;;379,3;;;;;;;;;371,8;;;;;;;;;507,0;412,9;479,3;;;;;;;;;;;
Omaha;;;;;372,5;;;;;;;428,9;;;;;;;;;;;540,7;;;;;;;;;;;;;
KansasCity;;;;;;;;;;;;423,2;;;;;;;;;;575,1;;;;;;;;;;;;;;
OklahomaCity;;;;;;;;;;;420,4;417,4;530,7;;;;;;;514,0;587,3;;;;;;;;;;;;;;;
Houston;;;;;;;;;;;;;510,2;;;;;;;535,2;;;;;;;;;;;;;;;1006,0;
Dallas;;;;;;;;;;;;;498,3;;;;;494,3;600,1;;658,9;;;;;;;;;;;;;;;
LittleRock;;;;;;;;;;;;;;;;;;500,7;;501,8;;651,4;;;;;;;;;;;;;800,2;652,1
SaintLouis;;;;;;;;;;;;;;;;;512,0;;;;613,6;;548,6;;;;;;599,1;;;;;;;743,9
Chicago;;;;;;;;;;;;;;;423,9;418,8;;;;;;579,1;;;481,9;;;;570,7;;;;;;;
SaultStMarie;;;;;;;;;;;;;;352,0;411,6;;;;;;;;;;448,3;424,4;;;;;;;;;;
Toronto;;;;;;;;;;;;;;;404,7;;;;;;;;476,1;419,0;;416,4;;;672,7;;;;;;;
Montreal;;;;;;;;;;;;;;;;;;;;;;;;379,1;465,9;;459,8;497,5;;;;;;;;
Boston;;;;;;;;;;;;;;;;;;;;;;;;;;430,7;;513,3;;;;;;;;
NewYork;;;;;;;;;;;;;;;;;;;;;;;;;;447,3;435,3;;581,7;652,0;;;;;;
Pittsburgh;;;;;;;;;;;;;;;;;;;;;;598,8;519,9;;495,2;;;571,7;;627,8;793,0;;;;;724,7
Washington;;;;;;;;;;;;;;;;;;;;;;;;;;;;538,4;575,2;;785,1;;;;;
Raleigh;;;;;;;;;;;;;;;;;;;;;;;;;;;;;605,8;652,7;;902,0;776,9;;;730,9
Atlanta;;;;;;;;;;;;;;;;;;;;;;;;;;;;;;;1000,0;;1000,0;1000,0;1000,0;1000,0
Charleston;;;;;;;;;;;;;;;;;;;;;;;;;;;;;;;759,4;902,0;;807,7;;
Miami;;;;;;;;;;;;;;;;;;;;;;;;;;;;;;;;905,0;768,0;;765,1;
NewOrleans;;;;;;;;;;;;;;;;;;;594,4;;638,0;;;;;;;;;;;984,0;;737,5;;
Nashville;;;;;;;;;;;;;;;;;;;;;623,9;581,7;;;;;;;660,3;;776,8;901,0;;;;
Step_32000;Vancouver;Seattle;Calgary;Portland;Helena;SaltLakeCity;SanFrancisco;LosAngeles;LasVegas;Phoenix;SantaFe;Denver;ElPaso;Winnipeg;Duluth;Omaha;KansasCity;OklahomaCity;Houston;Dallas;LittleRock;SaintLouis;Chicago;SaultStMarie;Toronto;Montreal;Boston;NewYork;Pittsburgh;Washington;Raleigh;Atlanta;Charleston;Miami;NewOrleans;Nashville
Vancouver;;301,2;311,8;;;;;;;;;;;;;;;;;;;;;;;;;;;;;;;;;
Seattle;281,9;;306,6;299,3;368,5;;;;;;;;;;;;;;;;;;;;;;;;;;;;;;;
Calgary;285,9;319,9;;;351,0;;;;;;;;;350,9;;;;;;;;;;;;;;;;;;;;;;
Portland;;315,4;;;;367,0;326,5;;;;;;;;;;;;;;;;;;;;;;;;;;;;;
Helena;;302,2;324,2;;;338,2;;;;;;403,8;;378,1;399,6;382,2;;;;;;;;;;;;;;;;;;;;
SaltLakeCity;;;;321,2;339,8;;337,6;;342,5;;;409,6;;;;;;;;;;;;;;;;;;;;;;;;
SanFrancisco;;;;309,8;;341,9;;996,2;;;;;;;;;;;;;;;;;;;;;;;;;;;;
LosAngeles;;;;;;;358,2;;345,2;404,5;;;993,4;;;;;;;;;;;;;;;;;;;;;;;
LasVegas;;;;;;335,5;;415,1;;;;;;;;;;;;;;;;;;;;;;;;;;;;
Phoenix;;;;;;;;367,8;;;411,9;414,9;499,2;;;;;;;;;;;;;;;;;;;;;;;
SantaFe;;;;;;;;;;379,7;;422,3;514,0;;;;;448,1;;;;;;;;;;;;;;;;;;
Denver;;;;;346,0;368,6;;;;392,6;393,9;;;;;443,1;429,2;475,3;;;;;;;;;;;;;;;;;;
ElPaso;;;;;;;;415,2;;381,2;432,8;;;;;;;499,0;987,6;524,4;;;;;;;;;;;;;;;;
Winnipeg;;;330,6;;346,5;;;;;;;;;;440,0;;;;;;;;;385,6;;;;;;;;;;;;
Duluth;;;;;344,6;;;;;;;;;345,3;;;;;;;;;489,1;405,7;480,7;;;;;;;;;;;
Omaha;;;;;357,8;;;;;;;429,1;;;;;;;;;;;514,7;;;;;;;;;;;;;
KansasCity;;;;;;;;;;;;351,2;;;;;;;;;;603,2;;;;;;;;;;;;;;
OklahomaCity;;;;;;;;;;;426,6;403,2;472,3;;;;;;;486,0;623,7;;;;;;;;;;;;;;;
Houston;;;;;;;;;;;;;515,7;;;;;;;495,0;;;;;;;;;;;;;;;982,3;
Dallas;;;;;;;;;;;;;467,5;;;;;463,9;583,5;;561,9;;;;;;;;;;;;;;;
LittleRock;;;;;;;;;;;;;;;;;;451,3;;516,3;;631,6;;;;;;;;;;;;;720,6;619,8
SaintLouis;;;;;;;;;;;;;;;;;517,3;;;;585,1;;492,8;;;;;;616,1;;;;;;;694,8
Chicago;;;;;;;;;;;;;;;450,0;382,5;;;;;;542,5;;;481,1;;;;618,9;;;;;;;
SaultStMarie;;;;;;;;;;;;;;364,7;443,2;;;;;;;;;;421,9;420,4;;;;;;;;;;
Toronto;;;;;;;;;;;;;;;432,0;;;;;;;;481,7;398,7;;412,6;;;578,9;;;;;;;
Montreal;;;;;;;;;;;;;;;;;;;;;;;;398,3;466,0;;443,2;480,7;;;;;;;;
Boston;;;;;;;;;;;;;;;;;;;;;;;;;;430,0;;540,0;;;;;;;;
NewYork;;;;;;;;;;;;;;;;;;;;;;;;;;412,2;465,7;;553,8;618,4;;;;;;
Pittsburgh;;;;;;;;;;;;;;;;;;;;;;558,1;489,2;;456,5;;;503,3;;602,8;732,7;;;;;662,7
Washington;;;;;;;;;;;;;;;;;;;;;;;;;;;;537,7;516,8;;737,2;;;;;
Raleigh;;;;;;;;;;;;;;;;;;;;;;;;;;;;;587,8;554,1;;902,0;764,6;;;658,6
Atlanta;;;;;;;;;;;;;;;;;;;;;;;;;;;;;;;1000,0;;1000,0;1000,0;1000,0;1000,0
Charleston;;;;;;;;;;;;;;;;;;;;;;;;;;;;;;;803,5;902,0;;812,0;;
Miami;;;;;;;;;;;;;;;;;;;;;;;;;;;;;;;;905,0;774,6;;716,0;
NewOrleans;;;;;;;;;;;;;;;;;;;577,7;;544,2;;;;;;;;;;;984,0;;767,5;;
Nashville;;;;;;;;;;;;;;;;;;;;;585,8;499,7;;;;;;;589,8;;681,1;901,0;;;;
Step_36000;Vancouver;Seattle;Calgary;Portland;Helena;SaltLakeCity;SanFrancisco;LosAngeles;LasVegas;Phoenix;SantaFe;Denver;ElPaso;Winnipeg;Duluth;Omaha;KansasCity;OklahomaCity;Houston;Dallas;LittleRock;SaintLouis;Chicago;SaultStMarie;Toronto;Montreal;Boston;NewYork;Pittsburgh;Washington;Raleigh;Atlanta;Charleston;Miami;NewOrleans;Nashville
Vancouver;;321,3;317,9;;;;;;;;;;;;;;;;;;;;;;;;;;;;;;;;;
Seattle;283,6;;310,2;305,2;374,1;;;;;;;;;;;;;;;;;;;;;;;;;;;;;;;
Calgary;284,9;304,8;;;355,1;;;;;;;;;367,4;;;;;;;;;;;;;;;;;;;;;;
Portland;;311,7;;;;336,9;336,5;;;;;;;;;;;;;;;;;;;;;;;;;;;;;
Helena;;309,4;317,5;;;362,6;;;;;;424,3;;346,7;394,9;404,4;;;;;;;;;;;;;;;;;;;;
SaltLakeCity;;;;303,8;365,7;;335,1;;314,9;;;434,0;;;;;;;;;;;;;;;;;;;;;;;;
SanFrancisco;;;;303,7;;373,7;;1021,0;;;;;;;;;;;;;;;;;;;;;;;;;;;;
LosAngeles;;;;;;;333,8;;306,4;418,6;;;1018,0;;;;;;;;;;;;;;;;;;;;;;;
LasVegas;;;;;;312,0;;364,5;;;;;;;;;;;;;;;;;;;;;;;;;;;;
Phoenix;;;;;;;;372,7;;;425,1;404,9;486,8;;;;;;;;;;;;;;;;;;;;;;;
SantaFe;;;;;;;;;;400,9;;429,9;432,2;;;;;523,1;;;;;;;;;;;;;;;;;;
Denver;;;;;383,1;356,7;;;;412,0;431,4;;;;;402,6;477,0;530,6;;;;;;;;;;;;;;;;;;
ElPaso;;;;;;;;363,4;;424,2;422,1;;;;;;;561,6;1012,0;517,2;;;;;;;;;;;;;;;;
Winnipeg;;;301,6;;348,6;;;;;;;;;;408,6;;;;;;;;;398,2;;;;;;;;;;;;
Duluth;;;;;343,5;;;;;;;;;360,8;;;;;;;;;462,1;413,6;451,4;;;;;;;;;;;
Omaha;;;;;326,4;;;;;;;429,8;;;;;;;;;;;519,8;;;;;;;;;;;;;
KansasCity;;;;;;;;;;;;412,6;;;;;;;;;;583,5;;;;;;;;;;;;;;
OklahomaCity;;;;;;;;;;;416,0;428,0;509,8;;;;;;;506,9;694,6;;;;;;;;;;;;;;;
Houston;;;;;;;;;;;;;476,5;;;;;;;535,9;;;;;;;;;;;;;;;1006,0;
Dallas;;;;;;;;;;;;;495,8;;;;;480,4;519,9;;653,2;;;;;;;;;;;;;;;
LittleRock;;;;;;;;;;;;;;;;;;499,5;;518,8;;623,9;;;;;;;;;;;;;777,7;801,2
SaintLouis;;;;;;;;;;;;;;;;;454,0;;;;565,2;;498,7;;;;;;604,0;;;;;;;796,8
Chicago;;;;;;;;;;;;;;;443,9;407,0;;;;;;546,2;;;493,6;;;;558,1;;;;;;;
SaultStMarie;;;;;;;;;;;;;;355,0;384,8;;;;;;;;;;457,9;487,3;;;;;;;;;;
Toronto;;;;;;;;;;;;;;;408,0;;;;;;;;508,3;400,5;;418,6;;;601,4;;;;;;;
Montreal;;;;;;;;;;;;;;;;;;;;;;;;413,2;472,7;;467,8;560,9;;;;;;;;
Boston;;;;;;;;;;;;;;;;;;;;;;;;;;423,7;;519,3;;;;;;;;
NewYork;;;;;;;;;;;;;;;;;;;;;;;;;;461,0;458,6;;578,7;631,1;;;;;;
Pittsburgh;;;;;;;;;;;;;;;;;;;;;;594,1;544,2;;432,9;;;533,2;;635,1;792,1;;;;;675,2
Washington;;;;;;;;;;;;;;;;;;;;;;;;;;;;500,1;537,3;;680,7;;;;;
Raleigh;;;;;;;;;;;;;;;;;;;;;;;;;;;;;600,6;537,1;;902,0;752,4;;;658,8
Atlanta;;;;;;;;;;;;;;;;;;;;;;;;;;;;;;;1000,0;;1000,0;1000,0;1000,0;1000,0
Charleston;;;;;;;;;;;;;;;;;;;;;;;;;;;;;;;758,3;902,0;;795,5;;
Miami;;;;;;;;;;;;;;;;;;;;;;;;;;;;;;;;905,0;774,4;;775,5;
NewOrleans;;;;;;;;;;;;;;;;;;;646,5;;607,7;;;;;;;;;;;1004,0;;781,3;;
Nashville;;;;;;;;;;;;;;;;;;;;;601,0;648,8;;;;;;;641,6;;691,8;901,0;;;;
Step_40000;Vancouver;Seattle;Calgary;Portland;Helena;SaltLakeCity;SanFrancisco;LosAngeles;LasVegas;Phoenix;SantaFe;Denver;ElPaso;Winnipeg;Duluth;Omaha;KansasCity;OklahomaCity;Houston;Dallas;LittleRock;SaintLouis;Chicago;SaultStMarie;Toronto;Montreal;Boston;NewYork;Pittsburgh;Washington;Raleigh;Atlanta;Charleston;Miami;NewOrleans;Nashville
Vancouver;;298,4;311,5;;;;;;;;;;;;;;;;;;;;;;;;;;;;;;;;;
Seattle;276,5;;315,1;318,6;315,8;;;;;;;;;;;;;;;;;;;;;;;;;;;;;;;
Calgary;274,5;306,0;;;354,9;;;;;;;;;362,4;;;;;;;;;;;;;;;;;;;;;;
Portland;;285,3;;;;330,4;320,6;;;;;;;;;;;;;;;;;;;;;;;;;;;;;
Helena;;299,3;316,3;;;359,4;;;;;;361,6;;365,4;433,3;382,7;;;;;;;;;;;;;;;;;;;;
SaltLakeCity;;;;300,8;333,9;;346,9;;345,8;;;422,1;;;;;;;;;;;;;;;;;;;;;;;;
SanFrancisco;;;;309,4;;345,3;;993,5;;;;;;;;;;;;;;;;;;;;;;;;;;;;
LosAngeles;;;;;;;335,6;;346,3;384,6;;;978,1;;;;;;;;;;;;;;;;;;;;;;;
LasVegas;;;;;;361,1;;398,3;;;;;;;;;;;;;;;;;;;;;;;;;;;;
Phoenix;;;;;;;;409,3;;;422,3;420,7;427,4;;;;;;;;;;;;;;;;;;;;;;;
SantaFe;;;;;;;;;;395,2;;440,2;483,6;;;;;508,0;;;;;;;;;;;;;;;;;;
Denver;;;;;347,7;347,9;;;;409,1;438,8;;;;;439,1;463,9;468,1;;;;;;;;;;;;;;;;;;
ElPaso;;;;;;;;371,2;;390,7;433,9;;;;;;;475,2;902,7;532,9;;;;;;;;;;;;;;;;
Winnipeg;;;319,6;;363,8;;;;;;;;;;403,5;;;;;;;;;399,4;;;;;;;;;;;;
Duluth;;;;;350,3;;;;;;;;;345,8;;;;;;;;;459,2;398,1;487,0;;;;;;;;;;;
Omaha;;;;;347,9;;;;;;;412,6;;;;;;;;;;;547,2;;;;;;;;;;;;;
KansasCity;;;;;;;;;;;;403,4;;;;;;;;;;539,2;;;;;;;;;;;;;;
OklahomaCity;;;;;;;;;;;419,2;417,1;480,7;;;;;;;515,8;583,1;;;;;;;;;;;;;;;
Houston;;;;;;;;;;;;;508,5;;;;;;;510,4;;;;;;;;;;;;;;;1006,0;
Dallas;;;;;;;;;;;;;452,5;;;;;480,6;584,3;;549,2;;;;;;;;;;;;;;;
LittleRock;;;;;;;;;;;;;;;;;;488,9;;529,4;;520,4;;;;;;;;;;;;;748,5;646,3
SaintLouis;;;;;;;;;;;;;;;;;415,9;;;;597,0;;498,5;;;;;;600,0;;;;;;;688,7
Chicago;;;;;;;;;;;;;;;401,6;431,3;;;;;;508,2;;;461,9;;;;666,7;;;;;;;
SaultStMarie;;;;;;;;;;;;;;341,1;359,6;;;;;;;;;;482,2;438,0;;;;;;;;;;
Toronto;;;;;;;;;;;;;;;420,5;;;;;;;;533,5;408,7;;445,2;;;599,6;;;;;;;
Montreal;;;;;;;;;;;;;;;;;;;;;;;;394,1;502,7;;446,8;507,4;;;;;;;;
Boston;;;;;;;;;;;;;;;;;;;;;;;;;;422,4;;506,7;;;;;;;;
NewYork;;;;;;;;;;;;;;;;;;;;;;;;;;453,8;438,5;;592,4;608,4;;;;;;
Pittsburgh;;;;;;;;;;;;;;;;;;;;;;544,7;476,6;;472,8;;;505,5;;602,3;733,6;;;;;720,1
Washington;;;;;;;;;;;;;;;;;;;;;;;;;;;;530,5;565,6;;691,3;;;;;
Raleigh;;;;;;;;;;;;;;;;;;;;;;;;;;;;;667,3;587,0;;902,0;796,4;;;728,4
Atlanta;;;;;;;;;;;;;;;;;;;;;;;;;;;;;;;1000,0;;1000,0;1000,0;1000,0;1000,0
Charleston;;;;;;;;;;;;;;;;;;;;;;;;;;;;;;;734,3;902,0;;781,3;;
Miami;;;;;;;;;;;;;;;;;;;;;;;;;;;;;;;;905,0;775,2;;795,7;
NewOrleans;;;;;;;;;;;;;;;;;;;629,2;;624,5;;;;;;;;;;;1004,0;;799,7;;
Nashville;;;;;;;;;;;;;;;;;;;;;623,0;570,2;;;;;;;625,4;;790,1;901,0;;;;
Step_4000;Vancouver;Seattle;Calgary;Portland;Helena;SaltLakeCity;SanFrancisco;LosAngeles;LasVegas;Phoenix;SantaFe;Denver;ElPaso;Winnipeg;Duluth;Omaha;KansasCity;OklahomaCity;Houston;Dallas;LittleRock;SaintLouis;Chicago;SaultStMarie;Toronto;Montreal;Boston;NewYork;Pittsburgh;Washington;Raleigh;Atlanta;Charleston;Miami;NewOrleans;Nashville
Vancouver;;260,1;233,1;;;;;;;;;;;;;;;;;;;;;;;;;;;;;;;;;
Seattle;231,5;;265,7;303,4;270,9;;;;;;;;;;;;;;;;;;;;;;;;;;;;;;;
Calgary;153,5;218,2;;;325,8;;;;;;;;;113,5;;;;;;;;;;;;;;;;;;;;;;
Portland;;244,5;;;;364,5;343,4;;;;;;;;;;;;;;;;;;;;;;;;;;;;;
Helena;;254,5;245,1;;;334,8;;;;;;404,7;;186,3;265,1;349,8;;;;;;;;;;;;;;;;;;;;
SaltLakeCity;;;;308,9;322,0;;332,8;;333,5;;;411,4;;;;;;;;;;;;;;;;;;;;;;;;
SanFrancisco;;;;281,0;;359,1;;1021,0;;;;;;;;;;;;;;;;;;;;;;;;;;;;
LosAngeles;;;;;;;326,1;;338,7;399,1;;;1018,0;;;;;;;;;;;;;;;;;;;;;;;
LasVegas;;;;;;344,0;;382,2;;;;;;;;;;;;;;;;;;;;;;;;;;;;
Phoenix;;;;;;;;365,2;;;424,6;420,1;441,5;;;;;;;;;;;;;;;;;;;;;;;
SantaFe;;;;;;;;;;395,5;;400,5;465,5;;;;;470,1;;;;;;;;;;;;;;;;;;
Denver;;;;;312,4;365,0;;;;389,6;408,2;;;;;383,0;417,7;472,2;;;;;;;;;;;;;;;;;;
ElPaso;;;;;;;;384,2;;408,3;414,2;;;;;;;488,5;1012,0;497,7;;;;;;;;;;;;;;;;
Winnipeg;;;165,4;;206,6;;;;;;;;;;276,3;;;;;;;;;126,4;;;;;;;;;;;;
Duluth;;;;;290,9;;;;;;;;;136,1;;;;;;;;;339,6;;253,3;;;;;;;;;;;
Omaha;;;;;338,1;;;;;;;448,4;;;;;;;;;;;350,8;;;;;;;;;;;;;
KansasCity;;;;;;;;;;;;399,0;;;;;;;;;;486,8;;;;;;;;;;;;;;
OklahomaCity;;;;;;;;;;;415,2;370,4;468,0;;;;;;;515,3;559,2;;;;;;;;;;;;;;;
Houston;;;;;;;;;;;;;474,5;;;;;;;510,3;;;;;;;;;;;;;;;1006,0;
Dallas;;;;;;;;;;;;;474,7;;;;;474,0;616,1;;618,3;;;;;;;;;;;;;;;
LittleRock;;;;;;;;;;;;;;;;;;490,2;;502,3;;617,8;;;;;;;;;;;;;690,0;725,6
SaintLouis;;;;;;;;;;;;;;;;;436,7;;;;659,3;;410,5;;;;;;534,0;;;;;;;714,3
Chicago;;;;;;;;;;;;;;;213,0;321,6;;;;;;561,2;;;377,1;;;;502,0;;;;;;;
SaultStMarie;;;;;;;;;;;;;;-1,0;;;;;;;;;;;273,7;5,8;;;;;;;;;;
Toronto;;;;;;;;;;;;;;;37,1;;;;;;;;247,3;131,2;;64,8;;;446,0;;;;;;;
Montreal;;;;;;;;;;;;;;;;;;;;;;;;40,6;88,1;;65,0;287,5;;;;;;;;
Boston;;;;;;;;;;;;;;;;;;;;;;;;;;31,3;;289,4;;;;;;;;
NewYork;;;;;;;;;;;;;;;;;;;;;;;;;;161,0;92,9;;544,2;503,9;;;;;;
Pittsburgh;;;;;;;;;;;;;;;;;;;;;;557,9;428,1;;344,6;;;244,9;;479,6;695,5;;;;;658,6
Washington;;;;;;;;;;;;;;;;;;;;;;;;;;;;349,9;367,1;;657,6;;;;;
Raleigh;;;;;;;;;;;;;;;;;;;;;;;;;;;;;531,4;602,3;;902,0;716,3;;;616,6
Atlanta;;;;;;;;;;;;;;;;;;;;;;;;;;;;;;;1000,0;;1000,0;1000,0;1000,0;1000,0
Charleston;;;;;;;;;;;;;;;;;;;;;;;;;;;;;;;698,8;902,0;;654,0;;
Miami;;;;;;;;;;;;;;;;;;;;;;;;;;;;;;;;905,0;747,8;;786,6;
NewOrleans;;;;;;;;;;;;;;;;;;;607,9;;612,3;;;;;;;;;;;1004,0;;769,8;;
Nashville;;;;;;;;;;;;;;;;;;;;;628,0;560,3;;;;;;;490,8;;721,2;901,0;;;;
Step_8000;Vancouver;Seattle;Calgary;Portland;Helena;SaltLakeCity;SanFrancisco;LosAngeles;LasVegas;Phoenix;SantaFe;Denver;ElPaso;Winnipeg;Duluth;Omaha;KansasCity;OklahomaCity;Houston;Dallas;LittleRock;SaintLouis;Chicago;SaultStMarie;Toronto;Montreal;Boston;NewYork;Pittsburgh;Washington;Raleigh;Atlanta;Charleston;Miami;NewOrleans;Nashville
Vancouver;;273,4;273,4;;;;;;;;;;;;;;;;;;;;;;;;;;;;;;;;;
Seattle;255,2;;273,9;290,6;361,0;;;;;;;;;;;;;;;;;;;;;;;;;;;;;;;
Calgary;246,1;269,3;;;345,0;;;;;;;;;267,4;;;;;;;;;;;;;;;;;;;;;;
Portland;;302,8;;;;333,9;349,8;;;;;;;;;;;;;;;;;;;;;;;;;;;;;
Helena;;297,9;269,1;;;345,8;;;;;;409,1;;324,4;413,4;417,0;;;;;;;;;;;;;;;;;;;;
SaltLakeCity;;;;309,0;339,9;;329,8;;342,3;;;415,1;;;;;;;;;;;;;;;;;;;;;;;;
SanFrancisco;;;;311,8;;348,0;;980,7;;;;;;;;;;;;;;;;;;;;;;;;;;;;
LosAngeles;;;;;;;351,1;;334,6;412,8;;;907,5;;;;;;;;;;;;;;;;;;;;;;;
LasVegas;;;;;;342,2;;370,5;;;;;;;;;;;;;;;;;;;;;;;;;;;;
Phoenix;;;;;;;;403,1;;;432,9;422,1;448,1;;;;;;;;;;;;;;;;;;;;;;;
SantaFe;;;;;;;;;;405,8;;410,8;465,0;;;;;484,2;;;;;;;;;;;;;;;;;;
Denver;;;;;345,3;356,4;;;;403,7;417,5;;;;;420,8;450,7;529,2;;;;;;;;;;;;;;;;;;
ElPaso;;;;;;;;391,7;;401,9;424,8;;;;;;;476,3;980,7;510,5;;;;;;;;;;;;;;;;
Winnipeg;;;283,2;;306,2;;;;;;;;;;383,5;;;;;;;;;245,8;;;;;;;;;;;;
Duluth;;;;;379,1;;;;;;;;;311,0;;;;;;;;;517,2;;389,2;;;;;;;;;;;
Omaha;;;;;336,1;;;;;;;419,1;;;;;;;;;;;471,8;;;;;;;;;;;;;
KansasCity;;;;;;;;;;;;426,9;;;;;;;;;;560,7;;;;;;;;;;;;;;
OklahomaCity;;;;;;;;;;;454,4;399,1;452,0;;;;;;;531,0;601,3;;;;;;;;;;;;;;;
Houston;;;;;;;;;;;;;494,4;;;;;;;563,5;;;;;;;;;;;;;;;943,7;
Dallas;;;;;;;;;;;;;567,1;;;;;515,5;544,5;;645,4;;;;;;;;;;;;;;;
LittleRock;;;;;;;;;;;;;;;;;;492,1;;555,7;;609,1;;;;;;;;;;;;;711,1;690,5
SaintLouis;;;;;;;;;;;;;;;;;420,7;;;;594,7;;456,5;;;;;;578,0;;;;;;;709,8
Chicago;;;;;;;;;;;;;;;427,4;416,1;;;;;;497,5;;;397,3;;;;554,2;;;;;;;
SaultStMarie;;;;;;;;;;;;;;127,6;;;;;;;;;;;482,2;167,6;;;;;;;;;;
Toronto;;;;;;;;;;;;;;;315,4;;;;;;;;434,8;319,2;;261,0;;;562,8;;;;;;;
Montreal;;;;;;;;;;;;;;;;;;;;;;;;45,5;183,4;;170,8;389,4;;;;;;;;
Boston;;;;;;;;;;;;;;;;;;;;;;;;;;251,6;;362,9;;;;;;;;
NewYork;;;;;;;;;;;;;;;;;;;;;;;;;;281,5;299,5;;583,3;576,9;;;;;;
Pittsburgh;;;;;;;;;;;;;;;;;;;;;;568,7;466,3;;406,3;;;534,4;;594,8;642,1;;;;;703,4
Washington;;;;;;;;;;;;;;;;;;;;;;;;;;;;499,0;559,4;;703,4;;;;;
Raleigh;;;;;;;;;;;;;;;;;;;;;;;;;;;;;562,5;532,4;;902,0;757,7;;;756,5
Atlanta;;;;;;;;;;;;;;;;;;;;;;;;;;;;;;;1000,0;;1000,0;1000,0;1000,0;1000,0
Charleston;;;;;;;;;;;;;;;;;;;;;;;;;;;;;;;667,3;902,0;;743,3;;
Miami;;;;;;;;;;;;;;;;;;;;;;;;;;;;;;;;905,0;760,8;;746,1;
NewOrleans;;;;;;;;;;;;;;;;;;;608,6;;635,0;;;;;;;;;;;1004,0;;769,6;;
Nashville;;;;;;;;;;;;;;;;;;;;;629,5;551,8;;;;;;;558,8;;676,7;901,0;;;;
Step_12000;Vancouver;Seattle;Calgary;Portland;Helena;SaltLakeCity;SanFrancisco;LosAngeles;LasVegas;Phoenix;SantaFe;Denver;ElPaso;Winnipeg;Duluth;Omaha;KansasCity;OklahomaCity;Houston;Dallas;LittleRock;SaintLouis;Chicago;SaultStMarie;Toronto;Montreal;Boston;NewYork;Pittsburgh;Washington;Raleigh;Atlanta;Charleston;Miami;NewOrleans;Nashville
Vancouver;;268,4;299,1;;;;;;;;;;;;;;;;;;;;;;;;;;;;;;;;;
Seattle;262,6;;292,0;319,9;375,5;;;;;;;;;;;;;;;;;;;;;;;;;;;;;;;
Calgary;264,7;308,6;;;350,2;;;;;;;;;335,4;;;;;;;;;;;;;;;;;;;;;;
Portland;;313,7;;;;354,0;336,8;;;;;;;;;;;;;;;;;;;;;;;;;;;;;
Helena;;313,5;299,3;;;337,3;;;;;;438,1;;337,2;407,9;399,1;;;;;;;;;;;;;;;;;;;;
SaltLakeCity;;;;318,8;363,4;;319,3;;366,2;;;426,2;;;;;;;;;;;;;;;;;;;;;;;;
SanFrancisco;;;;305,0;;352,0;;1021,0;;;;;;;;;;;;;;;;;;;;;;;;;;;;
LosAngeles;;;;;;;336,4;;365,6;416,3;;;1018,0;;;;;;;;;;;;;;;;;;;;;;;
LasVegas;;;;;;370,5;;402,7;;;;;;;;;;;;;;;;;;;;;;;;;;;;
Phoenix;;;;;;;;427,0;;;442,2;426,0;479,9;;;;;;;;;;;;;;;;;;;;;;;
SantaFe;;;;;;;;;;420,4;;391,4;496,1;;;;;524,4;;;;;;;;;;;;;;;;;;
Denver;;;;;333,3;370,7;;;;423,8;435,0;;;;;406,4;496,7;484,4;;;;;;;;;;;;;;;;;;
ElPaso;;;;;;;;390,9;;416,0;412,9;;;;;;;507,6;1012,0;546,0;;;;;;;;;;;;;;;;
Winnipeg;;;304,0;;349,6;;;;;;;;;;386,6;;;;;;;;;331,8;;;;;;;;;;;;
Duluth;;;;;364,2;;;;;;;;;332,3;;;;;;;;;501,4;;437,6;;;;;;;;;;;
Omaha;;;;;370,5;;;;;;;393,2;;;;;;;;;;;471,1;;;;;;;;;;;;;
KansasCity;;;;;;;;;;;;423,9;;;;;;;;;;567,3;;;;;;;;;;;;;;
OklahomaCity;;;;;;;;;;;418,0;448,4;512,1;;;;;;;534,8;553,0;;;;;;;;;;;;;;;
Houston;;;;;;;;;;;;;524,5;;;;;;;563,0;;;;;;;;;;;;;;;1006,0;
Dallas;;;;;;;;;;;;;497,0;;;;;517,3;622,5;;616,2;;;;;;;;;;;;;;;
LittleRock;;;;;;;;;;;;;;;;;;531,3;;516,5;;548,3;;;;;;;;;;;;;781,5;713,8
SaintLouis;;;;;;;;;;;;;;;;;497,6;;;;644,7;;490,0;;;;;;556,9;;;;;;;638,2
Chicago;;;;;;;;;;;;;;;444,1;406,9;;;;;;537,6;;;452,5;;;;537,8;;;;;;;
SaultStMarie;;;;;;;;;;;;;;264,5;;;;;;;;;;;465,8;313,9;;;;;;;;;;
Toronto;;;;;;;;;;;;;;;403,9;;;;;;;;478,8;312,2;;353,5;;;584,5;;;;;;;
Montreal;;;;;;;;;;;;;;;;;;;;;;;;224,6;319,3;;345,2;520,5;;;;;;;;
Boston;;;;;;;;;;;;;;;;;;;;;;;;;;348,8;;514,8;;;;;;;;
NewYork;;;;;;;;;;;;;;;;;;;;;;;;;;391,4;443,8;;536,9;575,1;;;;;;
Pittsburgh;;;;;;;;;;;;;;;;;;;;;;561,4;499,5;;441,7;;;506,4;;551,4;654,7;;;;;678,1
Washington;;;;;;;;;;;;;;;;;;;;;;;;;;;;480,6;538,8;;678,0;;;;;
Raleigh;;;;;;;;;;;;;;;;;;;;;;;;;;;;;555,4;534,8;;902,0;761,0;;;639,6
Atlanta;;;;;;;;;;;;;;;;;;;;;;;;;;;;;;;1000,0;;1000,0;1000,0;1000,0;1000,0
Charleston;;;;;;;;;;;;;;;;;;;;;;;;;;;;;;;731,9;902,0;;783,5;;
Miami;;;;;;;;;;;;;;;;;;;;;;;;;;;;;;;;905,0;771,3;;813,4;
NewOrleans;;;;;;;;;;;;;;;;;;;604,5;;625,2;;;;;;;;;;;1004,0;;780,7;;
Nashville;;;;;;;;;;;;;;;;;;;;;603,3;567,0;;;;;;;610,2;;645,7;901,0;;;;
Step_16000;Vancouver;Seattle;Calgary;Portland;Helena;SaltLakeCity;SanFrancisco;LosAngeles;LasVegas;Phoenix;SantaFe;Denver;ElPaso;Winnipeg;Duluth;Omaha;KansasCity;OklahomaCity;Houston;Dallas;LittleRock;SaintLouis;Chicago;SaultStMarie;Toronto;Montreal;Boston;NewYork;Pittsburgh;Washington;Raleigh;Atlanta;Charleston;Miami;NewOrleans;Nashville
Vancouver;;300,0;316,2;;;;;;;;;;;;;;;;;;;;;;;;;;;;;;;;;
Seattle;282,5;;310,3;287,3;334,2;;;;;;;;;;;;;;;;;;;;;;;;;;;;;;;
Calgary;269,7;281,7;;;349,8;;;;;;;;;334,4;;;;;;;;;;;;;;;;;;;;;;
Portland;;265,0;;;;339,0;346,0;;;;;;;;;;;;;;;;;;;;;;;;;;;;;
Helena;;280,3;311,3;;;354,6;;;;;;370,9;;344,1;456,4;392,5;;;;;;;;;;;;;;;;;;;;
SaltLakeCity;;;;306,0;338,1;;434,5;;328,8;;;411,1;;;;;;;;;;;;;;;;;;;;;;;;
SanFrancisco;;;;314,1;;346,4;;885,2;;;;;;;;;;;;;;;;;;;;;;;;;;;;
LosAngeles;;;;;;;362,8;;376,4;431,6;;;892,2;;;;;;;;;;;;;;;;;;;;;;;
LasVegas;;;;;;335,5;;479,2;;;;;;;;;;;;;;;;;;;;;;;;;;;;
Phoenix;;;;;;;;490,7;;;409,1;416,3;494,9;;;;;;;;;;;;;;;;;;;;;;;
SantaFe;;;;;;;;;;415,5;;417,6;482,5;;;;;501,4;;;;;;;;;;;;;;;;;;
Denver;;;;;328,8;361,6;;;;413,9;423,8;;;;;438,2;470,0;488,9;;;;;;;;;;;;;;;;;;
ElPaso;;;;;;;;395,9;;425,7;436,8;;;;;;;455,3;914,4;547,4;;;;;;;;;;;;;;;;
Winnipeg;;;296,4;;359,8;;;;;;;;;;430,3;;;;;;;;;374,0;;;;;;;;;;;;
Duluth;;;;;356,9;;;;;;;;;343,2;;;;;;;;;540,2;;413,9;;;;;;;;;;;
Omaha;;;;;334,1;;;;;;;432,5;;;;;;;;;;;496,2;;;;;;;;;;;;;
KansasCity;;;;;;;;;;;;390,0;;;;;;;;;;537,7;;;;;;;;;;;;;;
OklahomaCity;;;;;;;;;;;442,1;389,6;478,6;;;;;;;530,7;622,1;;;;;;;;;;;;;;;
Houston;;;;;;;;;;;;;575,5;;;;;;;542,0;;;;;;;;;;;;;;;913,9;
Dallas;;;;;;;;;;;;;470,7;;;;;523,6;586,6;;615,3;;;;;;;;;;;;;;;
LittleRock;;;;;;;;;;;;;;;;;;488,7;;516,7;;536,7;;;;;;;;;;;;;694,8;687,0
SaintLouis;;;;;;;;;;;;;;;;;422,2;;;;618,0;;477,7;;;;;;641,2;;;;;;;704,7
Chicago;;;;;;;;;;;;;;;438,3;409,6;;;;;;535,2;;;515,7;;;;617,2;;;;;;;
SaultStMarie;;;;;;;;;;;;;;329,3;;;;;;;;;;;491,6;409,3;;;;;;;;;;
Toronto;;;;;;;;;;;;;;;421,8;;;;;;;;515,6;405,0;;422,9;;;564,6;;;;;;;
Montreal;;;;;;;;;;;;;;;;;;;;;;;;290,9;418,7;;408,1;465,3;;;;;;;;
Boston;;;;;;;;;;;;;;;;;;;;;;;;;;423,2;;487,0;;;;;;;;
NewYork;;;;;;;;;;;;;;;;;;;;;;;;;;398,4;428,4;;606,0;645,9;;;;;;
Pittsburgh;;;;;;;;;;;;;;;;;;;;;;530,8;518,0;;474,1;;;505,3;;637,9;754,6;;;;;709,8
Washington;;;;;;;;;;;;;;;;;;;;;;;;;;;;515,6;622,4;;801,2;;;;;
Raleigh;;;;;;;;;;;;;;;;;;;;;;;;;;;;;612,5;693,6;;902,0;746,7;;;668,8
Atlanta;;;;;;;;;;;;;;;;;;;;;;;;;;;;;;;1000,0;;1000,0;1000,0;1000,0;1000,0
Charleston;;;;;;;;;;;;;;;;;;;;;;;;;;;;;;;720,5;902,0;;783,9;;
Miami;;;;;;;;;;;;;;;;;;;;;;;;;;;;;;;;905,0;799,3;;733,3;
NewOrleans;;;;;;;;;;;;;;;;;;;603,9;;642,0;;;;;;;;;;;1004,0;;761,1;;
Nashville;;;;;;;;;;;;;;;;;;;;;624,1;554,6;;;;;;;632,3;;780,3;901,0;;;;
Step_20000;Vancouver;Seattle;Calgary;Portland;Helena;SaltLakeCity;SanFrancisco;LosAngeles;LasVegas;Phoenix;SantaFe;Denver;ElPaso;Winnipeg;Duluth;Omaha;KansasCity;OklahomaCity;Houston;Dallas;LittleRock;SaintLouis;Chicago;SaultStMarie;Toronto;Montreal;Boston;NewYork;Pittsburgh;Washington;Raleigh;Atlanta;Charleston;Miami;NewOrleans;Nashville
Vancouver;;300,1;305,7;;;;;;;;;;;;;;;;;;;;;;;;;;;;;;;;;
Seattle;283,5;;312,7;303,1;334,3;;;;;;;;;;;;;;;;;;;;;;;;;;;;;;;
Calgary;284,2;314,7;;;351,7;;;;;;;;;342,7;;;;;;;;;;;;;;;;;;;;;;
Portland;;301,0;;;;357,7;333,8;;;;;;;;;;;;;;;;;;;;;;;;;;;;;
Helena;;300,1;302,0;;;366,3;;;;;;395,7;;332,8;367,1;365,0;;;;;;;;;;;;;;;;;;;;
SaltLakeCity;;;;313,7;338,9;;330,8;;349,5;;;428,1;;;;;;;;;;;;;;;;;;;;;;;;
SanFrancisco;;;;314,8;;348,6;;996,2;;;;;;;;;;;;;;;;;;;;;;;;;;;;
LosAngeles;;;;;;;320,7;;316,8;417,2;;;993,4;;;;;;;;;;;;;;;;;;;;;;;
LasVegas;;;;;;333,1;;389,6;;;;;;;;;;;;;;;;;;;;;;;;;;;;
Phoenix;;;;;;;;399,6;;;430,8;416,2;430,0;;;;;;;;;;;;;;;;;;;;;;;
SantaFe;;;;;;;;;;397,9;;417,6;502,0;;;;;485,6;;;;;;;;;;;;;;;;;;
Denver;;;;;361,8;341,2;;;;407,2;428,2;;;;;426,8;440,2;502,1;;;;;;;;;;;;;;;;;;
ElPaso;;;;;;;;375,9;;411,5;392,5;;;;;;;504,1;987,6;513,6;;;;;;;;;;;;;;;;
Winnipeg;;;310,3;;362,7;;;;;;;;;;393,7;;;;;;;;;368,9;;;;;;;;;;;;
Duluth;;;;;361,1;;;;;;;;;326,9;;;;;;;;;486,8;;449,1;;;;;;;;;;;
Omaha;;;;;317,3;;;;;;;426,7;;;;;;;;;;;475,4;;;;;;;;;;;;;
KansasCity;;;;;;;;;;;;403,7;;;;;;;;;;516,2;;;;;;;;;;;;;;
OklahomaCity;;;;;;;;;;;442,9;405,6;488,9;;;;;;;527,2;583,5;;;;;;;;;;;;;;;
Houston;;;;;;;;;;;;;463,8;;;;;;;534,9;;;;;;;;;;;;;;;982,3;
Dallas;;;;;;;;;;;;;506,9;;;;;497,9;588,9;;581,4;;;;;;;;;;;;;;;
LittleRock;;;;;;;;;;;;;;;;;;481,5;;518,0;;530,6;;;;;;;;;;;;;679,3;730,7
SaintLouis;;;;;;;;;;;;;;;;;447,8;;;;560,3;;449,0;;;;;;557,0;;;;;;;588,0
Chicago;;;;;;;;;;;;;;;396,8;403,7;;;;;;565,6;;;445,7;;;;522,3;;;;;;;
SaultStMarie;;;;;;;;;;;;;;345,0;;;;;;;;;;;442,7;408,3;;;;;;;;;;
Toronto;;;;;;;;;;;;;;;388,2;;;;;;;;481,9;385,1;;451,8;;;556,4;;;;;;;
Montreal;;;;;;;;;;;;;;;;;;;;;;;;359,5;456,9;;428,9;525,3;;;;;;;;
Boston;;;;;;;;;;;;;;;;;;;;;;;;;;429,3;;488,7;;;;;;;;
NewYork;;;;;;;;;;;;;;;;;;;;;;;;;;418,5;419,5;;594,8;634,9;;;;;;
Pittsburgh;;;;;;;;;;;;;;;;;;;;;;574,4;447,1;;463,6;;;533,6;;620,8;731,9;;;;;680,2
Washington;;;;;;;;;;;;;;;;;;;;;;;;;;;;457,5;546,2;;695,7;;;;;
Raleigh;;;;;;;;;;;;;;;;;;;;;;;;;;;;;579,2;642,4;;902,0;785,5;;;729,5
Atlanta;;;;;;;;;;;;;;;;;;;;;;;;;;;;;;;1000,0;;1000,0;1000,0;1000,0;1000,0
Charleston;;;;;;;;;;;;;;;;;;;;;;;;;;;;;;;762,3;902,0;;737,5;;
Miami;;;;;;;;;;;;;;;;;;;;;;;;;;;;;;;;905,0;782,2;;739,4;
NewOrleans;;;;;;;;;;;;;;;;;;;652,2;;603,4;;;;;;;;;;;984,0;;765,3;;
Nashville;;;;;;;;;;;;;;;;;;;;;631,6;497,8;;;;;;;510,0;;742,9;901,0;;;;
Step_24000;Vancouver;Seattle;Calgary;Portland;Helena;SaltLakeCity;SanFrancisco;LosAngeles;LasVegas;Phoenix;SantaFe;Denver;ElPaso;Winnipeg;Duluth;Omaha;KansasCity;OklahomaCity;Houston;Dallas;LittleRock;SaintLouis;Chicago;SaultStMarie;Toronto;Montreal;Boston;NewYork;Pittsburgh;Washington;Raleigh;Atlanta;Charleston;Miami;NewOrleans;Nashville
Vancouver;;292,5;309,1;;;;;;;;;;;;;;;;;;;;;;;;;;;;;;;;;
Seattle;280,9;;323,8;308,3;365,3;;;;;;;;;;;;;;;;;;;;;;;;;;;;;;;
Calgary;279,0;301,3;;;349,7;;;;;;;;;352,2;;;;;;;;;;;;;;;;;;;;;;
Portland;;304,0;;;;339,9;304,9;;;;;;;;;;;;;;;;;;;;;;;;;;;;;
Helena;;291,5;311,2;;;357,1;;;;;;442,3;;363,1;419,2;407,9;;;;;;;;;;;;;;;;;;;;
SaltLakeCity;;;;323,4;380,2;;324,0;;351,2;;;453,9;;;;;;;;;;;;;;;;;;;;;;;;
SanFrancisco;;;;300,3;;354,1;;882,8;;;;;;;;;;;;;;;;;;;;;;;;;;;;
LosAngeles;;;;;;;426,6;;354,5;415,0;;;1020,0;;;;;;;;;;;;;;;;;;;;;;;
LasVegas;;;;;;367,5;;400,1;;;;;;;;;;;;;;;;;;;;;;;;;;;;
Phoenix;;;;;;;;379,6;;;437,9;458,6;468,7;;;;;;;;;;;;;;;;;;;;;;;
SantaFe;;;;;;;;;;418,5;;423,8;456,5;;;;;494,9;;;;;;;;;;;;;;;;;;
Denver;;;;;376,8;384,5;;;;400,3;443,8;;;;;439,6;467,1;547,5;;;;;;;;;;;;;;;;;;
ElPaso;;;;;;;;404,5;;397,2;426,8;;;;;;;1014,0;498,6;505,1;;;;;;;;;;;;;;;;
Winnipeg;;;309,0;;386,3;;;;;;;;;;404,9;;;;;;;;;388,0;;;;;;;;;;;;
Duluth;;;;;375,8;;;;;;;;;347,1;;;;;;;;;498,6;;469,1;;;;;;;;;;;
Omaha;;;;;347,5;;;;;;;435,2;;;;;;;;;;;510,5;;;;;;;;;;;;;
KansasCity;;;;;;;;;;;;444,4;;;;;;;;;;596,5;;;;;;;;;;;;;;
OklahomaCity;;;;;;;;;;;437,0;441,7;485,5;;;;;;;523,8;1009,0;;;;;;;;;;;;;;;
Houston;;;;;;;;;;;;;439,5;;;;;;;543,3;;;;;;;;;;;;;;;674,7;
Dallas;;;;;;;;;;;;;456,7;;;;;501,7;524,4;;545,7;;;;;;;;;;;;;;;
LittleRock;;;;;;;;;;;;;;;;;;482,9;;530,2;;620,3;;;;;;;;;;;;;983,3;698,7
SaintLouis;;;;;;;;;;;;;;;;;491,2;;;;582,2;;492,3;;;;;;599,8;;;;;;;684,0
Chicago;;;;;;;;;;;;;;;410,1;417,6;;;;;;560,8;;;441,9;;;;634,7;;;;;;;
SaultStMarie;;;;;;;;;;;;;;361,8;;;;;;;;;;;437,6;450,2;;;;;;;;;;
Toronto;;;;;;;;;;;;;;;427,0;;;;;;;;501,1;405,8;;463,2;;;575,8;;;;;;;
Montreal;;;;;;;;;;;;;;;;;;;;;;;;367,6;487,0;;418,2;495,2;;;;;;;;
Boston;;;;;;;;;;;;;;;;;;;;;;;;;;416,4;;489,7;;;;;;;;
NewYork;;;;;;;;;;;;;;;;;;;;;;;;;;461,4;424,6;;576,5;677,1;;;;;;
Pittsburgh;;;;;;;;;;;;;;;;;;;;;;579,1;531,1;;464,4;;;571,1;;588,8;651,3;;;;;668,0
Washington;;;;;;;;;;;;;;;;;;;;;;;;;;;;548,7;571,8;;791,7;;;;;
Raleigh;;;;;;;;;;;;;;;;;;;;;;;;;;;;;582,3;660,0;;902,0;761,2;;;672,9
Atlanta;;;;;;;;;;;;;;;;;;;;;;;;;;;;;;;1000,0;;1000,0;1000,0;1000,0;1000,0
Charleston;;;;;;;;;;;;;;;;;;;;;;;;;;;;;;;727,4;902,0;;799,7;;
Miami;;;;;;;;;;;;;;;;;;;;;;;;;;;;;;;;905,0;745,8;;687,4;
NewOrleans;;;;;;;;;;;;;;;;;;;521,7;;597,1;;;;;;;;;;;984,0;;770,0;;
Nashville;;;;;;;;;;;;;;;;;;;;;639,3;556,0;;;;;;;556,9;;781,6;901,0;;;;
Step_28000;Vancouver;Seattle;Calgary;Portland;Helena;SaltLakeCity;SanFrancisco;LosAngeles;LasVegas;Phoenix;SantaFe;Denver;ElPaso;Winnipeg;Duluth;Omaha;KansasCity;OklahomaCity;Houston;Dallas;LittleRock;SaintLouis;Chicago;SaultStMarie;Toronto;Montreal;Boston;NewYork;Pittsburgh;Washington;Raleigh;Atlanta;Charleston;Miami;NewOrleans;Nashville
Vancouver;;300,9;318,4;;;;;;;;;;;;;;;;;;;;;;;;;;;;;;;;;
Seattle;281,0;;321,3;319,6;366,4;;;;;;;;;;;;;;;;;;;;;;;;;;;;;;;
Calgary;276,1;311,7;;;360,9;;;;;;;;;352,4;;;;;;;;;;;;;;;;;;;;;;
Portland;;290,1;;;;373,3;341,8;;;;;;;;;;;;;;;;;;;;;;;;;;;;;
Helena;;298,4;304,6;;;368,7;;;;;;427,1;;353,9;413,1;406,2;;;;;;;;;;;;;;;;;;;;
SaltLakeCity;;;;324,1;359,4;;343,0;;337,4;;;431,0;;;;;;;;;;;;;;;;;;;;;;;;
SanFrancisco;;;;308,4;;358,6;;1021,0;;;;;;;;;;;;;;;;;;;;;;;;;;;;
LosAngeles;;;;;;;345,5;;337,6;400,8;;;1018,0;;;;;;;;;;;;;;;;;;;;;;;
LasVegas;;;;;;346,6;;367,3;;;;;;;;;;;;;;;;;;;;;;;;;;;;
Phoenix;;;;;;;;360,4;;;449,1;410,6;471,4;;;;;;;;;;;;;;;;;;;;;;;
SantaFe;;;;;;;;;;435,9;;430,4;454,3;;;;;501,1;;;;;;;;;;;;;;;;;;
Denver;;;;;362,9;363,9;;;;452,3;432,1;;;;;407,2;522,4;492,2;;;;;;;;;;;;;;;;;;
ElPaso;;;;;;;;401,8;;464,7;418,5;;;;;;;450,2;1012,0;527,5;;;;;;;;;;;;;;;;
Winnipeg;;;334,6;;364,4;;;;;;;;;;395,4;;;;;;;;;399,4;;;;;;;;;;;;
Duluth;;;;;376,0;;;;;;;;;360,5;;;;;;;;;462,8;;519,2;;;;;;;;;;;
Omaha;;;;;333,7;;;;;;;418,7;;;;;;;;;;;500,8;;;;;;;;;;;;;
KansasCity;;;;;;;;;;;;414,7;;;;;;;;;;615,1;;;;;;;;;;;;;;
OklahomaCity;;;;;;;;;;;447,6;409,3;433,7;;;;;;;535,8;587,6;;;;;;;;;;;;;;;
Houston;;;;;;;;;;;;;514,0;;;;;;;521,9;;;;;;;;;;;;;;;1006,0;
Dallas;;;;;;;;;;;;;485,0;;;;;516,4;575,1;;623,4;;;;;;;;;;;;;;;
LittleRock;;;;;;;;;;;;;;;;;;516,2;;517,7;;604,1;;;;;;;;;;;;;678,4;699,6
SaintLouis;;;;;;;;;;;;;;;;;507,0;;;;637,4;;495,9;;;;;;611,0;;;;;;;765,1
Chicago;;;;;;;;;;;;;;;410,0;423,9;;;;;;635,7;;;503,9;;;;550,4;;;;;;;
SaultStMarie;;;;;;;;;;;;;;343,0;;;;;;;;;;;506,6;421,3;;;;;;;;;;
Toronto;;;;;;;;;;;;;;;449,6;;;;;;;;512,3;389,2;;423,5;;;623,0;;;;;;;
Montreal;;;;;;;;;;;;;;;;;;;;;;;;384,0;450,5;;420,3;451,7;;;;;;;;
Boston;;;;;;;;;;;;;;;;;;;;;;;;;;422,4;;513,5;;;;;;;;
NewYork;;;;;;;;;;;;;;;;;;;;;;;;;;417,6;417,6;;582,2;636,8;;;;;;
Pittsburgh;;;;;;;;;;;;;;;;;;;;;;600,1;512,6;;475,7;;;509,3;;594,2;766,3;;;;;692,0
Washington;;;;;;;;;;;;;;;;;;;;;;;;;;;;482,0;593,1;;764,0;;;;;
Raleigh;;;;;;;;;;;;;;;;;;;;;;;;;;;;;607,1;580,3;;902,0;771,6;;;667,4
Atlanta;;;;;;;;;;;;;;;;;;;;;;;;;;;;;;;1000,0;;1000,0;1000,0;1000,0;1000,0
Charleston;;;;;;;;;;;;;;;;;;;;;;;;;;;;;;;767,7;902,0;;811,6;;
Miami;;;;;;;;;;;;;;;;;;;;;;;;;;;;;;;;905,0;806,6;;754,8;
NewOrleans;;;;;;;;;;;;;;;;;;;612,9;;591,8;;;;;;;;;;;1004,0;;775,8;;
Nashville;;;;;;;;;;;;;;;;;;;;;583,6;588,2;;;;;;;618,0;;720,9;901,0;;;;
Step_32000;Vancouver;Seattle;Calgary;Portland;Helena;SaltLakeCity;SanFrancisco;LosAngeles;LasVegas;Phoenix;SantaFe;Denver;ElPaso;Winnipeg;Duluth;Omaha;KansasCity;OklahomaCity;Houston;Dallas;LittleRock;SaintLouis;Chicago;SaultStMarie;Toronto;Montreal;Boston;NewYork;Pittsburgh;Washington;Raleigh;Atlanta;Charleston;Miami;NewOrleans;Nashville
Vancouver;;300,1;299,7;;;;;;;;;;;;;;;;;;;;;;;;;;;;;;;;;
Seattle;279,5;;319,8;309,4;358,1;;;;;;;;;;;;;;;;;;;;;;;;;;;;;;;
Calgary;284,1;307,9;;;332,2;;;;;;;;;365,8;;;;;;;;;;;;;;;;;;;;;;
Portland;;305,3;;;;345,6;336,3;;;;;;;;;;;;;;;;;;;;;;;;;;;;;
Helena;;321,1;330,5;;;354,3;;;;;;379,2;;369,7;396,7;394,5;;;;;;;;;;;;;;;;;;;;
SaltLakeCity;;;;319,7;363,3;;327,3;;352,9;;;412,4;;;;;;;;;;;;;;;;;;;;;;;;
SanFrancisco;;;;312,7;;361,1;;889,8;;;;;;;;;;;;;;;;;;;;;;;;;;;;
LosAngeles;;;;;;;347,4;;353,3;402,4;;;1018,0;;;;;;;;;;;;;;;;;;;;;;;
LasVegas;;;;;;375,1;;386,6;;;;;;;;;;;;;;;;;;;;;;;;;;;;
Phoenix;;;;;;;;373,9;;;434,3;431,1;456,9;;;;;;;;;;;;;;;;;;;;;;;
SantaFe;;;;;;;;;;402,9;;405,9;553,9;;;;;448,3;;;;;;;;;;;;;;;;;;
Denver;;;;;355,7;337,2;;;;423,5;422,9;;;;;411,2;466,8;468,1;;;;;;;;;;;;;;;;;;
ElPaso;;;;;;;;385,4;;396,0;399,4;;;;;;;476,9;987,6;493,6;;;;;;;;;;;;;;;;
Winnipeg;;;320,6;;371,8;;;;;;;;;;414,2;;;;;;;;;381,5;;;;;;;;;;;;
Duluth;;;;;375,5;;;;;;;;;365,1;;;;;;;;;438,2;;443,7;;;;;;;;;;;
Omaha;;;;;369,5;;;;;;;405,3;;;;;;;;;;;509,6;;;;;;;;;;;;;
KansasCity;;;;;;;;;;;;399,3;;;;;;;;;;668,9;;;;;;;;;;;;;;
OklahomaCity;;;;;;;;;;;417,6;425,2;474,6;;;;;;;526,1;593,0;;;;;;;;;;;;;;;
Houston;;;;;;;;;;;;;456,5;;;;;;;503,6;;;;;;;;;;;;;;;982,3;
Dallas;;;;;;;;;;;;;475,2;;;;;481,3;507,9;;588,9;;;;;;;;;;;;;;;
LittleRock;;;;;;;;;;;;;;;;;;481,0;;493,5;;582,7;;;;;;;;;;;;;758,5;680,5
SaintLouis;;;;;;;;;;;;;;;;;450,8;;;;550,0;;484,5;;;;;;622,4;;;;;;;745,3
Chicago;;;;;;;;;;;;;;;396,8;412,0;;;;;;451,3;;;476,1;;;;579,0;;;;;;;
SaultStMarie;;;;;;;;;;;;;;378,4;;;;;;;;;;;459,7;433,1;;;;;;;;;;
Toronto;;;;;;;;;;;;;;;434,2;;;;;;;;488,3;417,9;;430,3;;;543,8;;;;;;;
Montreal;;;;;;;;;;;;;;;;;;;;;;;;416,2;428,6;;455,1;462,7;;;;;;;;
Boston;;;;;;;;;;;;;;;;;;;;;;;;;;428,4;;552,8;;;;;;;;
NewYork;;;;;;;;;;;;;;;;;;;;;;;;;;418,3;474,3;;587,4;612,7;;;;;;
Pittsburgh;;;;;;;;;;;;;;;;;;;;;;538,8;471,9;;485,9;;;513,0;;601,3;684,5;;;;;733,1
Washington;;;;;;;;;;;;;;;;;;;;;;;;;;;;489,0;551,1;;778,8;;;;;
Raleigh;;;;;;;;;;;;;;;;;;;;;;;;;;;;;588,1;597,2;;902,0;762,9;;;734,8
Atlanta;;;;;;;;;;;;;;;;;;;;;;;;;;;;;;;1000,0;;1000,0;1000,0;1000,0;1000,0
Charleston;;;;;;;;;;;;;;;;;;;;;;;;;;;;;;;708,4;902,0;;758,9;;
Miami;;;;;;;;;;;;;;;;;;;;;;;;;;;;;;;;905,0;747,2;;785,8;
NewOrleans;;;;;;;;;;;;;;;;;;;629,4;;606,1;;;;;;;;;;;984,0;;813,6;;
Nashville;;;;;;;;;;;;;;;;;;;;;611,5;514,0;;;;;;;627,2;;790,8;901,0;;;;
Step_36000;Vancouver;Seattle;Calgary;Portland;Helena;SaltLakeCity;SanFrancisco;LosAngeles;LasVegas;Phoenix;SantaFe;Denver;ElPaso;Winnipeg;Duluth;Omaha;KansasCity;OklahomaCity;Houston;Dallas;LittleRock;SaintLouis;Chicago;SaultStMarie;Toronto;Montreal;Boston;NewYork;Pittsburgh;Washington;Raleigh;Atlanta;Charleston;Miami;NewOrleans;Nashville
Vancouver;;297,4;315,6;;;;;;;;;;;;;;;;;;;;;;;;;;;;;;;;;
Seattle;273,3;;317,7;306,7;354,9;;;;;;;;;;;;;;;;;;;;;;;;;;;;;;;
Calgary;274,9;298,8;;;390,0;;;;;;;;;352,1;;;;;;;;;;;;;;;;;;;;;;
Portland;;295,5;;;;397,1;333,9;;;;;;;;;;;;;;;;;;;;;;;;;;;;;
Helena;;297,2;322,7;;;327,9;;;;;;418,9;;349,7;462,6;402,8;;;;;;;;;;;;;;;;;;;;
SaltLakeCity;;;;316,6;339,5;;313,7;;337,7;;;1016,0;;;;;;;;;;;;;;;;;;;;;;;;
SanFrancisco;;;;324,0;;1021,0;;349,5;;;;;;;;;;;;;;;;;;;;;;;;;;;;
LosAngeles;;;;;;;329,6;;348,0;423,2;;;449,8;;;;;;;;;;;;;;;;;;;;;;;
LasVegas;;;;;;364,3;;400,6;;;;;;;;;;;;;;;;;;;;;;;;;;;;
Phoenix;;;;;;;;368,3;;;423,6;412,4;517,9;;;;;;;;;;;;;;;;;;;;;;;
SantaFe;;;;;;;;;;414,0;;445,6;499,5;;;;;467,8;;;;;;;;;;;;;;;;;;
Denver;;;;;353,7;363,8;;;;426,0;430,9;;;;;434,2;454,8;1013,0;;;;;;;;;;;;;;;;;;
ElPaso;;;;;;;;372,8;;412,4;444,3;;;;;;;518,9;556,4;544,7;;;;;;;;;;;;;;;;
Winnipeg;;;319,3;;365,4;;;;;;;;;;405,7;;;;;;;;;411,0;;;;;;;;;;;;
Duluth;;;;;359,1;;;;;;;;;349,4;;;;;;;;;521,0;;508,3;;;;;;;;;;;
Omaha;;;;;384,1;;;;;;;384,7;;;;;;;;;;;474,1;;;;;;;;;;;;;
KansasCity;;;;;;;;;;;;401,0;;;;;;;;;;533,1;;;;;;;;;;;;;;
OklahomaCity;;;;;;;;;;;438,6;430,4;508,4;;;;;;;552,1;1009,0;;;;;;;;;;;;;;;
Houston;;;;;;;;;;;;;466,6;;;;;;;563,5;;;;;;;;;;;;;;;629,4;
Dallas;;;;;;;;;;;;;498,6;;;;;503,0;596,0;;677,4;;;;;;;;;;;;;;;
LittleRock;;;;;;;;;;;;;;;;;;517,2;;486,5;;573,8;;;;;;;;;;;;;983,3;678,6
SaintLouis;;;;;;;;;;;;;;;;;483,2;;;;618,5;;508,1;;;;;;615,7;;;;;;;758,9
Chicago;;;;;;;;;;;;;;;453,0;390,1;;;;;;562,6;;;489,2;;;;525,0;;;;;;;
SaultStMarie;;;;;;;;;;;;;;386,7;;;;;;;;;;;462,5;431,3;;;;;;;;;;
Toronto;;;;;;;;;;;;;;;415,7;;;;;;;;484,3;433,3;;446,5;;;598,3;;;;;;;
Montreal;;;;;;;;;;;;;;;;;;;;;;;;430,2;480,6;;440,2;556,4;;;;;;;;
Boston;;;;;;;;;;;;;;;;;;;;;;;;;;461,4;;530,7;;;;;;;;
NewYork;;;;;;;;;;;;;;;;;;;;;;;;;;414,2;459,3;;569,9;652,4;;;;;;
Pittsburgh;;;;;;;;;;;;;;;;;;;;;;563,6;494,8;;515,8;;;519,7;;657,1;725,6;;;;;681,7
Washington;;;;;;;;;;;;;;;;;;;;;;;;;;;;494,2;522,6;;758,2;;;;;
Raleigh;;;;;;;;;;;;;;;;;;;;;;;;;;;;;630,3;664,7;;902,0;759,8;;;685,4
Atlanta;;;;;;;;;;;;;;;;;;;;;;;;;;;;;;;1000,0;;1000,0;1000,0;1000,0;1000,0
Charleston;;;;;;;;;;;;;;;;;;;;;;;;;;;;;;;741,7;902,0;;771,4;;
Miami;;;;;;;;;;;;;;;;;;;;;;;;;;;;;;;;905,0;810,6;;775,9;
NewOrleans;;;;;;;;;;;;;;;;;;;571,7;;601,3;;;;;;;;;;;984,0;;809,6;;
Nashville;;;;;;;;;;;;;;;;;;;;;603,7;596,0;;;;;;;583,7;;749,2;901,0;;;;
Step_40000;Vancouver;Seattle;Calgary;Portland;Helena;SaltLakeCity;SanFrancisco;LosAngeles;LasVegas;Phoenix;SantaFe;Denver;ElPaso;Winnipeg;Duluth;Omaha;KansasCity;OklahomaCity;Houston;Dallas;LittleRock;SaintLouis;Chicago;SaultStMarie;Toronto;Montreal;Boston;NewYork;Pittsburgh;Washington;Raleigh;Atlanta;Charleston;Miami;NewOrleans;Nashville
Vancouver;;301,8;316,3;;;;;;;;;;;;;;;;;;;;;;;;;;;;;;;;;
Seattle;276,3;;321,7;305,9;385,4;;;;;;;;;;;;;;;;;;;;;;;;;;;;;;;
Calgary;281,8;292,7;;;365,1;;;;;;;;;370,9;;;;;;;;;;;;;;;;;;;;;;
Portland;;330,5;;;;357,6;350,9;;;;;;;;;;;;;;;;;;;;;;;;;;;;;
Helena;;329,4;318,1;;;366,4;;;;;;388,5;;358,5;405,7;454,8;;;;;;;;;;;;;;;;;;;;
SaltLakeCity;;;;317,2;397,8;;354,6;;356,8;;;394,8;;;;;;;;;;;;;;;;;;;;;;;;
SanFrancisco;;;;315,7;;350,7;;996,2;;;;;;;;;;;;;;;;;;;;;;;;;;;;
LosAngeles;;;;;;;349,8;;347,1;425,1;;;993,4;;;;;;;;;;;;;;;;;;;;;;;
LasVegas;;;;;;371,1;;372,4;;;;;;;;;;;;;;;;;;;;;;;;;;;;
Phoenix;;;;;;;;368,4;;;442,6;416,0;514,6;;;;;;;;;;;;;;;;;;;;;;;
SantaFe;;;;;;;;;;443,0;;418,9;415,3;;;;;442,5;;;;;;;;;;;;;;;;;;
Denver;;;;;410,3;350,0;;;;408,3;416,2;;;;;418,2;483,4;493,4;;;;;;;;;;;;;;;;;;
ElPaso;;;;;;;;433,1;;405,6;434,7;;;;;;;561,8;987,6;524,2;;;;;;;;;;;;;;;;
Winnipeg;;;321,2;;376,6;;;;;;;;;;402,1;;;;;;;;;374,0;;;;;;;;;;;;
Duluth;;;;;380,7;;;;;;;;;362,3;;;;;;;;;447,9;;480,2;;;;;;;;;;;
Omaha;;;;;386,8;;;;;;;389,0;;;;;;;;;;;513,1;;;;;;;;;;;;;
KansasCity;;;;;;;;;;;;415,9;;;;;;;;;;563,7;;;;;;;;;;;;;;
OklahomaCity;;;;;;;;;;;438,6;440,8;439,8;;;;;;;545,2;639,3;;;;;;;;;;;;;;;
Houston;;;;;;;;;;;;;465,9;;;;;;;546,9;;;;;;;;;;;;;;;982,3;
Dallas;;;;;;;;;;;;;477,2;;;;;539,9;602,5;;621,1;;;;;;;;;;;;;;;
LittleRock;;;;;;;;;;;;;;;;;;530,6;;510,5;;516,4;;;;;;;;;;;;;708,2;767,8
SaintLouis;;;;;;;;;;;;;;;;;512,8;;;;617,0;;502,2;;;;;;622,2;;;;;;;731,7
Chicago;;;;;;;;;;;;;;;431,0;415,6;;;;;;563,8;;;510,3;;;;618,5;;;;;;;
SaultStMarie;;;;;;;;;;;;;;361,5;;;;;;;;;;;445,4;456,3;;;;;;;;;;
Toronto;;;;;;;;;;;;;;;418,8;;;;;;;;490,4;395,5;;446,0;;;535,2;;;;;;;
Montreal;;;;;;;;;;;;;;;;;;;;;;;;396,1;473,5;;459,6;510,5;;;;;;;;
Boston;;;;;;;;;;;;;;;;;;;;;;;;;;462,3;;564,7;;;;;;;;
NewYork;;;;;;;;;;;;;;;;;;;;;;;;;;458,2;448,4;;574,0;591,5;;;;;;
Pittsburgh;;;;;;;;;;;;;;;;;;;;;;563,1;515,1;;486,4;;;511,3;;618,4;698,2;;;;;757,6
Washington;;;;;;;;;;;;;;;;;;;;;;;;;;;;523,2;567,1;;702,6;;;;;
Raleigh;;;;;;;;;;;;;;;;;;;;;;;;;;;;;538,6;614,7;;902,0;795,4;;;681,7
Atlanta;;;;;;;;;;;;;;;;;;;;;;;;;;;;;;;1000,0;;1000,0;1000,0;1000,0;1000,0
Charleston;;;;;;;;;;;;;;;;;;;;;;;;;;;;;;;782,9;902,0;;817,9;;
Miami;;;;;;;;;;;;;;;;;;;;;;;;;;;;;;;;905,0;799,6;;696,6;
NewOrleans;;;;;;;;;;;;;;;;;;;587,5;;615,7;;;;;;;;;;;984,0;;789,5;;
Nashville;;;;;;;;;;;;;;;;;;;;;611,5;523,7;;;;;;;609,4;;791,5;901,0;;;;
Step_4000;Vancouver;Seattle;Calgary;Portland;Helena;SaltLakeCity;SanFrancisco;LosAngeles;LasVegas;Phoenix;SantaFe;Denver;ElPaso;Winnipeg;Duluth;Omaha;KansasCity;OklahomaCity;Houston;Dallas;LittleRock;SaintLouis;Chicago;SaultStMarie;Toronto;Montreal;Boston;NewYork;Pittsburgh;Washington;Raleigh;Atlanta;Charleston;Miami;NewOrleans;Nashville
Vancouver;;232,4;165,3;;;;;;;;;;;;;;;;;;;;;;;;;;;;;;;;;
Seattle;188,5;;234,9;308,3;304,4;;;;;;;;;;;;;;;;;;;;;;;;;;;;;;;
Calgary;185,9;114,2;;;295,5;;;;;;;;;151,1;;;;;;;;;;;;;;;;;;;;;;
Portland;;249,9;;;;323,4;347,6;;;;;;;;;;;;;;;;;;;;;;;;;;;;;
Helena;;264,9;183,1;;;317,2;;;;;;396,1;;209,3;245,2;356,5;;;;;;;;;;;;;;;;;;;;
SaltLakeCity;;;;317,1;304,9;;346,9;;335,2;;;431,8;;;;;;;;;;;;;;;;;;;;;;;;
SanFrancisco;;;;309,6;;362,1;;996,2;;;;;;;;;;;;;;;;;;;;;;;;;;;;
LosAngeles;;;;;;;361,9;;349,8;398,0;;;993,4;;;;;;;;;;;;;;;;;;;;;;;
LasVegas;;;;;;357,5;;397,6;;;;;;;;;;;;;;;;;;;;;;;;;;;;
Phoenix;;;;;;;;421,4;;;412,7;386,8;491,3;;;;;;;;;;;;;;;;;;;;;;;
SantaFe;;;;;;;;;;420,5;;395,0;468,1;;;;;505,3;;;;;;;;;;;;;;;;;;
Denver;;;;;266,4;337,8;;;;428,6;432,1;;;;;361,3;407,7;495,8;;;;;;;;;;;;;;;;;;
ElPaso;;;;;;;;404,6;;398,6;437,5;;;;;;;528,3;987,6;506,5;;;;;;;;;;;;;;;;
Winnipeg;;;122,2;;353,2;;;;;;;;;;131,5;;;;;;;;;118,8;;;;;;;;;;;;
Duluth;;;;;306,3;;;;;;;;;234,3;;;;;;;;;314,6;;230,3;;;;;;;;;;;
Omaha;;;;;331,0;;;;;;;418,8;;;;;;;;;;;403,9;;;;;;;;;;;;;
KansasCity;;;;;;;;;;;;423,3;;;;;;;;;;412,0;;;;;;;;;;;;;;
OklahomaCity;;;;;;;;;;;428,7;437,7;475,7;;;;;;;509,1;555,8;;;;;;;;;;;;;;;
Houston;;;;;;;;;;;;;509,3;;;;;;;500,9;;;;;;;;;;;;;;;982,3;
Dallas;;;;;;;;;;;;;496,6;;;;;516,6;605,6;;583,1;;;;;;;;;;;;;;;
LittleRock;;;;;;;;;;;;;;;;;;482,7;;541,5;;549,5;;;;;;;;;;;;;725,8;664,1
SaintLouis;;;;;;;;;;;;;;;;;432,1;;;;566,4;;349,3;;;;;;457,4;;;;;;;614,2
Chicago;;;;;;;;;;;;;;;223,0;307,6;;;;;;549,8;;;276,9;;;;471,1;;;;;;;
SaultStMarie;;;;;;;;;;;;;;196,8;;;;;;;;;;;65,9;3,9;;;;;;;;;;
Toronto;;;;;;;;;;;;;;;97,0;;;;;;;;365,0;33,2;;11,5;;;37,4;;;;;;;
Montreal;;;;;;;;;;;;;;;;;;;;;;;;47,8;165,9;;14,0;-1,0;;;;;;;;
Boston;;;;;;;;;;;;;;;;;;;;;;;;;;36,1;;228,1;;;;;;;;
NewYork;;;;;;;;;;;;;;;;;;;;;;;;;;32,2;76,2;;401,4;231,7;;;;;;
Pittsburgh;;;;;;;;;;;;;;;;;;;;;;516,5;303,6;;76,8;;;131,0;;286,5;566,2;;;;;689,1
Washington;;;;;;;;;;;;;;;;;;;;;;;;;;;;134,9;187,0;;736,1;;;;;
Raleigh;;;;;;;;;;;;;;;;;;;;;;;;;;;;;242,3;484,9;;902,0;708,4;;;551,6
Atlanta;;;;;;;;;;;;;;;;;;;;;;;;;;;;;;;1000,0;;1000,0;1000,0;1000,0;1000,0
Charleston;;;;;;;;;;;;;;;;;;;;;;;;;;;;;;;735,8;902,0;;722,4;;
Miami;;;;;;;;;;;;;;;;;;;;;;;;;;;;;;;;905,0;765,1;;717,0;
NewOrleans;;;;;;;;;;;;;;;;;;;553,7;;575,5;;;;;;;;;;;984,0;;756,9;;
Nashville;;;;;;;;;;;;;;;;;;;;;586,2;527,6;;;;;;;438,9;;688,7;901,0;;;;
Step_8000;Vancouver;Seattle;Calgary;Portland;Helena;SaltLakeCity;SanFrancisco;LosAngeles;LasVegas;Phoenix;SantaFe;Denver;ElPaso;Winnipeg;Duluth;Omaha;KansasCity;OklahomaCity;Houston;Dallas;LittleRock;SaintLouis;Chicago;SaultStMarie;Toronto;Montreal;Boston;NewYork;Pittsburgh;Washington;Raleigh;Atlanta;Charleston;Miami;NewOrleans;Nashville
Vancouver;;275,4;262,3;;;;;;;;;;;;;;;;;;;;;;;;;;;;;;;;;
Seattle;250,3;;265,3;286,5;331,5;;;;;;;;;;;;;;;;;;;;;;;;;;;;;;;
Calgary;236,9;297,7;;;346,5;;;;;;;;;254,9;;;;;;;;;;;;;;;;;;;;;;
Portland;;289,0;;;;354,3;302,4;;;;;;;;;;;;;;;;;;;;;;;;;;;;;
Helena;;287,4;294,3;;;375,2;;;;;;345,1;;245,0;358,3;387,6;;;;;;;;;;;;;;;;;;;;
SaltLakeCity;;;;300,7;296,6;;323,3;;332,2;;;991,3;;;;;;;;;;;;;;;;;;;;;;;;
SanFrancisco;;;;291,5;;996,2;;356,6;;;;;;;;;;;;;;;;;;;;;;;;;;;;
LosAngeles;;;;;;;310,3;;333,9;384,9;;;521,7;;;;;;;;;;;;;;;;;;;;;;;
LasVegas;;;;;;344,4;;407,5;;;;;;;;;;;;;;;;;;;;;;;;;;;;
Phoenix;;;;;;;;363,2;;;409,9;415,5;534,5;;;;;;;;;;;;;;;;;;;;;;;
SantaFe;;;;;;;;;;430,4;;415,8;497,3;;;;;446,5;;;;;;;;;;;;;;;;;;
Denver;;;;;329,5;354,0;;;;413,8;424,3;;;;;420,9;478,4;988,4;;;;;;;;;;;;;;;;;;
ElPaso;;;;;;;;389,0;;440,9;438,6;;;;;;;514,9;624,9;529,2;;;;;;;;;;;;;;;;
Winnipeg;;;264,4;;331,2;;;;;;;;;;343,1;;;;;;;;;191,1;;;;;;;;;;;;
Duluth;;;;;317,4;;;;;;;;;266,2;;;;;;;;;512,9;;237,7;;;;;;;;;;;
Omaha;;;;;341,2;;;;;;;450,1;;;;;;;;;;;512,0;;;;;;;;;;;;;
KansasCity;;;;;;;;;;;;412,8;;;;;;;;;;611,0;;;;;;;;;;;;;;
OklahomaCity;;;;;;;;;;;431,9;445,1;465,0;;;;;;;544,8;984,6;;;;;;;;;;;;;;;
Houston;;;;;;;;;;;;;499,8;;;;;;;507,5;;;;;;;;;;;;;;;703,1;
Dallas;;;;;;;;;;;;;483,8;;;;;528,1;604,5;;555,0;;;;;;;;;;;;;;;
LittleRock;;;;;;;;;;;;;;;;;;511,9;;517,7;;620,2;;;;;;;;;;;;;983,3;736,4
SaintLouis;;;;;;;;;;;;;;;;;470,7;;;;607,0;;491,6;;;;;;589,7;;;;;;;783,9
Chicago;;;;;;;;;;;;;;;320,9;378,7;;;;;;571,4;;;381,6;;;;641,8;;;;;;;
SaultStMarie;;;;;;;;;;;;;;290,4;;;;;;;;;;;65,9;142,3;;;;;;;;;;
Toronto;;;;;;;;;;;;;;;338,7;;;;;;;;504,2;185,1;;241,5;;;451,0;;;;;;;
Montreal;;;;;;;;;;;;;;;;;;;;;;;;157,2;303,4;;168,8;156,0;;;;;;;;
Boston;;;;;;;;;;;;;;;;;;;;;;;;;;72,4;;360,8;;;;;;;;
NewYork;;;;;;;;;;;;;;;;;;;;;;;;;;175,1;160,9;;513,1;456,2;;;;;;
Pittsburgh;;;;;;;;;;;;;;;;;;;;;;614,2;422,3;;363,9;;;434,9;;592,9;693,7;;;;;764,7
Washington;;;;;;;;;;;;;;;;;;;;;;;;;;;;317,0;407,8;;797,6;;;;;
Raleigh;;;;;;;;;;;;;;;;;;;;;;;;;;;;;537,8;522,2;;902,0;770,7;;;751,5
Atlanta;;;;;;;;;;;;;;;;;;;;;;;;;;;;;;;1000,0;;1000,0;1000,0;1000,0;1000,0
Charleston;;;;;;;;;;;;;;;;;;;;;;;;;;;;;;;696,3;902,0;;778,7;;
Miami;;;;;;;;;;;;;;;;;;;;;;;;;;;;;;;;905,0;772,0;;759,4;
NewOrleans;;;;;;;;;;;;;;;;;;;638,8;;595,9;;;;;;;;;;;984,0;;792,2;;
Nashville;;;;;;;;;;;;;;;;;;;;;636,8;538,6;;;;;;;562,8;;773,2;901,0;;;;
Step_12000;Vancouver;Seattle;Calgary;Portland;Helena;SaltLakeCity;SanFrancisco;LosAngeles;LasVegas;Phoenix;SantaFe;Denver;ElPaso;Winnipeg;Duluth;Omaha;KansasCity;OklahomaCity;Houston;Dallas;LittleRock;SaintLouis;Chicago;SaultStMarie;Toronto;Montreal;Boston;NewYork;Pittsburgh;Washington;Raleigh;Atlanta;Charleston;Miami;NewOrleans;Nashville
Vancouver;;295,0;290,6;;;;;;;;;;;;;;;;;;;;;;;;;;;;;;;;;
Seattle;266,4;;302,9;321,6;334,2;;;;;;;;;;;;;;;;;;;;;;;;;;;;;;;
Calgary;267,1;316,8;;;333,8;;;;;;;;;310,2;;;;;;;;;;;;;;;;;;;;;;
Portland;;292,5;;;;360,7;359,7;;;;;;;;;;;;;;;;;;;;;;;;;;;;;
Helena;;293,6;291,3;;;377,9;;;;;;426,8;;313,5;384,3;384,5;;;;;;;;;;;;;;;;;;;;
SaltLakeCity;;;;329,9;346,3;;336,4;;351,6;;;424,7;;;;;;;;;;;;;;;;;;;;;;;;
SanFrancisco;;;;328,5;;352,5;;880,1;;;;;;;;;;;;;;;;;;;;;;;;;;;;
LosAngeles;;;;;;;443,8;;348,5;435,3;;;1018,0;;;;;;;;;;;;;;;;;;;;;;;
LasVegas;;;;;;355,3;;394,2;;;;;;;;;;;;;;;;;;;;;;;;;;;;
Phoenix;;;;;;;;369,1;;;454,6;438,5;572,7;;;;;;;;;;;;;;;;;;;;;;;
SantaFe;;;;;;;;;;438,6;;426,7;511,6;;;;;568,2;;;;;;;;;;;;;;;;;;
Denver;;;;;358,9;373,6;;;;429,7;461,9;;;;;438,8;476,9;484,0;;;;;;;;;;;;;;;;;;
ElPaso;;;;;;;;408,0;;431,7;469,8;;;;;;;543,7;987,6;525,9;;;;;;;;;;;;;;;;
Winnipeg;;;298,4;;345,6;;;;;;;;;;353,1;;;;;;;;;286,7;;;;;;;;;;;;
Duluth;;;;;332,8;;;;;;;;;318,4;;;;;;;;;471,9;;431,7;;;;;;;;;;;
Omaha;;;;;364,4;;;;;;;399,8;;;;;;;;;;;512,4;;;;;;;;;;;;;
KansasCity;;;;;;;;;;;;440,3;;;;;;;;;;585,6;;;;;;;;;;;;;;
OklahomaCity;;;;;;;;;;;432,0;418,8;506,8;;;;;;;495,4;632,6;;;;;;;;;;;;;;;
Houston;;;;;;;;;;;;;514,9;;;;;;;493,8;;;;;;;;;;;;;;;982,3;
Dallas;;;;;;;;;;;;;500,4;;;;;485,1;526,0;;525,5;;;;;;;;;;;;;;;
LittleRock;;;;;;;;;;;;;;;;;;516,3;;505,6;;565,6;;;;;;;;;;;;;782,8;713,2
SaintLouis;;;;;;;;;;;;;;;;;497,7;;;;616,4;;543,4;;;;;;556,0;;;;;;;654,2
Chicago;;;;;;;;;;;;;;;367,1;423,2;;;;;;568,8;;;389,9;;;;591,2;;;;;;;
SaultStMarie;;;;;;;;;;;;;;337,1;;;;;;;;;;;321,5;287,2;;;;;;;;;;
Toronto;;;;;;;;;;;;;;;399,3;;;;;;;;496,7;277,8;;309,6;;;561,2;;;;;;;
Montreal;;;;;;;;;;;;;;;;;;;;;;;;242,0;431,2;;359,7;345,2;;;;;;;;
Boston;;;;;;;;;;;;;;;;;;;;;;;;;;294,6;;450,7;;;;;;;;
NewYork;;;;;;;;;;;;;;;;;;;;;;;;;;296,6;322,1;;649,4;493,9;;;;;;
Pittsburgh;;;;;;;;;;;;;;;;;;;;;;576,0;517,6;;449,7;;;486,6;;622,8;687,3;;;;;648,6
Washington;;;;;;;;;;;;;;;;;;;;;;;;;;;;524,1;451,6;;751,8;;;;;
Raleigh;;;;;;;;;;;;;;;;;;;;;;;;;;;;;585,1;635,5;;902,0;773,1;;;685,2
Atlanta;;;;;;;;;;;;;;;;;;;;;;;;;;;;;;;1000,0;;1000,0;1000,0;1000,0;1000,0
Charleston;;;;;;;;;;;;;;;;;;;;;;;;;;;;;;;724,7;902,0;;756,8;;
Miami;;;;;;;;;;;;;;;;;;;;;;;;;;;;;;;;905,0;783,8;;698,0;
NewOrleans;;;;;;;;;;;;;;;;;;;606,9;;615,5;;;;;;;;;;;984,0;;762,5;;
Nashville;;;;;;;;;;;;;;;;;;;;;589,8;537,3;;;;;;;535,2;;762,9;901,0;;;;
Step_16000;Vancouver;Seattle;Calgary;Portland;Helena;SaltLakeCity;SanFrancisco;LosAngeles;LasVegas;Phoenix;SantaFe;Denver;ElPaso;Winnipeg;Duluth;Omaha;KansasCity;OklahomaCity;Houston;Dallas;LittleRock;SaintLouis;Chicago;SaultStMarie;Toronto;Montreal;Boston;NewYork;Pittsburgh;Washington;Raleigh;Atlanta;Charleston;Miami;NewOrleans;Nashville
Vancouver;;299,1;275,7;;;;;;;;;;;;;;;;;;;;;;;;;;;;;;;;;
Seattle;271,0;;291,6;313,5;352,9;;;;;;;;;;;;;;;;;;;;;;;;;;;;;;;
Calgary;269,5;300,2;;;359,5;;;;;;;;;334,0;;;;;;;;;;;;;;;;;;;;;;
Portland;;277,7;;;;364,3;336,1;;;;;;;;;;;;;;;;;;;;;;;;;;;;;
Helena;;311,3;324,0;;;375,9;;;;;;389,7;;327,4;382,5;409,3;;;;;;;;;;;;;;;;;;;;
SaltLakeCity;;;;318,3;350,6;;323,7;;349,5;;;422,6;;;;;;;;;;;;;;;;;;;;;;;;
SanFrancisco;;;;320,2;;350,7;;1021,0;;;;;;;;;;;;;;;;;;;;;;;;;;;;
LosAngeles;;;;;;;355,5;;345,3;408,6;;;993,4;;;;;;;;;;;;;;;;;;;;;;;
LasVegas;;;;;;361,0;;405,6;;;;;;;;;;;;;;;;;;;;;;;;;;;;
Phoenix;;;;;;;;501,6;;;459,8;433,0;492,7;;;;;;;;;;;;;;;;;;;;;;;
SantaFe;;;;;;;;;;434,1;;440,5;483,0;;;;;494,5;;;;;;;;;;;;;;;;;;
Denver;;;;;332,8;377,8;;;;422,1;468,6;;;;;420,2;478,4;534,4;;;;;;;;;;;;;;;;;;
ElPaso;;;;;;;;385,4;;424,6;458,6;;;;;;;514,5;987,6;548,2;;;;;;;;;;;;;;;;
Winnipeg;;;315,0;;364,1;;;;;;;;;;397,5;;;;;;;;;347,7;;;;;;;;;;;;
Duluth;;;;;327,9;;;;;;;;;350,9;;;;;;;;;464,9;;418,3;;;;;;;;;;;
Omaha;;;;;361,2;;;;;;;418,3;;;;;;;;;;;518,1;;;;;;;;;;;;;
KansasCity;;;;;;;;;;;;415,4;;;;;;;;;;543,0;;;;;;;;;;;;;;
OklahomaCity;;;;;;;;;;;414,3;436,9;506,0;;;;;;;554,0;616,7;;;;;;;;;;;;;;;
Houston;;;;;;;;;;;;;501,7;;;;;;;553,1;;;;;;;;;;;;;;;982,3;
Dallas;;;;;;;;;;;;;497,3;;;;;515,6;583,5;;668,6;;;;;;;;;;;;;;;
LittleRock;;;;;;;;;;;;;;;;;;524,0;;521,0;;597,5;;;;;;;;;;;;;764,8;672,0
SaintLouis;;;;;;;;;;;;;;;;;455,5;;;;606,3;;480,8;;;;;;665,6;;;;;;;729,9
Chicago;;;;;;;;;;;;;;;413,3;388,8;;;;;;491,5;;;503,2;;;;610,1;;;;;;;
SaultStMarie;;;;;;;;;;;;;;345,6;;;;;;;;;;;464,8;332,1;;;;;;;;;;
Toronto;;;;;;;;;;;;;;;378,4;;;;;;;;464,5;355,4;;400,1;;;647,2;;;;;;;
Montreal;;;;;;;;;;;;;;;;;;;;;;;;292,4;435,5;;446,6;427,7;;;;;;;;
Boston;;;;;;;;;;;;;;;;;;;;;;;;;;379,3;;509,7;;;;;;;;
NewYork;;;;;;;;;;;;;;;;;;;;;;;;;;364,9;405,9;;577,6;600,3;;;;;;
Pittsburgh;;;;;;;;;;;;;;;;;;;;;;600,0;526,7;;453,4;;;519,7;;644,0;765,9;;;;;704,7
Washington;;;;;;;;;;;;;;;;;;;;;;;;;;;;488,3;577,3;;755,8;;;;;
Raleigh;;;;;;;;;;;;;;;;;;;;;;;;;;;;;570,4;584,1;;902,0;797,4;;;757,2
Atlanta;;;;;;;;;;;;;;;;;;;;;;;;;;;;;;;1000,0;;1000,0;1000,0;1000,0;1000,0
Charleston;;;;;;;;;;;;;;;;;;;;;;;;;;;;;;;755,5;902,0;;752,0;;
Miami;;;;;;;;;;;;;;;;;;;;;;;;;;;;;;;;905,0;771,4;;791,4;
NewOrleans;;;;;;;;;;;;;;;;;;;659,9;;647,6;;;;;;;;;;;984,0;;793,8;;
Nashville;;;;;;;;;;;;;;;;;;;;;658,3;609,5;;;;;;;636,6;;721,8;901,0;;;;
Step_20000;Vancouver;Seattle;Calgary;Portland;Helena;SaltLakeCity;SanFrancisco;LosAngeles;LasVegas;Phoenix;SantaFe;Denver;ElPaso;Winnipeg;Duluth;Omaha;KansasCity;OklahomaCity;Houston;Dallas;LittleRock;SaintLouis;Chicago;SaultStMarie;Toronto;Montreal;Boston;NewYork;Pittsburgh;Washington;Raleigh;Atlanta;Charleston;Miami;NewOrleans;Nashville
Vancouver;;300,4;321,6;;;;;;;;;;;;;;;;;;;;;;;;;;;;;;;;;
Seattle;291,0;;326,3;318,0;348,1;;;;;;;;;;;;;;;;;;;;;;;;;;;;;;;
Calgary;281,2;301,2;;;346,0;;;;;;;;;350,2;;;;;;;;;;;;;;;;;;;;;;
Portland;;301,9;;;;345,5;350,8;;;;;;;;;;;;;;;;;;;;;;;;;;;;;
Helena;;326,4;313,9;;;356,9;;;;;;395,3;;347,8;398,2;430,2;;;;;;;;;;;;;;;;;;;;
SaltLakeCity;;;;316,5;351,4;;371,1;;351,3;;;408,1;;;;;;;;;;;;;;;;;;;;;;;;
SanFrancisco;;;;313,7;;359,6;;1021,0;;;;;;;;;;;;;;;;;;;;;;;;;;;;
LosAngeles;;;;;;;345,4;;346,2;426,9;;;1018,0;;;;;;;;;;;;;;;;;;;;;;;
LasVegas;;;;;;361,4;;423,8;;;;;;;;;;;;;;;;;;;;;;;;;;;;
Phoenix;;;;;;;;418,2;;;416,2;407,2;493,2;;;;;;;;;;;;;;;;;;;;;;;
SantaFe;;;;;;;;;;390,3;;425,6;497,6;;;;;460,7;;;;;;;;;;;;;;;;;;
Denver;;;;;372,1;351,2;;;;426,2;437,7;;;;;386,5;479,2;491,7;;;;;;;;;;;;;;;;;;
ElPaso;;;;;;;;425,2;;443,1;416,5;;;;;;;536,4;1012,0;519,4;;;;;;;;;;;;;;;;
Winnipeg;;;315,4;;374,0;;;;;;;;;;431,4;;;;;;;;;380,6;;;;;;;;;;;;
Duluth;;;;;366,3;;;;;;;;;353,4;;;;;;;;;482,5;;473,5;;;;;;;;;;;
Omaha;;;;;365,5;;;;;;;433,1;;;;;;;;;;;509,4;;;;;;;;;;;;;
KansasCity;;;;;;;;;;;;430,3;;;;;;;;;;584,1;;;;;;;;;;;;;;
OklahomaCity;;;;;;;;;;;425,6;402,2;517,2;;;;;;;523,7;659,1;;;;;;;;;;;;;;;
Houston;;;;;;;;;;;;;546,7;;;;;;;531,4;;;;;;;;;;;;;;;1006,0;
Dallas;;;;;;;;;;;;;498,3;;;;;448,2;626,2;;585,2;;;;;;;;;;;;;;;
LittleRock;;;;;;;;;;;;;;;;;;514,2;;500,0;;567,6;;;;;;;;;;;;;747,4;610,0
SaintLouis;;;;;;;;;;;;;;;;;515,4;;;;581,2;;515,7;;;;;;608,8;;;;;;;741,9
Chicago;;;;;;;;;;;;;;;412,8;411,1;;;;;;546,8;;;434,9;;;;543,0;;;;;;;
SaultStMarie;;;;;;;;;;;;;;354,0;;;;;;;;;;;416,4;442,7;;;;;;;;;;
Toronto;;;;;;;;;;;;;;;427,7;;;;;;;;463,9;359,6;;453,5;;;577,2;;;;;;;
Montreal;;;;;;;;;;;;;;;;;;;;;;;;324,3;422,8;;440,0;543,9;;;;;;;;
Boston;;;;;;;;;;;;;;;;;;;;;;;;;;414,9;;534,3;;;;;;;;
NewYork;;;;;;;;;;;;;;;;;;;;;;;;;;456,1;451,0;;656,3;609,3;;;;;;
Pittsburgh;;;;;;;;;;;;;;;;;;;;;;555,6;486,2;;455,9;;;524,1;;605,9;798,9;;;;;644,2
Washington;;;;;;;;;;;;;;;;;;;;;;;;;;;;529,9;615,3;;739,1;;;;;
Raleigh;;;;;;;;;;;;;;;;;;;;;;;;;;;;;544,3;648,9;;902,0;729,0;;;739,9
Atlanta;;;;;;;;;;;;;;;;;;;;;;;;;;;;;;;1000,0;;1000,0;1000,0;1000,0;1000,0
Charleston;;;;;;;;;;;;;;;;;;;;;;;;;;;;;;;691,8;902,0;;742,1;;
Miami;;;;;;;;;;;;;;;;;;;;;;;;;;;;;;;;905,0;795,0;;780,6;
NewOrleans;;;;;;;;;;;;;;;;;;;615,1;;656,5;;;;;;;;;;;1004,0;;792,3;;
Nashville;;;;;;;;;;;;;;;;;;;;;623,5;576,1;;;;;;;588,0;;750,7;901,0;;;;
Step_24000;Vancouver;Seattle;Calgary;Portland;Helena;SaltLakeCity;SanFrancisco;LosAngeles;LasVegas;Phoenix;SantaFe;Denver;ElPaso;Winnipeg;Duluth;Omaha;KansasCity;OklahomaCity;Houston;Dallas;LittleRock;SaintLouis;Chicago;SaultStMarie;Toronto;Montreal;Boston;NewYork;Pittsburgh;Washington;Raleigh;Atlanta;Charleston;Miami;NewOrleans;Nashville
Vancouver;;294,6;318,1;;;;;;;;;;;;;;;;;;;;;;;;;;;;;;;;;
Seattle;279,5;;309,6;309,6;388,1;;;;;;;;;;;;;;;;;;;;;;;;;;;;;;;
Calgary;284,1;305,9;;;339,6;;;;;;;;;355,3;;;;;;;;;;;;;;;;;;;;;;
Portland;;295,4;;;;365,4;354,9;;;;;;;;;;;;;;;;;;;;;;;;;;;;;
Helena;;319,3;296,6;;;377,3;;;;;;421,8;;362,8;403,7;403,7;;;;;;;;;;;;;;;;;;;;
SaltLakeCity;;;;319,3;365,0;;352,3;;348,7;;;392,5;;;;;;;;;;;;;;;;;;;;;;;;
SanFrancisco;;;;310,9;;359,1;;995,8;;;;;;;;;;;;;;;;;;;;;;;;;;;;
LosAngeles;;;;;;;337,7;;354,6;422,0;;;991,2;;;;;;;;;;;;;;;;;;;;;;;
LasVegas;;;;;;353,8;;430,8;;;;;;;;;;;;;;;;;;;;;;;;;;;;
Phoenix;;;;;;;;377,8;;;469,1;428,0;545,8;;;;;;;;;;;;;;;;;;;;;;;
SantaFe;;;;;;;;;;408,6;;434,5;459,1;;;;;507,2;;;;;;;;;;;;;;;;;;
Denver;;;;;358,6;344,2;;;;446,4;466,1;;;;;431,6;445,9;484,9;;;;;;;;;;;;;;;;;;
ElPaso;;;;;;;;385,9;;435,8;445,7;;;;;;;499,9;975,6;551,4;;;;;;;;;;;;;;;;
Winnipeg;;;322,7;;351,0;;;;;;;;;;404,8;;;;;;;;;380,3;;;;;;;;;;;;
Duluth;;;;;368,6;;;;;;;;;356,7;;;;;;;;;447,6;;438,9;;;;;;;;;;;
Omaha;;;;;370,8;;;;;;;415,7;;;;;;;;;;;493,3;;;;;;;;;;;;;
KansasCity;;;;;;;;;;;;428,5;;;;;;;;;;537,5;;;;;;;;;;;;;;
OklahomaCity;;;;;;;;;;;444,8;443,1;532,5;;;;;;;480,1;552,8;;;;;;;;;;;;;;;
Houston;;;;;;;;;;;;;515,6;;;;;;;519,6;;;;;;;;;;;;;;;915,3;
Dallas;;;;;;;;;;;;;470,1;;;;;462,1;632,5;;547,0;;;;;;;;;;;;;;;
LittleRock;;;;;;;;;;;;;;;;;;484,9;;538,6;;518,8;;;;;;;;;;;;;757,3;612,6
SaintLouis;;;;;;;;;;;;;;;;;475,7;;;;556,1;;475,9;;;;;;582,9;;;;;;;701,7
Chicago;;;;;;;;;;;;;;;401,9;421,1;;;;;;487,7;;;413,7;;;;581,7;;;;;;;
SaultStMarie;;;;;;;;;;;;;;373,1;;;;;;;;;;;446,4;416,5;;;;;;;;;;
Toronto;;;;;;;;;;;;;;;400,4;;;;;;;;456,1;386,3;;418,6;;;585,9;;;;;;;
Montreal;;;;;;;;;;;;;;;;;;;;;;;;403,4;425,4;;438,5;479,9;;;;;;;;
Boston;;;;;;;;;;;;;;;;;;;;;;;;;;423,4;;484,5;;;;;;;;
NewYork;;;;;;;;;;;;;;;;;;;;;;;;;;427,3;439,4;;559,6;606,2;;;;;;
Pittsburgh;;;;;;;;;;;;;;;;;;;;;;496,8;471,8;;402,2;;;514,3;;649,3;644,0;;;;;703,8
Washington;;;;;;;;;;;;;;;;;;;;;;;;;;;;515,3;613,0;;802,6;;;;;
Raleigh;;;;;;;;;;;;;;;;;;;;;;;;;;;;;609,4;687,7;;902,0;785,0;;;738,4
Atlanta;;;;;;;;;;;;;;;;;;;;;;;;;;;;;;;1000,0;;1000,0;1000,0;1000,0;1000,0
Charleston;;;;;;;;;;;;;;;;;;;;;;;;;;;;;;;742,7;902,0;;749,7;;
Miami;;;;;;;;;;;;;;;;;;;;;;;;;;;;;;;;905,0;743,5;;718,3;
NewOrleans;;;;;;;;;;;;;;;;;;;670,0;;611,6;;;;;;;;;;;984,0;;766,9;;
Nashville;;;;;;;;;;;;;;;;;;;;;626,8;577,7;;;;;;;618,1;;709,1;901,0;;;;
Step_28000;Vancouver;Seattle;Calgary;Portland;Helena;SaltLakeCity;SanFrancisco;LosAngeles;LasVegas;Phoenix;SantaFe;Denver;ElPaso;Winnipeg;Duluth;Omaha;KansasCity;OklahomaCity;Houston;Dallas;LittleRock;SaintLouis;Chicago;SaultStMarie;Toronto;Montreal;Boston;NewYork;Pittsburgh;Washington;Raleigh;Atlanta;Charleston;Miami;NewOrleans;Nashville
Vancouver;;308,6;298,4;;;;;;;;;;;;;;;;;;;;;;;;;;;;;;;;;
Seattle;278,6;;299,2;313,3;340,5;;;;;;;;;;;;;;;;;;;;;;;;;;;;;;;
Calgary;276,3;303,4;;;349,8;;;;;;;;;374,0;;;;;;;;;;;;;;;;;;;;;;
Portland;;307,1;;;;350,6;328,7;;;;;;;;;;;;;;;;;;;;;;;;;;;;;
Helena;;309,9;295,1;;;351,0;;;;;;420,9;;379,5;404,0;361,9;;;;;;;;;;;;;;;;;;;;
SaltLakeCity;;;;316,3;353,0;;345,8;;346,9;;;383,0;;;;;;;;;;;;;;;;;;;;;;;;
SanFrancisco;;;;313,3;;319,9;;1021,0;;;;;;;;;;;;;;;;;;;;;;;;;;;;
LosAngeles;;;;;;;330,7;;319,1;394,1;;;1018,0;;;;;;;;;;;;;;;;;;;;;;;
LasVegas;;;;;;328,6;;369,3;;;;;;;;;;;;;;;;;;;;;;;;;;;;
Phoenix;;;;;;;;355,1;;;438,2;404,6;448,5;;;;;;;;;;;;;;;;;;;;;;;
SantaFe;;;;;;;;;;424,1;;399,6;456,1;;;;;459,9;;;;;;;;;;;;;;;;;;
Denver;;;;;348,1;359,1;;;;418,5;429,2;;;;;395,6;476,2;452,6;;;;;;;;;;;;;;;;;;
ElPaso;;;;;;;;378,9;;433,4;410,1;;;;;;;470,3;1012,0;508,9;;;;;;;;;;;;;;;;
Winnipeg;;;322,5;;379,2;;;;;;;;;;416,8;;;;;;;;;426,9;;;;;;;;;;;;
Duluth;;;;;368,1;;;;;;;;;350,1;;;;;;;;;455,6;;494,0;;;;;;;;;;;
Omaha;;;;;346,2;;;;;;;425,8;;;;;;;;;;;471,0;;;;;;;;;;;;;
KansasCity;;;;;;;;;;;;405,0;;;;;;;;;;583,9;;;;;;;;;;;;;;
OklahomaCity;;;;;;;;;;;429,7;420,7;485,4;;;;;;;503,9;577,5;;;;;;;;;;;;;;;
Houston;;;;;;;;;;;;;478,6;;;;;;;487,8;;;;;;;;;;;;;;;1006,0;
Dallas;;;;;;;;;;;;;457,5;;;;;486,1;551,3;;567,1;;;;;;;;;;;;;;;
LittleRock;;;;;;;;;;;;;;;;;;465,9;;523,0;;574,1;;;;;;;;;;;;;728,3;675,9
SaintLouis;;;;;;;;;;;;;;;;;457,9;;;;611,7;;548,2;;;;;;588,4;;;;;;;637,6
Chicago;;;;;;;;;;;;;;;389,1;414,2;;;;;;555,0;;;470,3;;;;613,5;;;;;;;
SaultStMarie;;;;;;;;;;;;;;382,2;;;;;;;;;;;489,3;434,5;;;;;;;;;;
Toronto;;;;;;;;;;;;;;;409,6;;;;;;;;485,7;400,1;;433,0;;;593,5;;;;;;;
Montreal;;;;;;;;;;;;;;;;;;;;;;;;412,5;453,6;;463,3;509,0;;;;;;;;
Boston;;;;;;;;;;;;;;;;;;;;;;;;;;436,5;;545,6;;;;;;;;
NewYork;;;;;;;;;;;;;;;;;;;;;;;;;;441,4;441,9;;602,9;606,2;;;;;;
Pittsburgh;;;;;;;;;;;;;;;;;;;;;;608,4;508,9;;432,8;;;501,3;;614,8;677,9;;;;;747,6
Washington;;;;;;;;;;;;;;;;;;;;;;;;;;;;552,6;513,6;;732,7;;;;;
Raleigh;;;;;;;;;;;;;;;;;;;;;;;;;;;;;580,7;613,1;;902,0;704,7;;;735,6
Atlanta;;;;;;;;;;;;;;;;;;;;;;;;;;;;;;;1000,0;;1000,0;1000,0;1000,0;1000,0
Charleston;;;;;;;;;;;;;;;;;;;;;;;;;;;;;;;775,6;902,0;;725,3;;
Miami;;;;;;;;;;;;;;;;;;;;;;;;;;;;;;;;905,0;777,7;;768,4;
NewOrleans;;;;;;;;;;;;;;;;;;;611,4;;614,0;;;;;;;;;;;1004,0;;747,5;;
Nashville;;;;;;;;;;;;;;;;;;;;;620,9;563,5;;;;;;;563,2;;738,5;901,0;;;;
Step_32000;Vancouver;Seattle;Calgary;Portland;Helena;SaltLakeCity;SanFrancisco;LosAngeles;LasVegas;Phoenix;SantaFe;Denver;ElPaso;Winnipeg;Duluth;Omaha;KansasCity;OklahomaCity;Houston;Dallas;LittleRock;SaintLouis;Chicago;SaultStMarie;Toronto;Montreal;Boston;NewYork;Pittsburgh;Washington;Raleigh;Atlanta;Charleston;Miami;NewOrleans;Nashville
Vancouver;;303,1;295,3;;;;;;;;;;;;;;;;;;;;;;;;;;;;;;;;;
Seattle;268,4;;301,9;322,4;376,8;;;;;;;;;;;;;;;;;;;;;;;;;;;;;;;
Calgary;276,3;298,5;;;324,0;;;;;;;;;356,8;;;;;;;;;;;;;;;;;;;;;;
Portland;;300,0;;;;346,8;329,8;;;;;;;;;;;;;;;;;;;;;;;;;;;;;
Helena;;280,3;309,6;;;347,9;;;;;;397,5;;352,1;389,2;469,7;;;;;;;;;;;;;;;;;;;;
SaltLakeCity;;;;327,9;331,5;;335,0;;341,4;;;382,8;;;;;;;;;;;;;;;;;;;;;;;;
SanFrancisco;;;;303,8;;335,8;;1021,0;;;;;;;;;;;;;;;;;;;;;;;;;;;;
LosAngeles;;;;;;;324,7;;344,0;434,7;;;1018,0;;;;;;;;;;;;;;;;;;;;;;;
LasVegas;;;;;;351,1;;401,3;;;;;;;;;;;;;;;;;;;;;;;;;;;;
Phoenix;;;;;;;;419,2;;;422,2;393,1;575,7;;;;;;;;;;;;;;;;;;;;;;;
SantaFe;;;;;;;;;;418,3;;425,6;479,4;;;;;531,9;;;;;;;;;;;;;;;;;;
Denver;;;;;369,2;340,3;;;;435,0;445,6;;;;;410,2;503,4;450,8;;;;;;;;;;;;;;;;;;
ElPaso;;;;;;;;369,2;;432,4;436,0;;;;;;;511,6;908,9;535,0;;;;;;;;;;;;;;;;
Winnipeg;;;316,1;;360,5;;;;;;;;;;381,1;;;;;;;;;412,1;;;;;;;;;;;;
Duluth;;;;;367,2;;;;;;;;;336,7;;;;;;;;;504,0;;509,2;;;;;;;;;;;
Omaha;;;;;373,8;;;;;;;408,9;;;;;;;;;;;536,3;;;;;;;;;;;;;
KansasCity;;;;;;;;;;;;423,8;;;;;;;;;;596,3;;;;;;;;;;;;;;
OklahomaCity;;;;;;;;;;;435,4;401,0;458,9;;;;;;;546,3;627,6;;;;;;;;;;;;;;;
Houston;;;;;;;;;;;;;544,9;;;;;;;508,5;;;;;;;;;;;;;;;1006,0;
Dallas;;;;;;;;;;;;;431,1;;;;;531,5;576,6;;565,7;;;;;;;;;;;;;;;
LittleRock;;;;;;;;;;;;;;;;;;498,8;;534,4;;608,7;;;;;;;;;;;;;781,6;623,7
SaintLouis;;;;;;;;;;;;;;;;;508,2;;;;650,7;;512,5;;;;;;632,8;;;;;;;790,2
Chicago;;;;;;;;;;;;;;;447,1;393,6;;;;;;554,0;;;498,0;;;;608,9;;;;;;;
SaultStMarie;;;;;;;;;;;;;;365,9;;;;;;;;;;;494,0;427,1;;;;;;;;;;
Toronto;;;;;;;;;;;;;;;398,2;;;;;;;;479,0;413,5;;443,3;;;657,0;;;;;;;
Montreal;;;;;;;;;;;;;;;;;;;;;;;;424,5;441,2;;454,6;523,5;;;;;;;;
Boston;;;;;;;;;;;;;;;;;;;;;;;;;;436,2;;515,9;;;;;;;;
NewYork;;;;;;;;;;;;;;;;;;;;;;;;;;433,1;438,7;;558,4;629,5;;;;;;
Pittsburgh;;;;;;;;;;;;;;;;;;;;;;564,2;530,0;;520,6;;;502,3;;597,9;765,8;;;;;677,6
Washington;;;;;;;;;;;;;;;;;;;;;;;;;;;;459,5;582,8;;744,5;;;;;
Raleigh;;;;;;;;;;;;;;;;;;;;;;;;;;;;;642,6;572,8;;902,0;751,0;;;701,8
Atlanta;;;;;;;;;;;;;;;;;;;;;;;;;;;;;;;1000,0;;1000,0;1000,0;1000,0;1000,0
Charleston;;;;;;;;;;;;;;;;;;;;;;;;;;;;;;;775,0;902,0;;800,4;;
Miami;;;;;;;;;;;;;;;;;;;;;;;;;;;;;;;;905,0;798,2;;769,8;
NewOrleans;;;;;;;;;;;;;;;;;;;598,5;;652,0;;;;;;;;;;;984,0;;791,4;;
Nashville;;;;;;;;;;;;;;;;;;;;;592,2;554,3;;;;;;;582,3;;754,9;901,0;;;;
Step_36000;Vancouver;Seattle;Calgary;Portland;Helena;SaltLakeCity;SanFrancisco;LosAngeles;LasVegas;Phoenix;SantaFe;Denver;ElPaso;Winnipeg;Duluth;Omaha;KansasCity;OklahomaCity;Houston;Dallas;LittleRock;SaintLouis;Chicago;SaultStMarie;Toronto;Montreal;Boston;NewYork;Pittsburgh;Washington;Raleigh;Atlanta;Charleston;Miami;NewOrleans;Nashville
Vancouver;;301,0;288,4;;;;;;;;;;;;;;;;;;;;;;;;;;;;;;;;;
Seattle;272,9;;316,8;324,3;368,9;;;;;;;;;;;;;;;;;;;;;;;;;;;;;;;
Calgary;271,2;291,6;;;354,7;;;;;;;;;340,4;;;;;;;;;;;;;;;;;;;;;;
Portland;;292,4;;;;351,8;329,5;;;;;;;;;;;;;;;;;;;;;;;;;;;;;
Helena;;284,7;318,0;;;349,4;;;;;;385,3;;353,7;399,9;422,5;;;;;;;;;;;;;;;;;;;;
SaltLakeCity;;;;317,9;349,7;;343,2;;357,5;;;452,6;;;;;;;;;;;;;;;;;;;;;;;;
SanFrancisco;;;;325,3;;337,2;;998,2;;;;;;;;;;;;;;;;;;;;;;;;;;;;
LosAngeles;;;;;;;337,2;;365,5;441,1;;;995,3;;;;;;;;;;;;;;;;;;;;;;;
LasVegas;;;;;;380,3;;430,6;;;;;;;;;;;;;;;;;;;;;;;;;;;;
Phoenix;;;;;;;;433,9;;;440,4;415,1;509,9;;;;;;;;;;;;;;;;;;;;;;;
SantaFe;;;;;;;;;;412,6;;425,4;480,3;;;;;502,6;;;;;;;;;;;;;;;;;;
Denver;;;;;372,2;342,0;;;;439,1;441,0;;;;;422,8;477,2;555,4;;;;;;;;;;;;;;;;;;
ElPaso;;;;;;;;411,6;;432,0;437,1;;;;;;;989,4;586,9;548,6;;;;;;;;;;;;;;;;
Winnipeg;;;294,1;;355,9;;;;;;;;;;424,7;;;;;;;;;370,3;;;;;;;;;;;;
Duluth;;;;;357,0;;;;;;;;;352,5;;;;;;;;;462,7;;458,2;;;;;;;;;;;
Omaha;;;;;356,8;;;;;;;429,4;;;;;;;;;;;485,8;;;;;;;;;;;;;
KansasCity;;;;;;;;;;;;393,6;;;;;;;;;;605,8;;;;;;;;;;;;;;
OklahomaCity;;;;;;;;;;;422,2;425,9;510,9;;;;;;;532,2;984,6;;;;;;;;;;;;;;;
Houston;;;;;;;;;;;;;517,1;;;;;;;535,4;;;;;;;;;;;;;;;709,0;
Dallas;;;;;;;;;;;;;494,2;;;;;580,4;573,3;;585,3;;;;;;;;;;;;;;;
LittleRock;;;;;;;;;;;;;;;;;;550,9;;544,8;;659,3;;;;;;;;;;;;;983,3;730,4
SaintLouis;;;;;;;;;;;;;;;;;463,0;;;;617,9;;493,9;;;;;;576,6;;;;;;;765,8
Chicago;;;;;;;;;;;;;;;409,6;411,3;;;;;;542,0;;;445,6;;;;553,7;;;;;;;
SaultStMarie;;;;;;;;;;;;;;351,2;;;;;;;;;;;425,5;420,3;;;;;;;;;;
Toronto;;;;;;;;;;;;;;;412,0;;;;;;;;453,1;372,4;;421,5;;;536,2;;;;;;;
Montreal;;;;;;;;;;;;;;;;;;;;;;;;405,2;406,8;;418,3;489,6;;;;;;;;
Boston;;;;;;;;;;;;;;;;;;;;;;;;;;435,1;;508,9;;;;;;;;
NewYork;;;;;;;;;;;;;;;;;;;;;;;;;;430,2;436,1;;625,1;516,6;;;;;;
Pittsburgh;;;;;;;;;;;;;;;;;;;;;;508,8;495,8;;468,1;;;522,5;;585,6;733,6;;;;;718,0
Washington;;;;;;;;;;;;;;;;;;;;;;;;;;;;516,9;583,1;;732,4;;;;;
Raleigh;;;;;;;;;;;;;;;;;;;;;;;;;;;;;607,7;595,6;;902,0;785,8;;;686,6
Atlanta;;;;;;;;;;;;;;;;;;;;;;;;;;;;;;;1000,0;;1000,0;1000,0;1000,0;1000,0
Charleston;;;;;;;;;;;;;;;;;;;;;;;;;;;;;;;682,9;902,0;;803,6;;
Miami;;;;;;;;;;;;;;;;;;;;;;;;;;;;;;;;905,0;801,9;;737,1;
NewOrleans;;;;;;;;;;;;;;;;;;;612,0;;688,2;;;;;;;;;;;984,0;;727,1;;
Nashville;;;;;;;;;;;;;;;;;;;;;660,5;608,2;;;;;;;551,7;;797,1;901,0;;;;
Step_40000;Vancouver;Seattle;Calgary;Portland;Helena;SaltLakeCity;SanFrancisco;LosAngeles;LasVegas;Phoenix;SantaFe;Denver;ElPaso;Winnipeg;Duluth;Omaha;KansasCity;OklahomaCity;Houston;Dallas;LittleRock;SaintLouis;Chicago;SaultStMarie;Toronto;Montreal;Boston;NewYork;Pittsburgh;Washington;Raleigh;Atlanta;Charleston;Miami;NewOrleans;Nashville
Vancouver;;302,0;309,5;;;;;;;;;;;;;;;;;;;;;;;;;;;;;;;;;
Seattle;280,1;;308,7;310,5;345,1;;;;;;;;;;;;;;;;;;;;;;;;;;;;;;;
Calgary;286,8;306,3;;;344,8;;;;;;;;;375,5;;;;;;;;;;;;;;;;;;;;;;
Portland;;316,0;;;;335,7;345,9;;;;;;;;;;;;;;;;;;;;;;;;;;;;;
Helena;;297,5;301,9;;;337,9;;;;;;425,1;;374,5;400,9;403,1;;;;;;;;;;;;;;;;;;;;
SaltLakeCity;;;;305,6;352,5;;329,0;;335,2;;;427,7;;;;;;;;;;;;;;;;;;;;;;;;
SanFrancisco;;;;307,2;;345,5;;993,7;;;;;;;;;;;;;;;;;;;;;;;;;;;;
LosAngeles;;;;;;;323,8;;336,9;404,1;;;979,3;;;;;;;;;;;;;;;;;;;;;;;
LasVegas;;;;;;330,9;;404,4;;;;;;;;;;;;;;;;;;;;;;;;;;;;
Phoenix;;;;;;;;400,7;;;446,2;409,6;487,9;;;;;;;;;;;;;;;;;;;;;;;
SantaFe;;;;;;;;;;401,2;;370,9;454,9;;;;;513,2;;;;;;;;;;;;;;;;;;
Denver;;;;;342,7;343,1;;;;406,7;423,4;;;;;390,6;454,8;506,0;;;;;;;;;;;;;;;;;;
ElPaso;;;;;;;;393,2;;396,1;429,2;;;;;;;465,9;909,6;480,2;;;;;;;;;;;;;;;;
Winnipeg;;;322,4;;358,6;;;;;;;;;;414,9;;;;;;;;;424,4;;;;;;;;;;;;
Duluth;;;;;381,0;;;;;;;;;351,0;;;;;;;;;478,3;;460,1;;;;;;;;;;;
Omaha;;;;;345,6;;;;;;;412,0;;;;;;;;;;;487,8;;;;;;;;;;;;;
KansasCity;;;;;;;;;;;;426,9;;;;;;;;;;587,4;;;;;;;;;;;;;;
OklahomaCity;;;;;;;;;;;412,9;420,5;508,3;;;;;;;537,9;593,4;;;;;;;;;;;;;;;
Houston;;;;;;;;;;;;;548,7;;;;;;;524,2;;;;;;;;;;;;;;;1006,0;
Dallas;;;;;;;;;;;;;456,1;;;;;529,6;580,1;;622,5;;;;;;;;;;;;;;;
LittleRock;;;;;;;;;;;;;;;;;;504,3;;514,0;;561,6;;;;;;;;;;;;;758,3;637,8
SaintLouis;;;;;;;;;;;;;;;;;470,3;;;;575,5;;516,2;;;;;;559,8;;;;;;;725,1
Chicago;;;;;;;;;;;;;;;404,8;415,7;;;;;;515,2;;;449,1;;;;606,1;;;;;;;
SaultStMarie;;;;;;;;;;;;;;375,3;;;;;;;;;;;469,5;408,7;;;;;;;;;;
Toronto;;;;;;;;;;;;;;;428,6;;;;;;;;532,1;377,6;;424,6;;;600,1;;;;;;;
Montreal;;;;;;;;;;;;;;;;;;;;;;;;399,9;408,9;;434,7;514,0;;;;;;;;
Boston;;;;;;;;;;;;;;;;;;;;;;;;;;437,7;;480,6;;;;;;;;
NewYork;;;;;;;;;;;;;;;;;;;;;;;;;;442,6;439,5;;538,6;676,6;;;;;;
Pittsburgh;;;;;;;;;;;;;;;;;;;;;;587,7;492,0;;500,9;;;546,5;;630,8;670,3;;;;;733,9
Washington;;;;;;;;;;;;;;;;;;;;;;;;;;;;505,4;622,1;;794,3;;;;;
Raleigh;;;;;;;;;;;;;;;;;;;;;;;;;;;;;601,9;654,3;;902,0;739,3;;;668,2
Atlanta;;;;;;;;;;;;;;;;;;;;;;;;;;;;;;;1000,0;;1000,0;1000,0;1000,0;1000,0
Charleston;;;;;;;;;;;;;;;;;;;;;;;;;;;;;;;746,9;902,0;;765,9;;
Miami;;;;;;;;;;;;;;;;;;;;;;;;;;;;;;;;905,0;736,3;;760,9;
NewOrleans;;;;;;;;;;;;;;;;;;;545,4;;586,6;;;;;;;;;;;984,0;;752,6;;
Nashville;;;;;;;;;;;;;;;;;;;;;618,1;578,3;;;;;;;537,3;;741,8;901,0;;;;
Step_4000;Vancouver;Seattle;Calgary;Portland;Helena;SaltLakeCity;SanFrancisco;LosAngeles;LasVegas;Phoenix;SantaFe;Denver;ElPaso;Winnipeg;Duluth;Omaha;KansasCity;OklahomaCity;Houston;Dallas;LittleRock;SaintLouis;Chicago;SaultStMarie;Toronto;Montreal;Boston;NewYork;Pittsburgh;Washington;Raleigh;Atlanta;Charleston;Miami;NewOrleans;Nashville
Vancouver;;241,1;176,0;;;;;;;;;;;;;;;;;;;;;;;;;;;;;;;;;
Seattle;196,8;;179,9;308,5;367,6;;;;;;;;;;;;;;;;;;;;;;;;;;;;;;;
Calgary;180,1;211,8;;;333,2;;;;;;;;;195,5;;;;;;;;;;;;;;;;;;;;;;
Portland;;292,7;;;;364,7;325,1;;;;;;;;;;;;;;;;;;;;;;;;;;;;;
Helena;;275,6;254,1;;;326,1;;;;;;418,1;;216,6;240,2;369,1;;;;;;;;;;;;;;;;;;;;
SaltLakeCity;;;;298,2;305,7;;357,3;;340,3;;;442,5;;;;;;;;;;;;;;;;;;;;;;;;
SanFrancisco;;;;299,6;;365,4;;995,0;;;;;;;;;;;;;;;;;;;;;;;;;;;;
LosAngeles;;;;;;;332,5;;339,0;407,5;;;982,4;;;;;;;;;;;;;;;;;;;;;;;
LasVegas;;;;;;330,9;;377,8;;;;;;;;;;;;;;;;;;;;;;;;;;;;
Phoenix;;;;;;;;392,2;;;439,2;386,4;454,9;;;;;;;;;;;;;;;;;;;;;;;
SantaFe;;;;;;;;;;434,9;;422,8;462,8;;;;;519,0;;;;;;;;;;;;;;;;;;
Denver;;;;;305,9;338,3;;;;426,9;445,9;;;;;344,9;448,8;539,7;;;;;;;;;;;;;;;;;;
ElPaso;;;;;;;;363,3;;415,4;440,2;;;;;;;502,3;497,1;922,0;;;;;;;;;;;;;;;;
Winnipeg;;;164,1;;314,2;;;;;;;;;;195,1;;;;;;;;;94,4;;;;;;;;;;;;
Duluth;;;;;271,2;;;;;;;;;213,0;;;;;;;;;390,9;;236,5;;;;;;;;;;;
Omaha;;;;;331,9;;;;;;;390,9;;;;;;;;;;;406,5;;;;;;;;;;;;;
KansasCity;;;;;;;;;;;;425,9;;;;;;;;;;569,7;;;;;;;;;;;;;;
OklahomaCity;;;;;;;;;;;431,3;409,3;452,8;;;;;;;551,8;667,7;;;;;;;;;;;;;;;
Houston;;;;;;;;;;;;;444,6;;;;;;;523,7;;;;;;;;;;;;;;;827,5;
Dallas;;;;;;;;;;;;;445,8;;;;;487,2;615,7;;1009,0;;;;;;;;;;;;;;;
LittleRock;;;;;;;;;;;;;;;;;;492,0;;529,3;;582,6;;;;;;;;;;;;;1007,0;659,4
SaintLouis;;;;;;;;;;;;;;;;;491,8;;;;609,2;;421,7;;;;;;565,8;;;;;;;668,3
Chicago;;;;;;;;;;;;;;;238,8;358,2;;;;;;459,1;;;280,7;;;;491,0;;;;;;;
SaultStMarie;;;;;;;;;;;;;;91,9;;;;;;;;;;;217,9;15,4;;;;;;;;;;
Toronto;;;;;;;;;;;;;;;264,8;;;;;;;;376,2;68,4;;1,0;;;281,0;;;;;;;
Montreal;;;;;;;;;;;;;;;;;;;;;;;;60,8;-0,2;;3,4;-1,0;;;;;;;;
Boston;;;;;;;;;;;;;;;;;;;;;;;;;;2,5;;91,9;;;;;;;;
NewYork;;;;;;;;;;;;;;;;;;;;;;;;;;6,7;27,5;;199,8;433,7;;;;;;
Pittsburgh;;;;;;;;;;;;;;;;;;;;;;551,0;421,2;;283,9;;;292,1;;355,3;522,1;;;;;731,6
Washington;;;;;;;;;;;;;;;;;;;;;;;;;;;;301,5;459,2;;581,9;;;;;
Raleigh;;;;;;;;;;;;;;;;;;;;;;;;;;;;;462,9;455,1;;;757,5;;;622,6
Atlanta;;;;;;;;;;;;;;;;;;;;;;;;;;;;;;;;;1000,0;1000,0;1000,0;1000,0
Charleston;;;;;;;;;;;;;;;;;;;;;;;;;;;;;;;550,6;902,0;;654,0;;
Miami;;;;;;;;;;;;;;;;;;;;;;;;;;;;;;;;905,0;696,0;;727,5;
NewOrleans;;;;;;;;;;;;;;;;;;;637,2;;607,1;;;;;;;;;;;984,0;;766,7;;
Nashville;;;;;;;;;;;;;;;;;;;;;614,8;553,7;;;;;;;479,9;;527,0;901,0;;;;
Step_8000;Vancouver;Seattle;Calgary;Portland;Helena;SaltLakeCity;SanFrancisco;LosAngeles;LasVegas;Phoenix;SantaFe;Denver;ElPaso;Winnipeg;Duluth;Omaha;KansasCity;OklahomaCity;Houston;Dallas;LittleRock;SaintLouis;Chicago;SaultStMarie;Toronto;Montreal;Boston;NewYork;Pittsburgh;Washington;Raleigh;Atlanta;Charleston;Miami;NewOrleans;Nashville
Vancouver;;288,8;278,4;;;;;;;;;;;;;;;;;;;;;;;;;;;;;;;;;
Seattle;261,9;;287,3;294,2;358,9;;;;;;;;;;;;;;;;;;;;;;;;;;;;;;;
Calgary;234,2;288,0;;;347,4;;;;;;;;;261,1;;;;;;;;;;;;;;;;;;;;;;
Portland;;285,8;;;;334,2;355,7;;;;;;;;;;;;;;;;;;;;;;;;;;;;;
Helena;;294,4;292,9;;;324,7;;;;;;374,4;;290,1;383,5;382,3;;;;;;;;;;;;;;;;;;;;
SaltLakeCity;;;;309,8;352,0;;350,2;;351,3;;;386,5;;;;;;;;;;;;;;;;;;;;;;;;
SanFrancisco;;;;314,9;;332,9;;995,8;;;;;;;;;;;;;;;;;;;;;;;;;;;;
LosAngeles;;;;;;;345,9;;345,7;440,9;;;991,0;;;;;;;;;;;;;;;;;;;;;;;
LasVegas;;;;;;355,7;;408,6;;;;;;;;;;;;;;;;;;;;;;;;;;;;
Phoenix;;;;;;;;437,7;;;431,1;397,4;489,7;;;;;;;;;;;;;;;;;;;;;;;
SantaFe;;;;;;;;;;428,3;;381,2;456,0;;;;;501,8;;;;;;;;;;;;;;;;;;
Denver;;;;;328,4;339,4;;;;406,2;431,1;;;;;378,8;476,7;459,9;;;;;;;;;;;;;;;;;;
ElPaso;;;;;;;;413,6;;427,5;426,8;;;;;;;507,4;974,2;530,6;;;;;;;;;;;;;;;;
Winnipeg;;;263,7;;361,4;;;;;;;;;;318,9;;;;;;;;;227,8;;;;;;;;;;;;
Duluth;;;;;331,8;;;;;;;;;279,5;;;;;;;;;442,6;;367,1;;;;;;;;;;;
Omaha;;;;;346,1;;;;;;;422,8;;;;;;;;;;;425,1;;;;;;;;;;;;;
KansasCity;;;;;;;;;;;;392,8;;;;;;;;;;584,5;;;;;;;;;;;;;;
OklahomaCity;;;;;;;;;;;427,0;398,5;548,0;;;;;;;532,0;595,6;;;;;;;;;;;;;;;
Houston;;;;;;;;;;;;;478,7;;;;;;;522,2;;;;;;;;;;;;;;;908,0;
Dallas;;;;;;;;;;;;;513,4;;;;;503,7;620,3;;633,3;;;;;;;;;;;;;;;
LittleRock;;;;;;;;;;;;;;;;;;488,6;;521,0;;554,8;;;;;;;;;;;;;771,7;666,2
SaintLouis;;;;;;;;;;;;;;;;;461,3;;;;570,4;;471,6;;;;;;537,8;;;;;;;689,8
Chicago;;;;;;;;;;;;;;;354,4;391,9;;;;;;546,4;;;343,2;;;;497,3;;;;;;;
SaultStMarie;;;;;;;;;;;;;;308,5;;;;;;;;;;;265,6;135,7;;;;;;;;;;
Toronto;;;;;;;;;;;;;;;335,5;;;;;;;;445,3;155,1;;148,9;;;510,9;;;;;;;
Montreal;;;;;;;;;;;;;;;;;;;;;;;;219,2;78,7;;116,5;269,5;;;;;;;;
Boston;;;;;;;;;;;;;;;;;;;;;;;;;;148,1;;305,7;;;;;;;;
NewYork;;;;;;;;;;;;;;;;;;;;;;;;;;113,6;223,9;;439,0;474,6;;;;;;
Pittsburgh;;;;;;;;;;;;;;;;;;;;;;609,6;488,5;;340,8;;;433,9;;519,3;606,7;;;;;695,8
Washington;;;;;;;;;;;;;;;;;;;;;;;;;;;;360,3;501,7;;582,7;;;;;
Raleigh;;;;;;;;;;;;;;;;;;;;;;;;;;;;;546,0;496,9;;;733,0;;;601,9
Atlanta;;;;;;;;;;;;;;;;;;;;;;;;;;;;;;;;;1000,0;1000,0;1000,0;1000,0
Charleston;;;;;;;;;;;;;;;;;;;;;;;;;;;;;;;594,2;902,0;;792,5;;
Miami;;;;;;;;;;;;;;;;;;;;;;;;;;;;;;;;905,0;731,3;;762,0;
NewOrleans;;;;;;;;;;;;;;;;;;;631,6;;571,2;;;;;;;;;;;984,0;;780,7;;
Nashville;;;;;;;;;;;;;;;;;;;;;633,5;543,9;;;;;;;481,5;;523,2;901,0;;;;
Step_12000;Vancouver;Seattle;Calgary;Portland;Helena;SaltLakeCity;SanFrancisco;LosAngeles;LasVegas;Phoenix;SantaFe;Denver;ElPaso;Winnipeg;Duluth;Omaha;KansasCity;OklahomaCity;Houston;Dallas;LittleRock;SaintLouis;Chicago;SaultStMarie;Toronto;Montreal;Boston;NewYork;Pittsburgh;Washington;Raleigh;Atlanta;Charleston;Miami;NewOrleans;Nashville
Vancouver;;277,3;285,7;;;;;;;;;;;;;;;;;;;;;;;;;;;;;;;;;
Seattle;260,8;;287,3;290,0;353,2;;;;;;;;;;;;;;;;;;;;;;;;;;;;;;;
Calgary;258,7;278,1;;;334,3;;;;;;;;;346,8;;;;;;;;;;;;;;;;;;;;;;
Portland;;295,5;;;;344,4;323,6;;;;;;;;;;;;;;;;;;;;;;;;;;;;;
Helena;;282,6;281,9;;;341,0;;;;;;374,3;;343,6;384,8;380,7;;;;;;;;;;;;;;;;;;;;
SaltLakeCity;;;;299,6;332,8;;324,3;;333,6;;;370,0;;;;;;;;;;;;;;;;;;;;;;;;
SanFrancisco;;;;303,4;;340,3;;993,4;;;;;;;;;;;;;;;;;;;;;;;;;;;;
LosAngeles;;;;;;;321,5;;335,5;403,3;;;977,8;;;;;;;;;;;;;;;;;;;;;;;
LasVegas;;;;;;332,2;;365,5;;;;;;;;;;;;;;;;;;;;;;;;;;;;
Phoenix;;;;;;;;377,2;;;411,9;386,8;497,1;;;;;;;;;;;;;;;;;;;;;;;
SantaFe;;;;;;;;;;384,3;;377,4;452,6;;;;;529,3;;;;;;;;;;;;;;;;;;
Denver;;;;;334,4;342,6;;;;386,7;395,7;;;;;394,1;453,7;419,0;;;;;;;;;;;;;;;;;;
ElPaso;;;;;;;;383,9;;411,8;431,3;;;;;;;477,9;901,2;503,9;;;;;;;;;;;;;;;;
Winnipeg;;;306,0;;329,7;;;;;;;;;;416,1;;;;;;;;;262,1;;;;;;;;;;;;
Duluth;;;;;329,2;;;;;;;;;317,9;;;;;;;;;477,4;;419,0;;;;;;;;;;;
Omaha;;;;;350,6;;;;;;;401,1;;;;;;;;;;;477,5;;;;;;;;;;;;;
KansasCity;;;;;;;;;;;;400,6;;;;;;;;;;509,8;;;;;;;;;;;;;;
OklahomaCity;;;;;;;;;;;405,6;385,5;424,9;;;;;;;505,2;638,6;;;;;;;;;;;;;;;
Houston;;;;;;;;;;;;;496,5;;;;;;;502,2;;;;;;;;;;;;;;;982,3;
Dallas;;;;;;;;;;;;;470,1;;;;;514,8;613,0;;605,2;;;;;;;;;;;;;;;
LittleRock;;;;;;;;;;;;;;;;;;499,6;;512,6;;555,6;;;;;;;;;;;;;728,8;595,6
SaintLouis;;;;;;;;;;;;;;;;;491,5;;;;592,6;;447,8;;;;;;493,6;;;;;;;652,8
Chicago;;;;;;;;;;;;;;;377,6;390,3;;;;;;508,8;;;429,3;;;;553,3;;;;;;;
SaultStMarie;;;;;;;;;;;;;;292,5;;;;;;;;;;;405,6;226,7;;;;;;;;;;
Toronto;;;;;;;;;;;;;;;401,3;;;;;;;;475,1;300,4;;319,9;;;497,2;;;;;;;
Montreal;;;;;;;;;;;;;;;;;;;;;;;;332,7;200,4;;259,0;429,8;;;;;;;;
Boston;;;;;;;;;;;;;;;;;;;;;;;;;;296,9;;463,9;;;;;;;;
NewYork;;;;;;;;;;;;;;;;;;;;;;;;;;184,4;342,0;;551,0;489,0;;;;;;
Pittsburgh;;;;;;;;;;;;;;;;;;;;;;509,8;446,5;;382,4;;;477,4;;528,2;552,7;;;;;659,9
Washington;;;;;;;;;;;;;;;;;;;;;;;;;;;;421,3;575,5;;598,2;;;;;
Raleigh;;;;;;;;;;;;;;;;;;;;;;;;;;;;;537,3;501,0;;;687,5;;;679,6
Atlanta;;;;;;;;;;;;;;;;;;;;;;;;;;;;;;;;;1000,0;1000,0;1000,0;1000,0
Charleston;;;;;;;;;;;;;;;;;;;;;;;;;;;;;;;637,1;902,0;;758,7;;
Miami;;;;;;;;;;;;;;;;;;;;;;;;;;;;;;;;905,0;761,7;;671,5;
NewOrleans;;;;;;;;;;;;;;;;;;;609,3;;565,9;;;;;;;;;;;984,0;;751,7;;
Nashville;;;;;;;;;;;;;;;;;;;;;536,7;581,5;;;;;;;545,6;;607,8;901,0;;;;
Step_16000;Vancouver;Seattle;Calgary;Portland;Helena;SaltLakeCity;SanFrancisco;LosAngeles;LasVegas;Phoenix;SantaFe;Denver;ElPaso;Winnipeg;Duluth;Omaha;KansasCity;OklahomaCity;Houston;Dallas;LittleRock;SaintLouis;Chicago;SaultStMarie;Toronto;Montreal;Boston;NewYork;Pittsburgh;Washington;Raleigh;Atlanta;Charleston;Miami;NewOrleans;Nashville
Vancouver;;292,0;299,1;;;;;;;;;;;;;;;;;;;;;;;;;;;;;;;;;
Seattle;259,8;;308,1;286,9;332,3;;;;;;;;;;;;;;;;;;;;;;;;;;;;;;;
Calgary;266,5;286,8;;;333,5;;;;;;;;;353,9;;;;;;;;;;;;;;;;;;;;;;
Portland;;274,6;;;;336,7;322,2;;;;;;;;;;;;;;;;;;;;;;;;;;;;;
Helena;;287,1;292,7;;;319,5;;;;;;378,3;;356,4;387,4;374,4;;;;;;;;;;;;;;;;;;;;
SaltLakeCity;;;;305,6;323,4;;302,4;;348,6;;;430,3;;;;;;;;;;;;;;;;;;;;;;;;
SanFrancisco;;;;284,8;;358,3;;996,2;;;;;;;;;;;;;;;;;;;;;;;;;;;;
LosAngeles;;;;;;;331,8;;347,9;412,8;;;993,4;;;;;;;;;;;;;;;;;;;;;;;
LasVegas;;;;;;331,4;;413,5;;;;;;;;;;;;;;;;;;;;;;;;;;;;
Phoenix;;;;;;;;361,3;;;415,5;406,7;517,3;;;;;;;;;;;;;;;;;;;;;;;
SantaFe;;;;;;;;;;398,4;;398,7;405,2;;;;;501,2;;;;;;;;;;;;;;;;;;
Denver;;;;;322,5;339,7;;;;429,6;391,7;;;;;362,6;472,0;525,6;;;;;;;;;;;;;;;;;;
ElPaso;;;;;;;;372,5;;407,9;409,5;;;;;;;526,7;987,6;532,6;;;;;;;;;;;;;;;;
Winnipeg;;;306,4;;326,0;;;;;;;;;;392,1;;;;;;;;;333,9;;;;;;;;;;;;
Duluth;;;;;337,3;;;;;;;;;342,9;;;;;;;;;451,7;;411,1;;;;;;;;;;;
Omaha;;;;;345,6;;;;;;;383,7;;;;;;;;;;;448,3;;;;;;;;;;;;;
KansasCity;;;;;;;;;;;;386,1;;;;;;;;;;574,4;;;;;;;;;;;;;;
OklahomaCity;;;;;;;;;;;396,6;368,3;479,6;;;;;;;455,2;605,8;;;;;;;;;;;;;;;
Houston;;;;;;;;;;;;;526,5;;;;;;;514,4;;;;;;;;;;;;;;;982,3;
Dallas;;;;;;;;;;;;;496,1;;;;;462,3;541,3;;625,7;;;;;;;;;;;;;;;
LittleRock;;;;;;;;;;;;;;;;;;427,6;;520,7;;548,8;;;;;;;;;;;;;745,5;627,9
SaintLouis;;;;;;;;;;;;;;;;;457,3;;;;590,4;;476,9;;;;;;530,6;;;;;;;703,7
Chicago;;;;;;;;;;;;;;;380,7;402,6;;;;;;564,0;;;462,2;;;;489,4;;;;;;;
SaultStMarie;;;;;;;;;;;;;;302,7;;;;;;;;;;;386,9;312,4;;;;;;;;;;
Toronto;;;;;;;;;;;;;;;382,9;;;;;;;;475,2;331,6;;353,5;;;500,6;;;;;;;
Montreal;;;;;;;;;;;;;;;;;;;;;;;;335,6;371,3;;361,4;449,0;;;;;;;;
Boston;;;;;;;;;;;;;;;;;;;;;;;;;;356,8;;457,3;;;;;;;;
NewYork;;;;;;;;;;;;;;;;;;;;;;;;;;285,8;396,9;;514,1;478,4;;;;;;
Pittsburgh;;;;;;;;;;;;;;;;;;;;;;518,1;494,0;;439,5;;;444,2;;454,2;575,6;;;;;662,0
Washington;;;;;;;;;;;;;;;;;;;;;;;;;;;;408,8;515,4;;591,5;;;;;
Raleigh;;;;;;;;;;;;;;;;;;;;;;;;;;;;;543,8;539,5;;;693,9;;;676,4
Atlanta;;;;;;;;;;;;;;;;;;;;;;;;;;;;;;;;;1000,0;1000,0;1000,0;1000,0
Charleston;;;;;;;;;;;;;;;;;;;;;;;;;;;;;;;613,8;902,0;;742,9;;
Miami;;;;;;;;;;;;;;;;;;;;;;;;;;;;;;;;905,0;779,2;;722,1;
NewOrleans;;;;;;;;;;;;;;;;;;;634,1;;647,9;;;;;;;;;;;984,0;;816,6;;
Nashville;;;;;;;;;;;;;;;;;;;;;608,5;500,5;;;;;;;480,1;;605,2;901,0;;;;
Step_20000;Vancouver;Seattle;Calgary;Portland;Helena;SaltLakeCity;SanFrancisco;LosAngeles;LasVegas;Phoenix;SantaFe;Denver;ElPaso;Winnipeg;Duluth;Omaha;KansasCity;OklahomaCity;Houston;Dallas;LittleRock;SaintLouis;Chicago;SaultStMarie;Toronto;Montreal;Boston;NewYork;Pittsburgh;Washington;Raleigh;Atlanta;Charleston;Miami;NewOrleans;Nashville
Vancouver;;286,9;291,3;;;;;;;;;;;;;;;;;;;;;;;;;;;;;;;;;
Seattle;266,5;;292,7;301,8;348,0;;;;;;;;;;;;;;;;;;;;;;;;;;;;;;;
Calgary;269,2;298,0;;;314,9;;;;;;;;;348,2;;;;;;;;;;;;;;;;;;;;;;
Portland;;290,8;;;;323,7;341,3;;;;;;;;;;;;;;;;;;;;;;;;;;;;;
Helena;;296,8;311,2;;;344,9;;;;;;411,4;;323,0;389,2;354,9;;;;;;;;;;;;;;;;;;;;
SaltLakeCity;;;;296,2;342,8;;322,3;;363,7;;;370,4;;;;;;;;;;;;;;;;;;;;;;;;
SanFrancisco;;;;304,3;;330,6;;873,3;;;;;;;;;;;;;;;;;;;;;;;;;;;;
LosAngeles;;;;;;;310,4;;356,3;396,5;;;1018,0;;;;;;;;;;;;;;;;;;;;;;;
LasVegas;;;;;;352,5;;377,1;;;;;;;;;;;;;;;;;;;;;;;;;;;;
Phoenix;;;;;;;;350,8;;;409,4;393,0;504,7;;;;;;;;;;;;;;;;;;;;;;;
SantaFe;;;;;;;;;;389,1;;389,4;461,5;;;;;437,7;;;;;;;;;;;;;;;;;;
Denver;;;;;329,9;347,2;;;;379,0;403,3;;;;;392,4;447,8;474,6;;;;;;;;;;;;;;;;;;
ElPaso;;;;;;;;366,2;;399,0;383,2;;;;;;;460,3;1012,0;468,4;;;;;;;;;;;;;;;;
Winnipeg;;;298,6;;325,9;;;;;;;;;;394,8;;;;;;;;;365,6;;;;;;;;;;;;
Duluth;;;;;362,3;;;;;;;;;344,3;;;;;;;;;451,6;;368,0;;;;;;;;;;;
Omaha;;;;;326,7;;;;;;;375,5;;;;;;;;;;;439,9;;;;;;;;;;;;;
KansasCity;;;;;;;;;;;;426,6;;;;;;;;;;554,3;;;;;;;;;;;;;;
OklahomaCity;;;;;;;;;;;394,3;397,0;443,8;;;;;;;499,2;562,5;;;;;;;;;;;;;;;
Houston;;;;;;;;;;;;;455,3;;;;;;;486,9;;;;;;;;;;;;;;;1006,0;
Dallas;;;;;;;;;;;;;489,8;;;;;491,5;615,4;;503,7;;;;;;;;;;;;;;;
LittleRock;;;;;;;;;;;;;;;;;;457,1;;474,0;;536,5;;;;;;;;;;;;;725,2;618,7
SaintLouis;;;;;;;;;;;;;;;;;466,9;;;;549,3;;449,5;;;;;;584,2;;;;;;;683,5
Chicago;;;;;;;;;;;;;;;355,9;369,3;;;;;;551,5;;;409,1;;;;496,4;;;;;;;
SaultStMarie;;;;;;;;;;;;;;318,6;;;;;;;;;;;423,2;361,2;;;;;;;;;;
Toronto;;;;;;;;;;;;;;;371,0;;;;;;;;427,1;355,4;;373,9;;;523,3;;;;;;;
Montreal;;;;;;;;;;;;;;;;;;;;;;;;335,6;378,9;;379,0;462,7;;;;;;;;
Boston;;;;;;;;;;;;;;;;;;;;;;;;;;371,4;;467,5;;;;;;;;
NewYork;;;;;;;;;;;;;;;;;;;;;;;;;;344,9;392,7;;595,4;482,1;;;;;;
Pittsburgh;;;;;;;;;;;;;;;;;;;;;;531,9;450,3;;397,4;;;486,3;;553,7;546,9;;;;;746,4
Washington;;;;;;;;;;;;;;;;;;;;;;;;;;;;439,3;526,6;;670,2;;;;;
Raleigh;;;;;;;;;;;;;;;;;;;;;;;;;;;;;493,7;533,2;;;775,9;;;705,1
Atlanta;;;;;;;;;;;;;;;;;;;;;;;;;;;;;;;;;1000,0;1000,0;1000,0;1000,0
Charleston;;;;;;;;;;;;;;;;;;;;;;;;;;;;;;;619,0;902,0;;784,8;;
Miami;;;;;;;;;;;;;;;;;;;;;;;;;;;;;;;;905,0;787,1;;747,3;
NewOrleans;;;;;;;;;;;;;;;;;;;628,7;;603,1;;;;;;;;;;;984,0;;767,1;;
Nashville;;;;;;;;;;;;;;;;;;;;;622,0;502,1;;;;;;;513,2;;608,2;901,0;;;;
Step_24000;Vancouver;Seattle;Calgary;Portland;Helena;SaltLakeCity;SanFrancisco;LosAngeles;LasVegas;Phoenix;SantaFe;Denver;ElPaso;Winnipeg;Duluth;Omaha;KansasCity;OklahomaCity;Houston;Dallas;LittleRock;SaintLouis;Chicago;SaultStMarie;Toronto;Montreal;Boston;NewYork;Pittsburgh;Washington;Raleigh;Atlanta;Charleston;Miami;NewOrleans;Nashville
Vancouver;;290,4;278,3;;;;;;;;;;;;;;;;;;;;;;;;;;;;;;;;;
Seattle;256,8;;291,7;293,8;342,0;;;;;;;;;;;;;;;;;;;;;;;;;;;;;;;
Calgary;260,8;271,1;;;319,7;;;;;;;;;346,2;;;;;;;;;;;;;;;;;;;;;;
Portland;;289,8;;;;324,2;329,3;;;;;;;;;;;;;;;;;;;;;;;;;;;;;
Helena;;285,7;288,7;;;339,8;;;;;;375,6;;349,4;407,7;380,6;;;;;;;;;;;;;;;;;;;;
SaltLakeCity;;;;299,7;338,2;;436,5;;334,0;;;420,7;;;;;;;;;;;;;;;;;;;;;;;;
SanFrancisco;;;;294,9;;333,1;;894,6;;;;;;;;;;;;;;;;;;;;;;;;;;;;
LosAngeles;;;;;;;428,9;;333,0;390,2;;;912,0;;;;;;;;;;;;;;;;;;;;;;;
LasVegas;;;;;;357,5;;390,1;;;;;;;;;;;;;;;;;;;;;;;;;;;;
Phoenix;;;;;;;;384,0;;;423,6;365,8;487,7;;;;;;;;;;;;;;;;;;;;;;;
SantaFe;;;;;;;;;;404,9;;426,6;492,9;;;;;479,7;;;;;;;;;;;;;;;;;;
Denver;;;;;338,7;360,9;;;;382,3;421,9;;;;;381,9;470,6;493,3;;;;;;;;;;;;;;;;;;
ElPaso;;;;;;;;413,3;;408,9;410,2;;;;;;;497,2;1012,0;535,7;;;;;;;;;;;;;;;;
Winnipeg;;;305,7;;352,1;;;;;;;;;;371,9;;;;;;;;;378,0;;;;;;;;;;;;
Duluth;;;;;349,9;;;;;;;;;336,2;;;;;;;;;442,8;;468,8;;;;;;;;;;;
Omaha;;;;;363,2;;;;;;;370,7;;;;;;;;;;;443,1;;;;;;;;;;;;;
KansasCity;;;;;;;;;;;;416,1;;;;;;;;;;565,3;;;;;;;;;;;;;;
OklahomaCity;;;;;;;;;;;436,8;400,9;513,8;;;;;;;516,9;579,3;;;;;;;;;;;;;;;
Houston;;;;;;;;;;;;;521,9;;;;;;;543,1;;;;;;;;;;;;;;;1006,0;
Dallas;;;;;;;;;;;;;504,6;;;;;483,7;583,4;;596,2;;;;;;;;;;;;;;;
LittleRock;;;;;;;;;;;;;;;;;;482,8;;519,0;;517,5;;;;;;;;;;;;;775,6;691,1
SaintLouis;;;;;;;;;;;;;;;;;472,0;;;;533,2;;462,9;;;;;;549,3;;;;;;;712,4
Chicago;;;;;;;;;;;;;;;401,4;402,2;;;;;;529,8;;;455,2;;;;481,7;;;;;;;
SaultStMarie;;;;;;;;;;;;;;350,1;;;;;;;;;;;438,3;391,1;;;;;;;;;;
Toronto;;;;;;;;;;;;;;;411,9;;;;;;;;462,5;376,8;;366,1;;;520,4;;;;;;;
Montreal;;;;;;;;;;;;;;;;;;;;;;;;348,4;419,2;;391,0;437,7;;;;;;;;
Boston;;;;;;;;;;;;;;;;;;;;;;;;;;380,1;;446,9;;;;;;;;
NewYork;;;;;;;;;;;;;;;;;;;;;;;;;;355,1;385,1;;483,1;471,2;;;;;;
Pittsburgh;;;;;;;;;;;;;;;;;;;;;;524,4;475,9;;423,6;;;433,8;;521,6;553,3;;;;;671,4
Washington;;;;;;;;;;;;;;;;;;;;;;;;;;;;454,4;522,8;;671,2;;;;;
Raleigh;;;;;;;;;;;;;;;;;;;;;;;;;;;;;569,3;535,0;;;786,3;;;624,2
Atlanta;;;;;;;;;;;;;;;;;;;;;;;;;;;;;;;;;1000,0;1000,0;1000,0;1000,0
Charleston;;;;;;;;;;;;;;;;;;;;;;;;;;;;;;;587,2;902,0;;770,2;;
Miami;;;;;;;;;;;;;;;;;;;;;;;;;;;;;;;;905,0;720,3;;730,4;
NewOrleans;;;;;;;;;;;;;;;;;;;663,2;;622,1;;;;;;;;;;;1004,0;;739,9;;
Nashville;;;;;;;;;;;;;;;;;;;;;637,5;562,8;;;;;;;509,9;;658,5;901,0;;;;
Step_28000;Vancouver;Seattle;Calgary;Portland;Helena;SaltLakeCity;SanFrancisco;LosAngeles;LasVegas;Phoenix;SantaFe;Denver;ElPaso;Winnipeg;Duluth;Omaha;KansasCity;OklahomaCity;Houston;Dallas;LittleRock;SaintLouis;Chicago;SaultStMarie;Toronto;Montreal;Boston;NewYork;Pittsburgh;Washington;Raleigh;Atlanta;Charleston;Miami;NewOrleans;Nashville
Vancouver;;275,0;296,3;;;;;;;;;;;;;;;;;;;;;;;;;;;;;;;;;
Seattle;262,3;;307,6;302,1;363,5;;;;;;;;;;;;;;;;;;;;;;;;;;;;;;;
Calgary;273,0;301,0;;;351,5;;;;;;;;;333,6;;;;;;;;;;;;;;;;;;;;;;
Portland;;302,1;;;;335,1;319,3;;;;;;;;;;;;;;;;;;;;;;;;;;;;;
Helena;;314,3;299,5;;;330,4;;;;;;376,6;;323,3;369,4;397,6;;;;;;;;;;;;;;;;;;;;
SaltLakeCity;;;;323,5;361,9;;344,2;;355,2;;;420,9;;;;;;;;;;;;;;;;;;;;;;;;
SanFrancisco;;;;302,2;;366,1;;1021,0;;;;;;;;;;;;;;;;;;;;;;;;;;;;
LosAngeles;;;;;;;337,5;;347,5;411,6;;;1018,0;;;;;;;;;;;;;;;;;;;;;;;
LasVegas;;;;;;348,6;;383,3;;;;;;;;;;;;;;;;;;;;;;;;;;;;
Phoenix;;;;;;;;383,7;;;438,6;414,3;467,2;;;;;;;;;;;;;;;;;;;;;;;
SantaFe;;;;;;;;;;417,0;;422,7;443,6;;;;;456,8;;;;;;;;;;;;;;;;;;
Denver;;;;;353,3;350,4;;;;391,9;402,9;;;;;396,7;451,2;533,8;;;;;;;;;;;;;;;;;;
ElPaso;;;;;;;;373,3;;407,2;431,9;;;;;;;479,6;1012,0;508,5;;;;;;;;;;;;;;;;
Winnipeg;;;301,6;;367,4;;;;;;;;;;387,3;;;;;;;;;399,5;;;;;;;;;;;;
Duluth;;;;;351,1;;;;;;;;;352,3;;;;;;;;;421,1;;466,1;;;;;;;;;;;
Omaha;;;;;373,4;;;;;;;417,4;;;;;;;;;;;471,2;;;;;;;;;;;;;
KansasCity;;;;;;;;;;;;367,8;;;;;;;;;;566,0;;;;;;;;;;;;;;
OklahomaCity;;;;;;;;;;;421,9;414,0;502,7;;;;;;;491,5;651,1;;;;;;;;;;;;;;;
Houston;;;;;;;;;;;;;455,6;;;;;;;496,0;;;;;;;;;;;;;;;1006,0;
Dallas;;;;;;;;;;;;;480,6;;;;;468,5;568,0;;618,5;;;;;;;;;;;;;;;
LittleRock;;;;;;;;;;;;;;;;;;495,2;;524,8;;602,1;;;;;;;;;;;;;792,6;667,1
SaintLouis;;;;;;;;;;;;;;;;;469,7;;;;562,1;;489,0;;;;;;548,8;;;;;;;748,1
Chicago;;;;;;;;;;;;;;;362,2;428,8;;;;;;612,7;;;446,5;;;;510,6;;;;;;;
SaultStMarie;;;;;;;;;;;;;;344,4;;;;;;;;;;;429,2;405,9;;;;;;;;;;
Toronto;;;;;;;;;;;;;;;378,9;;;;;;;;476,8;382,4;;390,2;;;474,4;;;;;;;
Montreal;;;;;;;;;;;;;;;;;;;;;;;;380,5;438,0;;421,5;465,0;;;;;;;;
Boston;;;;;;;;;;;;;;;;;;;;;;;;;;390,4;;493,6;;;;;;;;
NewYork;;;;;;;;;;;;;;;;;;;;;;;;;;389,6;413,4;;517,2;546,2;;;;;;
Pittsburgh;;;;;;;;;;;;;;;;;;;;;;531,1;465,5;;446,1;;;472,0;;548,9;601,9;;;;;680,3
Washington;;;;;;;;;;;;;;;;;;;;;;;;;;;;465,3;536,5;;637,4;;;;;
Raleigh;;;;;;;;;;;;;;;;;;;;;;;;;;;;;586,8;547,5;;;787,2;;;732,6
Atlanta;;;;;;;;;;;;;;;;;;;;;;;;;;;;;;;;;1000,0;1000,0;1000,0;1000,0
Charleston;;;;;;;;;;;;;;;;;;;;;;;;;;;;;;;606,5;902,0;;808,7;;
Miami;;;;;;;;;;;;;;;;;;;;;;;;;;;;;;;;905,0;744,2;;677,6;
NewOrleans;;;;;;;;;;;;;;;;;;;528,1;;616,6;;;;;;;;;;;984,0;;768,6;;
Nashville;;;;;;;;;;;;;;;;;;;;;633,1;549,8;;;;;;;579,3;;624,6;901,0;;;;
Step_32000;Vancouver;Seattle;Calgary;Portland;Helena;SaltLakeCity;SanFrancisco;LosAngeles;LasVegas;Phoenix;SantaFe;Denver;ElPaso;Winnipeg;Duluth;Omaha;KansasCity;OklahomaCity;Houston;Dallas;LittleRock;SaintLouis;Chicago;SaultStMarie;Toronto;Montreal;Boston;NewYork;Pittsburgh;Washington;Raleigh;Atlanta;Charleston;Miami;NewOrleans;Nashville
Vancouver;;289,8;288,8;;;;;;;;;;;;;;;;;;;;;;;;;;;;;;;;;
Seattle;267,6;;306,9;299,5;343,7;;;;;;;;;;;;;;;;;;;;;;;;;;;;;;;
Calgary;269,3;295,3;;;333,9;;;;;;;;;341,9;;;;;;;;;;;;;;;;;;;;;;
Portland;;289,7;;;;352,9;325,0;;;;;;;;;;;;;;;;;;;;;;;;;;;;;
Helena;;311,1;291,5;;;340,0;;;;;;391,0;;326,3;369,5;368,4;;;;;;;;;;;;;;;;;;;;
SaltLakeCity;;;;317,4;333,6;;350,4;;370,6;;;403,6;;;;;;;;;;;;;;;;;;;;;;;;
SanFrancisco;;;;302,4;;341,0;;1021,0;;;;;;;;;;;;;;;;;;;;;;;;;;;;
LosAngeles;;;;;;;344,1;;364,6;428,5;;;1018,0;;;;;;;;;;;;;;;;;;;;;;;
LasVegas;;;;;;351,4;;391,1;;;;;;;;;;;;;;;;;;;;;;;;;;;;
Phoenix;;;;;;;;388,6;;;434,4;423,9;487,4;;;;;;;;;;;;;;;;;;;;;;;
SantaFe;;;;;;;;;;422,0;;411,5;491,9;;;;;442,9;;;;;;;;;;;;;;;;;;
Denver;;;;;343,0;357,7;;;;419,1;426,9;;;;;387,8;483,6;461,4;;;;;;;;;;;;;;;;;;
ElPaso;;;;;;;;441,4;;409,3;417,7;;;;;;;495,2;1012,0;477,9;;;;;;;;;;;;;;;;
Winnipeg;;;311,9;;346,8;;;;;;;;;;355,2;;;;;;;;;372,8;;;;;;;;;;;;
Duluth;;;;;322,6;;;;;;;;;333,9;;;;;;;;;475,2;;457,0;;;;;;;;;;;
Omaha;;;;;345,2;;;;;;;405,9;;;;;;;;;;;474,0;;;;;;;;;;;;;
KansasCity;;;;;;;;;;;;434,5;;;;;;;;;;569,6;;;;;;;;;;;;;;
OklahomaCity;;;;;;;;;;;419,5;411,9;518,3;;;;;;;496,3;550,4;;;;;;;;;;;;;;;
Houston;;;;;;;;;;;;;476,5;;;;;;;474,3;;;;;;;;;;;;;;;1006,0;
Dallas;;;;;;;;;;;;;479,7;;;;;478,1;601,2;;558,2;;;;;;;;;;;;;;;
LittleRock;;;;;;;;;;;;;;;;;;452,9;;532,7;;535,8;;;;;;;;;;;;;698,3;690,5
SaintLouis;;;;;;;;;;;;;;;;;470,9;;;;622,1;;466,9;;;;;;550,9;;;;;;;706,4
Chicago;;;;;;;;;;;;;;;410,5;427,1;;;;;;553,2;;;453,8;;;;538,5;;;;;;;
SaultStMarie;;;;;;;;;;;;;;338,5;;;;;;;;;;;410,8;402,9;;;;;;;;;;
Toronto;;;;;;;;;;;;;;;404,7;;;;;;;;476,6;375,5;;392,5;;;511,3;;;;;;;
Montreal;;;;;;;;;;;;;;;;;;;;;;;;388,5;437,6;;405,1;472,9;;;;;;;;
Boston;;;;;;;;;;;;;;;;;;;;;;;;;;402,7;;466,7;;;;;;;;
NewYork;;;;;;;;;;;;;;;;;;;;;;;;;;397,7;413,0;;516,6;521,8;;;;;;
Pittsburgh;;;;;;;;;;;;;;;;;;;;;;547,1;458,5;;462,0;;;475,5;;521,6;577,0;;;;;727,7
Washington;;;;;;;;;;;;;;;;;;;;;;;;;;;;437,6;533,7;;568,0;;;;;
Raleigh;;;;;;;;;;;;;;;;;;;;;;;;;;;;;498,9;522,8;;;699,9;;;681,8
Atlanta;;;;;;;;;;;;;;;;;;;;;;;;;;;;;;;;;1000,0;1000,0;1000,0;1000,0
Charleston;;;;;;;;;;;;;;;;;;;;;;;;;;;;;;;664,2;902,0;;727,7;;
Miami;;;;;;;;;;;;;;;;;;;;;;;;;;;;;;;;905,0;765,4;;727,9;
NewOrleans;;;;;;;;;;;;;;;;;;;543,0;;540,1;;;;;;;;;;;984,0;;750,9;;
Nashville;;;;;;;;;;;;;;;;;;;;;596,6;533,3;;;;;;;528,8;;612,0;901,0;;;;
Step_36000;Vancouver;Seattle;Calgary;Portland;Helena;SaltLakeCity;SanFrancisco;LosAngeles;LasVegas;Phoenix;SantaFe;Denver;ElPaso;Winnipeg;Duluth;Omaha;KansasCity;OklahomaCity;Houston;Dallas;LittleRock;SaintLouis;Chicago;SaultStMarie;Toronto;Montreal;Boston;NewYork;Pittsburgh;Washington;Raleigh;Atlanta;Charleston;Miami;NewOrleans;Nashville
Vancouver;;258,9;294,9;;;;;;;;;;;;;;;;;;;;;;;;;;;;;;;;;
Seattle;248,1;;296,0;283,7;341,5;;;;;;;;;;;;;;;;;;;;;;;;;;;;;;;
Calgary;263,0;280,0;;;367,5;;;;;;;;;335,1;;;;;;;;;;;;;;;;;;;;;;
Portland;;287,8;;;;318,2;349,3;;;;;;;;;;;;;;;;;;;;;;;;;;;;;
Helena;;290,7;314,7;;;343,9;;;;;;390,0;;344,3;392,7;375,1;;;;;;;;;;;;;;;;;;;;
SaltLakeCity;;;;299,2;339,8;;319,3;;343,3;;;423,4;;;;;;;;;;;;;;;;;;;;;;;;
SanFrancisco;;;;299,9;;348,3;;993,6;;;;;;;;;;;;;;;;;;;;;;;;;;;;
LosAngeles;;;;;;;355,2;;343,5;432,3;;;978,7;;;;;;;;;;;;;;;;;;;;;;;
LasVegas;;;;;;346,4;;410,7;;;;;;;;;;;;;;;;;;;;;;;;;;;;
Phoenix;;;;;;;;377,6;;;440,4;442,7;524,9;;;;;;;;;;;;;;;;;;;;;;;
SantaFe;;;;;;;;;;375,3;;386,2;434,6;;;;;529,4;;;;;;;;;;;;;;;;;;
Denver;;;;;345,4;354,6;;;;405,8;430,9;;;;;377,8;420,3;543,3;;;;;;;;;;;;;;;;;;
ElPaso;;;;;;;;393,4;;426,0;428,0;;;;;;;512,4;906,2;557,4;;;;;;;;;;;;;;;;
Winnipeg;;;300,3;;358,1;;;;;;;;;;378,4;;;;;;;;;393,6;;;;;;;;;;;;
Duluth;;;;;351,2;;;;;;;;;348,4;;;;;;;;;428,2;;424,2;;;;;;;;;;;
Omaha;;;;;373,7;;;;;;;385,0;;;;;;;;;;;425,3;;;;;;;;;;;;;
KansasCity;;;;;;;;;;;;408,3;;;;;;;;;;461,2;;;;;;;;;;;;;;
OklahomaCity;;;;;;;;;;;422,8;435,0;538,8;;;;;;;537,0;641,5;;;;;;;;;;;;;;;
Houston;;;;;;;;;;;;;511,5;;;;;;;530,0;;;;;;;;;;;;;;;1006,0;
Dallas;;;;;;;;;;;;;520,4;;;;;526,6;541,0;;594,2;;;;;;;;;;;;;;;
LittleRock;;;;;;;;;;;;;;;;;;473,1;;533,3;;553,1;;;;;;;;;;;;;814,7;711,8
SaintLouis;;;;;;;;;;;;;;;;;439,2;;;;646,1;;454,3;;;;;;507,9;;;;;;;598,6
Chicago;;;;;;;;;;;;;;;409,1;384,7;;;;;;548,7;;;427,6;;;;505,4;;;;;;;
SaultStMarie;;;;;;;;;;;;;;333,8;;;;;;;;;;;452,3;418,4;;;;;;;;;;
Toronto;;;;;;;;;;;;;;;361,8;;;;;;;;449,6;385,6;;399,2;;;510,6;;;;;;;
Montreal;;;;;;;;;;;;;;;;;;;;;;;;403,7;468,0;;417,7;436,5;;;;;;;;
Boston;;;;;;;;;;;;;;;;;;;;;;;;;;407,2;;489,4;;;;;;;;
NewYork;;;;;;;;;;;;;;;;;;;;;;;;;;412,7;428,1;;530,7;559,9;;;;;;
Pittsburgh;;;;;;;;;;;;;;;;;;;;;;494,5;465,3;;407,3;;;459,8;;537,4;649,9;;;;;672,0
Washington;;;;;;;;;;;;;;;;;;;;;;;;;;;;466,5;571,1;;669,1;;;;;
Raleigh;;;;;;;;;;;;;;;;;;;;;;;;;;;;;589,2;510,1;;;784,6;;;662,5
Atlanta;;;;;;;;;;;;;;;;;;;;;;;;;;;;;;;;;1000,0;1000,0;1000,0;1000,0
Charleston;;;;;;;;;;;;;;;;;;;;;;;;;;;;;;;695,0;902,0;;776,4;;
Miami;;;;;;;;;;;;;;;;;;;;;;;;;;;;;;;;905,0;754,9;;754,3;
NewOrleans;;;;;;;;;;;;;;;;;;;690,0;;548,8;;;;;;;;;;;984,0;;765,3;;
Nashville;;;;;;;;;;;;;;;;;;;;;619,2;503,8;;;;;;;506,2;;635,0;901,0;;;;
Step_40000;Vancouver;Seattle;Calgary;Portland;Helena;SaltLakeCity;SanFrancisco;LosAngeles;LasVegas;Phoenix;SantaFe;Denver;ElPaso;Winnipeg;Duluth;Omaha;KansasCity;OklahomaCity;Houston;Dallas;LittleRock;SaintLouis;Chicago;SaultStMarie;Toronto;Montreal;Boston;NewYork;Pittsburgh;Washington;Raleigh;Atlanta;Charleston;Miami;NewOrleans;Nashville
Vancouver;;292,4;302,6;;;;;;;;;;;;;;;;;;;;;;;;;;;;;;;;;
Seattle;265,3;;321,6;284,8;302,9;;;;;;;;;;;;;;;;;;;;;;;;;;;;;;;
Calgary;268,1;293,1;;;367,5;;;;;;;;;332,1;;;;;;;;;;;;;;;;;;;;;;
Portland;;283,7;;;;356,6;340,2;;;;;;;;;;;;;;;;;;;;;;;;;;;;;
Helena;;290,5;302,5;;;329,2;;;;;;398,8;;333,6;458,4;393,8;;;;;;;;;;;;;;;;;;;;
SaltLakeCity;;;;308,7;336,9;;327,5;;327,5;;;435,8;;;;;;;;;;;;;;;;;;;;;;;;
SanFrancisco;;;;324,9;;369,7;;1021,0;;;;;;;;;;;;;;;;;;;;;;;;;;;;
LosAngeles;;;;;;;322,3;;347,8;413,5;;;1018,0;;;;;;;;;;;;;;;;;;;;;;;
LasVegas;;;;;;347,1;;409,1;;;;;;;;;;;;;;;;;;;;;;;;;;;;
Phoenix;;;;;;;;347,5;;;431,6;425,4;521,7;;;;;;;;;;;;;;;;;;;;;;;
SantaFe;;;;;;;;;;434,1;;409,0;440,7;;;;;498,2;;;;;;;;;;;;;;;;;;
Denver;;;;;346,2;341,5;;;;402,2;389,4;;;;;415,7;497,3;481,3;;;;;;;;;;;;;;;;;;
ElPaso;;;;;;;;405,2;;434,5;442,5;;;;;;;530,3;1012,0;518,8;;;;;;;;;;;;;;;;
Winnipeg;;;321,4;;366,1;;;;;;;;;;391,3;;;;;;;;;371,8;;;;;;;;;;;;
Duluth;;;;;367,6;;;;;;;;;330,0;;;;;;;;;507,7;;424,7;;;;;;;;;;;
Omaha;;;;;368,3;;;;;;;437,9;;;;;;;;;;;521,1;;;;;;;;;;;;;
KansasCity;;;;;;;;;;;;387,7;;;;;;;;;;589,5;;;;;;;;;;;;;;
OklahomaCity;;;;;;;;;;;422,7;434,3;506,5;;;;;;;504,9;658,4;;;;;;;;;;;;;;;
Houston;;;;;;;;;;;;;498,5;;;;;;;508,2;;;;;;;;;;;;;;;920,1;
Dallas;;;;;;;;;;;;;479,5;;;;;500,8;583,8;;570,4;;;;;;;;;;;;;;;
LittleRock;;;;;;;;;;;;;;;;;;491,1;;505,4;;584,6;;;;;;;;;;;;;752,5;682,9
SaintLouis;;;;;;;;;;;;;;;;;474,3;;;;626,8;;453,0;;;;;;633,8;;;;;;;768,8
Chicago;;;;;;;;;;;;;;;405,3;430,8;;;;;;577,4;;;450,5;;;;548,3;;;;;;;
SaultStMarie;;;;;;;;;;;;;;342,7;;;;;;;;;;;424,9;392,2;;;;;;;;;;
Toronto;;;;;;;;;;;;;;;381,0;;;;;;;;477,8;366,5;;390,2;;;544,3;;;;;;;
Montreal;;;;;;;;;;;;;;;;;;;;;;;;378,4;478,6;;385,7;426,7;;;;;;;;
Boston;;;;;;;;;;;;;;;;;;;;;;;;;;384,4;;402,6;;;;;;;;
NewYork;;;;;;;;;;;;;;;;;;;;;;;;;;405,3;390,3;;566,6;491,5;;;;;;
Pittsburgh;;;;;;;;;;;;;;;;;;;;;;526,4;491,2;;465,4;;;471,5;;510,4;574,9;;;;;762,1
Washington;;;;;;;;;;;;;;;;;;;;;;;;;;;;467,8;539,8;;602,3;;;;;
Raleigh;;;;;;;;;;;;;;;;;;;;;;;;;;;;;608,8;504,4;;;731,8;;;650,9
Atlanta;;;;;;;;;;;;;;;;;;;;;;;;;;;;;;;;;1000,0;1000,0;1000,0;1000,0
Charleston;;;;;;;;;;;;;;;;;;;;;;;;;;;;;;;616,0;902,0;;812,5;;
Miami;;;;;;;;;;;;;;;;;;;;;;;;;;;;;;;;905,0;804,2;;772,9;
NewOrleans;;;;;;;;;;;;;;;;;;;583,4;;638,6;;;;;;;;;;;984,0;;771,3;;
Nashville;;;;;;;;;;;;;;;;;;;;;655,5;565,5;;;;;;;596,3;;638,9;901,0;;;;
Step_4000;Vancouver;Seattle;Calgary;Portland;Helena;SaltLakeCity;SanFrancisco;LosAngeles;LasVegas;Phoenix;SantaFe;Denver;ElPaso;Winnipeg;Duluth;Omaha;KansasCity;OklahomaCity;Houston;Dallas;LittleRock;SaintLouis;Chicago;SaultStMarie;Toronto;Montreal;Boston;NewYork;Pittsburgh;Washington;Raleigh;Atlanta;Charleston;Miami;NewOrleans;Nashville
Vancouver;;299,9;267,8;;;;;;;;;;;;;;;;;;;;;;;;;;;;;;;;;
Seattle;261,9;;272,8;286,6;328,1;;;;;;;;;;;;;;;;;;;;;;;;;;;;;;;
Calgary;239,2;207,3;;;337,0;;;;;;;;;271,5;;;;;;;;;;;;;;;;;;;;;;
Portland;;280,1;;;;334,3;324,0;;;;;;;;;;;;;;;;;;;;;;;;;;;;;
Helena;;276,5;253,7;;;339,5;;;;;;397,9;;267,6;366,4;368,3;;;;;;;;;;;;;;;;;;;;
SaltLakeCity;;;;297,7;341,6;;339,4;;339,5;;;377,9;;;;;;;;;;;;;;;;;;;;;;;;
SanFrancisco;;;;291,1;;333,4;;889,6;;;;;;;;;;;;;;;;;;;;;;;;;;;;
LosAngeles;;;;;;;325,1;;337,2;401,0;;;1018,0;;;;;;;;;;;;;;;;;;;;;;;
LasVegas;;;;;;335,2;;356,3;;;;;;;;;;;;;;;;;;;;;;;;;;;;
Phoenix;;;;;;;;396,3;;;403,0;374,9;434,4;;;;;;;;;;;;;;;;;;;;;;;
SantaFe;;;;;;;;;;383,9;;407,4;434,8;;;;;473,6;;;;;;;;;;;;;;;;;;
Denver;;;;;295,1;337,7;;;;418,6;395,4;;;;;385,7;406,4;445,7;;;;;;;;;;;;;;;;;;
ElPaso;;;;;;;;418,2;;420,2;414,9;;;;;;;491,6;906,6;501,2;;;;;;;;;;;;;;;;
Winnipeg;;;248,0;;289,1;;;;;;;;;;352,2;;;;;;;;;258,5;;;;;;;;;;;;
Duluth;;;;;320,8;;;;;;;;;273,2;;;;;;;;;444,3;;402,8;;;;;;;;;;;
Omaha;;;;;337,2;;;;;;;412,3;;;;;;;;;;;463,2;;;;;;;;;;;;;
KansasCity;;;;;;;;;;;;383,5;;;;;;;;;;521,1;;;;;;;;;;;;;;
OklahomaCity;;;;;;;;;;;412,3;406,0;505,5;;;;;;;515,1;513,1;;;;;;;;;;;;;;;
Houston;;;;;;;;;;;;;464,4;;;;;;;532,2;;;;;;;;;;;;;;;1006,0;
Dallas;;;;;;;;;;;;;530,8;;;;;468,4;612,9;;613,7;;;;;;;;;;;;;;;
LittleRock;;;;;;;;;;;;;;;;;;506,6;;497,0;;588,8;;;;;;;;;;;;;814,7;612,9
SaintLouis;;;;;;;;;;;;;;;;;431,9;;;;570,1;;437,8;;;;;;498,9;;;;;;;636,4
Chicago;;;;;;;;;;;;;;;389,0;370,0;;;;;;533,9;;;277,6;;;;466,7;;;;;;;
SaultStMarie;;;;;;;;;;;;;;198,3;;;;;;;;;;;435,3;152,8;;;;;;;;;;
Toronto;;;;;;;;;;;;;;;374,5;;;;;;;;428,5;208,0;;284,3;;;548,3;;;;;;;
Montreal;;;;;;;;;;;;;;;;;;;;;;;;203,0;198,5;;239,6;424,6;;;;;;;;
Boston;;;;;;;;;;;;;;;;;;;;;;;;;;195,5;;414,6;;;;;;;;
NewYork;;;;;;;;;;;;;;;;;;;;;;;;;;289,8;274,0;;485,6;448,1;;;;;;
Pittsburgh;;;;;;;;;;;;;;;;;;;;;;532,4;414,2;;445,7;;;448,8;;489,8;528,9;;;;;587,0
Washington;;;;;;;;;;;;;;;;;;;;;;;;;;;;379,0;486,0;;570,7;;;;;
Raleigh;;;;;;;;;;;;;;;;;;;;;;;;;;;;;565,5;511,8;;;704,9;;;624,2
Atlanta;;;;;;;;;;;;;;;;;;;;;;;;;;;;;;;;;1000,0;1000,0;1000,0;1000,0
Charleston;;;;;;;;;;;;;;;;;;;;;;;;;;;;;;;529,3;902,0;;667,2;;
Miami;;;;;;;;;;;;;;;;;;;;;;;;;;;;;;;;905,0;660,3;;787,2;
NewOrleans;;;;;;;;;;;;;;;;;;;579,9;;591,3;;;;;;;;;;;984,0;;775,7;;
Nashville;;;;;;;;;;;;;;;;;;;;;666,0;530,6;;;;;;;506,9;;599,8;901,0;;;;
Step_8000;Vancouver;Seattle;Calgary;Portland;Helena;SaltLakeCity;SanFrancisco;LosAngeles;LasVegas;Phoenix;SantaFe;Denver;ElPaso;Winnipeg;Duluth;Omaha;KansasCity;OklahomaCity;Houston;Dallas;LittleRock;SaintLouis;Chicago;SaultStMarie;Toronto;Montreal;Boston;NewYork;Pittsburgh;Washington;Raleigh;Atlanta;Charleston;Miami;NewOrleans;Nashville
Vancouver;;296,5;289,3;;;;;;;;;;;;;;;;;;;;;;;;;;;;;;;;;
Seattle;263,2;;291,9;303,8;369,9;;;;;;;;;;;;;;;;;;;;;;;;;;;;;;;
Calgary;261,0;303,0;;;327,3;;;;;;;;;334,1;;;;;;;;;;;;;;;;;;;;;;
Portland;;290,4;;;;336,7;337,5;;;;;;;;;;;;;;;;;;;;;;;;;;;;;
Helena;;283,2;283,6;;;363,0;;;;;;403,2;;322,8;406,9;411,9;;;;;;;;;;;;;;;;;;;;
SaltLakeCity;;;;325,2;336,0;;331,7;;343,1;;;413,5;;;;;;;;;;;;;;;;;;;;;;;;
SanFrancisco;;;;308,9;;357,3;;996,2;;;;;;;;;;;;;;;;;;;;;;;;;;;;
LosAngeles;;;;;;;318,0;;354,7;435,4;;;993,4;;;;;;;;;;;;;;;;;;;;;;;
LasVegas;;;;;;351,5;;399,4;;;;;;;;;;;;;;;;;;;;;;;;;;;;
Phoenix;;;;;;;;385,7;;;444,2;410,8;487,7;;;;;;;;;;;;;;;;;;;;;;;
SantaFe;;;;;;;;;;438,2;;422,2;510,7;;;;;521,9;;;;;;;;;;;;;;;;;;
Denver;;;;;327,9;358,9;;;;439,7;455,3;;;;;402,2;463,3;478,3;;;;;;;;;;;;;;;;;;
ElPaso;;;;;;;;398,0;;409,6;462,1;;;;;;;500,6;987,6;494,5;;;;;;;;;;;;;;;;
Winnipeg;;;270,4;;335,1;;;;;;;;;;418,4;;;;;;;;;327,1;;;;;;;;;;;;
Duluth;;;;;336,3;;;;;;;;;307,5;;;;;;;;;509,6;;393,2;;;;;;;;;;;
Omaha;;;;;356,3;;;;;;;437,5;;;;;;;;;;;428,1;;;;;;;;;;;;;
KansasCity;;;;;;;;;;;;395,8;;;;;;;;;;522,5;;;;;;;;;;;;;;
OklahomaCity;;;;;;;;;;;447,1;426,9;468,7;;;;;;;467,4;603,7;;;;;;;;;;;;;;;
Houston;;;;;;;;;;;;;460,5;;;;;;;519,5;;;;;;;;;;;;;;;982,3;
Dallas;;;;;;;;;;;;;462,2;;;;;467,3;561,1;;585,1;;;;;;;;;;;;;;;
LittleRock;;;;;;;;;;;;;;;;;;487,4;;520,8;;602,0;;;;;;;;;;;;;746,1;645,9
SaintLouis;;;;;;;;;;;;;;;;;480,0;;;;649,2;;484,2;;;;;;490,5;;;;;;;742,0
Chicago;;;;;;;;;;;;;;;364,6;405,1;;;;;;522,5;;;391,2;;;;571,8;;;;;;;
SaultStMarie;;;;;;;;;;;;;;286,2;;;;;;;;;;;386,1;305,7;;;;;;;;;;
Toronto;;;;;;;;;;;;;;;380,8;;;;;;;;421,7;312,6;;310,4;;;494,9;;;;;;;
Montreal;;;;;;;;;;;;;;;;;;;;;;;;298,6;398,3;;346,3;374,7;;;;;;;;
Boston;;;;;;;;;;;;;;;;;;;;;;;;;;317,5;;443,1;;;;;;;;
NewYork;;;;;;;;;;;;;;;;;;;;;;;;;;341,3;335,9;;434,3;463,4;;;;;;
Pittsburgh;;;;;;;;;;;;;;;;;;;;;;615,3;506,8;;381,5;;;410,0;;493,3;601,6;;;;;618,3
Washington;;;;;;;;;;;;;;;;;;;;;;;;;;;;399,1;543,7;;562,7;;;;;
Raleigh;;;;;;;;;;;;;;;;;;;;;;;;;;;;;513,3;495,8;;;768,6;;;604,5
Atlanta;;;;;;;;;;;;;;;;;;;;;;;;;;;;;;;;;1000,0;1000,0;1000,0;1000,0
Charleston;;;;;;;;;;;;;;;;;;;;;;;;;;;;;;;566,3;902,0;;813,8;;
Miami;;;;;;;;;;;;;;;;;;;;;;;;;;;;;;;;905,0;713,4;;735,7;
NewOrleans;;;;;;;;;;;;;;;;;;;568,8;;603,6;;;;;;;;;;;984,0;;778,1;;
Nashville;;;;;;;;;;;;;;;;;;;;;614,6;624,2;;;;;;;530,6;;603,5;901,0;;;;
Step_12000;Vancouver;Seattle;Calgary;Portland;Helena;SaltLakeCity;SanFrancisco;LosAngeles;LasVegas;Phoenix;SantaFe;Denver;ElPaso;Winnipeg;Duluth;Omaha;KansasCity;OklahomaCity;Houston;Dallas;LittleRock;SaintLouis;Chicago;SaultStMarie;Toronto;Montreal;Boston;NewYork;Pittsburgh;Washington;Raleigh;Atlanta;Charleston;Miami;NewOrleans;Nashville
Vancouver;;275,0;294,9;;;;;;;;;;;;;;;;;;;;;;;;;;;;;;;;;
Seattle;265,9;;304,9;304,6;315,0;;;;;;;;;;;;;;;;;;;;;;;;;;;;;;;
Calgary;269,6;297,2;;;343,4;;;;;;;;;330,4;;;;;;;;;;;;;;;;;;;;;;
Portland;;275,9;;;;335,8;321,8;;;;;;;;;;;;;;;;;;;;;;;;;;;;;
Helena;;284,0;310,2;;;336,4;;;;;;351,2;;334,0;365,7;370,1;;;;;;;;;;;;;;;;;;;;
SaltLakeCity;;;;290,3;329,4;;313,4;;354,4;;;421,6;;;;;;;;;;;;;;;;;;;;;;;;
SanFrancisco;;;;281,3;;337,4;;979,8;;;;;;;;;;;;;;;;;;;;;;;;;;;;
LosAngeles;;;;;;;306,4;;345,9;418,7;;;902,4;;;;;;;;;;;;;;;;;;;;;;;
LasVegas;;;;;;327,9;;376,2;;;;;;;;;;;;;;;;;;;;;;;;;;;;
Phoenix;;;;;;;;376,5;;;412,3;376,1;528,7;;;;;;;;;;;;;;;;;;;;;;;
SantaFe;;;;;;;;;;421,3;;421,5;451,9;;;;;490,6;;;;;;;;;;;;;;;;;;
Denver;;;;;325,9;319,6;;;;435,1;433,7;;;;;383,9;451,4;529,8;;;;;;;;;;;;;;;;;;
ElPaso;;;;;;;;481,9;;422,9;413,3;;;;;;;479,6;981,6;537,7;;;;;;;;;;;;;;;;
Winnipeg;;;304,5;;342,1;;;;;;;;;;377,5;;;;;;;;;356,0;;;;;;;;;;;;
Duluth;;;;;351,4;;;;;;;;;327,7;;;;;;;;;457,7;;408,5;;;;;;;;;;;
Omaha;;;;;347,9;;;;;;;426,7;;;;;;;;;;;395,1;;;;;;;;;;;;;
KansasCity;;;;;;;;;;;;400,3;;;;;;;;;;534,4;;;;;;;;;;;;;;
OklahomaCity;;;;;;;;;;;417,1;415,3;495,1;;;;;;;479,0;581,0;;;;;;;;;;;;;;;
Houston;;;;;;;;;;;;;497,2;;;;;;;509,1;;;;;;;;;;;;;;;949,2;
Dallas;;;;;;;;;;;;;453,4;;;;;496,0;627,6;;549,7;;;;;;;;;;;;;;;
LittleRock;;;;;;;;;;;;;;;;;;474,0;;512,3;;513,3;;;;;;;;;;;;;756,5;599,7
SaintLouis;;;;;;;;;;;;;;;;;421,2;;;;575,6;;437,8;;;;;;558,4;;;;;;;716,8
Chicago;;;;;;;;;;;;;;;364,2;366,1;;;;;;466,4;;;408,8;;;;499,8;;;;;;;
SaultStMarie;;;;;;;;;;;;;;328,4;;;;;;;;;;;431,7;346,2;;;;;;;;;;
Toronto;;;;;;;;;;;;;;;359,3;;;;;;;;446,7;351,1;;347,1;;;517,2;;;;;;;
Montreal;;;;;;;;;;;;;;;;;;;;;;;;332,8;415,5;;385,4;412,8;;;;;;;;
Boston;;;;;;;;;;;;;;;;;;;;;;;;;;347,1;;458,9;;;;;;;;
NewYork;;;;;;;;;;;;;;;;;;;;;;;;;;363,9;374,3;;585,3;475,3;;;;;;
Pittsburgh;;;;;;;;;;;;;;;;;;;;;;529,1;433,6;;396,6;;;436,3;;476,1;537,4;;;;;679,7
Washington;;;;;;;;;;;;;;;;;;;;;;;;;;;;453,2;509,5;;569,8;;;;;
Raleigh;;;;;;;;;;;;;;;;;;;;;;;;;;;;;534,9;480,5;;;702,8;;;629,1
Atlanta;;;;;;;;;;;;;;;;;;;;;;;;;;;;;;;;;1000,0;1000,0;1000,0;1000,0
Charleston;;;;;;;;;;;;;;;;;;;;;;;;;;;;;;;598,3;902,0;;714,1;;
Miami;;;;;;;;;;;;;;;;;;;;;;;;;;;;;;;;905,0;720,4;;793,8;
NewOrleans;;;;;;;;;;;;;;;;;;;594,6;;586,4;;;;;;;;;;;1004,0;;799,8;;
Nashville;;;;;;;;;;;;;;;;;;;;;561,2;589,2;;;;;;;522,2;;577,6;901,0;;;;
Step_16000;Vancouver;Seattle;Calgary;Portland;Helena;SaltLakeCity;SanFrancisco;LosAngeles;LasVegas;Phoenix;SantaFe;Denver;ElPaso;Winnipeg;Duluth;Omaha;KansasCity;OklahomaCity;Houston;Dallas;LittleRock;SaintLouis;Chicago;SaultStMarie;Toronto;Montreal;Boston;NewYork;Pittsburgh;Washington;Raleigh;Atlanta;Charleston;Miami;NewOrleans;Nashville
Vancouver;;294,7;308,8;;;;;;;;;;;;;;;;;;;;;;;;;;;;;;;;;
Seattle;264,2;;299,2;301,0;369,1;;;;;;;;;;;;;;;;;;;;;;;;;;;;;;;
Calgary;261,2;283,5;;;340,8;;;;;;;;;329,1;;;;;;;;;;;;;;;;;;;;;;
Portland;;289,1;;;;341,8;325,5;;;;;;;;;;;;;;;;;;;;;;;;;;;;;
Helena;;288,2;308,5;;;355,0;;;;;;390,3;;323,0;404,7;434,2;;;;;;;;;;;;;;;;;;;;
SaltLakeCity;;;;301,1;366,8;;307,5;;344,5;;;1016,0;;;;;;;;;;;;;;;;;;;;;;;;
SanFrancisco;;;;296,4;;883,8;;339,4;;;;;;;;;;;;;;;;;;;;;;;;;;;;
LosAngeles;;;;;;;316,7;;339,3;421,9;;;429,3;;;;;;;;;;;;;;;;;;;;;;;
LasVegas;;;;;;338,4;;392,2;;;;;;;;;;;;;;;;;;;;;;;;;;;;
Phoenix;;;;;;;;408,5;;;452,1;389,4;464,0;;;;;;;;;;;;;;;;;;;;;;;
SantaFe;;;;;;;;;;408,8;;380,6;470,9;;;;;515,9;;;;;;;;;;;;;;;;;;
Denver;;;;;370,2;340,4;;;;400,4;444,2;;;;;397,6;436,6;988,4;;;;;;;;;;;;;;;;;;
ElPaso;;;;;;;;428,3;;403,1;437,4;;;;;;;457,5;562,7;499,2;;;;;;;;;;;;;;;;
Winnipeg;;;324,7;;355,1;;;;;;;;;;388,1;;;;;;;;;374,2;;;;;;;;;;;;
Duluth;;;;;370,7;;;;;;;;;359,5;;;;;;;;;451,9;;414,1;;;;;;;;;;;
Omaha;;;;;359,3;;;;;;;488,5;;;;;;;;;;;555,7;;;;;;;;;;;;;
KansasCity;;;;;;;;;;;;413,7;;;;;;;;;;503,8;;;;;;;;;;;;;;
OklahomaCity;;;;;;;;;;;401,8;381,7;449,7;;;;;;;518,1;984,6;;;;;;;;;;;;;;;
Houston;;;;;;;;;;;;;513,1;;;;;;;519,2;;;;;;;;;;;;;;;672,6;
Dallas;;;;;;;;;;;;;495,9;;;;;525,0;582,5;;603,4;;;;;;;;;;;;;;;
LittleRock;;;;;;;;;;;;;;;;;;498,6;;526,0;;580,8;;;;;;;;;;;;;983,3;635,8
SaintLouis;;;;;;;;;;;;;;;;;454,0;;;;543,7;;543,6;;;;;;517,3;;;;;;;722,1
Chicago;;;;;;;;;;;;;;;407,5;407,1;;;;;;526,5;;;440,0;;;;664,0;;;;;;;
SaultStMarie;;;;;;;;;;;;;;340,6;;;;;;;;;;;465,6;395,1;;;;;;;;;;
Toronto;;;;;;;;;;;;;;;383,2;;;;;;;;478,7;385,8;;399,1;;;586,0;;;;;;;
Montreal;;;;;;;;;;;;;;;;;;;;;;;;366,7;440,1;;422,1;473,5;;;;;;;;
Boston;;;;;;;;;;;;;;;;;;;;;;;;;;391,6;;514,5;;;;;;;;
NewYork;;;;;;;;;;;;;;;;;;;;;;;;;;373,4;406,0;;609,7;566,9;;;;;;
Pittsburgh;;;;;;;;;;;;;;;;;;;;;;576,6;475,3;;445,3;;;507,1;;566,1;641,8;;;;;704,4
Washington;;;;;;;;;;;;;;;;;;;;;;;;;;;;449,8;611,1;;694,3;;;;;
Raleigh;;;;;;;;;;;;;;;;;;;;;;;;;;;;;544,8;587,1;;;755,6;;;723,7
Atlanta;;;;;;;;;;;;;;;;;;;;;;;;;;;;;;;;;1000,0;1000,0;1000,0;1000,0
Charleston;;;;;;;;;;;;;;;;;;;;;;;;;;;;;;;646,5;902,0;;766,5;;
Miami;;;;;;;;;;;;;;;;;;;;;;;;;;;;;;;;905,0;803,8;;710,6;
NewOrleans;;;;;;;;;;;;;;;;;;;583,0;;549,5;;;;;;;;;;;984,0;;805,9;;
Nashville;;;;;;;;;;;;;;;;;;;;;650,8;573,5;;;;;;;570,6;;639,9;901,0;;;;
Step_20000;Vancouver;Seattle;Calgary;Portland;Helena;SaltLakeCity;SanFrancisco;LosAngeles;LasVegas;Phoenix;SantaFe;Denver;ElPaso;Winnipeg;Duluth;Omaha;KansasCity;OklahomaCity;Houston;Dallas;LittleRock;SaintLouis;Chicago;SaultStMarie;Toronto;Montreal;Boston;NewYork;Pittsburgh;Washington;Raleigh;Atlanta;Charleston;Miami;NewOrleans;Nashville
Vancouver;;277,8;296,7;;;;;;;;;;;;;;;;;;;;;;;;;;;;;;;;;
Seattle;253,9;;304,8;299,2;359,1;;;;;;;;;;;;;;;;;;;;;;;;;;;;;;;
Calgary;260,9;305,8;;;331,7;;;;;;;;;327,8;;;;;;;;;;;;;;;;;;;;;;
Portland;;286,1;;;;341,2;348,5;;;;;;;;;;;;;;;;;;;;;;;;;;;;;
Helena;;302,3;297,4;;;341,4;;;;;;348,4;;327,9;374,4;391,1;;;;;;;;;;;;;;;;;;;;
SaltLakeCity;;;;331,3;336,9;;443,5;;339,8;;;403,4;;;;;;;;;;;;;;;;;;;;;;;;
SanFrancisco;;;;298,0;;361,9;;977,8;;;;;;;;;;;;;;;;;;;;;;;;;;;;
LosAngeles;;;;;;;341,6;;366,4;411,9;;;891,3;;;;;;;;;;;;;;;;;;;;;;;
LasVegas;;;;;;350,1;;393,7;;;;;;;;;;;;;;;;;;;;;;;;;;;;
Phoenix;;;;;;;;426,3;;;395,5;358,1;498,2;;;;;;;;;;;;;;;;;;;;;;;
SantaFe;;;;;;;;;;429,5;;407,6;442,2;;;;;467,5;;;;;;;;;;;;;;;;;;
Denver;;;;;340,2;354,8;;;;410,2;420,4;;;;;413,0;435,2;477,5;;;;;;;;;;;;;;;;;;
ElPaso;;;;;;;;406,9;;413,9;420,3;;;;;;;463,0;1012,0;471,0;;;;;;;;;;;;;;;;
Winnipeg;;;306,8;;345,9;;;;;;;;;;393,7;;;;;;;;;348,5;;;;;;;;;;;;
Duluth;;;;;349,7;;;;;;;;;327,6;;;;;;;;;437,1;;424,2;;;;;;;;;;;
Omaha;;;;;339,1;;;;;;;403,7;;;;;;;;;;;483,7;;;;;;;;;;;;;
KansasCity;;;;;;;;;;;;381,2;;;;;;;;;;539,8;;;;;;;;;;;;;;
OklahomaCity;;;;;;;;;;;423,4;404,5;461,8;;;;;;;506,4;564,9;;;;;;;;;;;;;;;
Houston;;;;;;;;;;;;;498,2;;;;;;;513,6;;;;;;;;;;;;;;;982,3;
Dallas;;;;;;;;;;;;;515,4;;;;;460,3;669,9;;516,5;;;;;;;;;;;;;;;
LittleRock;;;;;;;;;;;;;;;;;;416,0;;475,9;;507,1;;;;;;;;;;;;;737,6;619,9
SaintLouis;;;;;;;;;;;;;;;;;431,3;;;;639,7;;492,1;;;;;;568,5;;;;;;;573,4
Chicago;;;;;;;;;;;;;;;370,1;394,3;;;;;;529,6;;;429,2;;;;523,5;;;;;;;
SaultStMarie;;;;;;;;;;;;;;341,6;;;;;;;;;;;401,2;386,2;;;;;;;;;;
Toronto;;;;;;;;;;;;;;;397,0;;;;;;;;493,2;357,2;;407,0;;;475,7;;;;;;;
Montreal;;;;;;;;;;;;;;;;;;;;;;;;347,9;428,6;;407,5;493,6;;;;;;;;
Boston;;;;;;;;;;;;;;;;;;;;;;;;;;407,5;;440,2;;;;;;;;
NewYork;;;;;;;;;;;;;;;;;;;;;;;;;;400,0;410,8;;552,4;542,5;;;;;;
Pittsburgh;;;;;;;;;;;;;;;;;;;;;;562,2;479,0;;482,6;;;440,4;;556,1;618,6;;;;;562,9
Washington;;;;;;;;;;;;;;;;;;;;;;;;;;;;490,4;500,5;;607,6;;;;;
Raleigh;;;;;;;;;;;;;;;;;;;;;;;;;;;;;568,4;514,8;;;757,6;;;717,7
Atlanta;;;;;;;;;;;;;;;;;;;;;;;;;;;;;;;;;1000,0;1000,0;1000,0;1000,0
Charleston;;;;;;;;;;;;;;;;;;;;;;;;;;;;;;;645,9;902,0;;783,8;;
Miami;;;;;;;;;;;;;;;;;;;;;;;;;;;;;;;;905,0;793,3;;617,6;
NewOrleans;;;;;;;;;;;;;;;;;;;588,9;;574,5;;;;;;;;;;;984,0;;781,7;;
Nashville;;;;;;;;;;;;;;;;;;;;;618,5;533,8;;;;;;;455,6;;581,7;901,0;;;;
Step_24000;Vancouver;Seattle;Calgary;Portland;Helena;SaltLakeCity;SanFrancisco;LosAngeles;LasVegas;Phoenix;SantaFe;Denver;ElPaso;Winnipeg;Duluth;Omaha;KansasCity;OklahomaCity;Houston;Dallas;LittleRock;SaintLouis;Chicago;SaultStMarie;Toronto;Montreal;Boston;NewYork;Pittsburgh;Washington;Raleigh;Atlanta;Charleston;Miami;NewOrleans;Nashville
Vancouver;;288,9;290,2;;;;;;;;;;;;;;;;;;;;;;;;;;;;;;;;;
Seattle;263,4;;302,4;296,5;363,8;;;;;;;;;;;;;;;;;;;;;;;;;;;;;;;
Calgary;267,9;315,9;;;345,0;;;;;;;;;345,0;;;;;;;;;;;;;;;;;;;;;;
Portland;;300,4;;;;340,4;316,1;;;;;;;;;;;;;;;;;;;;;;;;;;;;;
Helena;;309,9;308,5;;;351,3;;;;;;390,6;;339,8;382,4;422,8;;;;;;;;;;;;;;;;;;;;
SaltLakeCity;;;;294,4;334,6;;338,1;;342,3;;;413,2;;;;;;;;;;;;;;;;;;;;;;;;
SanFrancisco;;;;293,7;;353,0;;1021,0;;;;;;;;;;;;;;;;;;;;;;;;;;;;
LosAngeles;;;;;;;329,0;;346,4;396,4;;;1018,0;;;;;;;;;;;;;;;;;;;;;;;
LasVegas;;;;;;355,1;;397,9;;;;;;;;;;;;;;;;;;;;;;;;;;;;
Phoenix;;;;;;;;390,8;;;433,0;401,5;473,3;;;;;;;;;;;;;;;;;;;;;;;
SantaFe;;;;;;;;;;384,4;;410,0;498,6;;;;;520,9;;;;;;;;;;;;;;;;;;
Denver;;;;;345,6;342,0;;;;392,0;442,7;;;;;423,3;425,4;472,4;;;;;;;;;;;;;;;;;;
ElPaso;;;;;;;;407,0;;395,9;438,9;;;;;;;457,6;1012,0;521,8;;;;;;;;;;;;;;;;
Winnipeg;;;300,9;;351,2;;;;;;;;;;362,8;;;;;;;;;375,8;;;;;;;;;;;;
Duluth;;;;;333,4;;;;;;;;;339,7;;;;;;;;;448,0;;434,6;;;;;;;;;;;
Omaha;;;;;341,6;;;;;;;376,8;;;;;;;;;;;499,9;;;;;;;;;;;;;
KansasCity;;;;;;;;;;;;395,9;;;;;;;;;;531,5;;;;;;;;;;;;;;
OklahomaCity;;;;;;;;;;;448,1;408,0;504,6;;;;;;;533,3;602,0;;;;;;;;;;;;;;;
Houston;;;;;;;;;;;;;451,1;;;;;;;491,9;;;;;;;;;;;;;;;1006,0;
Dallas;;;;;;;;;;;;;485,6;;;;;498,2;542,2;;578,3;;;;;;;;;;;;;;;
LittleRock;;;;;;;;;;;;;;;;;;487,5;;529,3;;488,2;;;;;;;;;;;;;732,5;731,7
SaintLouis;;;;;;;;;;;;;;;;;433,2;;;;560,4;;433,2;;;;;;584,4;;;;;;;617,7
Chicago;;;;;;;;;;;;;;;395,0;382,4;;;;;;487,7;;;456,0;;;;584,6;;;;;;;
SaultStMarie;;;;;;;;;;;;;;341,9;;;;;;;;;;;432,1;404,2;;;;;;;;;;
Toronto;;;;;;;;;;;;;;;390,3;;;;;;;;470,7;374,2;;386,7;;;549,5;;;;;;;
Montreal;;;;;;;;;;;;;;;;;;;;;;;;372,5;442,5;;387,0;489,8;;;;;;;;
Boston;;;;;;;;;;;;;;;;;;;;;;;;;;395,6;;420,0;;;;;;;;
NewYork;;;;;;;;;;;;;;;;;;;;;;;;;;404,0;384,1;;525,5;463,2;;;;;;
Pittsburgh;;;;;;;;;;;;;;;;;;;;;;601,9;494,8;;484,6;;;469,2;;486,7;608,9;;;;;658,2
Washington;;;;;;;;;;;;;;;;;;;;;;;;;;;;447,4;486,0;;549,3;;;;;
Raleigh;;;;;;;;;;;;;;;;;;;;;;;;;;;;;531,7;482,5;;;669,3;;;733,7
Atlanta;;;;;;;;;;;;;;;;;;;;;;;;;;;;;;;;;1000,0;1000,0;1000,0;1000,0
Charleston;;;;;;;;;;;;;;;;;;;;;;;;;;;;;;;616,3;902,0;;749,0;;
Miami;;;;;;;;;;;;;;;;;;;;;;;;;;;;;;;;905,0;773,4;;802,3;
NewOrleans;;;;;;;;;;;;;;;;;;;602,5;;623,4;;;;;;;;;;;1004,0;;789,1;;
Nashville;;;;;;;;;;;;;;;;;;;;;571,8;564,4;;;;;;;567,9;;553,5;901,0;;;;
Step_28000;Vancouver;Seattle;Calgary;Portland;Helena;SaltLakeCity;SanFrancisco;LosAngeles;LasVegas;Phoenix;SantaFe;Denver;ElPaso;Winnipeg;Duluth;Omaha;KansasCity;OklahomaCity;Houston;Dallas;LittleRock;SaintLouis;Chicago;SaultStMarie;Toronto;Montreal;Boston;NewYork;Pittsburgh;Washington;Raleigh;Atlanta;Charleston;Miami;NewOrleans;Nashville
Vancouver;;306,3;304,2;;;;;;;;;;;;;;;;;;;;;;;;;;;;;;;;;
Seattle;273,9;;306,8;317,1;370,8;;;;;;;;;;;;;;;;;;;;;;;;;;;;;;;
Calgary;263,7;305,3;;;338,2;;;;;;;;;345,1;;;;;;;;;;;;;;;;;;;;;;
Portland;;295,0;;;;344,6;477,0;;;;;;;;;;;;;;;;;;;;;;;;;;;;;
Helena;;277,7;310,4;;;354,5;;;;;;412,9;;359,1;397,0;405,8;;;;;;;;;;;;;;;;;;;;
SaltLakeCity;;;;308,7;365,9;;333,6;;327,0;;;408,9;;;;;;;;;;;;;;;;;;;;;;;;
SanFrancisco;;;;348,2;;363,6;;993,9;;;;;;;;;;;;;;;;;;;;;;;;;;;;
LosAngeles;;;;;;;366,2;;314,3;420,9;;;980,3;;;;;;;;;;;;;;;;;;;;;;;
LasVegas;;;;;;338,9;;371,0;;;;;;;;;;;;;;;;;;;;;;;;;;;;
Phoenix;;;;;;;;441,6;;;437,3;410,8;524,3;;;;;;;;;;;;;;;;;;;;;;;
SantaFe;;;;;;;;;;419,9;;408,4;427,5;;;;;528,9;;;;;;;;;;;;;;;;;;
Denver;;;;;374,3;370,3;;;;427,1;433,3;;;;;372,2;499,0;485,3;;;;;;;;;;;;;;;;;;
ElPaso;;;;;;;;434,0;;409,9;455,5;;;;;;;473,9;915,0;547,2;;;;;;;;;;;;;;;;
Winnipeg;;;304,5;;327,9;;;;;;;;;;385,9;;;;;;;;;359,4;;;;;;;;;;;;
Duluth;;;;;355,5;;;;;;;;;365,3;;;;;;;;;506,7;;427,6;;;;;;;;;;;
Omaha;;;;;332,3;;;;;;;403,1;;;;;;;;;;;492,4;;;;;;;;;;;;;
KansasCity;;;;;;;;;;;;431,4;;;;;;;;;;559,4;;;;;;;;;;;;;;
OklahomaCity;;;;;;;;;;;424,8;403,6;492,7;;;;;;;566,5;636,0;;;;;;;;;;;;;;;
Houston;;;;;;;;;;;;;578,6;;;;;;;563,4;;;;;;;;;;;;;;;982,3;
Dallas;;;;;;;;;;;;;508,5;;;;;542,3;617,9;;671,5;;;;;;;;;;;;;;;
LittleRock;;;;;;;;;;;;;;;;;;538,4;;569,4;;617,9;;;;;;;;;;;;;774,0;711,4
SaintLouis;;;;;;;;;;;;;;;;;455,8;;;;636,2;;520,1;;;;;;547,8;;;;;;;743,8
Chicago;;;;;;;;;;;;;;;394,6;404,0;;;;;;562,7;;;470,1;;;;601,6;;;;;;;
SaultStMarie;;;;;;;;;;;;;;316,3;;;;;;;;;;;459,5;387,3;;;;;;;;;;
Toronto;;;;;;;;;;;;;;;382,0;;;;;;;;482,8;378,8;;390,1;;;624,5;;;;;;;
Montreal;;;;;;;;;;;;;;;;;;;;;;;;367,7;406,7;;381,9;447,7;;;;;;;;
Boston;;;;;;;;;;;;;;;;;;;;;;;;;;371,3;;445,7;;;;;;;;
NewYork;;;;;;;;;;;;;;;;;;;;;;;;;;377,8;376,9;;523,6;495,8;;;;;;
Pittsburgh;;;;;;;;;;;;;;;;;;;;;;537,0;451,5;;495,7;;;465,8;;494,3;585,8;;;;;732,6
Washington;;;;;;;;;;;;;;;;;;;;;;;;;;;;433,6;540,2;;604,2;;;;;
Raleigh;;;;;;;;;;;;;;;;;;;;;;;;;;;;;587,7;482,1;;;643,7;;;711,7
Atlanta;;;;;;;;;;;;;;;;;;;;;;;;;;;;;;;;;1000,0;1000,0;1000,0;1000,0
Charleston;;;;;;;;;;;;;;;;;;;;;;;;;;;;;;;555,6;902,0;;772,8;;
Miami;;;;;;;;;;;;;;;;;;;;;;;;;;;;;;;;905,0;759,3;;678,4;
NewOrleans;;;;;;;;;;;;;;;;;;;656,3;;663,8;;;;;;;;;;;984,0;;767,7;;
Nashville;;;;;;;;;;;;;;;;;;;;;627,9;501,7;;;;;;;601,5;;592,0;901,0;;;;
Step_32000;Vancouver;Seattle;Calgary;Portland;Helena;SaltLakeCity;SanFrancisco;LosAngeles;LasVegas;Phoenix;SantaFe;Denver;ElPaso;Winnipeg;Duluth;Omaha;KansasCity;OklahomaCity;Houston;Dallas;LittleRock;SaintLouis;Chicago;SaultStMarie;Toronto;Montreal;Boston;NewYork;Pittsburgh;Washington;Raleigh;Atlanta;Charleston;Miami;NewOrleans;Nashville
Vancouver;;300,8;290,3;;;;;;;;;;;;;;;;;;;;;;;;;;;;;;;;;
Seattle;272,6;;308,4;312,3;379,4;;;;;;;;;;;;;;;;;;;;;;;;;;;;;;;
Calgary;276,3;297,6;;;369,7;;;;;;;;;313,3;;;;;;;;;;;;;;;;;;;;;;
Portland;;286,9;;;;373,2;340,2;;;;;;;;;;;;;;;;;;;;;;;;;;;;;
Helena;;306,1;282,7;;;364,4;;;;;;505,1;;329,5;402,0;386,2;;;;;;;;;;;;;;;;;;;;
SaltLakeCity;;;;302,4;340,2;;335,8;;363,8;;;1013,0;;;;;;;;;;;;;;;;;;;;;;;;
SanFrancisco;;;;307,4;;869,8;;335,3;;;;;;;;;;;;;;;;;;;;;;;;;;;;
LosAngeles;;;;;;;325,8;;364,5;388,0;;;473,1;;;;;;;;;;;;;;;;;;;;;;;
LasVegas;;;;;;337,9;;402,6;;;;;;;;;;;;;;;;;;;;;;;;;;;;
Phoenix;;;;;;;;385,0;;;430,0;407,7;473,1;;;;;;;;;;;;;;;;;;;;;;;
SantaFe;;;;;;;;;;405,8;;444,2;434,0;;;;;498,2;;;;;;;;;;;;;;;;;;
Denver;;;;;361,5;353,1;;;;400,5;430,2;;;;;414,2;476,4;971,7;;;;;;;;;;;;;;;;;;
ElPaso;;;;;;;;405,4;;406,0;439,3;;;;;;;490,0;514,7;516,4;;;;;;;;;;;;;;;;
Winnipeg;;;291,2;;322,1;;;;;;;;;;368,3;;;;;;;;;356,5;;;;;;;;;;;;
Duluth;;;;;352,9;;;;;;;;;347,0;;;;;;;;;484,2;;457,8;;;;;;;;;;;
Omaha;;;;;322,8;;;;;;;429,7;;;;;;;;;;;482,6;;;;;;;;;;;;;
KansasCity;;;;;;;;;;;;423,8;;;;;;;;;;586,2;;;;;;;;;;;;;;
OklahomaCity;;;;;;;;;;;414,3;420,7;471,5;;;;;;;532,4;905,1;;;;;;;;;;;;;;;
Houston;;;;;;;;;;;;;490,7;;;;;;;513,7;;;;;;;;;;;;;;;779,0;
Dallas;;;;;;;;;;;;;490,8;;;;;519,5;569,0;;616,9;;;;;;;;;;;;;;;
LittleRock;;;;;;;;;;;;;;;;;;532,2;;532,7;;555,1;;;;;;;;;;;;;654,6;980,4
SaintLouis;;;;;;;;;;;;;;;;;427,8;;;;641,0;;464,5;;;;;;494,4;;;;;;;692,2
Chicago;;;;;;;;;;;;;;;407,1;413,2;;;;;;518,3;;;442,4;;;;550,0;;;;;;;
SaultStMarie;;;;;;;;;;;;;;321,2;;;;;;;;;;;470,5;393,4;;;;;;;;;;
Toronto;;;;;;;;;;;;;;;428,9;;;;;;;;466,0;391,5;;395,0;;;574,7;;;;;;;
Montreal;;;;;;;;;;;;;;;;;;;;;;;;391,0;430,3;;419,6;428,1;;;;;;;;
Boston;;;;;;;;;;;;;;;;;;;;;;;;;;396,5;;474,9;;;;;;;;
NewYork;;;;;;;;;;;;;;;;;;;;;;;;;;390,5;416,2;;500,7;482,9;;;;;;
Pittsburgh;;;;;;;;;;;;;;;;;;;;;;522,8;473,4;;449,5;;;413,9;;530,9;564,1;;;;;668,9
Washington;;;;;;;;;;;;;;;;;;;;;;;;;;;;465,0;570,7;;546,6;;;;;
Raleigh;;;;;;;;;;;;;;;;;;;;;;;;;;;;;525,7;489,4;;;658,9;;;605,4
Atlanta;;;;;;;;;;;;;;;;;;;;;;;;;;;;;;;;;1000,0;1000,0;1000,0;1000,0
Charleston;;;;;;;;;;;;;;;;;;;;;;;;;;;;;;;588,8;902,0;;744,6;;
Miami;;;;;;;;;;;;;;;;;;;;;;;;;;;;;;;;905,0;775,2;;711,5;
NewOrleans;;;;;;;;;;;;;;;;;;;564,7;;652,4;;;;;;;;;;;904,0;;748,1;;
Nashville;;;;;;;;;;;;;;;;;;;;;614,7;492,6;;;;;;;537,8;;577,8;981,0;;;;
Step_36000;Vancouver;Seattle;Calgary;Portland;Helena;SaltLakeCity;SanFrancisco;LosAngeles;LasVegas;Phoenix;SantaFe;Denver;ElPaso;Winnipeg;Duluth;Omaha;KansasCity;OklahomaCity;Houston;Dallas;LittleRock;SaintLouis;Chicago;SaultStMarie;Toronto;Montreal;Boston;NewYork;Pittsburgh;Washington;Raleigh;Atlanta;Charleston;Miami;NewOrleans;Nashville
Vancouver;;301,0;299,9;;;;;;;;;;;;;;;;;;;;;;;;;;;;;;;;;
Seattle;275,2;;315,7;307,5;376,1;;;;;;;;;;;;;;;;;;;;;;;;;;;;;;;
Calgary;279,4;300,4;;;332,6;;;;;;;;;335,4;;;;;;;;;;;;;;;;;;;;;;
Portland;;303,4;;;;337,2;323,7;;;;;;;;;;;;;;;;;;;;;;;;;;;;;
Helena;;298,0;308,6;;;342,7;;;;;;417,2;;348,5;406,5;401,8;;;;;;;;;;;;;;;;;;;;
SaltLakeCity;;;;302,8;363,3;;331,6;;333,9;;;449,3;;;;;;;;;;;;;;;;;;;;;;;;
SanFrancisco;;;;305,9;;360,4;;1021,0;;;;;;;;;;;;;;;;;;;;;;;;;;;;
LosAngeles;;;;;;;320,6;;342,7;446,6;;;1018,0;;;;;;;;;;;;;;;;;;;;;;;
LasVegas;;;;;;338,2;;366,8;;;;;;;;;;;;;;;;;;;;;;;;;;;;
Phoenix;;;;;;;;433,2;;;423,4;407,6;524,8;;;;;;;;;;;;;;;;;;;;;;;
SantaFe;;;;;;;;;;436,1;;408,3;490,5;;;;;465,8;;;;;;;;;;;;;;;;;;
Denver;;;;;346,1;328,8;;;;443,1;402,0;;;;;372,0;461,0;533,5;;;;;;;;;;;;;;;;;;
ElPaso;;;;;;;;380,1;;421,9;424,5;;;;;;;543,1;987,6;533,7;;;;;;;;;;;;;;;;
Winnipeg;;;300,3;;354,3;;;;;;;;;;413,9;;;;;;;;;386,9;;;;;;;;;;;;
Duluth;;;;;349,6;;;;;;;;;362,7;;;;;;;;;483,4;;418,5;;;;;;;;;;;
Omaha;;;;;351,7;;;;;;;390,6;;;;;;;;;;;468,8;;;;;;;;;;;;;
KansasCity;;;;;;;;;;;;421,4;;;;;;;;;;556,8;;;;;;;;;;;;;;
OklahomaCity;;;;;;;;;;;399,0;400,4;581,9;;;;;;;519,4;620,2;;;;;;;;;;;;;;;
Houston;;;;;;;;;;;;;537,6;;;;;;;511,7;;;;;;;;;;;;;;;982,3;
Dallas;;;;;;;;;;;;;503,1;;;;;504,2;568,4;;617,3;;;;;;;;;;;;;;;
LittleRock;;;;;;;;;;;;;;;;;;494,5;;527,7;;536,1;;;;;;;;;;;;;761,5;696,1
SaintLouis;;;;;;;;;;;;;;;;;510,8;;;;576,8;;429,1;;;;;;491,8;;;;;;;644,2
Chicago;;;;;;;;;;;;;;;389,9;419,0;;;;;;543,6;;;416,5;;;;518,1;;;;;;;
SaultStMarie;;;;;;;;;;;;;;316,6;;;;;;;;;;;426,9;395,3;;;;;;;;;;
Toronto;;;;;;;;;;;;;;;403,4;;;;;;;;481,4;384,8;;389,3;;;536,5;;;;;;;
Montreal;;;;;;;;;;;;;;;;;;;;;;;;420,5;428,7;;405,4;430,4;;;;;;;;
Boston;;;;;;;;;;;;;;;;;;;;;;;;;;401,2;;463,0;;;;;;;;
NewYork;;;;;;;;;;;;;;;;;;;;;;;;;;389,4;408,6;;517,4;503,2;;;;;;
Pittsburgh;;;;;;;;;;;;;;;;;;;;;;598,1;494,2;;458,6;;;468,9;;522,0;630,9;;;;;607,1
Washington;;;;;;;;;;;;;;;;;;;;;;;;;;;;467,8;566,0;;637,1;;;;;
Raleigh;;;;;;;;;;;;;;;;;;;;;;;;;;;;;534,4;525,0;;;721,3;;;724,6
Atlanta;;;;;;;;;;;;;;;;;;;;;;;;;;;;;;;;;1000,0;1000,0;1000,0;1000,0
Charleston;;;;;;;;;;;;;;;;;;;;;;;;;;;;;;;653,3;902,0;;786,5;;
Miami;;;;;;;;;;;;;;;;;;;;;;;;;;;;;;;;905,0;779,2;;684,4;
NewOrleans;;;;;;;;;;;;;;;;;;;600,7;;631,3;;;;;;;;;;;984,0;;779,2;;
Nashville;;;;;;;;;;;;;;;;;;;;;630,5;486,8;;;;;;;532,6;;631,5;901,0;;;;
Step_40000;Vancouver;Seattle;Calgary;Portland;Helena;SaltLakeCity;SanFrancisco;LosAngeles;LasVegas;Phoenix;SantaFe;Denver;ElPaso;Winnipeg;Duluth;Omaha;KansasCity;OklahomaCity;Houston;Dallas;LittleRock;SaintLouis;Chicago;SaultStMarie;Toronto;Montreal;Boston;NewYork;Pittsburgh;Washington;Raleigh;Atlanta;Charleston;Miami;NewOrleans;Nashville
Vancouver;;297,0;287,5;;;;;;;;;;;;;;;;;;;;;;;;;;;;;;;;;
Seattle;266,8;;299,4;304,7;384,7;;;;;;;;;;;;;;;;;;;;;;;;;;;;;;;
Calgary;270,7;293,6;;;330,5;;;;;;;;;354,9;;;;;;;;;;;;;;;;;;;;;;
Portland;;308,0;;;;340,7;463,3;;;;;;;;;;;;;;;;;;;;;;;;;;;;;
Helena;;292,9;284,6;;;336,0;;;;;;393,9;;351,2;383,0;413,8;;;;;;;;;;;;;;;;;;;;
SaltLakeCity;;;;306,7;349,8;;344,3;;326,9;;;410,9;;;;;;;;;;;;;;;;;;;;;;;;
SanFrancisco;;;;338,3;;348,1;;996,0;;;;;;;;;;;;;;;;;;;;;;;;;;;;
LosAngeles;;;;;;;333,3;;340,9;425,4;;;992,0;;;;;;;;;;;;;;;;;;;;;;;
LasVegas;;;;;;351,3;;373,4;;;;;;;;;;;;;;;;;;;;;;;;;;;;
Phoenix;;;;;;;;409,4;;;428,6;376,8;476,3;;;;;;;;;;;;;;;;;;;;;;;
SantaFe;;;;;;;;;;392,8;;418,5;470,4;;;;;461,3;;;;;;;;;;;;;;;;;;
Denver;;;;;360,5;345,0;;;;425,0;433,3;;;;;410,6;438,8;505,9;;;;;;;;;;;;;;;;;;
ElPaso;;;;;;;;406,6;;404,8;428,3;;;;;;;499,0;980,1;467,2;;;;;;;;;;;;;;;;
Winnipeg;;;302,4;;320,0;;;;;;;;;;409,3;;;;;;;;;380,1;;;;;;;;;;;;
Duluth;;;;;335,3;;;;;;;;;345,3;;;;;;;;;494,0;;459,5;;;;;;;;;;;
Omaha;;;;;340,4;;;;;;;398,9;;;;;;;;;;;523,2;;;;;;;;;;;;;
KansasCity;;;;;;;;;;;;423,9;;;;;;;;;;577,5;;;;;;;;;;;;;;
OklahomaCity;;;;;;;;;;;424,8;413,6;467,0;;;;;;;491,9;581,9;;;;;;;;;;;;;;;
Houston;;;;;;;;;;;;;460,6;;;;;;;451,8;;;;;;;;;;;;;;;940,7;
Dallas;;;;;;;;;;;;;431,9;;;;;484,3;483,7;;574,9;;;;;;;;;;;;;;;
LittleRock;;;;;;;;;;;;;;;;;;470,5;;505,3;;538,6;;;;;;;;;;;;;768,1;660,7
SaintLouis;;;;;;;;;;;;;;;;;479,8;;;;594,5;;481,2;;;;;;574,3;;;;;;;633,7
Chicago;;;;;;;;;;;;;;;408,6;415,7;;;;;;494,8;;;469,5;;;;518,8;;;;;;;
SaultStMarie;;;;;;;;;;;;;;350,8;;;;;;;;;;;450,4;398,4;;;;;;;;;;
Toronto;;;;;;;;;;;;;;;410,3;;;;;;;;462,9;376,3;;394,4;;;528,0;;;;;;;
Montreal;;;;;;;;;;;;;;;;;;;;;;;;411,8;479,4;;403,1;463,6;;;;;;;;
Boston;;;;;;;;;;;;;;;;;;;;;;;;;;397,8;;442,9;;;;;;;;
NewYork;;;;;;;;;;;;;;;;;;;;;;;;;;404,9;415,2;;616,9;491,5;;;;;;
Pittsburgh;;;;;;;;;;;;;;;;;;;;;;599,9;468,3;;440,1;;;485,2;;489,5;611,0;;;;;608,7
Washington;;;;;;;;;;;;;;;;;;;;;;;;;;;;466,4;559,6;;618,9;;;;;
Raleigh;;;;;;;;;;;;;;;;;;;;;;;;;;;;;559,2;515,6;;;764,5;;;705,7
Atlanta;;;;;;;;;;;;;;;;;;;;;;;;;;;;;;;;;1000,0;1000,0;1000,0;1000,0
Charleston;;;;;;;;;;;;;;;;;;;;;;;;;;;;;;;603,2;902,0;;781,9;;
Miami;;;;;;;;;;;;;;;;;;;;;;;;;;;;;;;;905,0;739,3;;805,5;
NewOrleans;;;;;;;;;;;;;;;;;;;561,7;;602,3;;;;;;;;;;;984,0;;752,9;;
Nashville;;;;;;;;;;;;;;;;;;;;;583,6;539,2;;;;;;;605,3;;590,7;901,0;;;;
Step_4000;Vancouver;Seattle;Calgary;Portland;Helena;SaltLakeCity;SanFrancisco;LosAngeles;LasVegas;Phoenix;SantaFe;Denver;ElPaso;Winnipeg;Duluth;Omaha;KansasCity;OklahomaCity;Houston;Dallas;LittleRock;SaintLouis;Chicago;SaultStMarie;Toronto;Montreal;Boston;NewYork;Pittsburgh;Washington;Raleigh;Atlanta;Charleston;Miami;NewOrleans;Nashville
Vancouver;;233,8;183,3;;;;;;;;;;;;;;;;;;;;;;;;;;;;;;;;;
Seattle;204,9;;219,3;275,0;313,0;;;;;;;;;;;;;;;;;;;;;;;;;;;;;;;
Calgary;168,7;233,4;;;327,6;;;;;;;;;178,7;;;;;;;;;;;;;;;;;;;;;;
Portland;;261,4;;;;333,7;343,1;;;;;;;;;;;;;;;;;;;;;;;;;;;;;
Helena;;273,2;249,1;;;323,1;;;;;;393,8;;233,6;287,8;352,6;;;;;;;;;;;;;;;;;;;;
SaltLakeCity;;;;313,1;297,7;;308,7;;338,3;;;387,2;;;;;;;;;;;;;;;;;;;;;;;;
SanFrancisco;;;;286,7;;347,2;;874,5;;;;;;;;;;;;;;;;;;;;;;;;;;;;
LosAngeles;;;;;;;317,3;;340,6;397,9;;;978,6;;;;;;;;;;;;;;;;;;;;;;;
LasVegas;;;;;;337,2;;429,5;;;;;;;;;;;;;;;;;;;;;;;;;;;;
Phoenix;;;;;;;;360,6;;;416,9;393,9;477,7;;;;;;;;;;;;;;;;;;;;;;;
SantaFe;;;;;;;;;;424,0;;411,1;527,6;;;;;447,5;;;;;;;;;;;;;;;;;;
Denver;;;;;305,0;334,9;;;;422,5;412,1;;;;;371,3;444,9;480,7;;;;;;;;;;;;;;;;;;
ElPaso;;;;;;;;433,7;;414,1;418,8;;;;;;;518,3;905,4;526,3;;;;;;;;;;;;;;;;
Winnipeg;;;165,0;;312,2;;;;;;;;;;112,3;;;;;;;;;61,9;;;;;;;;;;;;
Duluth;;;;;191,1;;;;;;;;;116,1;;;;;;;;;418,3;;180,7;;;;;;;;;;;
Omaha;;;;;344,6;;;;;;;416,9;;;;;;;;;;;473,2;;;;;;;;;;;;;
KansasCity;;;;;;;;;;;;398,9;;;;;;;;;;528,8;;;;;;;;;;;;;;
OklahomaCity;;;;;;;;;;;426,1;354,8;457,2;;;;;;;513,0;620,5;;;;;;;;;;;;;;;
Houston;;;;;;;;;;;;;533,5;;;;;;;525,4;;;;;;;;;;;;;;;1006,0;
Dallas;;;;;;;;;;;;;436,6;;;;;492,3;568,9;;616,1;;;;;;;;;;;;;;;
LittleRock;;;;;;;;;;;;;;;;;;512,0;;541,1;;481,7;;;;;;;;;;;;;812,7;673,8
SaintLouis;;;;;;;;;;;;;;;;;454,4;;;;580,1;;431,7;;;;;;507,8;;;;;;;573,1
Chicago;;;;;;;;;;;;;;;177,2;350,8;;;;;;532,1;;;295,3;;;;518,8;;;;;;;
SaultStMarie;;;;;;;;;;;;;;7,7;;;;;;;;;;;253,8;7,9;;;;;;;;;;
Toronto;;;;;;;;;;;;;;;142,1;;;;;;;;322,8;44,0;;60,7;;;530,6;;;;;;;
Montreal;;;;;;;;;;;;;;;;;;;;;;;;83,0;355,3;;38,9;82,8;;;;;;;;
Boston;;;;;;;;;;;;;;;;;;;;;;;;;;161,2;;107,4;;;;;;;;
NewYork;;;;;;;;;;;;;;;;;;;;;;;;;;88,4;74,8;;431,8;346,2;;;;;;
Pittsburgh;;;;;;;;;;;;;;;;;;;;;;499,7;441,3;;251,8;;;291,7;;404,1;493,5;;;;;711,9
Washington;;;;;;;;;;;;;;;;;;;;;;;;;;;;222,7;394,4;;586,2;;;;;
Raleigh;;;;;;;;;;;;;;;;;;;;;;;;;;;;;367,3;382,2;;;761,3;;;650,9
Atlanta;;;;;;;;;;;;;;;;;;;;;;;;;;;;;;;;;1000,0;1000,0;1000,0;1000,0
Charleston;;;;;;;;;;;;;;;;;;;;;;;;;;;;;;;583,0;902,0;;779,4;;
Miami;;;;;;;;;;;;;;;;;;;;;;;;;;;;;;;;905,0;759,4;;723,8;
NewOrleans;;;;;;;;;;;;;;;;;;;604,0;;650,9;;;;;;;;;;;984,0;;784,1;;
Nashville;;;;;;;;;;;;;;;;;;;;;574,3;485,0;;;;;;;518,1;;498,2;901,0;;;;
Step_8000;Vancouver;Seattle;Calgary;Portland;Helena;SaltLakeCity;SanFrancisco;LosAngeles;LasVegas;Phoenix;SantaFe;Denver;ElPaso;Winnipeg;Duluth;Omaha;KansasCity;OklahomaCity;Houston;Dallas;LittleRock;SaintLouis;Chicago;SaultStMarie;Toronto;Montreal;Boston;NewYork;Pittsburgh;Washington;Raleigh;Atlanta;Charleston;Miami;NewOrleans;Nashville
Vancouver;;292,0;249,3;;;;;;;;;;;;;;;;;;;;;;;;;;;;;;;;;
Seattle;249,4;;266,3;295,7;322,3;;;;;;;;;;;;;;;;;;;;;;;;;;;;;;;
Calgary;238,1;302,0;;;297,6;;;;;;;;;269,5;;;;;;;;;;;;;;;;;;;;;;
Portland;;270,9;;;;351,7;334,0;;;;;;;;;;;;;;;;;;;;;;;;;;;;;
Helena;;289,0;264,6;;;335,8;;;;;;406,7;;285,7;371,4;367,9;;;;;;;;;;;;;;;;;;;;
SaltLakeCity;;;;310,7;370,9;;332,6;;372,2;;;429,8;;;;;;;;;;;;;;;;;;;;;;;;
SanFrancisco;;;;302,5;;344,3;;993,5;;;;;;;;;;;;;;;;;;;;;;;;;;;;
LosAngeles;;;;;;;352,6;;341,3;457,6;;;978,3;;;;;;;;;;;;;;;;;;;;;;;
LasVegas;;;;;;350,9;;418,5;;;;;;;;;;;;;;;;;;;;;;;;;;;;
Phoenix;;;;;;;;403,0;;;431,1;417,3;520,8;;;;;;;;;;;;;;;;;;;;;;;
SantaFe;;;;;;;;;;402,5;;409,6;423,6;;;;;523,8;;;;;;;;;;;;;;;;;;
Denver;;;;;326,1;345,1;;;;389,2;425,5;;;;;339,6;445,4;531,9;;;;;;;;;;;;;;;;;;
ElPaso;;;;;;;;434,4;;422,3;415,1;;;;;;;429,4;904,0;532,2;;;;;;;;;;;;;;;;
Winnipeg;;;252,6;;326,6;;;;;;;;;;262,8;;;;;;;;;258,5;;;;;;;;;;;;
Duluth;;;;;316,9;;;;;;;;;234,2;;;;;;;;;427,7;;387,2;;;;;;;;;;;
Omaha;;;;;328,0;;;;;;;417,0;;;;;;;;;;;430,5;;;;;;;;;;;;;
KansasCity;;;;;;;;;;;;410,2;;;;;;;;;;494,3;;;;;;;;;;;;;;
OklahomaCity;;;;;;;;;;;407,8;406,5;520,9;;;;;;;539,3;678,1;;;;;;;;;;;;;;;
Houston;;;;;;;;;;;;;604,3;;;;;;;517,9;;;;;;;;;;;;;;;1006,0;
Dallas;;;;;;;;;;;;;547,3;;;;;508,5;562,4;;630,2;;;;;;;;;;;;;;;
LittleRock;;;;;;;;;;;;;;;;;;475,5;;532,1;;528,2;;;;;;;;;;;;;764,1;646,3
SaintLouis;;;;;;;;;;;;;;;;;462,0;;;;582,3;;466,8;;;;;;522,8;;;;;;;621,0
Chicago;;;;;;;;;;;;;;;317,9;378,3;;;;;;554,0;;;384,6;;;;469,2;;;;;;;
SaultStMarie;;;;;;;;;;;;;;127,8;;;;;;;;;;;405,8;83,8;;;;;;;;;;
Toronto;;;;;;;;;;;;;;;303,7;;;;;;;;428,2;247,4;;359,5;;;513,7;;;;;;;
Montreal;;;;;;;;;;;;;;;;;;;;;;;;83,0;443,7;;174,0;200,7;;;;;;;;
Boston;;;;;;;;;;;;;;;;;;;;;;;;;;253,9;;338,1;;;;;;;;
NewYork;;;;;;;;;;;;;;;;;;;;;;;;;;345,6;258,1;;475,5;478,3;;;;;;
Pittsburgh;;;;;;;;;;;;;;;;;;;;;;515,2;452,5;;347,6;;;422,6;;505,1;619,8;;;;;537,3
Washington;;;;;;;;;;;;;;;;;;;;;;;;;;;;382,3;493,4;;599,0;;;;;
Raleigh;;;;;;;;;;;;;;;;;;;;;;;;;;;;;509,3;477,5;;;750,0;;;600,7
Atlanta;;;;;;;;;;;;;;;;;;;;;;;;;;;;;;;;;1000,0;1000,0;1000,0;1000,0
Charleston;;;;;;;;;;;;;;;;;;;;;;;;;;;;;;;590,1;902,0;;752,5;;
Miami;;;;;;;;;;;;;;;;;;;;;;;;;;;;;;;;905,0;741,7;;750,7;
NewOrleans;;;;;;;;;;;;;;;;;;;540,0;;660,6;;;;;;;;;;;984,0;;788,1;;
Nashville;;;;;;;;;;;;;;;;;;;;;582,6;456,6;;;;;;;523,3;;560,1;901,0;;;;
Step_12000;Vancouver;Seattle;Calgary;Portland;Helena;SaltLakeCity;SanFrancisco;LosAngeles;LasVegas;Phoenix;SantaFe;Denver;ElPaso;Winnipeg;Duluth;Omaha;KansasCity;OklahomaCity;Houston;Dallas;LittleRock;SaintLouis;Chicago;SaultStMarie;Toronto;Montreal;Boston;NewYork;Pittsburgh;Washington;Raleigh;Atlanta;Charleston;Miami;NewOrleans;Nashville
Vancouver;;275,7;287,3;;;;;;;;;;;;;;;;;;;;;;;;;;;;;;;;;
Seattle;252,9;;293,5;319,0;354,8;;;;;;;;;;;;;;;;;;;;;;;;;;;;;;;
Calgary;249,0;292,8;;;369,3;;;;;;;;;329,4;;;;;;;;;;;;;;;;;;;;;;
Portland;;296,8;;;;361,0;337,5;;;;;;;;;;;;;;;;;;;;;;;;;;;;;
Helena;;303,2;324,7;;;338,2;;;;;;429,2;;342,2;371,8;386,8;;;;;;;;;;;;;;;;;;;;
SaltLakeCity;;;;319,0;351,6;;450,7;;351,4;;;884,6;;;;;;;;;;;;;;;;;;;;;;;;
SanFrancisco;;;;320,0;;881,0;;321,8;;;;;;;;;;;;;;;;;;;;;;;;;;;;
LosAngeles;;;;;;;308,5;;374,8;404,0;;;452,8;;;;;;;;;;;;;;;;;;;;;;;
LasVegas;;;;;;335,7;;380,2;;;;;;;;;;;;;;;;;;;;;;;;;;;;
Phoenix;;;;;;;;385,7;;;407,4;438,0;468,6;;;;;;;;;;;;;;;;;;;;;;;
SantaFe;;;;;;;;;;397,3;;418,5;460,9;;;;;456,1;;;;;;;;;;;;;;;;;;
Denver;;;;;348,3;335,5;;;;395,7;406,5;;;;;430,9;447,7;1013,0;;;;;;;;;;;;;;;;;;
ElPaso;;;;;;;;389,7;;423,9;426,0;;;;;;;487,3;535,5;510,4;;;;;;;;;;;;;;;;
Winnipeg;;;277,8;;323,5;;;;;;;;;;359,8;;;;;;;;;296,6;;;;;;;;;;;;
Duluth;;;;;338,4;;;;;;;;;325,5;;;;;;;;;460,2;;379,8;;;;;;;;;;;
Omaha;;;;;340,6;;;;;;;433,6;;;;;;;;;;;493,8;;;;;;;;;;;;;
KansasCity;;;;;;;;;;;;390,6;;;;;;;;;;491,6;;;;;;;;;;;;;;
OklahomaCity;;;;;;;;;;;423,4;399,9;486,6;;;;;;;521,0;1009,0;;;;;;;;;;;;;;;
Houston;;;;;;;;;;;;;475,0;;;;;;;485,8;;;;;;;;;;;;;;;690,0;
Dallas;;;;;;;;;;;;;479,7;;;;;508,4;525,2;;600,4;;;;;;;;;;;;;;;
LittleRock;;;;;;;;;;;;;;;;;;464,0;;511,8;;488,1;;;;;;;;;;;;;1007,0;666,4
SaintLouis;;;;;;;;;;;;;;;;;440,8;;;;566,5;;444,5;;;;;;578,0;;;;;;;639,9
Chicago;;;;;;;;;;;;;;;357,3;410,9;;;;;;531,0;;;406,9;;;;522,5;;;;;;;
SaultStMarie;;;;;;;;;;;;;;201,8;;;;;;;;;;;446,2;243,6;;;;;;;;;;
Toronto;;;;;;;;;;;;;;;359,5;;;;;;;;478,3;297,5;;320,8;;;534,4;;;;;;;
Montreal;;;;;;;;;;;;;;;;;;;;;;;;206,5;421,0;;281,5;264,4;;;;;;;;
Boston;;;;;;;;;;;;;;;;;;;;;;;;;;301,7;;404,4;;;;;;;;
NewYork;;;;;;;;;;;;;;;;;;;;;;;;;;379,1;362,2;;516,3;504,7;;;;;;
Pittsburgh;;;;;;;;;;;;;;;;;;;;;;559,3;424,6;;456,0;;;476,3;;548,2;591,6;;;;;675,7
Washington;;;;;;;;;;;;;;;;;;;;;;;;;;;;436,2;565,9;;631,5;;;;;
Raleigh;;;;;;;;;;;;;;;;;;;;;;;;;;;;;531,1;504,3;;;776,4;;;701,1
Atlanta;;;;;;;;;;;;;;;;;;;;;;;;;;;;;;;;;1000,0;1000,0;1000,0;1000,0
Charleston;;;;;;;;;;;;;;;;;;;;;;;;;;;;;;;588,8;902,0;;806,1;;
Miami;;;;;;;;;;;;;;;;;;;;;;;;;;;;;;;;905,0;757,3;;788,1;
NewOrleans;;;;;;;;;;;;;;;;;;;595,3;;587,2;;;;;;;;;;;1004,0;;764,0;;
Nashville;;;;;;;;;;;;;;;;;;;;;564,9;559,6;;;;;;;572,7;;624,5;901,0;;;;
Step_16000;Vancouver;Seattle;Calgary;Portland;Helena;SaltLakeCity;SanFrancisco;LosAngeles;LasVegas;Phoenix;SantaFe;Denver;ElPaso;Winnipeg;Duluth;Omaha;KansasCity;OklahomaCity;Houston;Dallas;LittleRock;SaintLouis;Chicago;SaultStMarie;Toronto;Montreal;Boston;NewYork;Pittsburgh;Washington;Raleigh;Atlanta;Charleston;Miami;NewOrleans;Nashville
Vancouver;;299,1;310,5;;;;;;;;;;;;;;;;;;;;;;;;;;;;;;;;;
Seattle;280,4;;313,6;312,6;333,0;;;;;;;;;;;;;;;;;;;;;;;;;;;;;;;
Calgary;263,7;314,1;;;355,9;;;;;;;;;328,5;;;;;;;;;;;;;;;;;;;;;;
Portland;;298,8;;;;352,5;333,0;;;;;;;;;;;;;;;;;;;;;;;;;;;;;
Helena;;297,0;301,6;;;330,7;;;;;;377,0;;360,6;377,3;365,8;;;;;;;;;;;;;;;;;;;;
SaltLakeCity;;;;299,7;328,4;;339,5;;353,3;;;409,6;;;;;;;;;;;;;;;;;;;;;;;;
SanFrancisco;;;;313,8;;347,9;;996,0;;;;;;;;;;;;;;;;;;;;;;;;;;;;
LosAngeles;;;;;;;333,1;;349,1;422,2;;;992,1;;;;;;;;;;;;;;;;;;;;;;;
LasVegas;;;;;;345,0;;388,1;;;;;;;;;;;;;;;;;;;;;;;;;;;;
Phoenix;;;;;;;;382,8;;;427,5;395,0;490,2;;;;;;;;;;;;;;;;;;;;;;;
SantaFe;;;;;;;;;;425,8;;404,3;472,5;;;;;511,5;;;;;;;;;;;;;;;;;;
Denver;;;;;335,0;340,8;;;;440,4;441,9;;;;;411,1;430,4;490,2;;;;;;;;;;;;;;;;;;
ElPaso;;;;;;;;350,9;;400,4;420,7;;;;;;;476,7;980,4;500,4;;;;;;;;;;;;;;;;
Winnipeg;;;317,1;;351,5;;;;;;;;;;428,9;;;;;;;;;345,3;;;;;;;;;;;;
Duluth;;;;;345,5;;;;;;;;;344,5;;;;;;;;;499,4;;440,0;;;;;;;;;;;
Omaha;;;;;335,9;;;;;;;415,8;;;;;;;;;;;480,6;;;;;;;;;;;;;
KansasCity;;;;;;;;;;;;409,0;;;;;;;;;;562,6;;;;;;;;;;;;;;
OklahomaCity;;;;;;;;;;;437,0;414,2;463,5;;;;;;;497,3;631,3;;;;;;;;;;;;;;;
Houston;;;;;;;;;;;;;456,9;;;;;;;518,8;;;;;;;;;;;;;;;942,1;
Dallas;;;;;;;;;;;;;531,4;;;;;534,2;558,0;;654,8;;;;;;;;;;;;;;;
LittleRock;;;;;;;;;;;;;;;;;;488,6;;556,8;;596,9;;;;;;;;;;;;;713,8;746,5
SaintLouis;;;;;;;;;;;;;;;;;442,5;;;;569,8;;477,5;;;;;;592,6;;;;;;;642,1
Chicago;;;;;;;;;;;;;;;430,0;381,7;;;;;;506,7;;;428,4;;;;567,9;;;;;;;
SaultStMarie;;;;;;;;;;;;;;261,5;;;;;;;;;;;375,6;324,5;;;;;;;;;;
Toronto;;;;;;;;;;;;;;;402,2;;;;;;;;437,6;309,6;;375,9;;;540,8;;;;;;;
Montreal;;;;;;;;;;;;;;;;;;;;;;;;242,1;431,2;;350,3;340,8;;;;;;;;
Boston;;;;;;;;;;;;;;;;;;;;;;;;;;292,8;;447,2;;;;;;;;
NewYork;;;;;;;;;;;;;;;;;;;;;;;;;;381,8;354,5;;520,8;532,4;;;;;;
Pittsburgh;;;;;;;;;;;;;;;;;;;;;;527,5;454,7;;452,3;;;450,5;;531,3;625,3;;;;;767,5
Washington;;;;;;;;;;;;;;;;;;;;;;;;;;;;422,0;591,7;;657,8;;;;;
Raleigh;;;;;;;;;;;;;;;;;;;;;;;;;;;;;495,1;530,9;;;749,0;;;654,8
Atlanta;;;;;;;;;;;;;;;;;;;;;;;;;;;;;;;;;1000,0;1000,0;1000,0;1000,0
Charleston;;;;;;;;;;;;;;;;;;;;;;;;;;;;;;;562,1;902,0;;766,5;;
Miami;;;;;;;;;;;;;;;;;;;;;;;;;;;;;;;;905,0;726,1;;785,4;
NewOrleans;;;;;;;;;;;;;;;;;;;548,3;;598,2;;;;;;;;;;;1004,0;;760,3;;
Nashville;;;;;;;;;;;;;;;;;;;;;598,4;552,3;;;;;;;584,1;;579,2;901,0;;;;
Step_20000;Vancouver;Seattle;Calgary;Portland;Helena;SaltLakeCity;SanFrancisco;LosAngeles;LasVegas;Phoenix;SantaFe;Denver;ElPaso;Winnipeg;Duluth;Omaha;KansasCity;OklahomaCity;Houston;Dallas;LittleRock;SaintLouis;Chicago;SaultStMarie;Toronto;Montreal;Boston;NewYork;Pittsburgh;Washington;Raleigh;Atlanta;Charleston;Miami;NewOrleans;Nashville
Vancouver;;307,0;304,9;;;;;;;;;;;;;;;;;;;;;;;;;;;;;;;;;
Seattle;271,6;;299,2;299,0;358,9;;;;;;;;;;;;;;;;;;;;;;;;;;;;;;;
Calgary;274,1;299,3;;;341,9;;;;;;;;;322,7;;;;;;;;;;;;;;;;;;;;;;
Portland;;286,3;;;;347,0;351,9;;;;;;;;;;;;;;;;;;;;;;;;;;;;;
Helena;;276,3;281,7;;;338,3;;;;;;432,7;;350,8;387,5;381,2;;;;;;;;;;;;;;;;;;;;
SaltLakeCity;;;;305,6;326,7;;335,2;;349,9;;;458,5;;;;;;;;;;;;;;;;;;;;;;;;
SanFrancisco;;;;308,7;;372,9;;980,5;;;;;;;;;;;;;;;;;;;;;;;;;;;;
LosAngeles;;;;;;;324,6;;356,8;419,2;;;906,3;;;;;;;;;;;;;;;;;;;;;;;
LasVegas;;;;;;364,8;;416,3;;;;;;;;;;;;;;;;;;;;;;;;;;;;
Phoenix;;;;;;;;395,0;;;455,5;396,6;483,6;;;;;;;;;;;;;;;;;;;;;;;
SantaFe;;;;;;;;;;418,0;;384,3;518,0;;;;;493,5;;;;;;;;;;;;;;;;;;
Denver;;;;;321,8;356,0;;;;436,0;447,5;;;;;410,5;531,4;482,5;;;;;;;;;;;;;;;;;;
ElPaso;;;;;;;;382,2;;432,4;466,6;;;;;;;503,2;1012,0;503,8;;;;;;;;;;;;;;;;
Winnipeg;;;293,7;;339,6;;;;;;;;;;402,0;;;;;;;;;395,4;;;;;;;;;;;;
Duluth;;;;;359,5;;;;;;;;;359,3;;;;;;;;;440,0;;454,0;;;;;;;;;;;
Omaha;;;;;358,6;;;;;;;410,9;;;;;;;;;;;473,0;;;;;;;;;;;;;
KansasCity;;;;;;;;;;;;413,0;;;;;;;;;;573,3;;;;;;;;;;;;;;
OklahomaCity;;;;;;;;;;;426,3;421,4;514,9;;;;;;;502,7;598,0;;;;;;;;;;;;;;;
Houston;;;;;;;;;;;;;478,2;;;;;;;499,4;;;;;;;;;;;;;;;907,0;
Dallas;;;;;;;;;;;;;491,2;;;;;463,6;543,2;;598,6;;;;;;;;;;;;;;;
LittleRock;;;;;;;;;;;;;;;;;;498,2;;511,8;;509,6;;;;;;;;;;;;;729,8;678,5
SaintLouis;;;;;;;;;;;;;;;;;483,1;;;;641,3;;484,6;;;;;;562,8;;;;;;;696,6
Chicago;;;;;;;;;;;;;;;392,4;385,0;;;;;;514,3;;;429,4;;;;536,6;;;;;;;
SaultStMarie;;;;;;;;;;;;;;348,0;;;;;;;;;;;443,2;356,2;;;;;;;;;;
Toronto;;;;;;;;;;;;;;;385,6;;;;;;;;509,6;373,7;;407,4;;;574,0;;;;;;;
Montreal;;;;;;;;;;;;;;;;;;;;;;;;250,1;448,4;;348,6;499,3;;;;;;;;
Boston;;;;;;;;;;;;;;;;;;;;;;;;;;362,0;;502,0;;;;;;;;
NewYork;;;;;;;;;;;;;;;;;;;;;;;;;;378,0;393,4;;606,4;535,8;;;;;;
Pittsburgh;;;;;;;;;;;;;;;;;;;;;;538,1;482,1;;420,4;;;498,8;;513,5;614,3;;;;;607,9
Washington;;;;;;;;;;;;;;;;;;;;;;;;;;;;499,6;552,8;;638,1;;;;;
Raleigh;;;;;;;;;;;;;;;;;;;;;;;;;;;;;635,4;529,7;;;742,0;;;682,4
Atlanta;;;;;;;;;;;;;;;;;;;;;;;;;;;;;;;;;1000,0;1000,0;1000,0;1000,0
Charleston;;;;;;;;;;;;;;;;;;;;;;;;;;;;;;;622,7;902,0;;790,3;;
Miami;;;;;;;;;;;;;;;;;;;;;;;;;;;;;;;;905,0;763,1;;657,3;
NewOrleans;;;;;;;;;;;;;;;;;;;565,5;;585,5;;;;;;;;;;;1004,0;;769,4;;
Nashville;;;;;;;;;;;;;;;;;;;;;601,0;576,0;;;;;;;552,8;;588,0;901,0;;;;
Step_24000;Vancouver;Seattle;Calgary;Portland;Helena;SaltLakeCity;SanFrancisco;LosAngeles;LasVegas;Phoenix;SantaFe;Denver;ElPaso;Winnipeg;Duluth;Omaha;KansasCity;OklahomaCity;Houston;Dallas;LittleRock;SaintLouis;Chicago;SaultStMarie;Toronto;Montreal;Boston;NewYork;Pittsburgh;Washington;Raleigh;Atlanta;Charleston;Miami;NewOrleans;Nashville
Vancouver;;298,1;303,8;;;;;;;;;;;;;;;;;;;;;;;;;;;;;;;;;
Seattle;267,7;;280,3;281,5;375,1;;;;;;;;;;;;;;;;;;;;;;;;;;;;;;;
Calgary;265,8;295,7;;;378,5;;;;;;;;;332,5;;;;;;;;;;;;;;;;;;;;;;
Portland;;316,2;;;;327,1;343,8;;;;;;;;;;;;;;;;;;;;;;;;;;;;;
Helena;;313,0;297,7;;;331,1;;;;;;414,0;;318,3;394,9;390,7;;;;;;;;;;;;;;;;;;;;
SaltLakeCity;;;;302,5;333,8;;345,5;;358,5;;;387,5;;;;;;;;;;;;;;;;;;;;;;;;
SanFrancisco;;;;302,1;;364,3;;993,4;;;;;;;;;;;;;;;;;;;;;;;;;;;;
LosAngeles;;;;;;;344,5;;339,1;416,1;;;977,8;;;;;;;;;;;;;;;;;;;;;;;
LasVegas;;;;;;337,5;;420,9;;;;;;;;;;;;;;;;;;;;;;;;;;;;
Phoenix;;;;;;;;407,3;;;450,2;433,6;452,5;;;;;;;;;;;;;;;;;;;;;;;
SantaFe;;;;;;;;;;425,1;;445,5;441,5;;;;;540,4;;;;;;;;;;;;;;;;;;
Denver;;;;;356,8;356,8;;;;416,2;441,4;;;;;396,5;430,2;491,7;;;;;;;;;;;;;;;;;;
ElPaso;;;;;;;;428,8;;409,0;457,0;;;;;;;469,7;901,4;516,0;;;;;;;;;;;;;;;;
Winnipeg;;;315,2;;356,7;;;;;;;;;;408,0;;;;;;;;;352,5;;;;;;;;;;;;
Duluth;;;;;321,0;;;;;;;;;348,3;;;;;;;;;439,9;;437,2;;;;;;;;;;;
Omaha;;;;;342,0;;;;;;;437,3;;;;;;;;;;;465,8;;;;;;;;;;;;;
KansasCity;;;;;;;;;;;;415,9;;;;;;;;;;485,7;;;;;;;;;;;;;;
OklahomaCity;;;;;;;;;;;456,6;426,2;522,1;;;;;;;514,3;611,4;;;;;;;;;;;;;;;
Houston;;;;;;;;;;;;;498,1;;;;;;;503,2;;;;;;;;;;;;;;;1006,0;
Dallas;;;;;;;;;;;;;452,3;;;;;502,4;527,3;;604,7;;;;;;;;;;;;;;;
LittleRock;;;;;;;;;;;;;;;;;;515,4;;509,3;;528,5;;;;;;;;;;;;;776,0;606,9
SaintLouis;;;;;;;;;;;;;;;;;415,8;;;;644,1;;420,5;;;;;;522,6;;;;;;;614,6
Chicago;;;;;;;;;;;;;;;385,4;394,3;;;;;;502,8;;;430,3;;;;584,0;;;;;;;
SaultStMarie;;;;;;;;;;;;;;336,3;;;;;;;;;;;441,6;414,6;;;;;;;;;;
Toronto;;;;;;;;;;;;;;;387,0;;;;;;;;478,1;374,5;;371,7;;;536,8;;;;;;;
Montreal;;;;;;;;;;;;;;;;;;;;;;;;344,6;456,4;;385,7;456,6;;;;;;;;
Boston;;;;;;;;;;;;;;;;;;;;;;;;;;403,1;;507,9;;;;;;;;
NewYork;;;;;;;;;;;;;;;;;;;;;;;;;;397,2;428,5;;562,0;511,1;;;;;;
Pittsburgh;;;;;;;;;;;;;;;;;;;;;;489,5;462,9;;435,7;;;498,3;;496,9;571,9;;;;;729,1
Washington;;;;;;;;;;;;;;;;;;;;;;;;;;;;477,5;536,7;;567,7;;;;;
Raleigh;;;;;;;;;;;;;;;;;;;;;;;;;;;;;552,7;509,7;;;661,8;;;625,8
Atlanta;;;;;;;;;;;;;;;;;;;;;;;;;;;;;;;;;1000,0;1000,0;1000,0;1000,0
Charleston;;;;;;;;;;;;;;;;;;;;;;;;;;;;;;;566,0;902,0;;767,2;;
Miami;;;;;;;;;;;;;;;;;;;;;;;;;;;;;;;;905,0;763,6;;796,1;
NewOrleans;;;;;;;;;;;;;;;;;;;582,9;;638,6;;;;;;;;;;;984,0;;803,7;;
Nashville;;;;;;;;;;;;;;;;;;;;;632,2;524,3;;;;;;;516,7;;600,0;901,0;;;;
Step_28000;Vancouver;Seattle;Calgary;Portland;Helena;SaltLakeCity;SanFrancisco;LosAngeles;LasVegas;Phoenix;SantaFe;Denver;ElPaso;Winnipeg;Duluth;Omaha;KansasCity;OklahomaCity;Houston;Dallas;LittleRock;SaintLouis;Chicago;SaultStMarie;Toronto;Montreal;Boston;NewYork;Pittsburgh;Washington;Raleigh;Atlanta;Charleston;Miami;NewOrleans;Nashville
Vancouver;;271,4;289,6;;;;;;;;;;;;;;;;;;;;;;;;;;;;;;;;;
Seattle;261,4;;277,0;300,2;317,6;;;;;;;;;;;;;;;;;;;;;;;;;;;;;;;
Calgary;261,3;297,1;;;336,9;;;;;;;;;314,7;;;;;;;;;;;;;;;;;;;;;;
Portland;;284,4;;;;327,7;329,4;;;;;;;;;;;;;;;;;;;;;;;;;;;;;
Helena;;293,5;302,0;;;361,5;;;;;;367,0;;326,2;336,0;376,8;;;;;;;;;;;;;;;;;;;;
SaltLakeCity;;;;307,1;332,4;;334,5;;338,5;;;383,7;;;;;;;;;;;;;;;;;;;;;;;;
SanFrancisco;;;;293,7;;344,9;;993,5;;;;;;;;;;;;;;;;;;;;;;;;;;;;
LosAngeles;;;;;;;318,0;;329,6;386,1;;;978,2;;;;;;;;;;;;;;;;;;;;;;;
LasVegas;;;;;;318,3;;371,7;;;;;;;;;;;;;;;;;;;;;;;;;;;;
Phoenix;;;;;;;;399,7;;;417,1;409,3;436,3;;;;;;;;;;;;;;;;;;;;;;;
SantaFe;;;;;;;;;;393,8;;425,2;421,5;;;;;463,4;;;;;;;;;;;;;;;;;;
Denver;;;;;323,8;360,3;;;;420,9;397,1;;;;;373,1;386,9;491,7;;;;;;;;;;;;;;;;;;
ElPaso;;;;;;;;392,0;;399,9;426,1;;;;;;;448,4;903,4;465,1;;;;;;;;;;;;;;;;
Winnipeg;;;287,7;;317,4;;;;;;;;;;359,4;;;;;;;;;379,1;;;;;;;;;;;;
Duluth;;;;;336,5;;;;;;;;;333,9;;;;;;;;;467,1;;400,9;;;;;;;;;;;
Omaha;;;;;339,2;;;;;;;393,3;;;;;;;;;;;429,5;;;;;;;;;;;;;
KansasCity;;;;;;;;;;;;389,3;;;;;;;;;;499,8;;;;;;;;;;;;;;
OklahomaCity;;;;;;;;;;;408,0;414,8;498,4;;;;;;;504,6;624,6;;;;;;;;;;;;;;;
Houston;;;;;;;;;;;;;455,5;;;;;;;514,5;;;;;;;;;;;;;;;982,3;
Dallas;;;;;;;;;;;;;436,5;;;;;489,9;624,6;;537,5;;;;;;;;;;;;;;;
LittleRock;;;;;;;;;;;;;;;;;;485,8;;490,5;;492,6;;;;;;;;;;;;;772,5;629,8
SaintLouis;;;;;;;;;;;;;;;;;462,4;;;;505,6;;439,8;;;;;;546,4;;;;;;;700,8
Chicago;;;;;;;;;;;;;;;384,4;377,8;;;;;;457,6;;;446,2;;;;533,5;;;;;;;
SaultStMarie;;;;;;;;;;;;;;329,9;;;;;;;;;;;437,2;366,7;;;;;;;;;;
Toronto;;;;;;;;;;;;;;;395,8;;;;;;;;447,2;355,7;;398,7;;;528,6;;;;;;;
Montreal;;;;;;;;;;;;;;;;;;;;;;;;357,5;434,0;;408,0;458,9;;;;;;;;
Boston;;;;;;;;;;;;;;;;;;;;;;;;;;388,1;;456,8;;;;;;;;
NewYork;;;;;;;;;;;;;;;;;;;;;;;;;;394,9;417,6;;500,2;461,7;;;;;;
Pittsburgh;;;;;;;;;;;;;;;;;;;;;;521,2;442,1;;429,5;;;454,8;;475,3;647,8;;;;;689,3
Washington;;;;;;;;;;;;;;;;;;;;;;;;;;;;456,5;467,4;;564,1;;;;;
Raleigh;;;;;;;;;;;;;;;;;;;;;;;;;;;;;582,1;463,1;;;771,7;;;570,7
Atlanta;;;;;;;;;;;;;;;;;;;;;;;;;;;;;;;;;1000,0;1000,0;1000,0;1000,0
Charleston;;;;;;;;;;;;;;;;;;;;;;;;;;;;;;;591,6;902,0;;759,5;;
Miami;;;;;;;;;;;;;;;;;;;;;;;;;;;;;;;;905,0;737,8;;637,9;
NewOrleans;;;;;;;;;;;;;;;;;;;608,3;;622,3;;;;;;;;;;;984,0;;704,5;;
Nashville;;;;;;;;;;;;;;;;;;;;;569,7;545,4;;;;;;;544,1;;639,5;901,0;;;;
Step_32000;Vancouver;Seattle;Calgary;Portland;Helena;SaltLakeCity;SanFrancisco;LosAngeles;LasVegas;Phoenix;SantaFe;Denver;ElPaso;Winnipeg;Duluth;Omaha;KansasCity;OklahomaCity;Houston;Dallas;LittleRock;SaintLouis;Chicago;SaultStMarie;Toronto;Montreal;Boston;NewYork;Pittsburgh;Washington;Raleigh;Atlanta;Charleston;Miami;NewOrleans;Nashville
Vancouver;;291,3;277,7;;;;;;;;;;;;;;;;;;;;;;;;;;;;;;;;;
Seattle;259,4;;298,1;303,8;353,6;;;;;;;;;;;;;;;;;;;;;;;;;;;;;;;
Calgary;265,9;293,1;;;351,6;;;;;;;;;318,7;;;;;;;;;;;;;;;;;;;;;;
Portland;;302,6;;;;339,9;339,2;;;;;;;;;;;;;;;;;;;;;;;;;;;;;
Helena;;318,2;304,4;;;340,0;;;;;;425,0;;316,1;425,0;404,8;;;;;;;;;;;;;;;;;;;;
SaltLakeCity;;;;299,7;337,5;;357,8;;345,0;;;398,9;;;;;;;;;;;;;;;;;;;;;;;;
SanFrancisco;;;;310,4;;348,8;;1021,0;;;;;;;;;;;;;;;;;;;;;;;;;;;;
LosAngeles;;;;;;;328,2;;354,2;409,7;;;1018,0;;;;;;;;;;;;;;;;;;;;;;;
LasVegas;;;;;;361,5;;388,8;;;;;;;;;;;;;;;;;;;;;;;;;;;;
Phoenix;;;;;;;;402,3;;;436,2;404,3;486,9;;;;;;;;;;;;;;;;;;;;;;;
SantaFe;;;;;;;;;;403,5;;403,8;447,1;;;;;496,2;;;;;;;;;;;;;;;;;;
Denver;;;;;365,0;359,3;;;;388,1;416,5;;;;;401,0;429,4;452,8;;;;;;;;;;;;;;;;;;
ElPaso;;;;;;;;418,8;;396,1;421,1;;;;;;;478,1;1012,0;522,4;;;;;;;;;;;;;;;;
Winnipeg;;;306,9;;361,3;;;;;;;;;;393,3;;;;;;;;;356,4;;;;;;;;;;;;
Duluth;;;;;343,6;;;;;;;;;313,3;;;;;;;;;463,9;;439,5;;;;;;;;;;;
Omaha;;;;;376,3;;;;;;;391,3;;;;;;;;;;;460,7;;;;;;;;;;;;;
KansasCity;;;;;;;;;;;;420,5;;;;;;;;;;582,5;;;;;;;;;;;;;;
OklahomaCity;;;;;;;;;;;426,5;399,9;472,5;;;;;;;527,9;641,2;;;;;;;;;;;;;;;
Houston;;;;;;;;;;;;;429,1;;;;;;;496,1;;;;;;;;;;;;;;;982,3;
Dallas;;;;;;;;;;;;;510,5;;;;;489,9;670,0;;583,6;;;;;;;;;;;;;;;
LittleRock;;;;;;;;;;;;;;;;;;453,4;;534,1;;556,7;;;;;;;;;;;;;778,9;664,8
SaintLouis;;;;;;;;;;;;;;;;;486,1;;;;587,7;;466,7;;;;;;514,4;;;;;;;699,3
Chicago;;;;;;;;;;;;;;;414,6;387,0;;;;;;501,4;;;485,5;;;;519,5;;;;;;;
SaultStMarie;;;;;;;;;;;;;;335,5;;;;;;;;;;;454,0;356,9;;;;;;;;;;
Toronto;;;;;;;;;;;;;;;385,6;;;;;;;;459,8;328,1;;367,8;;;562,0;;;;;;;
Montreal;;;;;;;;;;;;;;;;;;;;;;;;357,6;403,5;;360,8;448,4;;;;;;;;
Boston;;;;;;;;;;;;;;;;;;;;;;;;;;365,1;;461,3;;;;;;;;
NewYork;;;;;;;;;;;;;;;;;;;;;;;;;;360,2;398,3;;525,8;499,1;;;;;;
Pittsburgh;;;;;;;;;;;;;;;;;;;;;;564,4;465,3;;483,1;;;472,0;;475,0;649,1;;;;;582,2
Washington;;;;;;;;;;;;;;;;;;;;;;;;;;;;442,6;494,1;;566,4;;;;;
Raleigh;;;;;;;;;;;;;;;;;;;;;;;;;;;;;508,1;495,5;;;750,2;;;661,8
Atlanta;;;;;;;;;;;;;;;;;;;;;;;;;;;;;;;;;1000,0;1000,0;1000,0;1000,0
Charleston;;;;;;;;;;;;;;;;;;;;;;;;;;;;;;;603,2;902,0;;769,9;;
Miami;;;;;;;;;;;;;;;;;;;;;;;;;;;;;;;;905,0;766,6;;747,0;
NewOrleans;;;;;;;;;;;;;;;;;;;576,2;;592,8;;;;;;;;;;;984,0;;750,9;;
Nashville;;;;;;;;;;;;;;;;;;;;;589,5;535,8;;;;;;;555,9;;531,1;901,0;;;;
Step_36000;Vancouver;Seattle;Calgary;Portland;Helena;SaltLakeCity;SanFrancisco;LosAngeles;LasVegas;Phoenix;SantaFe;Denver;ElPaso;Winnipeg;Duluth;Omaha;KansasCity;OklahomaCity;Houston;Dallas;LittleRock;SaintLouis;Chicago;SaultStMarie;Toronto;Montreal;Boston;NewYork;Pittsburgh;Washington;Raleigh;Atlanta;Charleston;Miami;NewOrleans;Nashville
Vancouver;;291,6;291,8;;;;;;;;;;;;;;;;;;;;;;;;;;;;;;;;;
Seattle;261,7;;292,8;303,5;325,0;;;;;;;;;;;;;;;;;;;;;;;;;;;;;;;
Calgary;261,1;269,9;;;327,7;;;;;;;;;351,1;;;;;;;;;;;;;;;;;;;;;;
Portland;;273,0;;;;353,5;352,5;;;;;;;;;;;;;;;;;;;;;;;;;;;;;
Helena;;288,7;293,8;;;354,1;;;;;;423,4;;347,6;378,2;376,7;;;;;;;;;;;;;;;;;;;;
SaltLakeCity;;;;310,3;337,8;;324,7;;353,6;;;442,6;;;;;;;;;;;;;;;;;;;;;;;;
SanFrancisco;;;;302,8;;360,7;;993,5;;;;;;;;;;;;;;;;;;;;;;;;;;;;
LosAngeles;;;;;;;326,3;;327,3;407,0;;;978,3;;;;;;;;;;;;;;;;;;;;;;;
LasVegas;;;;;;359,6;;422,1;;;;;;;;;;;;;;;;;;;;;;;;;;;;
Phoenix;;;;;;;;342,0;;;407,6;378,2;436,9;;;;;;;;;;;;;;;;;;;;;;;
SantaFe;;;;;;;;;;436,2;;412,8;432,8;;;;;465,6;;;;;;;;;;;;;;;;;;
Denver;;;;;322,3;336,5;;;;408,8;393,1;;;;;379,2;447,5;539,2;;;;;;;;;;;;;;;;;;
ElPaso;;;;;;;;331,3;;446,5;395,2;;;;;;;487,1;904,0;484,5;;;;;;;;;;;;;;;;
Winnipeg;;;294,3;;348,8;;;;;;;;;;376,0;;;;;;;;;375,2;;;;;;;;;;;;
Duluth;;;;;362,6;;;;;;;;;346,5;;;;;;;;;410,9;;397,0;;;;;;;;;;;
Omaha;;;;;346,6;;;;;;;411,5;;;;;;;;;;;458,0;;;;;;;;;;;;;
KansasCity;;;;;;;;;;;;409,1;;;;;;;;;;517,2;;;;;;;;;;;;;;
OklahomaCity;;;;;;;;;;;398,3;404,0;479,4;;;;;;;506,1;631,1;;;;;;;;;;;;;;;
Houston;;;;;;;;;;;;;465,6;;;;;;;517,7;;;;;;;;;;;;;;;1006,0;
Dallas;;;;;;;;;;;;;443,7;;;;;507,8;567,7;;566,1;;;;;;;;;;;;;;;
LittleRock;;;;;;;;;;;;;;;;;;508,0;;497,9;;503,8;;;;;;;;;;;;;805,6;562,1
SaintLouis;;;;;;;;;;;;;;;;;469,0;;;;585,8;;429,6;;;;;;594,5;;;;;;;706,3
Chicago;;;;;;;;;;;;;;;385,0;408,8;;;;;;511,3;;;468,3;;;;482,7;;;;;;;
SaultStMarie;;;;;;;;;;;;;;336,4;;;;;;;;;;;451,6;392,5;;;;;;;;;;
Toronto;;;;;;;;;;;;;;;391,1;;;;;;;;431,1;379,3;;366,9;;;584,4;;;;;;;
Montreal;;;;;;;;;;;;;;;;;;;;;;;;364,6;409,5;;372,5;402,3;;;;;;;;
Boston;;;;;;;;;;;;;;;;;;;;;;;;;;381,3;;458,1;;;;;;;;
NewYork;;;;;;;;;;;;;;;;;;;;;;;;;;368,6;385,5;;509,5;526,5;;;;;;
Pittsburgh;;;;;;;;;;;;;;;;;;;;;;546,7;453,2;;413,3;;;459,0;;513,6;547,9;;;;;665,8
Washington;;;;;;;;;;;;;;;;;;;;;;;;;;;;409,7;494,2;;601,6;;;;;
Raleigh;;;;;;;;;;;;;;;;;;;;;;;;;;;;;512,3;509,4;;;650,6;;;661,1
Atlanta;;;;;;;;;;;;;;;;;;;;;;;;;;;;;;;;;1000,0;1000,0;1000,0;1000,0
Charleston;;;;;;;;;;;;;;;;;;;;;;;;;;;;;;;542,5;902,0;;769,9;;
Miami;;;;;;;;;;;;;;;;;;;;;;;;;;;;;;;;905,0;731,8;;766,6;
NewOrleans;;;;;;;;;;;;;;;;;;;544,4;;575,3;;;;;;;;;;;984,0;;754,1;;
Nashville;;;;;;;;;;;;;;;;;;;;;616,4;537,1;;;;;;;592,5;;564,7;901,0;;;;
Step_40000;Vancouver;Seattle;Calgary;Portland;Helena;SaltLakeCity;SanFrancisco;LosAngeles;LasVegas;Phoenix;SantaFe;Denver;ElPaso;Winnipeg;Duluth;Omaha;KansasCity;OklahomaCity;Houston;Dallas;LittleRock;SaintLouis;Chicago;SaultStMarie;Toronto;Montreal;Boston;NewYork;Pittsburgh;Washington;Raleigh;Atlanta;Charleston;Miami;NewOrleans;Nashville
Vancouver;;280,8;325,4;;;;;;;;;;;;;;;;;;;;;;;;;;;;;;;;;
Seattle;287,5;;281,0;308,0;389,7;;;;;;;;;;;;;;;;;;;;;;;;;;;;;;;
Calgary;268,9;294,9;;;371,3;;;;;;;;;344,6;;;;;;;;;;;;;;;;;;;;;;
Portland;;313,9;;;;346,3;339,1;;;;;;;;;;;;;;;;;;;;;;;;;;;;;
Helena;;313,5;309,3;;;360,2;;;;;;440,9;;332,8;389,5;409,2;;;;;;;;;;;;;;;;;;;;
SaltLakeCity;;;;317,6;353,0;;325,8;;363,9;;;425,4;;;;;;;;;;;;;;;;;;;;;;;;
SanFrancisco;;;;311,3;;332,6;;977,6;;;;;;;;;;;;;;;;;;;;;;;;;;;;
LosAngeles;;;;;;;337,2;;366,6;419,0;;;890,1;;;;;;;;;;;;;;;;;;;;;;;
LasVegas;;;;;;359,6;;408,0;;;;;;;;;;;;;;;;;;;;;;;;;;;;
Phoenix;;;;;;;;415,6;;;398,7;451,6;546,5;;;;;;;;;;;;;;;;;;;;;;;
SantaFe;;;;;;;;;;446,1;;435,4;461,1;;;;;480,8;;;;;;;;;;;;;;;;;;
Denver;;;;;350,2;374,9;;;;434,8;423,2;;;;;396,8;455,6;522,0;;;;;;;;;;;;;;;;;;
ElPaso;;;;;;;;382,9;;427,7;414,2;;;;;;;487,0;904,2;540,8;;;;;;;;;;;;;;;;
Winnipeg;;;323,5;;340,3;;;;;;;;;;364,7;;;;;;;;;384,9;;;;;;;;;;;;
Duluth;;;;;361,1;;;;;;;;;328,5;;;;;;;;;463,2;;457,3;;;;;;;;;;;
Omaha;;;;;339,8;;;;;;;415,7;;;;;;;;;;;474,3;;;;;;;;;;;;;
KansasCity;;;;;;;;;;;;440,2;;;;;;;;;;529,9;;;;;;;;;;;;;;
OklahomaCity;;;;;;;;;;;435,8;460,7;479,6;;;;;;;521,4;621,9;;;;;;;;;;;;;;;
Houston;;;;;;;;;;;;;423,1;;;;;;;519,0;;;;;;;;;;;;;;;1006,0;
Dallas;;;;;;;;;;;;;484,9;;;;;521,0;614,5;;651,9;;;;;;;;;;;;;;;
LittleRock;;;;;;;;;;;;;;;;;;482,2;;556,9;;549,2;;;;;;;;;;;;;734,7;686,5
SaintLouis;;;;;;;;;;;;;;;;;458,7;;;;595,9;;469,8;;;;;;496,0;;;;;;;739,9
Chicago;;;;;;;;;;;;;;;357,0;394,1;;;;;;588,4;;;442,4;;;;540,3;;;;;;;
SaultStMarie;;;;;;;;;;;;;;336,9;;;;;;;;;;;436,5;381,3;;;;;;;;;;
Toronto;;;;;;;;;;;;;;;393,6;;;;;;;;466,5;381,3;;401,9;;;472,7;;;;;;;
Montreal;;;;;;;;;;;;;;;;;;;;;;;;354,5;441,7;;399,4;407,5;;;;;;;;
Boston;;;;;;;;;;;;;;;;;;;;;;;;;;373,8;;477,9;;;;;;;;
NewYork;;;;;;;;;;;;;;;;;;;;;;;;;;386,5;429,4;;514,3;485,9;;;;;;
Pittsburgh;;;;;;;;;;;;;;;;;;;;;;547,8;486,3;;398,2;;;468,1;;542,8;622,9;;;;;531,3
Washington;;;;;;;;;;;;;;;;;;;;;;;;;;;;464,5;525,5;;582,1;;;;;
Raleigh;;;;;;;;;;;;;;;;;;;;;;;;;;;;;549,2;511,7;;;686,1;;;686,0
Atlanta;;;;;;;;;;;;;;;;;;;;;;;;;;;;;;;;;1000,0;1000,0;1000,0;1000,0
Charleston;;;;;;;;;;;;;;;;;;;;;;;;;;;;;;;640,1;902,0;;735,5;;
Miami;;;;;;;;;;;;;;;;;;;;;;;;;;;;;;;;905,0;684,9;;814,7;
NewOrleans;;;;;;;;;;;;;;;;;;;600,2;;592,8;;;;;;;;;;;984,0;;807,4;;
Nashville;;;;;;;;;;;;;;;;;;;;;588,9;587,4;;;;;;;532,3;;636,4;901,0;;;;
Step_4000;Vancouver;Seattle;Calgary;Portland;Helena;SaltLakeCity;SanFrancisco;LosAngeles;LasVegas;Phoenix;SantaFe;Denver;ElPaso;Winnipeg;Duluth;Omaha;KansasCity;OklahomaCity;Houston;Dallas;LittleRock;SaintLouis;Chicago;SaultStMarie;Toronto;Montreal;Boston;NewYork;Pittsburgh;Washington;Raleigh;Atlanta;Charleston;Miami;NewOrleans;Nashville
Vancouver;;306,7;198,9;;;;;;;;;;;;;;;;;;;;;;;;;;;;;;;;;
Seattle;250,2;;265,2;299,0;347,9;;;;;;;;;;;;;;;;;;;;;;;;;;;;;;;
Calgary;214,3;252,4;;;305,9;;;;;;;;;319,0;;;;;;;;;;;;;;;;;;;;;;
Portland;;299,1;;;;353,7;337,3;;;;;;;;;;;;;;;;;;;;;;;;;;;;;
Helena;;288,4;245,7;;;350,0;;;;;;429,3;;308,6;364,8;374,2;;;;;;;;;;;;;;;;;;;;
SaltLakeCity;;;;316,6;355,9;;338,2;;343,7;;;411,3;;;;;;;;;;;;;;;;;;;;;;;;
SanFrancisco;;;;309,1;;344,3;;981,0;;;;;;;;;;;;;;;;;;;;;;;;;;;;
LosAngeles;;;;;;;320,6;;353,9;402,0;;;908,9;;;;;;;;;;;;;;;;;;;;;;;
LasVegas;;;;;;338,6;;419,3;;;;;;;;;;;;;;;;;;;;;;;;;;;;
Phoenix;;;;;;;;413,1;;;423,6;402,7;488,0;;;;;;;;;;;;;;;;;;;;;;;
SantaFe;;;;;;;;;;419,2;;447,6;477,3;;;;;492,1;;;;;;;;;;;;;;;;;;
Denver;;;;;334,9;355,1;;;;439,7;447,1;;;;;382,6;500,2;457,1;;;;;;;;;;;;;;;;;;
ElPaso;;;;;;;;350,7;;433,1;442,8;;;;;;;518,6;1012,0;496,8;;;;;;;;;;;;;;;;
Winnipeg;;;222,8;;344,1;;;;;;;;;;318,1;;;;;;;;;355,1;;;;;;;;;;;;
Duluth;;;;;287,0;;;;;;;;;246,2;;;;;;;;;453,9;;385,5;;;;;;;;;;;
Omaha;;;;;342,9;;;;;;;397,1;;;;;;;;;;;415,2;;;;;;;;;;;;;
KansasCity;;;;;;;;;;;;405,7;;;;;;;;;;573,9;;;;;;;;;;;;;;
OklahomaCity;;;;;;;;;;;442,0;383,3;468,1;;;;;;;502,2;644,5;;;;;;;;;;;;;;;
Houston;;;;;;;;;;;;;505,2;;;;;;;518,6;;;;;;;;;;;;;;;1006,0;
Dallas;;;;;;;;;;;;;464,1;;;;;519,6;639,6;;571,3;;;;;;;;;;;;;;;
LittleRock;;;;;;;;;;;;;;;;;;494,3;;516,9;;486,4;;;;;;;;;;;;;705,9;720,0
SaintLouis;;;;;;;;;;;;;;;;;467,1;;;;633,4;;455,0;;;;;;554,7;;;;;;;724,8
Chicago;;;;;;;;;;;;;;;361,4;387,0;;;;;;537,3;;;403,4;;;;487,7;;;;;;;
SaultStMarie;;;;;;;;;;;;;;300,6;;;;;;;;;;;438,4;319,2;;;;;;;;;;
Toronto;;;;;;;;;;;;;;;396,7;;;;;;;;446,4;320,8;;346,0;;;492,2;;;;;;;
Montreal;;;;;;;;;;;;;;;;;;;;;;;;254,4;411,1;;282,1;377,7;;;;;;;;
Boston;;;;;;;;;;;;;;;;;;;;;;;;;;227,5;;446,0;;;;;;;;
NewYork;;;;;;;;;;;;;;;;;;;;;;;;;;321,8;328,3;;564,7;464,2;;;;;;
Pittsburgh;;;;;;;;;;;;;;;;;;;;;;560,3;448,9;;437,2;;;436,1;;475,8;526,0;;;;;727,1
Washington;;;;;;;;;;;;;;;;;;;;;;;;;;;;352,0;498,5;;545,9;;;;;
Raleigh;;;;;;;;;;;;;;;;;;;;;;;;;;;;;551,4;400,0;;;724,7;;;686,2
Atlanta;;;;;;;;;;;;;;;;;;;;;;;;;;;;;;;;;1000,0;1000,0;1000,0;1000,0
Charleston;;;;;;;;;;;;;;;;;;;;;;;;;;;;;;;556,4;902,0;;764,8;;
Miami;;;;;;;;;;;;;;;;;;;;;;;;;;;;;;;;905,0;752,6;;705,6;
NewOrleans;;;;;;;;;;;;;;;;;;;603,0;;633,4;;;;;;;;;;;1004,0;;710,4;;
Nashville;;;;;;;;;;;;;;;;;;;;;611,3;559,3;;;;;;;573,3;;554,5;901,0;;;;
Step_8000;Vancouver;Seattle;Calgary;Portland;Helena;SaltLakeCity;SanFrancisco;LosAngeles;LasVegas;Phoenix;SantaFe;Denver;ElPaso;Winnipeg;Duluth;Omaha;KansasCity;OklahomaCity;Houston;Dallas;LittleRock;SaintLouis;Chicago;SaultStMarie;Toronto;Montreal;Boston;NewYork;Pittsburgh;Washington;Raleigh;Atlanta;Charleston;Miami;NewOrleans;Nashville
Vancouver;;279,5;272,5;;;;;;;;;;;;;;;;;;;;;;;;;;;;;;;;;
Seattle;253,9;;283,1;291,9;322,6;;;;;;;;;;;;;;;;;;;;;;;;;;;;;;;
Calgary;246,9;291,7;;;323,7;;;;;;;;;337,1;;;;;;;;;;;;;;;;;;;;;;
Portland;;286,6;;;;358,8;337,2;;;;;;;;;;;;;;;;;;;;;;;;;;;;;
Helena;;294,7;300,8;;;333,0;;;;;;408,0;;321,2;365,5;382,5;;;;;;;;;;;;;;;;;;;;
SaltLakeCity;;;;322,7;332,6;;333,1;;349,2;;;418,3;;;;;;;;;;;;;;;;;;;;;;;;
SanFrancisco;;;;316,2;;351,4;;899,8;;;;;;;;;;;;;;;;;;;;;;;;;;;;
LosAngeles;;;;;;;457,9;;357,1;415,6;;;890,9;;;;;;;;;;;;;;;;;;;;;;;
LasVegas;;;;;;340,9;;430,6;;;;;;;;;;;;;;;;;;;;;;;;;;;;
Phoenix;;;;;;;;394,1;;;432,1;422,3;506,7;;;;;;;;;;;;;;;;;;;;;;;
SantaFe;;;;;;;;;;405,3;;418,5;509,7;;;;;462,1;;;;;;;;;;;;;;;;;;
Denver;;;;;338,2;340,5;;;;410,9;426,2;;;;;384,9;463,7;479,1;;;;;;;;;;;;;;;;;;
ElPaso;;;;;;;;381,5;;418,4;415,0;;;;;;;474,4;1012,0;518,7;;;;;;;;;;;;;;;;
Winnipeg;;;292,7;;321,0;;;;;;;;;;386,3;;;;;;;;;374,9;;;;;;;;;;;;
Duluth;;;;;348,0;;;;;;;;;329,7;;;;;;;;;439,2;;421,0;;;;;;;;;;;
Omaha;;;;;332,7;;;;;;;362,9;;;;;;;;;;;443,9;;;;;;;;;;;;;
KansasCity;;;;;;;;;;;;394,1;;;;;;;;;;575,9;;;;;;;;;;;;;;
OklahomaCity;;;;;;;;;;;429,3;392,8;472,9;;;;;;;492,3;537,6;;;;;;;;;;;;;;;
Houston;;;;;;;;;;;;;525,8;;;;;;;536,5;;;;;;;;;;;;;;;947,2;
Dallas;;;;;;;;;;;;;509,7;;;;;497,6;627,0;;603,8;;;;;;;;;;;;;;;
LittleRock;;;;;;;;;;;;;;;;;;469,0;;497,8;;634,4;;;;;;;;;;;;;684,5;745,9
SaintLouis;;;;;;;;;;;;;;;;;476,7;;;;628,6;;445,1;;;;;;521,6;;;;;;;759,4
Chicago;;;;;;;;;;;;;;;351,0;407,8;;;;;;521,2;;;432,1;;;;534,4;;;;;;;
SaultStMarie;;;;;;;;;;;;;;321,9;;;;;;;;;;;424,1;361,3;;;;;;;;;;
Toronto;;;;;;;;;;;;;;;393,7;;;;;;;;425,4;360,6;;374,4;;;501,2;;;;;;;
Montreal;;;;;;;;;;;;;;;;;;;;;;;;274,9;393,1;;281,9;415,4;;;;;;;;
Boston;;;;;;;;;;;;;;;;;;;;;;;;;;351,2;;436,2;;;;;;;;
NewYork;;;;;;;;;;;;;;;;;;;;;;;;;;371,5;366,0;;525,9;439,7;;;;;;
Pittsburgh;;;;;;;;;;;;;;;;;;;;;;575,3;467,7;;400,7;;;415,9;;480,4;580,3;;;;;609,0
Washington;;;;;;;;;;;;;;;;;;;;;;;;;;;;405,6;542,5;;584,8;;;;;
Raleigh;;;;;;;;;;;;;;;;;;;;;;;;;;;;;528,7;496,9;;;673,5;;;606,7
Atlanta;;;;;;;;;;;;;;;;;;;;;;;;;;;;;;;;;1000,0;1000,0;1000,0;1000,0
Charleston;;;;;;;;;;;;;;;;;;;;;;;;;;;;;;;569,8;902,0;;792,3;;
Miami;;;;;;;;;;;;;;;;;;;;;;;;;;;;;;;;905,0;758,6;;726,4;
NewOrleans;;;;;;;;;;;;;;;;;;;638,9;;624,6;;;;;;;;;;;1004,0;;788,7;;
Nashville;;;;;;;;;;;;;;;;;;;;;614,1;567,7;;;;;;;517,7;;554,2;901,0;;;;
Step_12000;Vancouver;Seattle;Calgary;Portland;Helena;SaltLakeCity;SanFrancisco;LosAngeles;LasVegas;Phoenix;SantaFe;Denver;ElPaso;Winnipeg;Duluth;Omaha;KansasCity;OklahomaCity;Houston;Dallas;LittleRock;SaintLouis;Chicago;SaultStMarie;Toronto;Montreal;Boston;NewYork;Pittsburgh;Washington;Raleigh;Atlanta;Charleston;Miami;NewOrleans;Nashville
Vancouver;;277,2;274,6;;;;;;;;;;;;;;;;;;;;;;;;;;;;;;;;;
Seattle;250,2;;308,3;309,4;367,1;;;;;;;;;;;;;;;;;;;;;;;;;;;;;;;
Calgary;257,0;311,4;;;340,1;;;;;;;;;343,6;;;;;;;;;;;;;;;;;;;;;;
Portland;;310,4;;;;327,2;320,9;;;;;;;;;;;;;;;;;;;;;;;;;;;;;
Helena;;313,0;304,2;;;340,3;;;;;;385,1;;344,3;374,1;414,1;;;;;;;;;;;;;;;;;;;;
SaltLakeCity;;;;303,2;337,5;;319,2;;346,4;;;348,0;;;;;;;;;;;;;;;;;;;;;;;;
SanFrancisco;;;;300,2;;317,3;;890,3;;;;;;;;;;;;;;;;;;;;;;;;;;;;
LosAngeles;;;;;;;311,2;;357,4;405,3;;;1018,0;;;;;;;;;;;;;;;;;;;;;;;
LasVegas;;;;;;331,6;;386,5;;;;;;;;;;;;;;;;;;;;;;;;;;;;
Phoenix;;;;;;;;399,0;;;419,9;394,0;433,2;;;;;;;;;;;;;;;;;;;;;;;
SantaFe;;;;;;;;;;406,7;;391,6;444,3;;;;;530,1;;;;;;;;;;;;;;;;;;
Denver;;;;;345,7;325,6;;;;417,7;430,9;;;;;405,2;455,4;446,8;;;;;;;;;;;;;;;;;;
ElPaso;;;;;;;;374,7;;416,0;404,2;;;;;;;477,7;1012,0;517,7;;;;;;;;;;;;;;;;
Winnipeg;;;303,8;;342,8;;;;;;;;;;360,9;;;;;;;;;365,8;;;;;;;;;;;;
Duluth;;;;;344,8;;;;;;;;;333,0;;;;;;;;;453,6;;448,4;;;;;;;;;;;
Omaha;;;;;363,0;;;;;;;424,4;;;;;;;;;;;467,4;;;;;;;;;;;;;
KansasCity;;;;;;;;;;;;427,9;;;;;;;;;;530,0;;;;;;;;;;;;;;
OklahomaCity;;;;;;;;;;;437,9;407,3;473,9;;;;;;;501,1;632,2;;;;;;;;;;;;;;;
Houston;;;;;;;;;;;;;468,1;;;;;;;540,1;;;;;;;;;;;;;;;1006,0;
Dallas;;;;;;;;;;;;;477,6;;;;;461,8;568,0;;634,2;;;;;;;;;;;;;;;
LittleRock;;;;;;;;;;;;;;;;;;508,8;;543,2;;565,3;;;;;;;;;;;;;716,5;739,1
SaintLouis;;;;;;;;;;;;;;;;;480,6;;;;628,9;;470,4;;;;;;506,1;;;;;;;682,6
Chicago;;;;;;;;;;;;;;;399,4;395,8;;;;;;510,8;;;448,1;;;;512,9;;;;;;;
SaultStMarie;;;;;;;;;;;;;;352,2;;;;;;;;;;;426,5;377,1;;;;;;;;;;
Toronto;;;;;;;;;;;;;;;407,8;;;;;;;;455,1;381,7;;369,8;;;532,3;;;;;;;
Montreal;;;;;;;;;;;;;;;;;;;;;;;;314,3;377,3;;333,2;450,1;;;;;;;;
Boston;;;;;;;;;;;;;;;;;;;;;;;;;;375,0;;419,0;;;;;;;;
NewYork;;;;;;;;;;;;;;;;;;;;;;;;;;351,5;375,4;;476,8;533,8;;;;;;
Pittsburgh;;;;;;;;;;;;;;;;;;;;;;504,2;470,7;;394,3;;;451,3;;532,9;564,4;;;;;693,9
Washington;;;;;;;;;;;;;;;;;;;;;;;;;;;;461,7;505,6;;643,3;;;;;
Raleigh;;;;;;;;;;;;;;;;;;;;;;;;;;;;;525,8;528,7;;;736,5;;;624,9
Atlanta;;;;;;;;;;;;;;;;;;;;;;;;;;;;;;;;;1000,0;1000,0;1000,0;1000,0
Charleston;;;;;;;;;;;;;;;;;;;;;;;;;;;;;;;555,6;902,0;;809,9;;
Miami;;;;;;;;;;;;;;;;;;;;;;;;;;;;;;;;905,0;741,4;;803,3;
NewOrleans;;;;;;;;;;;;;;;;;;;516,6;;597,4;;;;;;;;;;;1004,0;;725,1;;
Nashville;;;;;;;;;;;;;;;;;;;;;594,7;587,0;;;;;;;473,8;;592,3;901,0;;;;
Step_16000;Vancouver;Seattle;Calgary;Portland;Helena;SaltLakeCity;SanFrancisco;LosAngeles;LasVegas;Phoenix;SantaFe;Denver;ElPaso;Winnipeg;Duluth;Omaha;KansasCity;OklahomaCity;Houston;Dallas;LittleRock;SaintLouis;Chicago;SaultStMarie;Toronto;Montreal;Boston;NewYork;Pittsburgh;Washington;Raleigh;Atlanta;Charleston;Miami;NewOrleans;Nashville
Vancouver;;284,8;296,7;;;;;;;;;;;;;;;;;;;;;;;;;;;;;;;;;
Seattle;264,4;;316,7;307,7;346,7;;;;;;;;;;;;;;;;;;;;;;;;;;;;;;;
Calgary;267,3;304,5;;;339,5;;;;;;;;;340,2;;;;;;;;;;;;;;;;;;;;;;
Portland;;292,4;;;;359,3;331,0;;;;;;;;;;;;;;;;;;;;;;;;;;;;;
Helena;;274,3;278,3;;;343,5;;;;;;398,3;;352,1;379,0;388,3;;;;;;;;;;;;;;;;;;;;
SaltLakeCity;;;;311,4;349,0;;339,8;;325,2;;;417,8;;;;;;;;;;;;;;;;;;;;;;;;
SanFrancisco;;;;316,9;;332,3;;996,2;;;;;;;;;;;;;;;;;;;;;;;;;;;;
LosAngeles;;;;;;;328,5;;311,4;395,3;;;993,4;;;;;;;;;;;;;;;;;;;;;;;
LasVegas;;;;;;362,7;;375,5;;;;;;;;;;;;;;;;;;;;;;;;;;;;
Phoenix;;;;;;;;384,2;;;427,2;412,7;480,5;;;;;;;;;;;;;;;;;;;;;;;
SantaFe;;;;;;;;;;391,4;;391,1;444,6;;;;;475,0;;;;;;;;;;;;;;;;;;
Denver;;;;;342,3;355,0;;;;405,2;416,8;;;;;389,7;444,2;479,6;;;;;;;;;;;;;;;;;;
ElPaso;;;;;;;;370,4;;383,7;467,9;;;;;;;479,0;987,6;514,3;;;;;;;;;;;;;;;;
Winnipeg;;;314,6;;322,7;;;;;;;;;;437,5;;;;;;;;;391,8;;;;;;;;;;;;
Duluth;;;;;334,2;;;;;;;;;362,4;;;;;;;;;477,4;;460,8;;;;;;;;;;;
Omaha;;;;;346,0;;;;;;;410,6;;;;;;;;;;;472,9;;;;;;;;;;;;;
KansasCity;;;;;;;;;;;;376,9;;;;;;;;;;524,8;;;;;;;;;;;;;;
OklahomaCity;;;;;;;;;;;427,2;395,5;456,2;;;;;;;512,1;603,4;;;;;;;;;;;;;;;
Houston;;;;;;;;;;;;;497,8;;;;;;;514,9;;;;;;;;;;;;;;;982,3;
Dallas;;;;;;;;;;;;;526,2;;;;;490,3;556,9;;540,1;;;;;;;;;;;;;;;
LittleRock;;;;;;;;;;;;;;;;;;479,2;;523,4;;516,5;;;;;;;;;;;;;772,4;634,0
SaintLouis;;;;;;;;;;;;;;;;;417,6;;;;583,9;;447,4;;;;;;546,4;;;;;;;717,3
Chicago;;;;;;;;;;;;;;;409,6;388,0;;;;;;508,6;;;427,9;;;;555,7;;;;;;;
SaultStMarie;;;;;;;;;;;;;;354,0;;;;;;;;;;;472,0;368,7;;;;;;;;;;
Toronto;;;;;;;;;;;;;;;425,0;;;;;;;;460,1;370,9;;373,4;;;525,5;;;;;;;
Montreal;;;;;;;;;;;;;;;;;;;;;;;;380,5;434,0;;391,1;419,0;;;;;;;;
Boston;;;;;;;;;;;;;;;;;;;;;;;;;;377,9;;418,1;;;;;;;;
NewYork;;;;;;;;;;;;;;;;;;;;;;;;;;375,4;374,0;;556,8;498,7;;;;;;
Pittsburgh;;;;;;;;;;;;;;;;;;;;;;583,8;463,8;;480,5;;;438,7;;528,8;582,6;;;;;699,5
Washington;;;;;;;;;;;;;;;;;;;;;;;;;;;;459,7;554,2;;586,7;;;;;
Raleigh;;;;;;;;;;;;;;;;;;;;;;;;;;;;;519,8;528,4;;;730,9;;;724,2
Atlanta;;;;;;;;;;;;;;;;;;;;;;;;;;;;;;;;;1000,0;1000,0;1000,0;1000,0
Charleston;;;;;;;;;;;;;;;;;;;;;;;;;;;;;;;597,4;902,0;;796,2;;
Miami;;;;;;;;;;;;;;;;;;;;;;;;;;;;;;;;905,0;775,4;;772,9;
NewOrleans;;;;;;;;;;;;;;;;;;;572,4;;647,8;;;;;;;;;;;984,0;;773,0;;
Nashville;;;;;;;;;;;;;;;;;;;;;587,3;632,9;;;;;;;525,2;;627,0;901,0;;;;
Step_20000;Vancouver;Seattle;Calgary;Portland;Helena;SaltLakeCity;SanFrancisco;LosAngeles;LasVegas;Phoenix;SantaFe;Denver;ElPaso;Winnipeg;Duluth;Omaha;KansasCity;OklahomaCity;Houston;Dallas;LittleRock;SaintLouis;Chicago;SaultStMarie;Toronto;Montreal;Boston;NewYork;Pittsburgh;Washington;Raleigh;Atlanta;Charleston;Miami;NewOrleans;Nashville
Vancouver;;288,9;303,0;;;;;;;;;;;;;;;;;;;;;;;;;;;;;;;;;
Seattle;267,9;;307,8;301,6;326,9;;;;;;;;;;;;;;;;;;;;;;;;;;;;;;;
Calgary;265,1;311,5;;;335,5;;;;;;;;;346,1;;;;;;;;;;;;;;;;;;;;;;
Portland;;288,2;;;;345,1;312,6;;;;;;;;;;;;;;;;;;;;;;;;;;;;;
Helena;;295,0;308,7;;;351,7;;;;;;405,7;;328,8;392,6;384,7;;;;;;;;;;;;;;;;;;;;
SaltLakeCity;;;;298,7;340,7;;338,9;;362,7;;;371,0;;;;;;;;;;;;;;;;;;;;;;;;
SanFrancisco;;;;294,6;;352,4;;896,0;;;;;;;;;;;;;;;;;;;;;;;;;;;;
LosAngeles;;;;;;;361,3;;347,9;436,4;;;1018,0;;;;;;;;;;;;;;;;;;;;;;;
LasVegas;;;;;;344,1;;413,3;;;;;;;;;;;;;;;;;;;;;;;;;;;;
Phoenix;;;;;;;;393,6;;;439,0;413,9;557,4;;;;;;;;;;;;;;;;;;;;;;;
SantaFe;;;;;;;;;;425,4;;427,0;477,7;;;;;512,6;;;;;;;;;;;;;;;;;;
Denver;;;;;351,9;341,6;;;;404,2;423,9;;;;;397,6;488,6;464,5;;;;;;;;;;;;;;;;;;
ElPaso;;;;;;;;412,1;;402,2;435,2;;;;;;;490,7;982,0;518,6;;;;;;;;;;;;;;;;
Winnipeg;;;309,2;;364,0;;;;;;;;;;384,8;;;;;;;;;368,8;;;;;;;;;;;;
Duluth;;;;;341,3;;;;;;;;;362,3;;;;;;;;;420,9;;450,1;;;;;;;;;;;
Omaha;;;;;351,2;;;;;;;417,8;;;;;;;;;;;495,5;;;;;;;;;;;;;
KansasCity;;;;;;;;;;;;386,8;;;;;;;;;;572,0;;;;;;;;;;;;;;
OklahomaCity;;;;;;;;;;;420,4;401,0;483,7;;;;;;;492,1;618,2;;;;;;;;;;;;;;;
Houston;;;;;;;;;;;;;487,9;;;;;;;537,5;;;;;;;;;;;;;;;951,3;
Dallas;;;;;;;;;;;;;467,6;;;;;503,5;632,8;;557,5;;;;;;;;;;;;;;;
LittleRock;;;;;;;;;;;;;;;;;;509,2;;497,5;;572,5;;;;;;;;;;;;;659,7;699,4
SaintLouis;;;;;;;;;;;;;;;;;449,5;;;;598,5;;422,7;;;;;;510,9;;;;;;;658,9
Chicago;;;;;;;;;;;;;;;386,5;398,6;;;;;;532,1;;;427,9;;;;565,3;;;;;;;
SaultStMarie;;;;;;;;;;;;;;339,2;;;;;;;;;;;430,0;387,1;;;;;;;;;;
Toronto;;;;;;;;;;;;;;;419,3;;;;;;;;482,8;369,6;;397,4;;;472,7;;;;;;;
Montreal;;;;;;;;;;;;;;;;;;;;;;;;376,4;439,7;;397,4;457,6;;;;;;;;
Boston;;;;;;;;;;;;;;;;;;;;;;;;;;399,3;;477,6;;;;;;;;
NewYork;;;;;;;;;;;;;;;;;;;;;;;;;;386,4;401,5;;569,8;536,8;;;;;;
Pittsburgh;;;;;;;;;;;;;;;;;;;;;;511,1;478,6;;423,8;;;494,8;;534,5;578,9;;;;;684,1
Washington;;;;;;;;;;;;;;;;;;;;;;;;;;;;479,9;518,3;;606,5;;;;;
Raleigh;;;;;;;;;;;;;;;;;;;;;;;;;;;;;591,8;510,0;;;690,4;;;672,1
Atlanta;;;;;;;;;;;;;;;;;;;;;;;;;;;;;;;;;1000,0;1000,0;1000,0;1000,0
Charleston;;;;;;;;;;;;;;;;;;;;;;;;;;;;;;;624,8;902,0;;759,1;;
Miami;;;;;;;;;;;;;;;;;;;;;;;;;;;;;;;;905,0;776,3;;679,6;
NewOrleans;;;;;;;;;;;;;;;;;;;565,1;;611,5;;;;;;;;;;;1004,0;;811,5;;
Nashville;;;;;;;;;;;;;;;;;;;;;618,0;508,4;;;;;;;544,6;;635,2;901,0;;;;
Step_24000;Vancouver;Seattle;Calgary;Portland;Helena;SaltLakeCity;SanFrancisco;LosAngeles;LasVegas;Phoenix;SantaFe;Denver;ElPaso;Winnipeg;Duluth;Omaha;KansasCity;OklahomaCity;Houston;Dallas;LittleRock;SaintLouis;Chicago;SaultStMarie;Toronto;Montreal;Boston;NewYork;Pittsburgh;Washington;Raleigh;Atlanta;Charleston;Miami;NewOrleans;Nashville
Vancouver;;279,0;303,9;;;;;;;;;;;;;;;;;;;;;;;;;;;;;;;;;
Seattle;268,6;;307,2;275,7;328,6;;;;;;;;;;;;;;;;;;;;;;;;;;;;;;;
Calgary;275,3;288,1;;;325,3;;;;;;;;;332,9;;;;;;;;;;;;;;;;;;;;;;
Portland;;273,4;;;;339,7;322,8;;;;;;;;;;;;;;;;;;;;;;;;;;;;;
Helena;;307,8;297,3;;;350,1;;;;;;386,6;;328,1;356,6;381,3;;;;;;;;;;;;;;;;;;;;
SaltLakeCity;;;;322,2;343,7;;323,6;;352,2;;;1013,0;;;;;;;;;;;;;;;;;;;;;;;;
SanFrancisco;;;;289,9;;873,6;;348,7;;;;;;;;;;;;;;;;;;;;;;;;;;;;
LosAngeles;;;;;;;345,1;;347,5;427,1;;;496,5;;;;;;;;;;;;;;;;;;;;;;;
LasVegas;;;;;;351,1;;376,9;;;;;;;;;;;;;;;;;;;;;;;;;;;;
Phoenix;;;;;;;;408,6;;;418,7;390,1;497,9;;;;;;;;;;;;;;;;;;;;;;;
SantaFe;;;;;;;;;;417,9;;400,7;468,5;;;;;456,6;;;;;;;;;;;;;;;;;;
Denver;;;;;348,3;353,6;;;;427,8;415,5;;;;;420,1;448,7;1010,0;;;;;;;;;;;;;;;;;;
ElPaso;;;;;;;;410,1;;421,8;414,7;;;;;;;520,8;571,0;495,8;;;;;;;;;;;;;;;;
Winnipeg;;;298,8;;326,8;;;;;;;;;;377,6;;;;;;;;;376,0;;;;;;;;;;;;
Duluth;;;;;355,7;;;;;;;;;313,4;;;;;;;;;465,3;;438,4;;;;;;;;;;;
Omaha;;;;;347,1;;;;;;;393,0;;;;;;;;;;;468,8;;;;;;;;;;;;;
KansasCity;;;;;;;;;;;;414,2;;;;;;;;;;523,7;;;;;;;;;;;;;;
OklahomaCity;;;;;;;;;;;398,2;406,5;483,5;;;;;;;498,4;981,7;;;;;;;;;;;;;;;
Houston;;;;;;;;;;;;;477,0;;;;;;;519,7;;;;;;;;;;;;;;;786,2;
Dallas;;;;;;;;;;;;;522,3;;;;;499,1;583,9;;540,0;;;;;;;;;;;;;;;
LittleRock;;;;;;;;;;;;;;;;;;477,7;;509,0;;574,0;;;;;;;;;;;;;666,1;980,4
SaintLouis;;;;;;;;;;;;;;;;;412,7;;;;572,2;;472,7;;;;;;579,9;;;;;;;674,4
Chicago;;;;;;;;;;;;;;;363,9;427,8;;;;;;562,3;;;423,7;;;;579,7;;;;;;;
SaultStMarie;;;;;;;;;;;;;;343,5;;;;;;;;;;;434,4;380,2;;;;;;;;;;
Toronto;;;;;;;;;;;;;;;406,0;;;;;;;;478,5;382,6;;380,5;;;579,1;;;;;;;
Montreal;;;;;;;;;;;;;;;;;;;;;;;;358,9;403,2;;400,7;418,8;;;;;;;;
Boston;;;;;;;;;;;;;;;;;;;;;;;;;;409,3;;455,7;;;;;;;;
NewYork;;;;;;;;;;;;;;;;;;;;;;;;;;385,8;402,2;;568,9;538,5;;;;;;
Pittsburgh;;;;;;;;;;;;;;;;;;;;;;536,0;520,1;;436,8;;;467,6;;509,9;635,5;;;;;699,5
Washington;;;;;;;;;;;;;;;;;;;;;;;;;;;;468,3;466,3;;654,8;;;;;
Raleigh;;;;;;;;;;;;;;;;;;;;;;;;;;;;;573,3;503,5;;;757,0;;;668,3
Atlanta;;;;;;;;;;;;;;;;;;;;;;;;;;;;;;;;;1000,0;1000,0;1000,0;1000,0
Charleston;;;;;;;;;;;;;;;;;;;;;;;;;;;;;;;636,5;902,0;;779,0;;
Miami;;;;;;;;;;;;;;;;;;;;;;;;;;;;;;;;905,0;747,7;;737,2;
NewOrleans;;;;;;;;;;;;;;;;;;;638,2;;593,0;;;;;;;;;;;904,0;;780,0;;
Nashville;;;;;;;;;;;;;;;;;;;;;627,1;577,7;;;;;;;558,7;;651,7;981,0;;;;
Step_28000;Vancouver;Seattle;Calgary;Portland;Helena;SaltLakeCity;SanFrancisco;LosAngeles;LasVegas;Phoenix;SantaFe;Denver;ElPaso;Winnipeg;Duluth;Omaha;KansasCity;OklahomaCity;Houston;Dallas;LittleRock;SaintLouis;Chicago;SaultStMarie;Toronto;Montreal;Boston;NewYork;Pittsburgh;Washington;Raleigh;Atlanta;Charleston;Miami;NewOrleans;Nashville
Vancouver;;291,5;296,2;;;;;;;;;;;;;;;;;;;;;;;;;;;;;;;;;
Seattle;262,9;;298,4;303,8;351,5;;;;;;;;;;;;;;;;;;;;;;;;;;;;;;;
Calgary;267,5;303,3;;;348,5;;;;;;;;;326,6;;;;;;;;;;;;;;;;;;;;;;
Portland;;298,2;;;;378,2;333,4;;;;;;;;;;;;;;;;;;;;;;;;;;;;;
Helena;;290,3;308,2;;;336,3;;;;;;407,6;;333,7;359,9;350,6;;;;;;;;;;;;;;;;;;;;
SaltLakeCity;;;;301,1;340,9;;322,7;;339,8;;;888,4;;;;;;;;;;;;;;;;;;;;;;;;
SanFrancisco;;;;295,1;;872,7;;349,7;;;;;;;;;;;;;;;;;;;;;;;;;;;;
LosAngeles;;;;;;;421,2;;348,4;402,2;;;480,4;;;;;;;;;;;;;;;;;;;;;;;
LasVegas;;;;;;323,1;;376,5;;;;;;;;;;;;;;;;;;;;;;;;;;;;
Phoenix;;;;;;;;401,6;;;415,5;411,3;481,8;;;;;;;;;;;;;;;;;;;;;;;
SantaFe;;;;;;;;;;390,1;;417,6;490,1;;;;;465,3;;;;;;;;;;;;;;;;;;
Denver;;;;;348,2;334,9;;;;405,0;396,5;;;;;434,5;1009,0;443,8;;;;;;;;;;;;;;;;;;
ElPaso;;;;;;;;425,0;;412,5;402,3;;;;;;;493,8;597,6;501,4;;;;;;;;;;;;;;;;
Winnipeg;;;295,7;;339,9;;;;;;;;;;383,1;;;;;;;;;353,0;;;;;;;;;;;;
Duluth;;;;;339,8;;;;;;;;;325,5;;;;;;;;;440,0;;418,4;;;;;;;;;;;
Omaha;;;;;356,5;;;;;;;401,7;;;;;;;;;;;472,7;;;;;;;;;;;;;
KansasCity;;;;;;;;;;;;390,4;;;;;;;;;;1005,0;;;;;;;;;;;;;;
OklahomaCity;;;;;;;;;;;426,7;415,8;488,2;;;;;;;497,7;598,4;;;;;;;;;;;;;;;
Houston;;;;;;;;;;;;;483,4;;;;;;;512,0;;;;;;;;;;;;;;;775,5;
Dallas;;;;;;;;;;;;;445,9;;;;;521,4;572,5;;581,8;;;;;;;;;;;;;;;
LittleRock;;;;;;;;;;;;;;;;;;529,5;;540,2;;538,2;;;;;;;;;;;;;791,9;680,4
SaintLouis;;;;;;;;;;;;;;;;;458,7;;;;603,7;;473,6;;;;;;511,3;;;;;;;1003,0
Chicago;;;;;;;;;;;;;;;395,5;419,5;;;;;;536,8;;;458,5;;;;495,9;;;;;;;
SaultStMarie;;;;;;;;;;;;;;331,6;;;;;;;;;;;431,3;375,1;;;;;;;;;;
Toronto;;;;;;;;;;;;;;;391,6;;;;;;;;469,7;380,9;;396,6;;;531,9;;;;;;;
Montreal;;;;;;;;;;;;;;;;;;;;;;;;364,0;422,4;;410,7;451,3;;;;;;;;
Boston;;;;;;;;;;;;;;;;;;;;;;;;;;383,1;;466,8;;;;;;;;
NewYork;;;;;;;;;;;;;;;;;;;;;;;;;;399,2;389,3;;541,2;530,6;;;;;;
Pittsburgh;;;;;;;;;;;;;;;;;;;;;;588,3;453,8;;399,0;;;435,3;;520,1;622,5;;;;;707,4
Washington;;;;;;;;;;;;;;;;;;;;;;;;;;;;461,7;553,8;;543,4;;;;;
Raleigh;;;;;;;;;;;;;;;;;;;;;;;;;;;;;516,7;517,2;;;720,3;;;698,6
Atlanta;;;;;;;;;;;;;;;;;;;;;;;;;;;;;;;;;1000,0;1000,0;1000,0;1000,0
Charleston;;;;;;;;;;;;;;;;;;;;;;;;;;;;;;;617,1;902,0;;781,5;;
Miami;;;;;;;;;;;;;;;;;;;;;;;;;;;;;;;;905,0;725,2;;765,0;
NewOrleans;;;;;;;;;;;;;;;;;;;593,7;;644,6;;;;;;;;;;;904,0;;806,1;;
Nashville;;;;;;;;;;;;;;;;;;;;;611,8;494,2;;;;;;;558,7;;648,5;981,0;;;;
Step_32000;Vancouver;Seattle;Calgary;Portland;Helena;SaltLakeCity;SanFrancisco;LosAngeles;LasVegas;Phoenix;SantaFe;Denver;ElPaso;Winnipeg;Duluth;Omaha;KansasCity;OklahomaCity;Houston;Dallas;LittleRock;SaintLouis;Chicago;SaultStMarie;Toronto;Montreal;Boston;NewYork;Pittsburgh;Washington;Raleigh;Atlanta;Charleston;Miami;NewOrleans;Nashville
Vancouver;;277,3;302,5;;;;;;;;;;;;;;;;;;;;;;;;;;;;;;;;;
Seattle;266,3;;295,0;310,7;352,5;;;;;;;;;;;;;;;;;;;;;;;;;;;;;;;
Calgary;272,0;282,8;;;313,3;;;;;;;;;344,7;;;;;;;;;;;;;;;;;;;;;;
Portland;;288,8;;;;346,5;360,8;;;;;;;;;;;;;;;;;;;;;;;;;;;;;
Helena;;304,0;295,8;;;342,7;;;;;;435,9;;333,7;375,5;399,9;;;;;;;;;;;;;;;;;;;;
SaltLakeCity;;;;310,9;352,4;;458,1;;352,3;;;431,8;;;;;;;;;;;;;;;;;;;;;;;;
SanFrancisco;;;;317,6;;375,6;;981,6;;;;;;;;;;;;;;;;;;;;;;;;;;;;
LosAngeles;;;;;;;341,0;;351,5;410,4;;;912,2;;;;;;;;;;;;;;;;;;;;;;;
LasVegas;;;;;;362,4;;400,2;;;;;;;;;;;;;;;;;;;;;;;;;;;;
Phoenix;;;;;;;;416,2;;;437,0;415,8;455,4;;;;;;;;;;;;;;;;;;;;;;;
SantaFe;;;;;;;;;;408,3;;431,7;459,8;;;;;512,8;;;;;;;;;;;;;;;;;;
Denver;;;;;358,5;335,6;;;;412,7;400,9;;;;;408,1;461,1;500,7;;;;;;;;;;;;;;;;;;
ElPaso;;;;;;;;410,6;;405,9;410,5;;;;;;;491,4;1012,0;536,6;;;;;;;;;;;;;;;;
Winnipeg;;;315,5;;345,2;;;;;;;;;;376,1;;;;;;;;;396,3;;;;;;;;;;;;
Duluth;;;;;351,4;;;;;;;;;346,5;;;;;;;;;464,6;;431,9;;;;;;;;;;;
Omaha;;;;;342,4;;;;;;;401,3;;;;;;;;;;;483,2;;;;;;;;;;;;;
KansasCity;;;;;;;;;;;;415,5;;;;;;;;;;563,6;;;;;;;;;;;;;;
OklahomaCity;;;;;;;;;;;446,1;407,4;466,6;;;;;;;541,7;615,0;;;;;;;;;;;;;;;
Houston;;;;;;;;;;;;;424,4;;;;;;;511,3;;;;;;;;;;;;;;;1006,0;
Dallas;;;;;;;;;;;;;488,1;;;;;500,6;531,4;;598,4;;;;;;;;;;;;;;;
LittleRock;;;;;;;;;;;;;;;;;;538,3;;519,3;;540,5;;;;;;;;;;;;;693,1;768,2
SaintLouis;;;;;;;;;;;;;;;;;464,8;;;;603,7;;495,9;;;;;;547,7;;;;;;;721,1
Chicago;;;;;;;;;;;;;;;396,1;409,2;;;;;;602,0;;;461,9;;;;522,5;;;;;;;
SaultStMarie;;;;;;;;;;;;;;323,5;;;;;;;;;;;447,5;397,9;;;;;;;;;;
Toronto;;;;;;;;;;;;;;;395,4;;;;;;;;456,3;377,7;;377,9;;;546,2;;;;;;;
Montreal;;;;;;;;;;;;;;;;;;;;;;;;392,4;388,2;;397,9;417,4;;;;;;;;
Boston;;;;;;;;;;;;;;;;;;;;;;;;;;393,2;;460,2;;;;;;;;
NewYork;;;;;;;;;;;;;;;;;;;;;;;;;;395,5;386,8;;487,9;546,8;;;;;;
Pittsburgh;;;;;;;;;;;;;;;;;;;;;;580,0;490,3;;473,4;;;465,9;;521,0;615,0;;;;;687,7
Washington;;;;;;;;;;;;;;;;;;;;;;;;;;;;448,2;549,6;;602,6;;;;;
Raleigh;;;;;;;;;;;;;;;;;;;;;;;;;;;;;549,2;500,1;;;669,3;;;754,7
Atlanta;;;;;;;;;;;;;;;;;;;;;;;;;;;;;;;;;1000,0;1000,0;1000,0;1000,0
Charleston;;;;;;;;;;;;;;;;;;;;;;;;;;;;;;;550,3;902,0;;750,2;;
Miami;;;;;;;;;;;;;;;;;;;;;;;;;;;;;;;;905,0;756,4;;767,7;
NewOrleans;;;;;;;;;;;;;;;;;;;590,7;;585,6;;;;;;;;;;;1004,0;;812,5;;
Nashville;;;;;;;;;;;;;;;;;;;;;611,6;581,5;;;;;;;502,0;;601,1;901,0;;;;
Step_36000;Vancouver;Seattle;Calgary;Portland;Helena;SaltLakeCity;SanFrancisco;LosAngeles;LasVegas;Phoenix;SantaFe;Denver;ElPaso;Winnipeg;Duluth;Omaha;KansasCity;OklahomaCity;Houston;Dallas;LittleRock;SaintLouis;Chicago;SaultStMarie;Toronto;Montreal;Boston;NewYork;Pittsburgh;Washington;Raleigh;Atlanta;Charleston;Miami;NewOrleans;Nashville
Vancouver;;282,2;276,9;;;;;;;;;;;;;;;;;;;;;;;;;;;;;;;;;
Seattle;253,7;;305,8;302,7;339,3;;;;;;;;;;;;;;;;;;;;;;;;;;;;;;;
Calgary;259,4;309,9;;;338,1;;;;;;;;;344,2;;;;;;;;;;;;;;;;;;;;;;
Portland;;297,9;;;;370,6;316,8;;;;;;;;;;;;;;;;;;;;;;;;;;;;;
Helena;;313,4;303,9;;;354,0;;;;;;365,8;;355,5;384,5;375,9;;;;;;;;;;;;;;;;;;;;
SaltLakeCity;;;;313,6;338,7;;335,3;;335,7;;;425,1;;;;;;;;;;;;;;;;;;;;;;;;
SanFrancisco;;;;306,1;;347,5;;981,5;;;;;;;;;;;;;;;;;;;;;;;;;;;;
LosAngeles;;;;;;;344,7;;310,2;432,5;;;911,6;;;;;;;;;;;;;;;;;;;;;;;
LasVegas;;;;;;336,5;;337,7;;;;;;;;;;;;;;;;;;;;;;;;;;;;
Phoenix;;;;;;;;433,6;;;425,6;390,9;491,8;;;;;;;;;;;;;;;;;;;;;;;
SantaFe;;;;;;;;;;428,9;;356,6;486,0;;;;;507,0;;;;;;;;;;;;;;;;;;
Denver;;;;;327,8;322,0;;;;450,1;438,9;;;;;421,4;412,5;547,0;;;;;;;;;;;;;;;;;;
ElPaso;;;;;;;;406,8;;423,6;417,2;;;;;;;533,4;1012,0;536,8;;;;;;;;;;;;;;;;
Winnipeg;;;278,4;;363,8;;;;;;;;;;418,9;;;;;;;;;377,2;;;;;;;;;;;;
Duluth;;;;;335,9;;;;;;;;;349,0;;;;;;;;;506,0;;458,1;;;;;;;;;;;
Omaha;;;;;329,7;;;;;;;371,9;;;;;;;;;;;490,5;;;;;;;;;;;;;
KansasCity;;;;;;;;;;;;385,9;;;;;;;;;;518,0;;;;;;;;;;;;;;
OklahomaCity;;;;;;;;;;;436,9;395,6;455,6;;;;;;;546,9;679,7;;;;;;;;;;;;;;;
Houston;;;;;;;;;;;;;513,5;;;;;;;547,5;;;;;;;;;;;;;;;1006,0;
Dallas;;;;;;;;;;;;;486,2;;;;;547,2;602,2;;648,2;;;;;;;;;;;;;;;
LittleRock;;;;;;;;;;;;;;;;;;525,6;;508,7;;590,7;;;;;;;;;;;;;791,3;689,6
SaintLouis;;;;;;;;;;;;;;;;;427,8;;;;602,4;;485,4;;;;;;560,5;;;;;;;739,2
Chicago;;;;;;;;;;;;;;;409,1;416,3;;;;;;570,8;;;420,5;;;;483,0;;;;;;;
SaultStMarie;;;;;;;;;;;;;;349,1;;;;;;;;;;;437,6;389,6;;;;;;;;;;
Toronto;;;;;;;;;;;;;;;390,6;;;;;;;;430,7;377,3;;402,7;;;529,0;;;;;;;
Montreal;;;;;;;;;;;;;;;;;;;;;;;;384,1;410,3;;403,3;474,5;;;;;;;;
Boston;;;;;;;;;;;;;;;;;;;;;;;;;;378,4;;440,2;;;;;;;;
NewYork;;;;;;;;;;;;;;;;;;;;;;;;;;393,1;391,1;;498,7;540,6;;;;;;
Pittsburgh;;;;;;;;;;;;;;;;;;;;;;546,8;452,7;;421,5;;;425,3;;488,0;576,0;;;;;669,6
Washington;;;;;;;;;;;;;;;;;;;;;;;;;;;;444,0;502,8;;637,6;;;;;
Raleigh;;;;;;;;;;;;;;;;;;;;;;;;;;;;;543,9;505,7;;;743,3;;;640,6
Atlanta;;;;;;;;;;;;;;;;;;;;;;;;;;;;;;;;;1000,0;1000,0;1000,0;1000,0
Charleston;;;;;;;;;;;;;;;;;;;;;;;;;;;;;;;587,5;902,0;;763,0;;
Miami;;;;;;;;;;;;;;;;;;;;;;;;;;;;;;;;905,0;777,1;;809,1;
NewOrleans;;;;;;;;;;;;;;;;;;;644,4;;662,2;;;;;;;;;;;984,0;;767,8;;
Nashville;;;;;;;;;;;;;;;;;;;;;622,5;486,9;;;;;;;576,6;;667,8;901,0;;;;
Step_40000;Vancouver;Seattle;Calgary;Portland;Helena;SaltLakeCity;SanFrancisco;LosAngeles;LasVegas;Phoenix;SantaFe;Denver;ElPaso;Winnipeg;Duluth;Omaha;KansasCity;OklahomaCity;Houston;Dallas;LittleRock;SaintLouis;Chicago;SaultStMarie;Toronto;Montreal;Boston;NewYork;Pittsburgh;Washington;Raleigh;Atlanta;Charleston;Miami;NewOrleans;Nashville
Vancouver;;284,1;266,5;;;;;;;;;;;;;;;;;;;;;;;;;;;;;;;;;
Seattle;249,2;;278,2;315,0;360,7;;;;;;;;;;;;;;;;;;;;;;;;;;;;;;;
Calgary;249,2;279,1;;;324,5;;;;;;;;;363,9;;;;;;;;;;;;;;;;;;;;;;
Portland;;289,7;;;;349,4;341,5;;;;;;;;;;;;;;;;;;;;;;;;;;;;;
Helena;;303,1;314,3;;;338,8;;;;;;397,6;;351,1;399,6;400,7;;;;;;;;;;;;;;;;;;;;
SaltLakeCity;;;;314,3;343,3;;358,8;;339,4;;;410,9;;;;;;;;;;;;;;;;;;;;;;;;
SanFrancisco;;;;317,3;;340,3;;879,7;;;;;;;;;;;;;;;;;;;;;;;;;;;;
LosAngeles;;;;;;;346,9;;346,2;392,3;;;907,0;;;;;;;;;;;;;;;;;;;;;;;
LasVegas;;;;;;346,7;;372,8;;;;;;;;;;;;;;;;;;;;;;;;;;;;
Phoenix;;;;;;;;403,1;;;418,0;407,5;458,1;;;;;;;;;;;;;;;;;;;;;;;
SantaFe;;;;;;;;;;397,3;;396,4;454,3;;;;;477,1;;;;;;;;;;;;;;;;;;
Denver;;;;;348,5;345,4;;;;405,5;413,5;;;;;401,4;457,4;494,8;;;;;;;;;;;;;;;;;;
ElPaso;;;;;;;;381,2;;394,7;413,1;;;;;;;458,5;1012,0;507,9;;;;;;;;;;;;;;;;
Winnipeg;;;309,3;;354,5;;;;;;;;;;399,8;;;;;;;;;381,5;;;;;;;;;;;;
Duluth;;;;;343,4;;;;;;;;;334,1;;;;;;;;;462,6;;411,9;;;;;;;;;;;
Omaha;;;;;349,4;;;;;;;412,2;;;;;;;;;;;444,5;;;;;;;;;;;;;
KansasCity;;;;;;;;;;;;417,4;;;;;;;;;;519,5;;;;;;;;;;;;;;
OklahomaCity;;;;;;;;;;;426,6;414,1;505,6;;;;;;;510,0;576,5;;;;;;;;;;;;;;;
Houston;;;;;;;;;;;;;462,2;;;;;;;499,8;;;;;;;;;;;;;;;1006,0;
Dallas;;;;;;;;;;;;;524,1;;;;;488,8;540,9;;595,5;;;;;;;;;;;;;;;
LittleRock;;;;;;;;;;;;;;;;;;487,5;;490,0;;560,0;;;;;;;;;;;;;761,9;585,8
SaintLouis;;;;;;;;;;;;;;;;;452,9;;;;599,1;;444,5;;;;;;592,3;;;;;;;741,4
Chicago;;;;;;;;;;;;;;;409,5;412,3;;;;;;549,7;;;481,2;;;;500,9;;;;;;;
SaultStMarie;;;;;;;;;;;;;;342,0;;;;;;;;;;;416,1;377,6;;;;;;;;;;
Toronto;;;;;;;;;;;;;;;377,7;;;;;;;;485,1;384,1;;388,9;;;575,6;;;;;;;
Montreal;;;;;;;;;;;;;;;;;;;;;;;;392,7;427,7;;392,0;459,8;;;;;;;;
Boston;;;;;;;;;;;;;;;;;;;;;;;;;;392,2;;428,3;;;;;;;;
NewYork;;;;;;;;;;;;;;;;;;;;;;;;;;408,7;369,4;;546,5;525,4;;;;;;
Pittsburgh;;;;;;;;;;;;;;;;;;;;;;533,6;435,6;;473,2;;;453,7;;531,2;584,1;;;;;711,1
Washington;;;;;;;;;;;;;;;;;;;;;;;;;;;;437,8;527,5;;667,5;;;;;
Raleigh;;;;;;;;;;;;;;;;;;;;;;;;;;;;;560,1;558,0;;;733,9;;;705,2
Atlanta;;;;;;;;;;;;;;;;;;;;;;;;;;;;;;;;;1000,0;1000,0;1000,0;1000,0
Charleston;;;;;;;;;;;;;;;;;;;;;;;;;;;;;;;596,3;902,0;;768,4;;
Miami;;;;;;;;;;;;;;;;;;;;;;;;;;;;;;;;905,0;771,0;;807,0;
NewOrleans;;;;;;;;;;;;;;;;;;;595,8;;593,7;;;;;;;;;;;984,0;;773,4;;
Nashville;;;;;;;;;;;;;;;;;;;;;561,9;500,4;;;;;;;511,4;;632,3;901,0;;;;
Step_4000;Vancouver;Seattle;Calgary;Portland;Helena;SaltLakeCity;SanFrancisco;LosAngeles;LasVegas;Phoenix;SantaFe;Denver;ElPaso;Winnipeg;Duluth;Omaha;KansasCity;OklahomaCity;Houston;Dallas;LittleRock;SaintLouis;Chicago;SaultStMarie;Toronto;Montreal;Boston;NewYork;Pittsburgh;Washington;Raleigh;Atlanta;Charleston;Miami;NewOrleans;Nashville
Vancouver;;286,8;246,6;;;;;;;;;;;;;;;;;;;;;;;;;;;;;;;;;
Seattle;250,6;;262,2;303,9;328,2;;;;;;;;;;;;;;;;;;;;;;;;;;;;;;;
Calgary;188,5;252,8;;;352,8;;;;;;;;;222,2;;;;;;;;;;;;;;;;;;;;;;
Portland;;266,8;;;;315,7;329,5;;;;;;;;;;;;;;;;;;;;;;;;;;;;;
Helena;;288,0;290,4;;;352,4;;;;;;391,3;;321,3;361,3;366,7;;;;;;;;;;;;;;;;;;;;
SaltLakeCity;;;;297,8;332,5;;352,4;;344,4;;;411,6;;;;;;;;;;;;;;;;;;;;;;;;
SanFrancisco;;;;285,5;;352,6;;876,6;;;;;;;;;;;;;;;;;;;;;;;;;;;;
LosAngeles;;;;;;;329,1;;338,0;406,1;;;1018,0;;;;;;;;;;;;;;;;;;;;;;;
LasVegas;;;;;;351,6;;380,5;;;;;;;;;;;;;;;;;;;;;;;;;;;;
Phoenix;;;;;;;;375,3;;;421,7;433,4;449,9;;;;;;;;;;;;;;;;;;;;;;;
SantaFe;;;;;;;;;;405,7;;389,7;510,9;;;;;459,0;;;;;;;;;;;;;;;;;;
Denver;;;;;347,6;341,6;;;;416,9;442,1;;;;;364,1;455,6;477,9;;;;;;;;;;;;;;;;;;
ElPaso;;;;;;;;405,7;;385,0;431,6;;;;;;;495,7;1012,0;508,2;;;;;;;;;;;;;;;;
Winnipeg;;;183,4;;298,9;;;;;;;;;;376,4;;;;;;;;;305,2;;;;;;;;;;;;
Duluth;;;;;334,5;;;;;;;;;272,8;;;;;;;;;382,0;;425,1;;;;;;;;;;;
Omaha;;;;;330,6;;;;;;;396,3;;;;;;;;;;;422,7;;;;;;;;;;;;;
KansasCity;;;;;;;;;;;;418,1;;;;;;;;;;533,4;;;;;;;;;;;;;;
OklahomaCity;;;;;;;;;;;435,7;410,7;516,9;;;;;;;494,6;590,1;;;;;;;;;;;;;;;
Houston;;;;;;;;;;;;;423,2;;;;;;;521,1;;;;;;;;;;;;;;;1006,0;
Dallas;;;;;;;;;;;;;479,5;;;;;490,0;563,0;;592,2;;;;;;;;;;;;;;;
LittleRock;;;;;;;;;;;;;;;;;;499,7;;522,5;;483,5;;;;;;;;;;;;;690,7;751,0
SaintLouis;;;;;;;;;;;;;;;;;456,9;;;;608,9;;436,9;;;;;;565,1;;;;;;;668,5
Chicago;;;;;;;;;;;;;;;365,9;400,4;;;;;;536,8;;;366,9;;;;513,6;;;;;;;
SaultStMarie;;;;;;;;;;;;;;112,5;;;;;;;;;;;440,7;133,1;;;;;;;;;;
Toronto;;;;;;;;;;;;;;;335,8;;;;;;;;432,9;260,5;;263,0;;;528,9;;;;;;;
Montreal;;;;;;;;;;;;;;;;;;;;;;;;215,8;418,5;;190,8;182,6;;;;;;;;
Boston;;;;;;;;;;;;;;;;;;;;;;;;;;225,5;;420,2;;;;;;;;
NewYork;;;;;;;;;;;;;;;;;;;;;;;;;;180,0;356,0;;582,3;497,7;;;;;;
Pittsburgh;;;;;;;;;;;;;;;;;;;;;;495,7;457,3;;337,7;;;440,6;;520,7;637,4;;;;;574,7
Washington;;;;;;;;;;;;;;;;;;;;;;;;;;;;363,6;527,9;;580,8;;;;;
Raleigh;;;;;;;;;;;;;;;;;;;;;;;;;;;;;481,4;488,0;;;789,8;;;590,2
Atlanta;;;;;;;;;;;;;;;;;;;;;;;;;;;;;;;;;1000,0;1000,0;1000,0;1000,0
Charleston;;;;;;;;;;;;;;;;;;;;;;;;;;;;;;;537,4;902,0;;780,9;;
Miami;;;;;;;;;;;;;;;;;;;;;;;;;;;;;;;;905,0;782,0;;791,5;
NewOrleans;;;;;;;;;;;;;;;;;;;657,7;;612,1;;;;;;;;;;;1004,0;;788,1;;
Nashville;;;;;;;;;;;;;;;;;;;;;640,0;510,7;;;;;;;528,8;;610,7;901,0;;;;
Step_8000;Vancouver;Seattle;Calgary;Portland;Helena;SaltLakeCity;SanFrancisco;LosAngeles;LasVegas;Phoenix;SantaFe;Denver;ElPaso;Winnipeg;Duluth;Omaha;KansasCity;OklahomaCity;Houston;Dallas;LittleRock;SaintLouis;Chicago;SaultStMarie;Toronto;Montreal;Boston;NewYork;Pittsburgh;Washington;Raleigh;Atlanta;Charleston;Miami;NewOrleans;Nashville
Vancouver;;279,4;285,2;;;;;;;;;;;;;;;;;;;;;;;;;;;;;;;;;
Seattle;258,4;;287,0;308,5;354,8;;;;;;;;;;;;;;;;;;;;;;;;;;;;;;;
Calgary;258,6;290,7;;;347,9;;;;;;;;;312,5;;;;;;;;;;;;;;;;;;;;;;
Portland;;296,9;;;;337,0;336,4;;;;;;;;;;;;;;;;;;;;;;;;;;;;;
Helena;;281,4;298,3;;;319,1;;;;;;397,5;;310,9;378,0;369,0;;;;;;;;;;;;;;;;;;;;
SaltLakeCity;;;;316,6;336,0;;335,2;;354,4;;;409,7;;;;;;;;;;;;;;;;;;;;;;;;
SanFrancisco;;;;306,5;;346,6;;993,5;;;;;;;;;;;;;;;;;;;;;;;;;;;;
LosAngeles;;;;;;;345,8;;341,8;402,2;;;978,4;;;;;;;;;;;;;;;;;;;;;;;
LasVegas;;;;;;352,1;;401,0;;;;;;;;;;;;;;;;;;;;;;;;;;;;
Phoenix;;;;;;;;385,4;;;427,1;390,9;468,5;;;;;;;;;;;;;;;;;;;;;;;
SantaFe;;;;;;;;;;449,9;;384,0;470,9;;;;;517,2;;;;;;;;;;;;;;;;;;
Denver;;;;;321,8;340,6;;;;422,1;423,8;;;;;382,7;442,9;484,4;;;;;;;;;;;;;;;;;;
ElPaso;;;;;;;;411,1;;416,7;413,8;;;;;;;491,2;904,3;538,8;;;;;;;;;;;;;;;;
Winnipeg;;;266,0;;324,7;;;;;;;;;;358,4;;;;;;;;;333,4;;;;;;;;;;;;
Duluth;;;;;349,8;;;;;;;;;320,5;;;;;;;;;434,7;;400,2;;;;;;;;;;;
Omaha;;;;;330,3;;;;;;;392,7;;;;;;;;;;;437,0;;;;;;;;;;;;;
KansasCity;;;;;;;;;;;;405,0;;;;;;;;;;551,2;;;;;;;;;;;;;;
OklahomaCity;;;;;;;;;;;418,7;428,1;508,6;;;;;;;523,8;651,3;;;;;;;;;;;;;;;
Houston;;;;;;;;;;;;;547,9;;;;;;;519,7;;;;;;;;;;;;;;;982,3;
Dallas;;;;;;;;;;;;;495,6;;;;;514,9;576,2;;577,2;;;;;;;;;;;;;;;
LittleRock;;;;;;;;;;;;;;;;;;519,9;;513,3;;593,2;;;;;;;;;;;;;775,0;627,7
SaintLouis;;;;;;;;;;;;;;;;;443,4;;;;586,4;;465,5;;;;;;553,7;;;;;;;702,8
Chicago;;;;;;;;;;;;;;;391,8;396,6;;;;;;497,3;;;433,6;;;;539,9;;;;;;;
SaultStMarie;;;;;;;;;;;;;;281,8;;;;;;;;;;;435,0;234,2;;;;;;;;;;
Toronto;;;;;;;;;;;;;;;375,8;;;;;;;;488,8;352,6;;345,7;;;506,6;;;;;;;
Montreal;;;;;;;;;;;;;;;;;;;;;;;;316,8;425,2;;241,2;276,7;;;;;;;;
Boston;;;;;;;;;;;;;;;;;;;;;;;;;;305,8;;465,6;;;;;;;;
NewYork;;;;;;;;;;;;;;;;;;;;;;;;;;294,4;351,6;;557,4;517,4;;;;;;
Pittsburgh;;;;;;;;;;;;;;;;;;;;;;572,1;451,3;;404,9;;;430,5;;518,9;597,4;;;;;664,5
Washington;;;;;;;;;;;;;;;;;;;;;;;;;;;;457,2;577,2;;601,7;;;;;
Raleigh;;;;;;;;;;;;;;;;;;;;;;;;;;;;;505,1;485,7;;;749,7;;;717,2
Atlanta;;;;;;;;;;;;;;;;;;;;;;;;;;;;;;;;;1000,0;1000,0;1000,0;1000,0
Charleston;;;;;;;;;;;;;;;;;;;;;;;;;;;;;;;620,7;902,0;;794,6;;
Miami;;;;;;;;;;;;;;;;;;;;;;;;;;;;;;;;905,0;762,1;;737,2;
NewOrleans;;;;;;;;;;;;;;;;;;;590,8;;614,3;;;;;;;;;;;984,0;;762,7;;
Nashville;;;;;;;;;;;;;;;;;;;;;582,8;565,9;;;;;;;573,5;;607,2;901,0;;;;
Step_12000;Vancouver;Seattle;Calgary;Portland;Helena;SaltLakeCity;SanFrancisco;LosAngeles;LasVegas;Phoenix;SantaFe;Denver;ElPaso;Winnipeg;Duluth;Omaha;KansasCity;OklahomaCity;Houston;Dallas;LittleRock;SaintLouis;Chicago;SaultStMarie;Toronto;Montreal;Boston;NewYork;Pittsburgh;Washington;Raleigh;Atlanta;Charleston;Miami;NewOrleans;Nashville
Vancouver;;291,3;287,1;;;;;;;;;;;;;;;;;;;;;;;;;;;;;;;;;
Seattle;260,4;;294,2;310,4;328,6;;;;;;;;;;;;;;;;;;;;;;;;;;;;;;;
Calgary;259,5;277,8;;;314,7;;;;;;;;;338,9;;;;;;;;;;;;;;;;;;;;;;
Portland;;277,8;;;;328,0;335,0;;;;;;;;;;;;;;;;;;;;;;;;;;;;;
Helena;;279,9;285,8;;;340,6;;;;;;364,0;;330,2;377,4;387,7;;;;;;;;;;;;;;;;;;;;
SaltLakeCity;;;;293,4;333,1;;338,3;;349,0;;;417,3;;;;;;;;;;;;;;;;;;;;;;;;
SanFrancisco;;;;290,6;;361,9;;978,3;;;;;;;;;;;;;;;;;;;;;;;;;;;;
LosAngeles;;;;;;;348,2;;357,2;407,0;;;893,7;;;;;;;;;;;;;;;;;;;;;;;
LasVegas;;;;;;354,6;;394,8;;;;;;;;;;;;;;;;;;;;;;;;;;;;
Phoenix;;;;;;;;373,1;;;438,6;425,7;537,8;;;;;;;;;;;;;;;;;;;;;;;
SantaFe;;;;;;;;;;391,4;;407,3;449,6;;;;;510,7;;;;;;;;;;;;;;;;;;
Denver;;;;;324,5;332,5;;;;386,0;423,4;;;;;387,4;427,3;482,0;;;;;;;;;;;;;;;;;;
ElPaso;;;;;;;;414,8;;433,7;394,2;;;;;;;481,3;901,2;502,0;;;;;;;;;;;;;;;;
Winnipeg;;;293,0;;342,6;;;;;;;;;;391,5;;;;;;;;;361,5;;;;;;;;;;;;
Duluth;;;;;351,4;;;;;;;;;350,5;;;;;;;;;476,5;;429,0;;;;;;;;;;;
Omaha;;;;;343,8;;;;;;;395,2;;;;;;;;;;;465,8;;;;;;;;;;;;;
KansasCity;;;;;;;;;;;;413,5;;;;;;;;;;518,7;;;;;;;;;;;;;;
OklahomaCity;;;;;;;;;;;426,5;380,8;486,5;;;;;;;517,1;519,7;;;;;;;;;;;;;;;
Houston;;;;;;;;;;;;;468,7;;;;;;;502,4;;;;;;;;;;;;;;;924,8;
Dallas;;;;;;;;;;;;;509,1;;;;;483,9;544,5;;526,2;;;;;;;;;;;;;;;
LittleRock;;;;;;;;;;;;;;;;;;487,8;;517,6;;510,9;;;;;;;;;;;;;721,7;615,3
SaintLouis;;;;;;;;;;;;;;;;;474,4;;;;593,9;;453,8;;;;;;550,8;;;;;;;555,1
Chicago;;;;;;;;;;;;;;;369,0;400,9;;;;;;503,4;;;427,3;;;;531,3;;;;;;;
SaultStMarie;;;;;;;;;;;;;;333,8;;;;;;;;;;;415,3;305,0;;;;;;;;;;
Toronto;;;;;;;;;;;;;;;399,1;;;;;;;;443,0;353,2;;358,9;;;532,6;;;;;;;
Montreal;;;;;;;;;;;;;;;;;;;;;;;;324,3;408,5;;310,9;401,7;;;;;;;;
Boston;;;;;;;;;;;;;;;;;;;;;;;;;;348,3;;385,5;;;;;;;;
NewYork;;;;;;;;;;;;;;;;;;;;;;;;;;320,0;359,2;;518,6;502,5;;;;;;
Pittsburgh;;;;;;;;;;;;;;;;;;;;;;557,0;461,2;;423,2;;;466,1;;502,0;573,9;;;;;699,8
Washington;;;;;;;;;;;;;;;;;;;;;;;;;;;;441,6;522,1;;621,0;;;;;
Raleigh;;;;;;;;;;;;;;;;;;;;;;;;;;;;;559,9;495,5;;;730,9;;;658,1
Atlanta;;;;;;;;;;;;;;;;;;;;;;;;;;;;;;;;;1000,0;1000,0;1000,0;1000,0
Charleston;;;;;;;;;;;;;;;;;;;;;;;;;;;;;;;580,8;902,0;;761,0;;
Miami;;;;;;;;;;;;;;;;;;;;;;;;;;;;;;;;905,0;763,3;;807,1;
NewOrleans;;;;;;;;;;;;;;;;;;;664,4;;583,2;;;;;;;;;;;984,0;;795,9;;
Nashville;;;;;;;;;;;;;;;;;;;;;579,4;507,4;;;;;;;568,6;;585,2;901,0;;;;
Step_16000;Vancouver;Seattle;Calgary;Portland;Helena;SaltLakeCity;SanFrancisco;LosAngeles;LasVegas;Phoenix;SantaFe;Denver;ElPaso;Winnipeg;Duluth;Omaha;KansasCity;OklahomaCity;Houston;Dallas;LittleRock;SaintLouis;Chicago;SaultStMarie;Toronto;Montreal;Boston;NewYork;Pittsburgh;Washington;Raleigh;Atlanta;Charleston;Miami;NewOrleans;Nashville
Vancouver;;284,4;285,4;;;;;;;;;;;;;;;;;;;;;;;;;;;;;;;;;
Seattle;265,9;;299,8;305,9;357,6;;;;;;;;;;;;;;;;;;;;;;;;;;;;;;;
Calgary;264,0;286,7;;;337,2;;;;;;;;;327,2;;;;;;;;;;;;;;;;;;;;;;
Portland;;314,1;;;;337,0;332,2;;;;;;;;;;;;;;;;;;;;;;;;;;;;;
Helena;;290,9;280,4;;;351,9;;;;;;385,8;;315,0;376,1;382,4;;;;;;;;;;;;;;;;;;;;
SaltLakeCity;;;;307,4;340,8;;359,4;;343,9;;;425,2;;;;;;;;;;;;;;;;;;;;;;;;
SanFrancisco;;;;306,1;;371,8;;1021,0;;;;;;;;;;;;;;;;;;;;;;;;;;;;
LosAngeles;;;;;;;373,6;;331,5;423,8;;;1018,0;;;;;;;;;;;;;;;;;;;;;;;
LasVegas;;;;;;363,4;;401,9;;;;;;;;;;;;;;;;;;;;;;;;;;;;
Phoenix;;;;;;;;386,7;;;440,8;403,2;487,6;;;;;;;;;;;;;;;;;;;;;;;
SantaFe;;;;;;;;;;391,3;;423,1;530,4;;;;;473,1;;;;;;;;;;;;;;;;;;
Denver;;;;;360,7;379,9;;;;408,8;424,7;;;;;386,0;481,0;491,3;;;;;;;;;;;;;;;;;;
ElPaso;;;;;;;;382,8;;407,3;447,7;;;;;;;506,8;1012,0;540,4;;;;;;;;;;;;;;;;
Winnipeg;;;295,4;;352,0;;;;;;;;;;353,8;;;;;;;;;359,8;;;;;;;;;;;;
Duluth;;;;;340,7;;;;;;;;;332,7;;;;;;;;;458,1;;367,4;;;;;;;;;;;
Omaha;;;;;351,0;;;;;;;380,9;;;;;;;;;;;432,7;;;;;;;;;;;;;
KansasCity;;;;;;;;;;;;403,1;;;;;;;;;;572,9;;;;;;;;;;;;;;
OklahomaCity;;;;;;;;;;;424,2;409,2;538,3;;;;;;;502,5;599,1;;;;;;;;;;;;;;;
Houston;;;;;;;;;;;;;529,6;;;;;;;532,2;;;;;;;;;;;;;;;1006,0;
Dallas;;;;;;;;;;;;;483,3;;;;;506,0;561,4;;612,9;;;;;;;;;;;;;;;
LittleRock;;;;;;;;;;;;;;;;;;516,1;;501,8;;611,8;;;;;;;;;;;;;746,7;731,9
SaintLouis;;;;;;;;;;;;;;;;;495,4;;;;583,5;;416,0;;;;;;542,4;;;;;;;760,6
Chicago;;;;;;;;;;;;;;;353,9;389,9;;;;;;484,0;;;470,8;;;;510,5;;;;;;;
SaultStMarie;;;;;;;;;;;;;;350,7;;;;;;;;;;;451,3;360,8;;;;;;;;;;
Toronto;;;;;;;;;;;;;;;395,0;;;;;;;;480,6;356,7;;362,0;;;547,6;;;;;;;
Montreal;;;;;;;;;;;;;;;;;;;;;;;;334,0;417,7;;352,6;451,1;;;;;;;;
Boston;;;;;;;;;;;;;;;;;;;;;;;;;;361,2;;432,4;;;;;;;;
NewYork;;;;;;;;;;;;;;;;;;;;;;;;;;364,8;377,3;;482,7;495,7;;;;;;
Pittsburgh;;;;;;;;;;;;;;;;;;;;;;554,4;461,4;;442,6;;;412,0;;454,3;577,0;;;;;779,9
Washington;;;;;;;;;;;;;;;;;;;;;;;;;;;;439,2;521,0;;567,4;;;;;
Raleigh;;;;;;;;;;;;;;;;;;;;;;;;;;;;;566,1;466,2;;;785,9;;;662,8
Atlanta;;;;;;;;;;;;;;;;;;;;;;;;;;;;;;;;;1000,0;1000,0;1000,0;1000,0
Charleston;;;;;;;;;;;;;;;;;;;;;;;;;;;;;;;571,0;902,0;;753,0;;
Miami;;;;;;;;;;;;;;;;;;;;;;;;;;;;;;;;905,0;806,4;;780,0;
NewOrleans;;;;;;;;;;;;;;;;;;;587,0;;599,3;;;;;;;;;;;984,0;;750,6;;
Nashville;;;;;;;;;;;;;;;;;;;;;566,2;535,7;;;;;;;586,4;;588,7;901,0;;;;
Step_20000;Vancouver;Seattle;Calgary;Portland;Helena;SaltLakeCity;SanFrancisco;LosAngeles;LasVegas;Phoenix;SantaFe;Denver;ElPaso;Winnipeg;Duluth;Omaha;KansasCity;OklahomaCity;Houston;Dallas;LittleRock;SaintLouis;Chicago;SaultStMarie;Toronto;Montreal;Boston;NewYork;Pittsburgh;Washington;Raleigh;Atlanta;Charleston;Miami;NewOrleans;Nashville
Vancouver;;309,2;280,4;;;;;;;;;;;;;;;;;;;;;;;;;;;;;;;;;
Seattle;270,6;;292,3;305,7;344,6;;;;;;;;;;;;;;;;;;;;;;;;;;;;;;;
Calgary;269,7;277,6;;;325,3;;;;;;;;;339,0;;;;;;;;;;;;;;;;;;;;;;
Portland;;299,6;;;;337,9;327,5;;;;;;;;;;;;;;;;;;;;;;;;;;;;;
Helena;;300,0;290,1;;;354,3;;;;;;388,9;;349,5;427,6;401,1;;;;;;;;;;;;;;;;;;;;
SaltLakeCity;;;;308,8;333,0;;328,3;;345,7;;;414,9;;;;;;;;;;;;;;;;;;;;;;;;
SanFrancisco;;;;303,7;;336,0;;1020,0;;;;;;;;;;;;;;;;;;;;;;;;;;;;
LosAngeles;;;;;;;317,7;;338,2;407,2;;;1017,0;;;;;;;;;;;;;;;;;;;;;;;
LasVegas;;;;;;333,0;;382,2;;;;;;;;;;;;;;;;;;;;;;;;;;;;
Phoenix;;;;;;;;405,7;;;400,3;422,8;471,8;;;;;;;;;;;;;;;;;;;;;;;
SantaFe;;;;;;;;;;408,1;;415,8;434,6;;;;;548,3;;;;;;;;;;;;;;;;;;
Denver;;;;;354,9;357,1;;;;423,6;434,7;;;;;404,2;472,2;484,6;;;;;;;;;;;;;;;;;;
ElPaso;;;;;;;;422,9;;422,5;426,3;;;;;;;505,9;502,5;1011,0;;;;;;;;;;;;;;;;
Winnipeg;;;309,8;;363,1;;;;;;;;;;418,3;;;;;;;;;387,3;;;;;;;;;;;;
Duluth;;;;;341,0;;;;;;;;;345,1;;;;;;;;;500,3;;459,6;;;;;;;;;;;
Omaha;;;;;363,9;;;;;;;400,9;;;;;;;;;;;487,1;;;;;;;;;;;;;
KansasCity;;;;;;;;;;;;416,4;;;;;;;;;;538,9;;;;;;;;;;;;;;
OklahomaCity;;;;;;;;;;;455,4;417,8;445,4;;;;;;;511,6;640,3;;;;;;;;;;;;;;;
Houston;;;;;;;;;;;;;457,0;;;;;;;516,2;;;;;;;;;;;;;;;1006,0;
Dallas;;;;;;;;;;;;;489,0;;;;;533,6;1007,0;;558,1;;;;;;;;;;;;;;;
LittleRock;;;;;;;;;;;;;;;;;;495,0;;523,7;;521,6;;;;;;;;;;;;;798,2;670,5
SaintLouis;;;;;;;;;;;;;;;;;442,0;;;;516,4;;517,6;;;;;;601,8;;;;;;;670,3
Chicago;;;;;;;;;;;;;;;367,7;385,2;;;;;;536,5;;;481,2;;;;583,3;;;;;;;
SaultStMarie;;;;;;;;;;;;;;347,5;;;;;;;;;;;433,2;368,8;;;;;;;;;;
Toronto;;;;;;;;;;;;;;;385,4;;;;;;;;511,7;340,8;;393,8;;;563,3;;;;;;;
Montreal;;;;;;;;;;;;;;;;;;;;;;;;382,7;420,1;;383,2;474,9;;;;;;;;
Boston;;;;;;;;;;;;;;;;;;;;;;;;;;363,6;;448,1;;;;;;;;
NewYork;;;;;;;;;;;;;;;;;;;;;;;;;;383,9;396,1;;557,6;500,6;;;;;;
Pittsburgh;;;;;;;;;;;;;;;;;;;;;;543,4;502,1;;429,8;;;439,0;;570,6;662,5;;;;;607,6
Washington;;;;;;;;;;;;;;;;;;;;;;;;;;;;467,0;539,5;;650,5;;;;;
Raleigh;;;;;;;;;;;;;;;;;;;;;;;;;;;;;567,6;547,1;;;751,3;;;745,5
Atlanta;;;;;;;;;;;;;;;;;;;;;;;;;;;;;;;;;1000,0;1000,0;1000,0;1000,0
Charleston;;;;;;;;;;;;;;;;;;;;;;;;;;;;;;;597,0;902,0;;798,8;;
Miami;;;;;;;;;;;;;;;;;;;;;;;;;;;;;;;;905,0;743,4;;734,2;
NewOrleans;;;;;;;;;;;;;;;;;;;577,7;;601,9;;;;;;;;;;;984,0;;727,2;;
Nashville;;;;;;;;;;;;;;;;;;;;;602,8;526,1;;;;;;;533,8;;642,5;901,0;;;;
Step_24000;Vancouver;Seattle;Calgary;Portland;Helena;SaltLakeCity;SanFrancisco;LosAngeles;LasVegas;Phoenix;SantaFe;Denver;ElPaso;Winnipeg;Duluth;Omaha;KansasCity;OklahomaCity;Houston;Dallas;LittleRock;SaintLouis;Chicago;SaultStMarie;Toronto;Montreal;Boston;NewYork;Pittsburgh;Washington;Raleigh;Atlanta;Charleston;Miami;NewOrleans;Nashville
Vancouver;;277,0;307,9;;;;;;;;;;;;;;;;;;;;;;;;;;;;;;;;;
Seattle;274,2;;309,4;321,8;344,2;;;;;;;;;;;;;;;;;;;;;;;;;;;;;;;
Calgary;271,7;271,2;;;348,9;;;;;;;;;341,6;;;;;;;;;;;;;;;;;;;;;;
Portland;;290,3;;;;348,3;360,8;;;;;;;;;;;;;;;;;;;;;;;;;;;;;
Helena;;306,5;289,7;;;365,5;;;;;;389,8;;346,7;373,2;368,3;;;;;;;;;;;;;;;;;;;;
SaltLakeCity;;;;327,8;313,1;;333,0;;333,1;;;426,8;;;;;;;;;;;;;;;;;;;;;;;;
SanFrancisco;;;;304,9;;357,2;;876,8;;;;;;;;;;;;;;;;;;;;;;;;;;;;
LosAngeles;;;;;;;335,7;;330,0;399,1;;;1018,0;;;;;;;;;;;;;;;;;;;;;;;
LasVegas;;;;;;338,3;;387,9;;;;;;;;;;;;;;;;;;;;;;;;;;;;
Phoenix;;;;;;;;413,7;;;448,7;436,4;493,1;;;;;;;;;;;;;;;;;;;;;;;
SantaFe;;;;;;;;;;431,6;;419,8;506,0;;;;;462,3;;;;;;;;;;;;;;;;;;
Denver;;;;;336,4;353,4;;;;419,2;429,7;;;;;399,1;455,0;492,0;;;;;;;;;;;;;;;;;;
ElPaso;;;;;;;;400,5;;422,0;426,2;;;;;;;494,6;1012,0;473,1;;;;;;;;;;;;;;;;
Winnipeg;;;309,2;;342,9;;;;;;;;;;400,2;;;;;;;;;375,6;;;;;;;;;;;;
Duluth;;;;;345,8;;;;;;;;;346,1;;;;;;;;;478,1;;410,4;;;;;;;;;;;
Omaha;;;;;331,1;;;;;;;436,0;;;;;;;;;;;464,8;;;;;;;;;;;;;
KansasCity;;;;;;;;;;;;399,0;;;;;;;;;;595,6;;;;;;;;;;;;;;
OklahomaCity;;;;;;;;;;;435,7;407,7;475,9;;;;;;;527,0;567,4;;;;;;;;;;;;;;;
Houston;;;;;;;;;;;;;498,5;;;;;;;510,9;;;;;;;;;;;;;;;982,3;
Dallas;;;;;;;;;;;;;529,2;;;;;472,0;635,3;;547,2;;;;;;;;;;;;;;;
LittleRock;;;;;;;;;;;;;;;;;;446,6;;532,7;;531,0;;;;;;;;;;;;;774,8;703,8
SaintLouis;;;;;;;;;;;;;;;;;458,9;;;;618,2;;468,3;;;;;;534,8;;;;;;;703,2
Chicago;;;;;;;;;;;;;;;384,7;412,9;;;;;;529,7;;;454,3;;;;583,4;;;;;;;
SaultStMarie;;;;;;;;;;;;;;352,8;;;;;;;;;;;425,0;402,1;;;;;;;;;;
Toronto;;;;;;;;;;;;;;;384,5;;;;;;;;453,3;402,2;;396,0;;;538,9;;;;;;;
Montreal;;;;;;;;;;;;;;;;;;;;;;;;364,8;434,1;;395,5;460,8;;;;;;;;
Boston;;;;;;;;;;;;;;;;;;;;;;;;;;367,1;;468,1;;;;;;;;
NewYork;;;;;;;;;;;;;;;;;;;;;;;;;;391,4;386,4;;530,3;546,7;;;;;;
Pittsburgh;;;;;;;;;;;;;;;;;;;;;;521,7;489,8;;398,4;;;468,8;;526,7;618,0;;;;;761,1
Washington;;;;;;;;;;;;;;;;;;;;;;;;;;;;460,6;497,9;;627,3;;;;;
Raleigh;;;;;;;;;;;;;;;;;;;;;;;;;;;;;525,2;531,5;;;698,6;;;733,9
Atlanta;;;;;;;;;;;;;;;;;;;;;;;;;;;;;;;;;1000,0;1000,0;1000,0;1000,0
Charleston;;;;;;;;;;;;;;;;;;;;;;;;;;;;;;;649,1;902,0;;781,3;;
Miami;;;;;;;;;;;;;;;;;;;;;;;;;;;;;;;;905,0;769,4;;709,6;
NewOrleans;;;;;;;;;;;;;;;;;;;620,8;;589,8;;;;;;;;;;;984,0;;776,9;;
Nashville;;;;;;;;;;;;;;;;;;;;;642,9;598,1;;;;;;;540,7;;597,0;901,0;;;;
Step_28000;Vancouver;Seattle;Calgary;Portland;Helena;SaltLakeCity;SanFrancisco;LosAngeles;LasVegas;Phoenix;SantaFe;Denver;ElPaso;Winnipeg;Duluth;Omaha;KansasCity;OklahomaCity;Houston;Dallas;LittleRock;SaintLouis;Chicago;SaultStMarie;Toronto;Montreal;Boston;NewYork;Pittsburgh;Washington;Raleigh;Atlanta;Charleston;Miami;NewOrleans;Nashville
Vancouver;;303,2;273,1;;;;;;;;;;;;;;;;;;;;;;;;;;;;;;;;;
Seattle;271,0;;292,7;301,8;309,3;;;;;;;;;;;;;;;;;;;;;;;;;;;;;;;
Calgary;266,9;283,3;;;322,1;;;;;;;;;352,6;;;;;;;;;;;;;;;;;;;;;;
Portland;;286,3;;;;352,2;318,0;;;;;;;;;;;;;;;;;;;;;;;;;;;;;
Helena;;306,6;292,4;;;371,9;;;;;;435,5;;335,7;402,5;414,0;;;;;;;;;;;;;;;;;;;;
SaltLakeCity;;;;299,7;362,3;;319,0;;325,5;;;427,9;;;;;;;;;;;;;;;;;;;;;;;;
SanFrancisco;;;;309,9;;336,6;;978,1;;;;;;;;;;;;;;;;;;;;;;;;;;;;
LosAngeles;;;;;;;424,1;;330,1;377,8;;;892,7;;;;;;;;;;;;;;;;;;;;;;;
LasVegas;;;;;;371,5;;341,7;;;;;;;;;;;;;;;;;;;;;;;;;;;;
Phoenix;;;;;;;;362,5;;;419,9;428,6;423,8;;;;;;;;;;;;;;;;;;;;;;;
SantaFe;;;;;;;;;;420,1;;408,5;461,7;;;;;479,4;;;;;;;;;;;;;;;;;;
Denver;;;;;375,4;350,3;;;;388,5;419,3;;;;;410,9;490,9;526,1;;;;;;;;;;;;;;;;;;
ElPaso;;;;;;;;390,0;;387,7;428,3;;;;;;;481,4;980,8;515,9;;;;;;;;;;;;;;;;
Winnipeg;;;299,3;;363,2;;;;;;;;;;390,6;;;;;;;;;353,7;;;;;;;;;;;;
Duluth;;;;;366,9;;;;;;;;;338,5;;;;;;;;;475,4;;431,6;;;;;;;;;;;
Omaha;;;;;358,3;;;;;;;447,5;;;;;;;;;;;471,0;;;;;;;;;;;;;
KansasCity;;;;;;;;;;;;416,6;;;;;;;;;;579,9;;;;;;;;;;;;;;
OklahomaCity;;;;;;;;;;;446,4;426,5;420,1;;;;;;;527,1;554,4;;;;;;;;;;;;;;;
Houston;;;;;;;;;;;;;446,3;;;;;;;553,8;;;;;;;;;;;;;;;944,6;
Dallas;;;;;;;;;;;;;472,0;;;;;478,0;599,0;;619,4;;;;;;;;;;;;;;;
LittleRock;;;;;;;;;;;;;;;;;;494,4;;494,0;;592,1;;;;;;;;;;;;;790,7;677,2
SaintLouis;;;;;;;;;;;;;;;;;486,9;;;;567,9;;476,7;;;;;;510,7;;;;;;;753,7
Chicago;;;;;;;;;;;;;;;435,8;413,2;;;;;;541,0;;;427,4;;;;519,0;;;;;;;
SaultStMarie;;;;;;;;;;;;;;351,0;;;;;;;;;;;377,9;401,5;;;;;;;;;;
Toronto;;;;;;;;;;;;;;;359,1;;;;;;;;459,8;356,0;;376,8;;;526,9;;;;;;;
Montreal;;;;;;;;;;;;;;;;;;;;;;;;364,8;408,9;;382,4;446,8;;;;;;;;
Boston;;;;;;;;;;;;;;;;;;;;;;;;;;382,1;;462,1;;;;;;;;
NewYork;;;;;;;;;;;;;;;;;;;;;;;;;;392,4;376,7;;517,1;476,5;;;;;;
Pittsburgh;;;;;;;;;;;;;;;;;;;;;;542,8;420,2;;416,5;;;451,4;;495,6;651,6;;;;;563,6
Washington;;;;;;;;;;;;;;;;;;;;;;;;;;;;475,4;497,5;;579,4;;;;;
Raleigh;;;;;;;;;;;;;;;;;;;;;;;;;;;;;491,9;514,0;;;779,8;;;645,1
Atlanta;;;;;;;;;;;;;;;;;;;;;;;;;;;;;;;;;1000,0;1000,0;1000,0;1000,0
Charleston;;;;;;;;;;;;;;;;;;;;;;;;;;;;;;;611,4;902,0;;773,9;;
Miami;;;;;;;;;;;;;;;;;;;;;;;;;;;;;;;;905,0;768,8;;796,4;
NewOrleans;;;;;;;;;;;;;;;;;;;614,4;;619,3;;;;;;;;;;;1004,0;;774,4;;
Nashville;;;;;;;;;;;;;;;;;;;;;606,1;556,0;;;;;;;514,2;;639,6;901,0;;;;
Step_32000;Vancouver;Seattle;Calgary;Portland;Helena;SaltLakeCity;SanFrancisco;LosAngeles;LasVegas;Phoenix;SantaFe;Denver;ElPaso;Winnipeg;Duluth;Omaha;KansasCity;OklahomaCity;Houston;Dallas;LittleRock;SaintLouis;Chicago;SaultStMarie;Toronto;Montreal;Boston;NewYork;Pittsburgh;Washington;Raleigh;Atlanta;Charleston;Miami;NewOrleans;Nashville
Vancouver;;292,8;314,1;;;;;;;;;;;;;;;;;;;;;;;;;;;;;;;;;
Seattle;276,7;;318,9;310,2;356,8;;;;;;;;;;;;;;;;;;;;;;;;;;;;;;;
Calgary;277,6;274,5;;;367,8;;;;;;;;;348,3;;;;;;;;;;;;;;;;;;;;;;
Portland;;296,2;;;;342,3;337,7;;;;;;;;;;;;;;;;;;;;;;;;;;;;;
Helena;;301,9;300,2;;;348,5;;;;;;423,0;;346,2;412,6;404,1;;;;;;;;;;;;;;;;;;;;
SaltLakeCity;;;;312,6;365,5;;345,4;;321,7;;;394,9;;;;;;;;;;;;;;;;;;;;;;;;
SanFrancisco;;;;312,3;;333,8;;1021,0;;;;;;;;;;;;;;;;;;;;;;;;;;;;
LosAngeles;;;;;;;336,5;;330,4;432,5;;;1018,0;;;;;;;;;;;;;;;;;;;;;;;
LasVegas;;;;;;349,4;;368,2;;;;;;;;;;;;;;;;;;;;;;;;;;;;
Phoenix;;;;;;;;429,5;;;413,9;427,9;506,3;;;;;;;;;;;;;;;;;;;;;;;
SantaFe;;;;;;;;;;389,2;;394,9;451,5;;;;;486,0;;;;;;;;;;;;;;;;;;
Denver;;;;;367,4;336,4;;;;401,0;444,6;;;;;397,0;475,6;445,0;;;;;;;;;;;;;;;;;;
ElPaso;;;;;;;;414,7;;440,9;424,1;;;;;;;495,0;1012,0;510,7;;;;;;;;;;;;;;;;
Winnipeg;;;315,4;;358,8;;;;;;;;;;394,5;;;;;;;;;369,1;;;;;;;;;;;;
Duluth;;;;;370,0;;;;;;;;;354,6;;;;;;;;;472,7;;441,6;;;;;;;;;;;
Omaha;;;;;352,3;;;;;;;395,2;;;;;;;;;;;480,0;;;;;;;;;;;;;
KansasCity;;;;;;;;;;;;421,0;;;;;;;;;;510,9;;;;;;;;;;;;;;
OklahomaCity;;;;;;;;;;;405,5;397,7;450,9;;;;;;;525,4;582,6;;;;;;;;;;;;;;;
Houston;;;;;;;;;;;;;485,9;;;;;;;511,9;;;;;;;;;;;;;;;1006,0;
Dallas;;;;;;;;;;;;;506,9;;;;;490,4;570,9;;565,5;;;;;;;;;;;;;;;
LittleRock;;;;;;;;;;;;;;;;;;498,4;;552,6;;525,8;;;;;;;;;;;;;711,4;645,6
SaintLouis;;;;;;;;;;;;;;;;;458,5;;;;566,4;;444,7;;;;;;543,1;;;;;;;651,3
Chicago;;;;;;;;;;;;;;;410,8;427,2;;;;;;525,0;;;466,6;;;;569,9;;;;;;;
SaultStMarie;;;;;;;;;;;;;;347,4;;;;;;;;;;;464,1;387,2;;;;;;;;;;
Toronto;;;;;;;;;;;;;;;377,6;;;;;;;;479,5;378,7;;385,9;;;564,0;;;;;;;
Montreal;;;;;;;;;;;;;;;;;;;;;;;;362,1;449,0;;391,5;414,9;;;;;;;;
Boston;;;;;;;;;;;;;;;;;;;;;;;;;;402,9;;476,6;;;;;;;;
NewYork;;;;;;;;;;;;;;;;;;;;;;;;;;402,8;399,6;;549,3;547,1;;;;;;
Pittsburgh;;;;;;;;;;;;;;;;;;;;;;530,1;472,1;;428,8;;;482,1;;540,0;575,9;;;;;573,4
Washington;;;;;;;;;;;;;;;;;;;;;;;;;;;;435,9;570,6;;608,7;;;;;
Raleigh;;;;;;;;;;;;;;;;;;;;;;;;;;;;;539,7;517,7;;;777,5;;;686,0
Atlanta;;;;;;;;;;;;;;;;;;;;;;;;;;;;;;;;;1000,0;1000,0;1000,0;1000,0
Charleston;;;;;;;;;;;;;;;;;;;;;;;;;;;;;;;665,8;902,0;;712,7;;
Miami;;;;;;;;;;;;;;;;;;;;;;;;;;;;;;;;905,0;719,7;;753,2;
NewOrleans;;;;;;;;;;;;;;;;;;;558,5;;552,9;;;;;;;;;;;1004,0;;730,1;;
Nashville;;;;;;;;;;;;;;;;;;;;;516,9;485,0;;;;;;;545,3;;621,1;901,0;;;;
Step_36000;Vancouver;Seattle;Calgary;Portland;Helena;SaltLakeCity;SanFrancisco;LosAngeles;LasVegas;Phoenix;SantaFe;Denver;ElPaso;Winnipeg;Duluth;Omaha;KansasCity;OklahomaCity;Houston;Dallas;LittleRock;SaintLouis;Chicago;SaultStMarie;Toronto;Montreal;Boston;NewYork;Pittsburgh;Washington;Raleigh;Atlanta;Charleston;Miami;NewOrleans;Nashville
Vancouver;;283,9;299,4;;;;;;;;;;;;;;;;;;;;;;;;;;;;;;;;;
Seattle;264,1;;303,4;293,9;314,6;;;;;;;;;;;;;;;;;;;;;;;;;;;;;;;
Calgary;272,5;291,5;;;343,9;;;;;;;;;344,8;;;;;;;;;;;;;;;;;;;;;;
Portland;;289,2;;;;317,1;327,8;;;;;;;;;;;;;;;;;;;;;;;;;;;;;
Helena;;293,0;316,0;;;364,3;;;;;;434,3;;342,1;358,9;409,2;;;;;;;;;;;;;;;;;;;;
SaltLakeCity;;;;304,9;367,7;;325,8;;330,7;;;416,1;;;;;;;;;;;;;;;;;;;;;;;;
SanFrancisco;;;;296,3;;356,2;;1021,0;;;;;;;;;;;;;;;;;;;;;;;;;;;;
LosAngeles;;;;;;;318,5;;338,2;402,2;;;1018,0;;;;;;;;;;;;;;;;;;;;;;;
LasVegas;;;;;;343,1;;391,8;;;;;;;;;;;;;;;;;;;;;;;;;;;;
Phoenix;;;;;;;;381,5;;;436,5;404,6;481,8;;;;;;;;;;;;;;;;;;;;;;;
SantaFe;;;;;;;;;;420,3;;406,6;484,9;;;;;465,6;;;;;;;;;;;;;;;;;;
Denver;;;;;357,4;342,4;;;;397,2;448,2;;;;;422,2;465,5;506,7;;;;;;;;;;;;;;;;;;
ElPaso;;;;;;;;398,2;;404,9;419,1;;;;;;;498,8;1012,0;510,0;;;;;;;;;;;;;;;;
Winnipeg;;;295,4;;362,3;;;;;;;;;;422,1;;;;;;;;;388,3;;;;;;;;;;;;
Duluth;;;;;356,8;;;;;;;;;360,0;;;;;;;;;469,6;;434,7;;;;;;;;;;;
Omaha;;;;;353,6;;;;;;;438,3;;;;;;;;;;;496,4;;;;;;;;;;;;;
KansasCity;;;;;;;;;;;;421,4;;;;;;;;;;523,7;;;;;;;;;;;;;;
OklahomaCity;;;;;;;;;;;428,2;434,8;491,0;;;;;;;504,7;657,8;;;;;;;;;;;;;;;
Houston;;;;;;;;;;;;;490,2;;;;;;;480,7;;;;;;;;;;;;;;;1006,0;
Dallas;;;;;;;;;;;;;459,7;;;;;483,4;533,3;;567,9;;;;;;;;;;;;;;;
LittleRock;;;;;;;;;;;;;;;;;;558,2;;471,6;;511,0;;;;;;;;;;;;;750,5;698,9
SaintLouis;;;;;;;;;;;;;;;;;468,6;;;;588,3;;494,6;;;;;;526,7;;;;;;;590,0
Chicago;;;;;;;;;;;;;;;392,4;393,9;;;;;;485,6;;;432,9;;;;519,7;;;;;;;
SaultStMarie;;;;;;;;;;;;;;341,0;;;;;;;;;;;460,8;394,6;;;;;;;;;;
Toronto;;;;;;;;;;;;;;;377,6;;;;;;;;481,5;358,6;;398,4;;;499,8;;;;;;;
Montreal;;;;;;;;;;;;;;;;;;;;;;;;356,9;465,3;;408,0;449,2;;;;;;;;
Boston;;;;;;;;;;;;;;;;;;;;;;;;;;389,5;;474,4;;;;;;;;
NewYork;;;;;;;;;;;;;;;;;;;;;;;;;;395,4;418,5;;623,4;502,9;;;;;;
Pittsburgh;;;;;;;;;;;;;;;;;;;;;;576,9;484,5;;418,6;;;507,7;;498,9;572,2;;;;;669,6
Washington;;;;;;;;;;;;;;;;;;;;;;;;;;;;485,1;572,2;;580,1;;;;;
Raleigh;;;;;;;;;;;;;;;;;;;;;;;;;;;;;508,1;470,9;;;765,7;;;621,9
Atlanta;;;;;;;;;;;;;;;;;;;;;;;;;;;;;;;;;1000,0;1000,0;1000,0;1000,0
Charleston;;;;;;;;;;;;;;;;;;;;;;;;;;;;;;;644,6;902,0;;778,7;;
Miami;;;;;;;;;;;;;;;;;;;;;;;;;;;;;;;;905,0;794,9;;725,3;
NewOrleans;;;;;;;;;;;;;;;;;;;612,8;;627,8;;;;;;;;;;;1004,0;;771,9;;
Nashville;;;;;;;;;;;;;;;;;;;;;613,5;486,5;;;;;;;583,1;;614,5;901,0;;;;
Step_40000;Vancouver;Seattle;Calgary;Portland;Helena;SaltLakeCity;SanFrancisco;LosAngeles;LasVegas;Phoenix;SantaFe;Denver;ElPaso;Winnipeg;Duluth;Omaha;KansasCity;OklahomaCity;Houston;Dallas;LittleRock;SaintLouis;Chicago;SaultStMarie;Toronto;Montreal;Boston;NewYork;Pittsburgh;Washington;Raleigh;Atlanta;Charleston;Miami;NewOrleans;Nashville
Vancouver;;272,9;286,3;;;;;;;;;;;;;;;;;;;;;;;;;;;;;;;;;
Seattle;260,4;;297,9;275,8;303,3;;;;;;;;;;;;;;;;;;;;;;;;;;;;;;;
Calgary;263,9;300,5;;;321,9;;;;;;;;;353,7;;;;;;;;;;;;;;;;;;;;;;
Portland;;255,8;;;;314,5;324,2;;;;;;;;;;;;;;;;;;;;;;;;;;;;;
Helena;;287,5;289,3;;;327,2;;;;;;341,4;;360,7;363,2;377,5;;;;;;;;;;;;;;;;;;;;
SaltLakeCity;;;;281,2;327,8;;342,2;;349,5;;;374,7;;;;;;;;;;;;;;;;;;;;;;;;
SanFrancisco;;;;264,7;;329,1;;977,9;;;;;;;;;;;;;;;;;;;;;;;;;;;;
LosAngeles;;;;;;;304,1;;330,0;421,3;;;891,5;;;;;;;;;;;;;;;;;;;;;;;
LasVegas;;;;;;318,5;;412,0;;;;;;;;;;;;;;;;;;;;;;;;;;;;
Phoenix;;;;;;;;358,0;;;399,2;369,1;553,4;;;;;;;;;;;;;;;;;;;;;;;
SantaFe;;;;;;;;;;368,2;;352,6;426,9;;;;;478,5;;;;;;;;;;;;;;;;;;
Denver;;;;;336,3;317,0;;;;369,5;402,6;;;;;380,3;416,3;489,2;;;;;;;;;;;;;;;;;;
ElPaso;;;;;;;;421,4;;400,6;374,7;;;;;;;424,9;987,6;483,5;;;;;;;;;;;;;;;;
Winnipeg;;;307,9;;331,1;;;;;;;;;;421,8;;;;;;;;;374,0;;;;;;;;;;;;
Duluth;;;;;345,8;;;;;;;;;355,8;;;;;;;;;485,2;;417,8;;;;;;;;;;;
Omaha;;;;;346,5;;;;;;;362,6;;;;;;;;;;;468,1;;;;;;;;;;;;;
KansasCity;;;;;;;;;;;;370,1;;;;;;;;;;500,2;;;;;;;;;;;;;;
OklahomaCity;;;;;;;;;;;379,0;365,7;438,3;;;;;;;460,3;543,2;;;;;;;;;;;;;;;
Houston;;;;;;;;;;;;;402,2;;;;;;;503,7;;;;;;;;;;;;;;;982,3;
Dallas;;;;;;;;;;;;;468,6;;;;;439,0;593,4;;509,0;;;;;;;;;;;;;;;
LittleRock;;;;;;;;;;;;;;;;;;482,2;;485,3;;492,8;;;;;;;;;;;;;792,5;666,0
SaintLouis;;;;;;;;;;;;;;;;;433,5;;;;583,4;;472,7;;;;;;625,8;;;;;;;615,2
Chicago;;;;;;;;;;;;;;;424,5;418,0;;;;;;519,0;;;431,3;;;;464,6;;;;;;;
SaultStMarie;;;;;;;;;;;;;;318,6;;;;;;;;;;;436,2;388,2;;;;;;;;;;
Toronto;;;;;;;;;;;;;;;430,3;;;;;;;;431,5;361,3;;375,0;;;528,7;;;;;;;
Montreal;;;;;;;;;;;;;;;;;;;;;;;;367,1;443,4;;394,8;408,7;;;;;;;;
Boston;;;;;;;;;;;;;;;;;;;;;;;;;;397,8;;434,0;;;;;;;;
NewYork;;;;;;;;;;;;;;;;;;;;;;;;;;386,4;393,1;;501,7;526,1;;;;;;
Pittsburgh;;;;;;;;;;;;;;;;;;;;;;514,4;441,8;;415,3;;;427,1;;471,1;567,6;;;;;775,5
Washington;;;;;;;;;;;;;;;;;;;;;;;;;;;;419,9;540,6;;636,9;;;;;
Raleigh;;;;;;;;;;;;;;;;;;;;;;;;;;;;;535,9;494,7;;;775,0;;;666,7
Atlanta;;;;;;;;;;;;;;;;;;;;;;;;;;;;;;;;;1000,0;1000,0;1000,0;1000,0
Charleston;;;;;;;;;;;;;;;;;;;;;;;;;;;;;;;585,1;902,0;;758,7;;
Miami;;;;;;;;;;;;;;;;;;;;;;;;;;;;;;;;905,0;746,3;;754,6;
NewOrleans;;;;;;;;;;;;;;;;;;;563,4;;547,2;;;;;;;;;;;984,0;;780,1;;
Nashville;;;;;;;;;;;;;;;;;;;;;549,3;533,1;;;;;;;498,0;;653,7;901,0;;;;
Step_4000;Vancouver;Seattle;Calgary;Portland;Helena;SaltLakeCity;SanFrancisco;LosAngeles;LasVegas;Phoenix;SantaFe;Denver;ElPaso;Winnipeg;Duluth;Omaha;KansasCity;OklahomaCity;Houston;Dallas;LittleRock;SaintLouis;Chicago;SaultStMarie;Toronto;Montreal;Boston;NewYork;Pittsburgh;Washington;Raleigh;Atlanta;Charleston;Miami;NewOrleans;Nashville
Vancouver;;273,2;173,6;;;;;;;;;;;;;;;;;;;;;;;;;;;;;;;;;
Seattle;228,3;;268,7;307,6;327,2;;;;;;;;;;;;;;;;;;;;;;;;;;;;;;;
Calgary;201,0;235,2;;;330,5;;;;;;;;;201,0;;;;;;;;;;;;;;;;;;;;;;
Portland;;275,1;;;;325,0;355,6;;;;;;;;;;;;;;;;;;;;;;;;;;;;;
Helena;;262,5;237,3;;;337,4;;;;;;355,5;;301,7;359,9;375,4;;;;;;;;;;;;;;;;;;;;
SaltLakeCity;;;;304,0;330,3;;349,0;;332,5;;;402,0;;;;;;;;;;;;;;;;;;;;;;;;
SanFrancisco;;;;304,6;;323,6;;995,9;;;;;;;;;;;;;;;;;;;;;;;;;;;;
LosAngeles;;;;;;;362,9;;323,7;399,0;;;991,5;;;;;;;;;;;;;;;;;;;;;;;
LasVegas;;;;;;335,5;;365,3;;;;;;;;;;;;;;;;;;;;;;;;;;;;
Phoenix;;;;;;;;415,1;;;407,2;428,2;438,3;;;;;;;;;;;;;;;;;;;;;;;
SantaFe;;;;;;;;;;421,2;;441,6;483,6;;;;;447,0;;;;;;;;;;;;;;;;;;
Denver;;;;;317,7;342,1;;;;404,8;421,4;;;;;391,2;433,8;465,6;;;;;;;;;;;;;;;;;;
ElPaso;;;;;;;;429,7;;399,9;421,5;;;;;;;479,3;977,1;485,9;;;;;;;;;;;;;;;;
Winnipeg;;;148,9;;253,8;;;;;;;;;;371,3;;;;;;;;;150,2;;;;;;;;;;;;
Duluth;;;;;323,9;;;;;;;;;233,8;;;;;;;;;482,0;;321,2;;;;;;;;;;;
Omaha;;;;;301,5;;;;;;;396,5;;;;;;;;;;;441,3;;;;;;;;;;;;;
KansasCity;;;;;;;;;;;;385,2;;;;;;;;;;487,4;;;;;;;;;;;;;;
OklahomaCity;;;;;;;;;;;415,2;416,7;508,6;;;;;;;491,7;509,1;;;;;;;;;;;;;;;
Houston;;;;;;;;;;;;;520,6;;;;;;;478,7;;;;;;;;;;;;;;;924,0;
Dallas;;;;;;;;;;;;;474,9;;;;;478,1;572,4;;532,9;;;;;;;;;;;;;;;
LittleRock;;;;;;;;;;;;;;;;;;473,0;;477,8;;455,9;;;;;;;;;;;;;717,1;610,3
SaintLouis;;;;;;;;;;;;;;;;;422,3;;;;550,8;;391,6;;;;;;533,7;;;;;;;535,9
Chicago;;;;;;;;;;;;;;;353,3;365,1;;;;;;489,1;;;334,8;;;;556,3;;;;;;;
SaultStMarie;;;;;;;;;;;;;;152,4;;;;;;;;;;;278,3;177,2;;;;;;;;;;
Toronto;;;;;;;;;;;;;;;240,4;;;;;;;;391,7;100,1;;139,0;;;473,7;;;;;;;
Montreal;;;;;;;;;;;;;;;;;;;;;;;;97,7;385,8;;144,8;235,2;;;;;;;;
Boston;;;;;;;;;;;;;;;;;;;;;;;;;;180,2;;295,2;;;;;;;;
NewYork;;;;;;;;;;;;;;;;;;;;;;;;;;238,8;203,6;;507,7;384,8;;;;;;
Pittsburgh;;;;;;;;;;;;;;;;;;;;;;541,4;458,2;;372,9;;;368,9;;370,7;603,2;;;;;738,8
Washington;;;;;;;;;;;;;;;;;;;;;;;;;;;;347,6;407,7;;617,8;;;;;
Raleigh;;;;;;;;;;;;;;;;;;;;;;;;;;;;;588,0;481,6;;;714,1;;;635,4
Atlanta;;;;;;;;;;;;;;;;;;;;;;;;;;;;;;;;;1000,0;1000,0;1000,0;1000,0
Charleston;;;;;;;;;;;;;;;;;;;;;;;;;;;;;;;534,3;901,9;;729,8;;
Miami;;;;;;;;;;;;;;;;;;;;;;;;;;;;;;;;905,0;719,4;;758,4;
NewOrleans;;;;;;;;;;;;;;;;;;;660,2;;566,4;;;;;;;;;;;984,0;;798,6;;
Nashville;;;;;;;;;;;;;;;;;;;;;578,3;519,3;;;;;;;484,7;;565,7;901,0;;;;
Step_8000;Vancouver;Seattle;Calgary;Portland;Helena;SaltLakeCity;SanFrancisco;LosAngeles;LasVegas;Phoenix;SantaFe;Denver;ElPaso;Winnipeg;Duluth;Omaha;KansasCity;OklahomaCity;Houston;Dallas;LittleRock;SaintLouis;Chicago;SaultStMarie;Toronto;Montreal;Boston;NewYork;Pittsburgh;Washington;Raleigh;Atlanta;Charleston;Miami;NewOrleans;Nashville
Vancouver;;296,2;238,6;;;;;;;;;;;;;;;;;;;;;;;;;;;;;;;;;
Seattle;253,5;;298,8;287,5;303,8;;;;;;;;;;;;;;;;;;;;;;;;;;;;;;;
Calgary;259,9;272,2;;;326,5;;;;;;;;;244,2;;;;;;;;;;;;;;;;;;;;;;
Portland;;281,1;;;;365,1;338,0;;;;;;;;;;;;;;;;;;;;;;;;;;;;;
Helena;;283,6;279,6;;;331,4;;;;;;422,1;;311,5;343,0;391,1;;;;;;;;;;;;;;;;;;;;
SaltLakeCity;;;;313,3;337,4;;337,0;;333,7;;;973,5;;;;;;;;;;;;;;;;;;;;;;;;
SanFrancisco;;;;309,6;;993,0;;350,2;;;;;;;;;;;;;;;;;;;;;;;;;;;;
LosAngeles;;;;;;;318,9;;336,0;395,5;;;518,0;;;;;;;;;;;;;;;;;;;;;;;
LasVegas;;;;;;362,5;;355,4;;;;;;;;;;;;;;;;;;;;;;;;;;;;
Phoenix;;;;;;;;388,0;;;419,0;411,9;461,2;;;;;;;;;;;;;;;;;;;;;;;
SantaFe;;;;;;;;;;404,7;;393,4;475,6;;;;;561,0;;;;;;;;;;;;;;;;;;
Denver;;;;;314,8;350,0;;;;412,5;451,7;;;;;384,4;448,2;889,3;;;;;;;;;;;;;;;;;;
ElPaso;;;;;;;;401,1;;415,3;424,2;;;;;;;449,1;597,3;500,5;;;;;;;;;;;;;;;;
Winnipeg;;;256,4;;323,9;;;;;;;;;;392,0;;;;;;;;;301,3;;;;;;;;;;;;
Duluth;;;;;340,6;;;;;;;;;315,0;;;;;;;;;440,0;;410,2;;;;;;;;;;;
Omaha;;;;;345,6;;;;;;;406,2;;;;;;;;;;;484,8;;;;;;;;;;;;;
KansasCity;;;;;;;;;;;;411,4;;;;;;;;;;604,5;;;;;;;;;;;;;;
OklahomaCity;;;;;;;;;;;433,7;402,7;480,7;;;;;;;464,0;899,7;;;;;;;;;;;;;;;
Houston;;;;;;;;;;;;;476,8;;;;;;;491,3;;;;;;;;;;;;;;;773,3;
Dallas;;;;;;;;;;;;;464,5;;;;;516,4;542,8;;608,1;;;;;;;;;;;;;;;
LittleRock;;;;;;;;;;;;;;;;;;500,6;;487,0;;511,5;;;;;;;;;;;;;1007,0;604,7
SaintLouis;;;;;;;;;;;;;;;;;485,3;;;;598,0;;439,6;;;;;;590,1;;;;;;;741,0
Chicago;;;;;;;;;;;;;;;387,9;418,6;;;;;;535,9;;;340,8;;;;531,3;;;;;;;
SaultStMarie;;;;;;;;;;;;;;204,3;;;;;;;;;;;432,9;235,1;;;;;;;;;;
Toronto;;;;;;;;;;;;;;;379,1;;;;;;;;457,3;302,6;;321,8;;;536,6;;;;;;;
Montreal;;;;;;;;;;;;;;;;;;;;;;;;211,7;437,0;;273,2;282,1;;;;;;;;
Boston;;;;;;;;;;;;;;;;;;;;;;;;;;325,2;;403,3;;;;;;;;
NewYork;;;;;;;;;;;;;;;;;;;;;;;;;;291,8;305,0;;558,7;514,8;;;;;;
Pittsburgh;;;;;;;;;;;;;;;;;;;;;;552,1;486,8;;431,9;;;411,5;;507,3;625,7;;;;;758,1
Washington;;;;;;;;;;;;;;;;;;;;;;;;;;;;409,5;567,2;;604,9;;;;;
Raleigh;;;;;;;;;;;;;;;;;;;;;;;;;;;;;578,7;540,5;;;786,0;;;710,9
Atlanta;;;;;;;;;;;;;;;;;;;;;;;;;;;;;;;;;1000,0;1000,0;1000,0;1000,0
Charleston;;;;;;;;;;;;;;;;;;;;;;;;;;;;;;;590,0;902,0;;776,8;;
Miami;;;;;;;;;;;;;;;;;;;;;;;;;;;;;;;;905,0;767,6;;799,4;
NewOrleans;;;;;;;;;;;;;;;;;;;572,8;;561,0;;;;;;;;;;;1004,0;;810,3;;
Nashville;;;;;;;;;;;;;;;;;;;;;591,0;540,4;;;;;;;558,7;;591,5;901,0;;;;
Step_12000;Vancouver;Seattle;Calgary;Portland;Helena;SaltLakeCity;SanFrancisco;LosAngeles;LasVegas;Phoenix;SantaFe;Denver;ElPaso;Winnipeg;Duluth;Omaha;KansasCity;OklahomaCity;Houston;Dallas;LittleRock;SaintLouis;Chicago;SaultStMarie;Toronto;Montreal;Boston;NewYork;Pittsburgh;Washington;Raleigh;Atlanta;Charleston;Miami;NewOrleans;Nashville
Vancouver;;277,7;310,5;;;;;;;;;;;;;;;;;;;;;;;;;;;;;;;;;
Seattle;272,6;;297,4;307,9;316,5;;;;;;;;;;;;;;;;;;;;;;;;;;;;;;;
Calgary;269,8;281,9;;;344,1;;;;;;;;;341,6;;;;;;;;;;;;;;;;;;;;;;
Portland;;284,0;;;;334,4;457,2;;;;;;;;;;;;;;;;;;;;;;;;;;;;;
Helena;;277,5;287,5;;;350,5;;;;;;401,0;;343,6;378,1;376,2;;;;;;;;;;;;;;;;;;;;
SaltLakeCity;;;;332,4;329,8;;332,8;;347,8;;;391,4;;;;;;;;;;;;;;;;;;;;;;;;
SanFrancisco;;;;312,6;;356,9;;895,8;;;;;;;;;;;;;;;;;;;;;;;;;;;;
LosAngeles;;;;;;;435,8;;359,6;429,9;;;890,3;;;;;;;;;;;;;;;;;;;;;;;
LasVegas;;;;;;319,1;;439,9;;;;;;;;;;;;;;;;;;;;;;;;;;;;
Phoenix;;;;;;;;391,7;;;440,6;378,5;494,3;;;;;;;;;;;;;;;;;;;;;;;
SantaFe;;;;;;;;;;422,4;;411,7;473,4;;;;;523,7;;;;;;;;;;;;;;;;;;
Denver;;;;;349,5;358,0;;;;424,3;433,3;;;;;378,5;454,7;515,7;;;;;;;;;;;;;;;;;;
ElPaso;;;;;;;;436,3;;414,8;422,3;;;;;;;506,9;1012,0;477,1;;;;;;;;;;;;;;;;
Winnipeg;;;324,6;;333,8;;;;;;;;;;392,8;;;;;;;;;349,5;;;;;;;;;;;;
Duluth;;;;;322,5;;;;;;;;;336,8;;;;;;;;;459,0;;401,8;;;;;;;;;;;
Omaha;;;;;349,0;;;;;;;406,2;;;;;;;;;;;428,5;;;;;;;;;;;;;
KansasCity;;;;;;;;;;;;414,9;;;;;;;;;;595,5;;;;;;;;;;;;;;
OklahomaCity;;;;;;;;;;;404,7;417,4;491,6;;;;;;;500,7;635,0;;;;;;;;;;;;;;;
Houston;;;;;;;;;;;;;512,6;;;;;;;530,7;;;;;;;;;;;;;;;1006,0;
Dallas;;;;;;;;;;;;;474,4;;;;;462,8;548,7;;574,0;;;;;;;;;;;;;;;
LittleRock;;;;;;;;;;;;;;;;;;496,2;;531,5;;592,6;;;;;;;;;;;;;786,3;654,1
SaintLouis;;;;;;;;;;;;;;;;;481,2;;;;588,7;;472,3;;;;;;528,6;;;;;;;687,2
Chicago;;;;;;;;;;;;;;;390,6;383,3;;;;;;527,9;;;432,6;;;;521,4;;;;;;;
SaultStMarie;;;;;;;;;;;;;;334,0;;;;;;;;;;;416,5;237,3;;;;;;;;;;
Toronto;;;;;;;;;;;;;;;415,4;;;;;;;;475,8;330,8;;373,5;;;480,0;;;;;;;
Montreal;;;;;;;;;;;;;;;;;;;;;;;;276,3;409,9;;304,8;447,2;;;;;;;;
Boston;;;;;;;;;;;;;;;;;;;;;;;;;;347,0;;423,7;;;;;;;;
NewYork;;;;;;;;;;;;;;;;;;;;;;;;;;381,3;371,3;;536,3;487,3;;;;;;
Pittsburgh;;;;;;;;;;;;;;;;;;;;;;538,1;467,6;;455,1;;;485,1;;505,3;573,9;;;;;648,7
Washington;;;;;;;;;;;;;;;;;;;;;;;;;;;;427,1;544,5;;591,4;;;;;
Raleigh;;;;;;;;;;;;;;;;;;;;;;;;;;;;;542,2;505,6;;;686,6;;;670,9
Atlanta;;;;;;;;;;;;;;;;;;;;;;;;;;;;;;;;;1000,0;1000,0;1000,0;1000,0
Charleston;;;;;;;;;;;;;;;;;;;;;;;;;;;;;;;604,1;902,0;;701,9;;
Miami;;;;;;;;;;;;;;;;;;;;;;;;;;;;;;;;905,0;795,4;;660,9;
NewOrleans;;;;;;;;;;;;;;;;;;;547,9;;632,7;;;;;;;;;;;984,0;;792,4;;
Nashville;;;;;;;;;;;;;;;;;;;;;609,8;529,5;;;;;;;519,7;;583,5;901,0;;;;
Step_16000;Vancouver;Seattle;Calgary;Portland;Helena;SaltLakeCity;SanFrancisco;LosAngeles;LasVegas;Phoenix;SantaFe;Denver;ElPaso;Winnipeg;Duluth;Omaha;KansasCity;OklahomaCity;Houston;Dallas;LittleRock;SaintLouis;Chicago;SaultStMarie;Toronto;Montreal;Boston;NewYork;Pittsburgh;Washington;Raleigh;Atlanta;Charleston;Miami;NewOrleans;Nashville
Vancouver;;293,2;292,4;;;;;;;;;;;;;;;;;;;;;;;;;;;;;;;;;
Seattle;266,5;;311,4;310,7;338,7;;;;;;;;;;;;;;;;;;;;;;;;;;;;;;;
Calgary;264,7;297,6;;;344,1;;;;;;;;;325,3;;;;;;;;;;;;;;;;;;;;;;
Portland;;294,2;;;;338,8;351,2;;;;;;;;;;;;;;;;;;;;;;;;;;;;;
Helena;;309,1;296,3;;;350,3;;;;;;369,3;;328,6;371,2;417,8;;;;;;;;;;;;;;;;;;;;
SaltLakeCity;;;;309,7;319,8;;370,1;;327,7;;;407,1;;;;;;;;;;;;;;;;;;;;;;;;
SanFrancisco;;;;313,6;;348,0;;877,7;;;;;;;;;;;;;;;;;;;;;;;;;;;;
LosAngeles;;;;;;;353,2;;335,1;392,4;;;1018,0;;;;;;;;;;;;;;;;;;;;;;;
LasVegas;;;;;;344,4;;389,5;;;;;;;;;;;;;;;;;;;;;;;;;;;;
Phoenix;;;;;;;;368,6;;;442,0;413,1;454,9;;;;;;;;;;;;;;;;;;;;;;;
SantaFe;;;;;;;;;;430,1;;443,4;468,3;;;;;467,7;;;;;;;;;;;;;;;;;;
Denver;;;;;353,8;332,4;;;;411,5;442,4;;;;;405,6;457,5;470,2;;;;;;;;;;;;;;;;;;
ElPaso;;;;;;;;406,1;;397,0;442,3;;;;;;;454,5;1012,0;513,1;;;;;;;;;;;;;;;;
Winnipeg;;;306,5;;367,8;;;;;;;;;;371,2;;;;;;;;;349,7;;;;;;;;;;;;
Duluth;;;;;334,9;;;;;;;;;333,5;;;;;;;;;440,9;;413,6;;;;;;;;;;;
Omaha;;;;;324,1;;;;;;;422,4;;;;;;;;;;;456,9;;;;;;;;;;;;;
KansasCity;;;;;;;;;;;;415,6;;;;;;;;;;514,1;;;;;;;;;;;;;;
OklahomaCity;;;;;;;;;;;441,1;430,1;479,0;;;;;;;518,1;591,9;;;;;;;;;;;;;;;
Houston;;;;;;;;;;;;;470,8;;;;;;;489,0;;;;;;;;;;;;;;;1006,0;
Dallas;;;;;;;;;;;;;438,8;;;;;501,1;533,2;;617,4;;;;;;;;;;;;;;;
LittleRock;;;;;;;;;;;;;;;;;;467,5;;555,5;;508,0;;;;;;;;;;;;;745,7;585,0
SaintLouis;;;;;;;;;;;;;;;;;502,3;;;;613,5;;480,7;;;;;;537,8;;;;;;;747,7
Chicago;;;;;;;;;;;;;;;348,2;400,5;;;;;;591,4;;;470,7;;;;499,0;;;;;;;
SaultStMarie;;;;;;;;;;;;;;332,2;;;;;;;;;;;429,1;319,5;;;;;;;;;;
Toronto;;;;;;;;;;;;;;;384,1;;;;;;;;462,2;340,0;;405,6;;;567,6;;;;;;;
Montreal;;;;;;;;;;;;;;;;;;;;;;;;302,3;420,3;;413,4;466,0;;;;;;;;
Boston;;;;;;;;;;;;;;;;;;;;;;;;;;383,1;;479,7;;;;;;;;
NewYork;;;;;;;;;;;;;;;;;;;;;;;;;;367,9;425,0;;560,2;520,9;;;;;;
Pittsburgh;;;;;;;;;;;;;;;;;;;;;;587,0;461,8;;421,9;;;459,3;;482,5;638,9;;;;;775,9
Washington;;;;;;;;;;;;;;;;;;;;;;;;;;;;470,5;579,1;;631,7;;;;;
Raleigh;;;;;;;;;;;;;;;;;;;;;;;;;;;;;529,6;488,6;;;766,8;;;719,1
Atlanta;;;;;;;;;;;;;;;;;;;;;;;;;;;;;;;;;1000,0;1000,0;1000,0;1000,0
Charleston;;;;;;;;;;;;;;;;;;;;;;;;;;;;;;;598,8;902,0;;751,5;;
Miami;;;;;;;;;;;;;;;;;;;;;;;;;;;;;;;;905,0;768,9;;706,2;
NewOrleans;;;;;;;;;;;;;;;;;;;685,8;;585,6;;;;;;;;;;;1004,0;;764,3;;
Nashville;;;;;;;;;;;;;;;;;;;;;604,2;577,1;;;;;;;584,0;;633,8;901,0;;;;
Step_20000;Vancouver;Seattle;Calgary;Portland;Helena;SaltLakeCity;SanFrancisco;LosAngeles;LasVegas;Phoenix;SantaFe;Denver;ElPaso;Winnipeg;Duluth;Omaha;KansasCity;OklahomaCity;Houston;Dallas;LittleRock;SaintLouis;Chicago;SaultStMarie;Toronto;Montreal;Boston;NewYork;Pittsburgh;Washington;Raleigh;Atlanta;Charleston;Miami;NewOrleans;Nashville
Vancouver;;281,9;306,6;;;;;;;;;;;;;;;;;;;;;;;;;;;;;;;;;
Seattle;266,3;;292,3;288,7;350,3;;;;;;;;;;;;;;;;;;;;;;;;;;;;;;;
Calgary;260,4;286,5;;;319,1;;;;;;;;;350,7;;;;;;;;;;;;;;;;;;;;;;
Portland;;274,0;;;;343,1;336,3;;;;;;;;;;;;;;;;;;;;;;;;;;;;;
Helena;;287,7;292,5;;;351,5;;;;;;384,5;;361,9;366,7;376,8;;;;;;;;;;;;;;;;;;;;
SaltLakeCity;;;;304,3;329,8;;341,4;;338,5;;;437,7;;;;;;;;;;;;;;;;;;;;;;;;
SanFrancisco;;;;298,3;;364,1;;1021,0;;;;;;;;;;;;;;;;;;;;;;;;;;;;
LosAngeles;;;;;;;340,9;;331,9;1018,0;;;413,7;;;;;;;;;;;;;;;;;;;;;;;
LasVegas;;;;;;336,3;;368,0;;;;;;;;;;;;;;;;;;;;;;;;;;;;
Phoenix;;;;;;;;409,7;;;436,4;425,4;1015,0;;;;;;;;;;;;;;;;;;;;;;;
SantaFe;;;;;;;;;;419,4;;413,9;442,4;;;;;535,8;;;;;;;;;;;;;;;;;;
Denver;;;;;332,2;354,8;;;;431,8;440,2;;;;;418,7;446,5;500,8;;;;;;;;;;;;;;;;;;
ElPaso;;;;;;;;385,0;;404,1;446,8;;;;;;;479,6;1012,0;512,8;;;;;;;;;;;;;;;;
Winnipeg;;;284,0;;350,7;;;;;;;;;;422,0;;;;;;;;;388,3;;;;;;;;;;;;
Duluth;;;;;321,1;;;;;;;;;327,1;;;;;;;;;496,1;;461,1;;;;;;;;;;;
Omaha;;;;;323,1;;;;;;;450,8;;;;;;;;;;;461,7;;;;;;;;;;;;;
KansasCity;;;;;;;;;;;;401,0;;;;;;;;;;515,0;;;;;;;;;;;;;;
OklahomaCity;;;;;;;;;;;425,5;377,1;473,1;;;;;;;500,3;635,3;;;;;;;;;;;;;;;
Houston;;;;;;;;;;;;;466,3;;;;;;;536,8;;;;;;;;;;;;;;;1006,0;
Dallas;;;;;;;;;;;;;491,9;;;;;497,1;605,2;;606,9;;;;;;;;;;;;;;;
LittleRock;;;;;;;;;;;;;;;;;;514,3;;554,2;;550,0;;;;;;;;;;;;;795,7;632,7
SaintLouis;;;;;;;;;;;;;;;;;428,8;;;;618,1;;486,8;;;;;;501,1;;;;;;;662,9
Chicago;;;;;;;;;;;;;;;388,2;408,6;;;;;;516,5;;;478,0;;;;539,9;;;;;;;
SaultStMarie;;;;;;;;;;;;;;345,2;;;;;;;;;;;492,4;383,5;;;;;;;;;;
Toronto;;;;;;;;;;;;;;;401,1;;;;;;;;457,9;387,2;;411,1;;;581,8;;;;;;;
Montreal;;;;;;;;;;;;;;;;;;;;;;;;333,5;408,8;;380,4;475,1;;;;;;;;
Boston;;;;;;;;;;;;;;;;;;;;;;;;;;370,0;;473,0;;;;;;;;
NewYork;;;;;;;;;;;;;;;;;;;;;;;;;;372,5;415,8;;544,0;508,3;;;;;;
Pittsburgh;;;;;;;;;;;;;;;;;;;;;;562,3;467,7;;392,9;;;449,5;;482,2;610,0;;;;;694,1
Washington;;;;;;;;;;;;;;;;;;;;;;;;;;;;441,2;540,9;;621,4;;;;;
Raleigh;;;;;;;;;;;;;;;;;;;;;;;;;;;;;531,6;550,0;;;695,2;;;745,7
Atlanta;;;;;;;;;;;;;;;;;;;;;;;;;;;;;;;;;1000,0;1000,0;1000,0;1000,0
Charleston;;;;;;;;;;;;;;;;;;;;;;;;;;;;;;;646,1;902,0;;795,0;;
Miami;;;;;;;;;;;;;;;;;;;;;;;;;;;;;;;;905,0;762,9;;687,2;
NewOrleans;;;;;;;;;;;;;;;;;;;589,9;;653,8;;;;;;;;;;;1004,0;;807,7;;
Nashville;;;;;;;;;;;;;;;;;;;;;629,8;622,7;;;;;;;645,8;;637,5;901,0;;;;
Step_24000;Vancouver;Seattle;Calgary;Portland;Helena;SaltLakeCity;SanFrancisco;LosAngeles;LasVegas;Phoenix;SantaFe;Denver;ElPaso;Winnipeg;Duluth;Omaha;KansasCity;OklahomaCity;Houston;Dallas;LittleRock;SaintLouis;Chicago;SaultStMarie;Toronto;Montreal;Boston;NewYork;Pittsburgh;Washington;Raleigh;Atlanta;Charleston;Miami;NewOrleans;Nashville
Vancouver;;288,3;292,2;;;;;;;;;;;;;;;;;;;;;;;;;;;;;;;;;
Seattle;266,9;;304,9;305,3;377,8;;;;;;;;;;;;;;;;;;;;;;;;;;;;;;;
Calgary;263,9;297,6;;;355,5;;;;;;;;;333,8;;;;;;;;;;;;;;;;;;;;;;
Portland;;295,2;;;;341,9;323,5;;;;;;;;;;;;;;;;;;;;;;;;;;;;;
Helena;;294,5;305,2;;;372,8;;;;;;431,1;;359,9;401,5;373,4;;;;;;;;;;;;;;;;;;;;
SaltLakeCity;;;;305,2;353,1;;326,3;;334,8;;;424,3;;;;;;;;;;;;;;;;;;;;;;;;
SanFrancisco;;;;287,2;;338,0;;996,2;;;;;;;;;;;;;;;;;;;;;;;;;;;;
LosAngeles;;;;;;;325,5;;341,6;993,3;;;388,0;;;;;;;;;;;;;;;;;;;;;;;
LasVegas;;;;;;365,4;;374,9;;;;;;;;;;;;;;;;;;;;;;;;;;;;
Phoenix;;;;;;;;375,7;;;412,2;400,1;990,4;;;;;;;;;;;;;;;;;;;;;;;
SantaFe;;;;;;;;;;395,4;;420,3;400,4;;;;;462,9;;;;;;;;;;;;;;;;;;
Denver;;;;;353,5;364,3;;;;407,9;421,3;;;;;394,3;452,4;473,9;;;;;;;;;;;;;;;;;;
ElPaso;;;;;;;;351,9;;394,6;386,4;;;;;;;494,7;987,6;513,5;;;;;;;;;;;;;;;;
Winnipeg;;;315,0;;364,7;;;;;;;;;;399,4;;;;;;;;;365,7;;;;;;;;;;;;
Duluth;;;;;339,7;;;;;;;;;345,5;;;;;;;;;442,0;;456,4;;;;;;;;;;;
Omaha;;;;;359,9;;;;;;;405,2;;;;;;;;;;;446,6;;;;;;;;;;;;;
KansasCity;;;;;;;;;;;;422,7;;;;;;;;;;539,6;;;;;;;;;;;;;;
OklahomaCity;;;;;;;;;;;434,7;420,0;471,7;;;;;;;509,7;610,9;;;;;;;;;;;;;;;
Houston;;;;;;;;;;;;;495,9;;;;;;;544,1;;;;;;;;;;;;;;;982,3;
Dallas;;;;;;;;;;;;;483,5;;;;;489,6;632,8;;567,2;;;;;;;;;;;;;;;
LittleRock;;;;;;;;;;;;;;;;;;490,3;;504,0;;522,8;;;;;;;;;;;;;686,7;656,8
SaintLouis;;;;;;;;;;;;;;;;;469,6;;;;561,1;;439,2;;;;;;477,5;;;;;;;674,4
Chicago;;;;;;;;;;;;;;;407,8;405,7;;;;;;485,1;;;443,1;;;;498,0;;;;;;;
SaultStMarie;;;;;;;;;;;;;;327,6;;;;;;;;;;;447,1;402,0;;;;;;;;;;
Toronto;;;;;;;;;;;;;;;388,7;;;;;;;;448,0;380,5;;396,1;;;593,8;;;;;;;
Montreal;;;;;;;;;;;;;;;;;;;;;;;;339,9;424,2;;403,7;469,0;;;;;;;;
Boston;;;;;;;;;;;;;;;;;;;;;;;;;;394,6;;461,5;;;;;;;;
NewYork;;;;;;;;;;;;;;;;;;;;;;;;;;397,8;407,9;;534,2;466,8;;;;;;
Pittsburgh;;;;;;;;;;;;;;;;;;;;;;571,1;464,2;;460,7;;;467,8;;459,9;572,6;;;;;710,1
Washington;;;;;;;;;;;;;;;;;;;;;;;;;;;;421,0;498,5;;581,9;;;;;
Raleigh;;;;;;;;;;;;;;;;;;;;;;;;;;;;;499,1;478,6;;;725,0;;;690,5
Atlanta;;;;;;;;;;;;;;;;;;;;;;;;;;;;;;;;;1000,0;1000,0;1000,0;1000,0
Charleston;;;;;;;;;;;;;;;;;;;;;;;;;;;;;;;642,6;902,0;;797,1;;
Miami;;;;;;;;;;;;;;;;;;;;;;;;;;;;;;;;905,0;765,0;;727,1;
NewOrleans;;;;;;;;;;;;;;;;;;;504,5;;586,7;;;;;;;;;;;984,0;;801,6;;
Nashville;;;;;;;;;;;;;;;;;;;;;629,8;535,8;;;;;;;547,6;;617,0;901,0;;;;
Step_28000;Vancouver;Seattle;Calgary;Portland;Helena;SaltLakeCity;SanFrancisco;LosAngeles;LasVegas;Phoenix;SantaFe;Denver;ElPaso;Winnipeg;Duluth;Omaha;KansasCity;OklahomaCity;Houston;Dallas;LittleRock;SaintLouis;Chicago;SaultStMarie;Toronto;Montreal;Boston;NewYork;Pittsburgh;Washington;Raleigh;Atlanta;Charleston;Miami;NewOrleans;Nashville
Vancouver;;287,9;291,1;;;;;;;;;;;;;;;;;;;;;;;;;;;;;;;;;
Seattle;263,6;;287,1;305,1;334,3;;;;;;;;;;;;;;;;;;;;;;;;;;;;;;;
Calgary;266,8;289,7;;;319,8;;;;;;;;;365,0;;;;;;;;;;;;;;;;;;;;;;
Portland;;300,7;;;;328,9;329,7;;;;;;;;;;;;;;;;;;;;;;;;;;;;;
Helena;;306,6;311,2;;;349,0;;;;;;391,9;;330,0;397,1;370,4;;;;;;;;;;;;;;;;;;;;
SaltLakeCity;;;;294,8;352,6;;322,5;;337,8;;;397,1;;;;;;;;;;;;;;;;;;;;;;;;
SanFrancisco;;;;298,3;;309,5;;996,0;;;;;;;;;;;;;;;;;;;;;;;;;;;;
LosAngeles;;;;;;;331,2;;359,7;403,8;;;992,1;;;;;;;;;;;;;;;;;;;;;;;
LasVegas;;;;;;334,0;;413,3;;;;;;;;;;;;;;;;;;;;;;;;;;;;
Phoenix;;;;;;;;399,5;;;430,6;379,4;479,8;;;;;;;;;;;;;;;;;;;;;;;
SantaFe;;;;;;;;;;399,1;;411,9;480,7;;;;;491,1;;;;;;;;;;;;;;;;;;
Denver;;;;;332,1;328,4;;;;407,6;441,3;;;;;409,9;472,1;424,9;;;;;;;;;;;;;;;;;;
ElPaso;;;;;;;;430,8;;394,7;419,3;;;;;;;494,9;980,3;523,7;;;;;;;;;;;;;;;;
Winnipeg;;;285,8;;328,9;;;;;;;;;;423,6;;;;;;;;;371,4;;;;;;;;;;;;
Duluth;;;;;351,0;;;;;;;;;331,5;;;;;;;;;484,3;;427,7;;;;;;;;;;;
Omaha;;;;;335,9;;;;;;;402,9;;;;;;;;;;;489,3;;;;;;;;;;;;;
KansasCity;;;;;;;;;;;;394,4;;;;;;;;;;570,2;;;;;;;;;;;;;;
OklahomaCity;;;;;;;;;;;445,0;391,9;473,6;;;;;;;513,2;599,3;;;;;;;;;;;;;;;
Houston;;;;;;;;;;;;;502,7;;;;;;;501,5;;;;;;;;;;;;;;;941,8;
Dallas;;;;;;;;;;;;;493,7;;;;;462,0;579,5;;590,3;;;;;;;;;;;;;;;
LittleRock;;;;;;;;;;;;;;;;;;521,0;;510,4;;561,4;;;;;;;;;;;;;727,3;613,1
SaintLouis;;;;;;;;;;;;;;;;;494,7;;;;579,0;;465,4;;;;;;584,9;;;;;;;789,1
Chicago;;;;;;;;;;;;;;;419,5;361,7;;;;;;574,8;;;475,9;;;;463,1;;;;;;;
SaultStMarie;;;;;;;;;;;;;;340,6;;;;;;;;;;;462,0;375,9;;;;;;;;;;
Toronto;;;;;;;;;;;;;;;405,6;;;;;;;;428,6;371,2;;375,4;;;591,4;;;;;;;
Montreal;;;;;;;;;;;;;;;;;;;;;;;;363,2;400,3;;398,9;440,5;;;;;;;;
Boston;;;;;;;;;;;;;;;;;;;;;;;;;;393,1;;479,8;;;;;;;;
NewYork;;;;;;;;;;;;;;;;;;;;;;;;;;366,1;405,0;;550,3;472,8;;;;;;
Pittsburgh;;;;;;;;;;;;;;;;;;;;;;546,5;459,5;;427,2;;;450,3;;461,1;576,6;;;;;721,0
Washington;;;;;;;;;;;;;;;;;;;;;;;;;;;;441,8;508,1;;548,8;;;;;
Raleigh;;;;;;;;;;;;;;;;;;;;;;;;;;;;;520,8;470,9;;;707,1;;;665,0
Atlanta;;;;;;;;;;;;;;;;;;;;;;;;;;;;;;;;;1000,0;1000,0;1000,0;1000,0
Charleston;;;;;;;;;;;;;;;;;;;;;;;;;;;;;;;557,6;902,0;;780,0;;
Miami;;;;;;;;;;;;;;;;;;;;;;;;;;;;;;;;905,0;695,9;;693,1;
NewOrleans;;;;;;;;;;;;;;;;;;;582,7;;624,1;;;;;;;;;;;1004,0;;758,7;;
Nashville;;;;;;;;;;;;;;;;;;;;;557,1;581,6;;;;;;;520,8;;577,9;901,0;;;;
Step_32000;Vancouver;Seattle;Calgary;Portland;Helena;SaltLakeCity;SanFrancisco;LosAngeles;LasVegas;Phoenix;SantaFe;Denver;ElPaso;Winnipeg;Duluth;Omaha;KansasCity;OklahomaCity;Houston;Dallas;LittleRock;SaintLouis;Chicago;SaultStMarie;Toronto;Montreal;Boston;NewYork;Pittsburgh;Washington;Raleigh;Atlanta;Charleston;Miami;NewOrleans;Nashville
Vancouver;;278,3;298,6;;;;;;;;;;;;;;;;;;;;;;;;;;;;;;;;;
Seattle;267,4;;304,9;301,6;334,5;;;;;;;;;;;;;;;;;;;;;;;;;;;;;;;
Calgary;263,3;284,8;;;329,8;;;;;;;;;341,7;;;;;;;;;;;;;;;;;;;;;;
Portland;;285,4;;;;335,0;310,5;;;;;;;;;;;;;;;;;;;;;;;;;;;;;
Helena;;282,1;305,9;;;338,1;;;;;;367,7;;309,4;363,6;417,2;;;;;;;;;;;;;;;;;;;;
SaltLakeCity;;;;298,1;341,3;;333,5;;336,9;;;395,3;;;;;;;;;;;;;;;;;;;;;;;;
SanFrancisco;;;;282,9;;327,6;;996,2;;;;;;;;;;;;;;;;;;;;;;;;;;;;
LosAngeles;;;;;;;322,4;;343,6;400,6;;;993,4;;;;;;;;;;;;;;;;;;;;;;;
LasVegas;;;;;;337,0;;387,3;;;;;;;;;;;;;;;;;;;;;;;;;;;;
Phoenix;;;;;;;;359,1;;;420,6;414,9;454,5;;;;;;;;;;;;;;;;;;;;;;;
SantaFe;;;;;;;;;;372,3;;427,5;477,7;;;;;493,6;;;;;;;;;;;;;;;;;;
Denver;;;;;335,9;351,5;;;;399,4;404,7;;;;;396,8;462,0;463,5;;;;;;;;;;;;;;;;;;
ElPaso;;;;;;;;359,3;;398,1;427,8;;;;;;;485,4;987,6;501,3;;;;;;;;;;;;;;;;
Winnipeg;;;290,7;;330,3;;;;;;;;;;382,9;;;;;;;;;349,3;;;;;;;;;;;;
Duluth;;;;;351,7;;;;;;;;;335,3;;;;;;;;;435,4;;411,1;;;;;;;;;;;
Omaha;;;;;331,9;;;;;;;422,0;;;;;;;;;;;471,9;;;;;;;;;;;;;
KansasCity;;;;;;;;;;;;411,0;;;;;;;;;;557,4;;;;;;;;;;;;;;
OklahomaCity;;;;;;;;;;;413,7;375,9;431,5;;;;;;;499,3;601,9;;;;;;;;;;;;;;;
Houston;;;;;;;;;;;;;490,3;;;;;;;477,2;;;;;;;;;;;;;;;982,3;
Dallas;;;;;;;;;;;;;459,4;;;;;506,7;525,2;;606,4;;;;;;;;;;;;;;;
LittleRock;;;;;;;;;;;;;;;;;;484,5;;505,1;;594,4;;;;;;;;;;;;;778,4;661,5
SaintLouis;;;;;;;;;;;;;;;;;455,0;;;;590,2;;446,9;;;;;;595,1;;;;;;;684,1
Chicago;;;;;;;;;;;;;;;401,3;419,8;;;;;;565,6;;;444,5;;;;607,5;;;;;;;
SaultStMarie;;;;;;;;;;;;;;326,8;;;;;;;;;;;449,0;390,1;;;;;;;;;;
Toronto;;;;;;;;;;;;;;;359,0;;;;;;;;494,1;360,9;;415,7;;;521,2;;;;;;;
Montreal;;;;;;;;;;;;;;;;;;;;;;;;371,7;373,5;;391,2;476,1;;;;;;;;
Boston;;;;;;;;;;;;;;;;;;;;;;;;;;393,9;;457,7;;;;;;;;
NewYork;;;;;;;;;;;;;;;;;;;;;;;;;;385,0;397,6;;535,0;551,5;;;;;;
Pittsburgh;;;;;;;;;;;;;;;;;;;;;;533,6;442,1;;408,7;;;426,6;;506,5;569,4;;;;;659,7
Washington;;;;;;;;;;;;;;;;;;;;;;;;;;;;421,3;548,5;;642,6;;;;;
Raleigh;;;;;;;;;;;;;;;;;;;;;;;;;;;;;546,0;535,4;;;742,6;;;710,8
Atlanta;;;;;;;;;;;;;;;;;;;;;;;;;;;;;;;;;1000,0;1000,0;1000,0;1000,0
Charleston;;;;;;;;;;;;;;;;;;;;;;;;;;;;;;;670,1;902,0;;733,1;;
Miami;;;;;;;;;;;;;;;;;;;;;;;;;;;;;;;;905,0;789,1;;745,3;
NewOrleans;;;;;;;;;;;;;;;;;;;489,4;;636,7;;;;;;;;;;;984,0;;759,9;;
Nashville;;;;;;;;;;;;;;;;;;;;;597,1;543,0;;;;;;;569,0;;641,2;901,0;;;;
Step_36000;Vancouver;Seattle;Calgary;Portland;Helena;SaltLakeCity;SanFrancisco;LosAngeles;LasVegas;Phoenix;SantaFe;Denver;ElPaso;Winnipeg;Duluth;Omaha;KansasCity;OklahomaCity;Houston;Dallas;LittleRock;SaintLouis;Chicago;SaultStMarie;Toronto;Montreal;Boston;NewYork;Pittsburgh;Washington;Raleigh;Atlanta;Charleston;Miami;NewOrleans;Nashville
Vancouver;;275,8;278,8;;;;;;;;;;;;;;;;;;;;;;;;;;;;;;;;;
Seattle;262,9;;309,2;305,7;332,9;;;;;;;;;;;;;;;;;;;;;;;;;;;;;;;
Calgary;267,8;305,0;;;344,4;;;;;;;;;328,9;;;;;;;;;;;;;;;;;;;;;;
Portland;;289,2;;;;341,2;453,5;;;;;;;;;;;;;;;;;;;;;;;;;;;;;
Helena;;290,5;286,1;;;330,4;;;;;;371,2;;316,0;387,1;358,1;;;;;;;;;;;;;;;;;;;;
SaltLakeCity;;;;297,2;326,5;;430,4;;305,5;;;368,4;;;;;;;;;;;;;;;;;;;;;;;;
SanFrancisco;;;;324,0;;321,6;;877,8;;;;;;;;;;;;;;;;;;;;;;;;;;;;
LosAngeles;;;;;;;335,7;;306,3;390,2;;;889,0;;;;;;;;;;;;;;;;;;;;;;;
LasVegas;;;;;;317,9;;346,5;;;;;;;;;;;;;;;;;;;;;;;;;;;;
Phoenix;;;;;;;;361,7;;;435,5;361,7;525,3;;;;;;;;;;;;;;;;;;;;;;;
SantaFe;;;;;;;;;;434,1;;418,6;442,9;;;;;515,5;;;;;;;;;;;;;;;;;;
Denver;;;;;319,8;355,0;;;;416,9;411,8;;;;;339,9;481,7;501,7;;;;;;;;;;;;;;;;;;
ElPaso;;;;;;;;407,6;;419,0;444,5;;;;;;;518,0;1012,0;561,0;;;;;;;;;;;;;;;;
Winnipeg;;;307,6;;328,3;;;;;;;;;;352,4;;;;;;;;;347,1;;;;;;;;;;;;
Duluth;;;;;336,7;;;;;;;;;319,2;;;;;;;;;419,7;;437,8;;;;;;;;;;;
Omaha;;;;;327,2;;;;;;;410,4;;;;;;;;;;;442,3;;;;;;;;;;;;;
KansasCity;;;;;;;;;;;;390,6;;;;;;;;;;577,4;;;;;;;;;;;;;;
OklahomaCity;;;;;;;;;;;432,5;415,7;506,3;;;;;;;520,3;611,6;;;;;;;;;;;;;;;
Houston;;;;;;;;;;;;;552,3;;;;;;;520,7;;;;;;;;;;;;;;;982,3;
Dallas;;;;;;;;;;;;;520,2;;;;;493,2;684,0;;518,1;;;;;;;;;;;;;;;
LittleRock;;;;;;;;;;;;;;;;;;496,9;;494,8;;605,5;;;;;;;;;;;;;723,0;640,8
SaintLouis;;;;;;;;;;;;;;;;;449,6;;;;600,7;;483,8;;;;;;537,4;;;;;;;787,2
Chicago;;;;;;;;;;;;;;;379,5;397,2;;;;;;618,3;;;406,7;;;;528,1;;;;;;;
SaultStMarie;;;;;;;;;;;;;;339,6;;;;;;;;;;;400,0;380,6;;;;;;;;;;
Toronto;;;;;;;;;;;;;;;383,5;;;;;;;;478,5;355,3;;396,4;;;542,7;;;;;;;
Montreal;;;;;;;;;;;;;;;;;;;;;;;;366,4;391,9;;388,1;425,6;;;;;;;;
Boston;;;;;;;;;;;;;;;;;;;;;;;;;;377,5;;455,8;;;;;;;;
NewYork;;;;;;;;;;;;;;;;;;;;;;;;;;412,0;410,0;;513,7;496,2;;;;;;
Pittsburgh;;;;;;;;;;;;;;;;;;;;;;555,5;443,6;;413,6;;;447,2;;537,9;565,5;;;;;721,4
Washington;;;;;;;;;;;;;;;;;;;;;;;;;;;;455,0;494,5;;596,6;;;;;
Raleigh;;;;;;;;;;;;;;;;;;;;;;;;;;;;;505,8;479,3;;;691,1;;;691,9
Atlanta;;;;;;;;;;;;;;;;;;;;;;;;;;;;;;;;;1000,0;1000,0;1000,0;1000,0
Charleston;;;;;;;;;;;;;;;;;;;;;;;;;;;;;;;603,6;902,0;;732,1;;
Miami;;;;;;;;;;;;;;;;;;;;;;;;;;;;;;;;905,0;692,8;;740,8;
NewOrleans;;;;;;;;;;;;;;;;;;;514,5;;641,0;;;;;;;;;;;984,0;;756,1;;
Nashville;;;;;;;;;;;;;;;;;;;;;602,1;556,4;;;;;;;585,7;;548,0;901,0;;;;
Step_40000;Vancouver;Seattle;Calgary;Portland;Helena;SaltLakeCity;SanFrancisco;LosAngeles;LasVegas;Phoenix;SantaFe;Denver;ElPaso;Winnipeg;Duluth;Omaha;KansasCity;OklahomaCity;Houston;Dallas;LittleRock;SaintLouis;Chicago;SaultStMarie;Toronto;Montreal;Boston;NewYork;Pittsburgh;Washington;Raleigh;Atlanta;Charleston;Miami;NewOrleans;Nashville
Vancouver;;275,0;290,0;;;;;;;;;;;;;;;;;;;;;;;;;;;;;;;;;
Seattle;263,1;;290,7;310,0;360,0;;;;;;;;;;;;;;;;;;;;;;;;;;;;;;;
Calgary;262,1;304,9;;;339,5;;;;;;;;;309,9;;;;;;;;;;;;;;;;;;;;;;
Portland;;312,1;;;;323,8;343,1;;;;;;;;;;;;;;;;;;;;;;;;;;;;;
Helena;;276,3;289,9;;;350,2;;;;;;397,7;;338,3;365,2;365,3;;;;;;;;;;;;;;;;;;;;
SaltLakeCity;;;;298,7;340,7;;332,5;;334,6;;;381,7;;;;;;;;;;;;;;;;;;;;;;;;
SanFrancisco;;;;309,8;;340,4;;894,7;;;;;;;;;;;;;;;;;;;;;;;;;;;;
LosAngeles;;;;;;;334,3;;345,7;429,4;;;993,4;;;;;;;;;;;;;;;;;;;;;;;
LasVegas;;;;;;325,3;;362,0;;;;;;;;;;;;;;;;;;;;;;;;;;;;
Phoenix;;;;;;;;505,1;;;410,1;423,6;502,2;;;;;;;;;;;;;;;;;;;;;;;
SantaFe;;;;;;;;;;427,3;;378,7;437,7;;;;;516,9;;;;;;;;;;;;;;;;;;
Denver;;;;;324,2;326,1;;;;415,2;418,2;;;;;362,5;465,4;463,7;;;;;;;;;;;;;;;;;;
ElPaso;;;;;;;;395,0;;436,1;413,4;;;;;;;506,2;987,6;531,7;;;;;;;;;;;;;;;;
Winnipeg;;;292,5;;341,3;;;;;;;;;;388,5;;;;;;;;;334,5;;;;;;;;;;;;
Duluth;;;;;327,3;;;;;;;;;340,7;;;;;;;;;471,4;;427,5;;;;;;;;;;;
Omaha;;;;;320,4;;;;;;;407,4;;;;;;;;;;;442,9;;;;;;;;;;;;;
KansasCity;;;;;;;;;;;;439,4;;;;;;;;;;503,6;;;;;;;;;;;;;;
OklahomaCity;;;;;;;;;;;421,3;374,0;425,6;;;;;;;531,3;623,0;;;;;;;;;;;;;;;
Houston;;;;;;;;;;;;;497,3;;;;;;;506,0;;;;;;;;;;;;;;;982,3;
Dallas;;;;;;;;;;;;;499,7;;;;;491,3;592,9;;563,5;;;;;;;;;;;;;;;
LittleRock;;;;;;;;;;;;;;;;;;508,2;;515,2;;543,1;;;;;;;;;;;;;749,3;647,9
SaintLouis;;;;;;;;;;;;;;;;;477,6;;;;571,6;;460,8;;;;;;543,5;;;;;;;541,4
Chicago;;;;;;;;;;;;;;;412,6;407,5;;;;;;521,2;;;451,6;;;;487,7;;;;;;;
SaultStMarie;;;;;;;;;;;;;;304,7;;;;;;;;;;;399,0;380,0;;;;;;;;;;
Toronto;;;;;;;;;;;;;;;377,6;;;;;;;;463,4;356,7;;398,7;;;509,8;;;;;;;
Montreal;;;;;;;;;;;;;;;;;;;;;;;;368,5;401,9;;389,9;460,0;;;;;;;;
Boston;;;;;;;;;;;;;;;;;;;;;;;;;;364,5;;432,2;;;;;;;;
NewYork;;;;;;;;;;;;;;;;;;;;;;;;;;403,5;390,4;;494,7;495,8;;;;;;
Pittsburgh;;;;;;;;;;;;;;;;;;;;;;535,2;469,5;;437,7;;;451,9;;448,0;662,9;;;;;647,6
Washington;;;;;;;;;;;;;;;;;;;;;;;;;;;;419,9;541,7;;632,6;;;;;
Raleigh;;;;;;;;;;;;;;;;;;;;;;;;;;;;;530,5;519,7;;;770,7;;;642,5
Atlanta;;;;;;;;;;;;;;;;;;;;;;;;;;;;;;;;;1000,0;1000,0;1000,0;1000,0
Charleston;;;;;;;;;;;;;;;;;;;;;;;;;;;;;;;603,0;902,0;;775,6;;
Miami;;;;;;;;;;;;;;;;;;;;;;;;;;;;;;;;905,0;749,7;;740,7;
NewOrleans;;;;;;;;;;;;;;;;;;;639,1;;643,8;;;;;;;;;;;984,0;;794,0;;
Nashville;;;;;;;;;;;;;;;;;;;;;682,1;486,5;;;;;;;527,4;;628,8;901,0;;;;
Step_4000;Vancouver;Seattle;Calgary;Portland;Helena;SaltLakeCity;SanFrancisco;LosAngeles;LasVegas;Phoenix;SantaFe;Denver;ElPaso;Winnipeg;Duluth;Omaha;KansasCity;OklahomaCity;Houston;Dallas;LittleRock;SaintLouis;Chicago;SaultStMarie;Toronto;Montreal;Boston;NewYork;Pittsburgh;Washington;Raleigh;Atlanta;Charleston;Miami;NewOrleans;Nashville
Vancouver;;288,3;292,4;;;;;;;;;;;;;;;;;;;;;;;;;;;;;;;;;
Seattle;245,0;;277,6;297,0;368,1;;;;;;;;;;;;;;;;;;;;;;;;;;;;;;;
Calgary;234,0;237,7;;;341,0;;;;;;;;;272,7;;;;;;;;;;;;;;;;;;;;;;
Portland;;278,7;;;;348,9;367,3;;;;;;;;;;;;;;;;;;;;;;;;;;;;;
Helena;;272,9;282,5;;;350,1;;;;;;386,3;;303,5;383,5;434,2;;;;;;;;;;;;;;;;;;;;
SaltLakeCity;;;;317,5;323,6;;339,9;;335,6;;;412,4;;;;;;;;;;;;;;;;;;;;;;;;
SanFrancisco;;;;316,7;;361,1;;976,9;;;;;;;;;;;;;;;;;;;;;;;;;;;;
LosAngeles;;;;;;;349,5;;332,1;389,3;;;886,3;;;;;;;;;;;;;;;;;;;;;;;
LasVegas;;;;;;370,1;;353,0;;;;;;;;;;;;;;;;;;;;;;;;;;;;
Phoenix;;;;;;;;412,9;;;409,8;425,9;415,3;;;;;;;;;;;;;;;;;;;;;;;
SantaFe;;;;;;;;;;399,4;;411,5;500,1;;;;;488,1;;;;;;;;;;;;;;;;;;
Denver;;;;;346,9;359,1;;;;415,2;402,7;;;;;422,8;460,6;490,1;;;;;;;;;;;;;;;;;;
ElPaso;;;;;;;;411,3;;392,7;417,4;;;;;;;493,4;1012,0;518,7;;;;;;;;;;;;;;;;
Winnipeg;;;260,6;;328,8;;;;;;;;;;339,0;;;;;;;;;297,9;;;;;;;;;;;;
Duluth;;;;;341,4;;;;;;;;;277,0;;;;;;;;;440,7;;407,7;;;;;;;;;;;
Omaha;;;;;335,7;;;;;;;409,0;;;;;;;;;;;500,2;;;;;;;;;;;;;
KansasCity;;;;;;;;;;;;430,7;;;;;;;;;;566,7;;;;;;;;;;;;;;
OklahomaCity;;;;;;;;;;;449,6;411,7;441,4;;;;;;;523,8;556,4;;;;;;;;;;;;;;;
Houston;;;;;;;;;;;;;523,6;;;;;;;509,1;;;;;;;;;;;;;;;906,9;
Dallas;;;;;;;;;;;;;486,3;;;;;493,6;574,4;;614,1;;;;;;;;;;;;;;;
LittleRock;;;;;;;;;;;;;;;;;;501,2;;507,7;;543,4;;;;;;;;;;;;;696,2;707,6
SaintLouis;;;;;;;;;;;;;;;;;485,6;;;;616,4;;455,5;;;;;;598,9;;;;;;;615,4
Chicago;;;;;;;;;;;;;;;390,7;419,5;;;;;;549,7;;;369,1;;;;491,9;;;;;;;
SaultStMarie;;;;;;;;;;;;;;223,1;;;;;;;;;;;423,9;279,5;;;;;;;;;;
Toronto;;;;;;;;;;;;;;;377,5;;;;;;;;471,8;270,0;;296,6;;;498,7;;;;;;;
Montreal;;;;;;;;;;;;;;;;;;;;;;;;140,7;334,5;;342,1;415,8;;;;;;;;
Boston;;;;;;;;;;;;;;;;;;;;;;;;;;295,4;;420,7;;;;;;;;
NewYork;;;;;;;;;;;;;;;;;;;;;;;;;;317,5;339,2;;510,3;494,9;;;;;;
Pittsburgh;;;;;;;;;;;;;;;;;;;;;;555,1;483,1;;354,3;;;414,8;;510,8;595,0;;;;;719,5
Washington;;;;;;;;;;;;;;;;;;;;;;;;;;;;407,8;503,9;;667,0;;;;;
Raleigh;;;;;;;;;;;;;;;;;;;;;;;;;;;;;528,1;562,8;;;744,9;;;775,6
Atlanta;;;;;;;;;;;;;;;;;;;;;;;;;;;;;;;;;1000,0;1000,0;1000,0;1000,0
Charleston;;;;;;;;;;;;;;;;;;;;;;;;;;;;;;;659,4;902,0;;782,6;;
Miami;;;;;;;;;;;;;;;;;;;;;;;;;;;;;;;;905,0;762,9;;771,2;
NewOrleans;;;;;;;;;;;;;;;;;;;675,7;;565,1;;;;;;;;;;;984,0;;781,2;;
Nashville;;;;;;;;;;;;;;;;;;;;;576,2;601,9;;;;;;;582,2;;637,0;901,0;;;;
Step_8000;Vancouver;Seattle;Calgary;Portland;Helena;SaltLakeCity;SanFrancisco;LosAngeles;LasVegas;Phoenix;SantaFe;Denver;ElPaso;Winnipeg;Duluth;Omaha;KansasCity;OklahomaCity;Houston;Dallas;LittleRock;SaintLouis;Chicago;SaultStMarie;Toronto;Montreal;Boston;NewYork;Pittsburgh;Washington;Raleigh;Atlanta;Charleston;Miami;NewOrleans;Nashville
Vancouver;;284,7;283,6;;;;;;;;;;;;;;;;;;;;;;;;;;;;;;;;;
Seattle;263,8;;299,5;302,5;357,7;;;;;;;;;;;;;;;;;;;;;;;;;;;;;;;
Calgary;260,2;310,7;;;338,5;;;;;;;;;328,5;;;;;;;;;;;;;;;;;;;;;;
Portland;;293,3;;;;348,4;323,1;;;;;;;;;;;;;;;;;;;;;;;;;;;;;
Helena;;294,1;312,8;;;343,7;;;;;;367,8;;329,4;411,0;396,3;;;;;;;;;;;;;;;;;;;;
SaltLakeCity;;;;316,9;333,2;;356,0;;349,8;;;874,2;;;;;;;;;;;;;;;;;;;;;;;;
SanFrancisco;;;;299,7;;975,1;;358,2;;;;;;;;;;;;;;;;;;;;;;;;;;;;
LosAngeles;;;;;;;328,4;;335,9;395,8;;;453,5;;;;;;;;;;;;;;;;;;;;;;;
LasVegas;;;;;;335,8;;372,1;;;;;;;;;;;;;;;;;;;;;;;;;;;;
Phoenix;;;;;;;;334,8;;;420,7;376,7;474,2;;;;;;;;;;;;;;;;;;;;;;;
SantaFe;;;;;;;;;;420,6;;383,9;460,9;;;;;524,9;;;;;;;;;;;;;;;;;;
Denver;;;;;337,5;340,2;;;;425,8;434,3;;;;;387,2;445,6;1013,0;;;;;;;;;;;;;;;;;;
ElPaso;;;;;;;;409,6;;442,5;446,8;;;;;;;518,3;567,1;518,3;;;;;;;;;;;;;;;;
Winnipeg;;;292,9;;342,5;;;;;;;;;;398,7;;;;;;;;;367,2;;;;;;;;;;;;
Duluth;;;;;374,9;;;;;;;;;357,1;;;;;;;;;487,4;;442,7;;;;;;;;;;;
Omaha;;;;;351,2;;;;;;;413,7;;;;;;;;;;;467,6;;;;;;;;;;;;;
KansasCity;;;;;;;;;;;;411,8;;;;;;;;;;546,1;;;;;;;;;;;;;;
OklahomaCity;;;;;;;;;;;431,0;413,8;475,1;;;;;;;523,5;1009,0;;;;;;;;;;;;;;;
Houston;;;;;;;;;;;;;512,9;;;;;;;518,4;;;;;;;;;;;;;;;744,7;
Dallas;;;;;;;;;;;;;485,3;;;;;522,5;605,1;;634,1;;;;;;;;;;;;;;;
LittleRock;;;;;;;;;;;;;;;;;;514,6;;531,7;;540,8;;;;;;;;;;;;;1007,0;733,5
SaintLouis;;;;;;;;;;;;;;;;;492,9;;;;622,9;;458,0;;;;;;539,3;;;;;;;685,2
Chicago;;;;;;;;;;;;;;;410,5;398,7;;;;;;514,6;;;460,0;;;;537,8;;;;;;;
SaultStMarie;;;;;;;;;;;;;;340,1;;;;;;;;;;;469,5;303,0;;;;;;;;;;
Toronto;;;;;;;;;;;;;;;425,6;;;;;;;;481,0;307,1;;397,6;;;575,4;;;;;;;
Montreal;;;;;;;;;;;;;;;;;;;;;;;;289,8;485,4;;369,2;433,1;;;;;;;;
Boston;;;;;;;;;;;;;;;;;;;;;;;;;;335,2;;447,0;;;;;;;;
NewYork;;;;;;;;;;;;;;;;;;;;;;;;;;371,5;367,9;;526,5;485,9;;;;;;
Pittsburgh;;;;;;;;;;;;;;;;;;;;;;544,1;443,4;;467,9;;;447,6;;526,3;604,0;;;;;737,5
Washington;;;;;;;;;;;;;;;;;;;;;;;;;;;;474,1;564,0;;590,8;;;;;
Raleigh;;;;;;;;;;;;;;;;;;;;;;;;;;;;;588,6;528,1;;;735,8;;;753,7
Atlanta;;;;;;;;;;;;;;;;;;;;;;;;;;;;;;;;;1000,0;1000,0;1000,0;1000,0
Charleston;;;;;;;;;;;;;;;;;;;;;;;;;;;;;;;630,1;902,0;;749,0;;
Miami;;;;;;;;;;;;;;;;;;;;;;;;;;;;;;;;905,0;753,7;;762,1;
NewOrleans;;;;;;;;;;;;;;;;;;;608,1;;624,7;;;;;;;;;;;1004,0;;771,6;;
Nashville;;;;;;;;;;;;;;;;;;;;;630,9;612,8;;;;;;;543,6;;633,6;901,0;;;;
Step_12000;Vancouver;Seattle;Calgary;Portland;Helena;SaltLakeCity;SanFrancisco;LosAngeles;LasVegas;Phoenix;SantaFe;Denver;ElPaso;Winnipeg;Duluth;Omaha;KansasCity;OklahomaCity;Houston;Dallas;LittleRock;SaintLouis;Chicago;SaultStMarie;Toronto;Montreal;Boston;NewYork;Pittsburgh;Washington;Raleigh;Atlanta;Charleston;Miami;NewOrleans;Nashville
Vancouver;;299,9;301,3;;;;;;;;;;;;;;;;;;;;;;;;;;;;;;;;;
Seattle;269,5;;306,1;301,3;354,1;;;;;;;;;;;;;;;;;;;;;;;;;;;;;;;
Calgary;277,7;303,4;;;364,9;;;;;;;;;320,5;;;;;;;;;;;;;;;;;;;;;;
Portland;;291,0;;;;330,7;341,2;;;;;;;;;;;;;;;;;;;;;;;;;;;;;
Helena;;288,1;307,5;;;353,2;;;;;;389,9;;364,9;432,2;399,4;;;;;;;;;;;;;;;;;;;;
SaltLakeCity;;;;296,1;333,6;;318,0;;379,6;;;349,4;;;;;;;;;;;;;;;;;;;;;;;;
SanFrancisco;;;;300,2;;334,6;;981,7;;;;;;;;;;;;;;;;;;;;;;;;;;;;
LosAngeles;;;;;;;319,2;;356,7;424,1;;;913,0;;;;;;;;;;;;;;;;;;;;;;;
LasVegas;;;;;;310,8;;430,9;;;;;;;;;;;;;;;;;;;;;;;;;;;;
Phoenix;;;;;;;;400,6;;;415,7;388,2;478,1;;;;;;;;;;;;;;;;;;;;;;;
SantaFe;;;;;;;;;;403,8;;408,7;452,9;;;;;452,4;;;;;;;;;;;;;;;;;;
Denver;;;;;359,7;324,1;;;;413,3;421,1;;;;;433,9;429,1;480,8;;;;;;;;;;;;;;;;;;
ElPaso;;;;;;;;441,2;;410,7;397,4;;;;;;;474,9;1012,0;541,1;;;;;;;;;;;;;;;;
Winnipeg;;;302,0;;362,0;;;;;;;;;;425,4;;;;;;;;;380,5;;;;;;;;;;;;
Duluth;;;;;347,5;;;;;;;;;343,1;;;;;;;;;479,8;;423,5;;;;;;;;;;;
Omaha;;;;;350,3;;;;;;;400,1;;;;;;;;;;;527,8;;;;;;;;;;;;;
KansasCity;;;;;;;;;;;;384,2;;;;;;;;;;500,7;;;;;;;;;;;;;;
OklahomaCity;;;;;;;;;;;416,1;419,3;456,7;;;;;;;523,7;558,0;;;;;;;;;;;;;;;
Houston;;;;;;;;;;;;;499,1;;;;;;;522,1;;;;;;;;;;;;;;;982,3;
Dallas;;;;;;;;;;;;;528,4;;;;;465,0;634,8;;621,9;;;;;;;;;;;;;;;
LittleRock;;;;;;;;;;;;;;;;;;461,9;;544,1;;544,1;;;;;;;;;;;;;666,7;675,0
SaintLouis;;;;;;;;;;;;;;;;;455,1;;;;594,8;;495,4;;;;;;548,5;;;;;;;716,8
Chicago;;;;;;;;;;;;;;;428,7;425,0;;;;;;521,3;;;473,6;;;;554,3;;;;;;;
SaultStMarie;;;;;;;;;;;;;;335,5;;;;;;;;;;;441,3;373,4;;;;;;;;;;
Toronto;;;;;;;;;;;;;;;434,7;;;;;;;;437,7;344,2;;377,3;;;547,0;;;;;;;
Montreal;;;;;;;;;;;;;;;;;;;;;;;;314,2;421,1;;373,0;416,5;;;;;;;;
Boston;;;;;;;;;;;;;;;;;;;;;;;;;;360,1;;431,6;;;;;;;;
NewYork;;;;;;;;;;;;;;;;;;;;;;;;;;372,6;358,0;;441,4;467,0;;;;;;
Pittsburgh;;;;;;;;;;;;;;;;;;;;;;554,8;490,3;;429,8;;;409,5;;424,6;638,3;;;;;725,4
Washington;;;;;;;;;;;;;;;;;;;;;;;;;;;;418,6;538,2;;537,7;;;;;
Raleigh;;;;;;;;;;;;;;;;;;;;;;;;;;;;;509,5;486,3;;;757,4;;;692,5
Atlanta;;;;;;;;;;;;;;;;;;;;;;;;;;;;;;;;;1000,0;1000,0;1000,0;1000,0
Charleston;;;;;;;;;;;;;;;;;;;;;;;;;;;;;;;643,4;902,0;;762,8;;
Miami;;;;;;;;;;;;;;;;;;;;;;;;;;;;;;;;905,0;727,7;;795,6;
NewOrleans;;;;;;;;;;;;;;;;;;;587,8;;564,0;;;;;;;;;;;984,0;;794,6;;
Nashville;;;;;;;;;;;;;;;;;;;;;582,8;573,2;;;;;;;539,1;;633,5;901,0;;;;
Step_16000;Vancouver;Seattle;Calgary;Portland;Helena;SaltLakeCity;SanFrancisco;LosAngeles;LasVegas;Phoenix;SantaFe;Denver;ElPaso;Winnipeg;Duluth;Omaha;KansasCity;OklahomaCity;Houston;Dallas;LittleRock;SaintLouis;Chicago;SaultStMarie;Toronto;Montreal;Boston;NewYork;Pittsburgh;Washington;Raleigh;Atlanta;Charleston;Miami;NewOrleans;Nashville
Vancouver;;280,6;283,5;;;;;;;;;;;;;;;;;;;;;;;;;;;;;;;;;
Seattle;261,1;;267,4;308,6;364,4;;;;;;;;;;;;;;;;;;;;;;;;;;;;;;;
Calgary;270,0;289,3;;;336,0;;;;;;;;;347,6;;;;;;;;;;;;;;;;;;;;;;
Portland;;276,8;;;;338,2;333,9;;;;;;;;;;;;;;;;;;;;;;;;;;;;;
Helena;;300,3;308,4;;;353,8;;;;;;432,1;;352,0;362,5;405,2;;;;;;;;;;;;;;;;;;;;
SaltLakeCity;;;;316,0;357,2;;344,8;;355,8;;;385,6;;;;;;;;;;;;;;;;;;;;;;;;
SanFrancisco;;;;309,9;;324,3;;899,8;;;;;;;;;;;;;;;;;;;;;;;;;;;;
LosAngeles;;;;;;;347,7;;355,4;458,0;;;1018,0;;;;;;;;;;;;;;;;;;;;;;;
LasVegas;;;;;;343,4;;400,4;;;;;;;;;;;;;;;;;;;;;;;;;;;;
Phoenix;;;;;;;;384,7;;;451,7;415,0;585,8;;;;;;;;;;;;;;;;;;;;;;;
SantaFe;;;;;;;;;;410,4;;428,3;468,1;;;;;508,4;;;;;;;;;;;;;;;;;;
Denver;;;;;382,3;329,7;;;;401,4;425,4;;;;;430,0;433,7;517,9;;;;;;;;;;;;;;;;;;
ElPaso;;;;;;;;398,1;;423,5;445,4;;;;;;;519,7;907,1;511,8;;;;;;;;;;;;;;;;
Winnipeg;;;304,7;;341,0;;;;;;;;;;415,5;;;;;;;;;378,1;;;;;;;;;;;;
Duluth;;;;;357,4;;;;;;;;;344,2;;;;;;;;;489,0;;431,5;;;;;;;;;;;
Omaha;;;;;363,7;;;;;;;419,6;;;;;;;;;;;473,5;;;;;;;;;;;;;
KansasCity;;;;;;;;;;;;406,0;;;;;;;;;;541,4;;;;;;;;;;;;;;
OklahomaCity;;;;;;;;;;;426,1;419,2;501,2;;;;;;;545,0;597,5;;;;;;;;;;;;;;;
Houston;;;;;;;;;;;;;535,1;;;;;;;553,1;;;;;;;;;;;;;;;946,2;
Dallas;;;;;;;;;;;;;485,2;;;;;532,5;618,5;;555,1;;;;;;;;;;;;;;;
LittleRock;;;;;;;;;;;;;;;;;;474,6;;519,4;;538,9;;;;;;;;;;;;;783,2;610,3
SaintLouis;;;;;;;;;;;;;;;;;476,7;;;;577,6;;504,3;;;;;;551,5;;;;;;;598,3
Chicago;;;;;;;;;;;;;;;413,8;408,7;;;;;;559,0;;;437,0;;;;529,2;;;;;;;
SaultStMarie;;;;;;;;;;;;;;333,9;;;;;;;;;;;454,7;375,3;;;;;;;;;;
Toronto;;;;;;;;;;;;;;;422,5;;;;;;;;482,9;396,4;;355,5;;;547,9;;;;;;;
Montreal;;;;;;;;;;;;;;;;;;;;;;;;364,6;428,1;;377,0;412,8;;;;;;;;
Boston;;;;;;;;;;;;;;;;;;;;;;;;;;357,8;;412,4;;;;;;;;
NewYork;;;;;;;;;;;;;;;;;;;;;;;;;;374,1;357,2;;528,4;486,3;;;;;;
Pittsburgh;;;;;;;;;;;;;;;;;;;;;;550,5;483,8;;453,1;;;423,2;;528,0;637,6;;;;;686,3
Washington;;;;;;;;;;;;;;;;;;;;;;;;;;;;448,8;546,8;;559,4;;;;;
Raleigh;;;;;;;;;;;;;;;;;;;;;;;;;;;;;524,0;492,2;;;746,4;;;678,2
Atlanta;;;;;;;;;;;;;;;;;;;;;;;;;;;;;;;;;1000,0;1000,0;1000,0;1000,0
Charleston;;;;;;;;;;;;;;;;;;;;;;;;;;;;;;;647,4;902,0;;728,8;;
Miami;;;;;;;;;;;;;;;;;;;;;;;;;;;;;;;;905,0;759,0;;737,6;
NewOrleans;;;;;;;;;;;;;;;;;;;587,9;;650,4;;;;;;;;;;;1004,0;;783,6;;
Nashville;;;;;;;;;;;;;;;;;;;;;648,0;540,0;;;;;;;528,5;;598,9;901,0;;;;
Step_20000;Vancouver;Seattle;Calgary;Portland;Helena;SaltLakeCity;SanFrancisco;LosAngeles;LasVegas;Phoenix;SantaFe;Denver;ElPaso;Winnipeg;Duluth;Omaha;KansasCity;OklahomaCity;Houston;Dallas;LittleRock;SaintLouis;Chicago;SaultStMarie;Toronto;Montreal;Boston;NewYork;Pittsburgh;Washington;Raleigh;Atlanta;Charleston;Miami;NewOrleans;Nashville
Vancouver;;298,1;317,1;;;;;;;;;;;;;;;;;;;;;;;;;;;;;;;;;
Seattle;273,0;;289,1;289,5;345,8;;;;;;;;;;;;;;;;;;;;;;;;;;;;;;;
Calgary;273,7;286,6;;;338,4;;;;;;;;;335,6;;;;;;;;;;;;;;;;;;;;;;
Portland;;299,6;;;;341,2;334,1;;;;;;;;;;;;;;;;;;;;;;;;;;;;;
Helena;;295,3;304,6;;;318,0;;;;;;386,1;;336,1;423,8;395,8;;;;;;;;;;;;;;;;;;;;
SaltLakeCity;;;;310,7;355,5;;356,1;;347,9;;;420,7;;;;;;;;;;;;;;;;;;;;;;;;
SanFrancisco;;;;310,7;;358,5;;882,1;;;;;;;;;;;;;;;;;;;;;;;;;;;;
LosAngeles;;;;;;;445,7;;359,6;385,3;;;1018,0;;;;;;;;;;;;;;;;;;;;;;;
LasVegas;;;;;;358,9;;393,8;;;;;;;;;;;;;;;;;;;;;;;;;;;;
Phoenix;;;;;;;;399,3;;;411,3;426,5;489,1;;;;;;;;;;;;;;;;;;;;;;;
SantaFe;;;;;;;;;;409,7;;430,3;422,7;;;;;473,0;;;;;;;;;;;;;;;;;;
Denver;;;;;338,8;342,0;;;;419,6;418,3;;;;;402,0;455,8;510,1;;;;;;;;;;;;;;;;;;
ElPaso;;;;;;;;417,2;;425,0;420,2;;;;;;;500,1;1012,0;503,2;;;;;;;;;;;;;;;;
Winnipeg;;;318,4;;339,7;;;;;;;;;;392,8;;;;;;;;;371,7;;;;;;;;;;;;
Duluth;;;;;343,8;;;;;;;;;351,1;;;;;;;;;469,7;;412,4;;;;;;;;;;;
Omaha;;;;;341,7;;;;;;;379,7;;;;;;;;;;;470,8;;;;;;;;;;;;;
KansasCity;;;;;;;;;;;;427,5;;;;;;;;;;529,3;;;;;;;;;;;;;;
OklahomaCity;;;;;;;;;;;418,8;416,1;456,9;;;;;;;513,2;579,1;;;;;;;;;;;;;;;
Houston;;;;;;;;;;;;;520,0;;;;;;;516,2;;;;;;;;;;;;;;;1006,0;
Dallas;;;;;;;;;;;;;468,1;;;;;481,5;587,7;;540,4;;;;;;;;;;;;;;;
LittleRock;;;;;;;;;;;;;;;;;;458,1;;514,2;;529,7;;;;;;;;;;;;;770,2;622,5
SaintLouis;;;;;;;;;;;;;;;;;460,0;;;;524,8;;473,2;;;;;;553,6;;;;;;;588,8
Chicago;;;;;;;;;;;;;;;392,0;386,3;;;;;;549,2;;;432,4;;;;527,4;;;;;;;
SaultStMarie;;;;;;;;;;;;;;350,0;;;;;;;;;;;414,3;396,7;;;;;;;;;;
Toronto;;;;;;;;;;;;;;;377,9;;;;;;;;457,0;373,7;;378,1;;;478,5;;;;;;;
Montreal;;;;;;;;;;;;;;;;;;;;;;;;369,6;422,9;;359,5;398,8;;;;;;;;
Boston;;;;;;;;;;;;;;;;;;;;;;;;;;370,3;;433,4;;;;;;;;
NewYork;;;;;;;;;;;;;;;;;;;;;;;;;;386,5;396,4;;520,7;518,2;;;;;;
Pittsburgh;;;;;;;;;;;;;;;;;;;;;;543,1;475,5;;466,6;;;454,3;;511,9;625,1;;;;;632,2
Washington;;;;;;;;;;;;;;;;;;;;;;;;;;;;428,1;549,1;;607,2;;;;;
Raleigh;;;;;;;;;;;;;;;;;;;;;;;;;;;;;465,1;489,7;;;768,2;;;674,7
Atlanta;;;;;;;;;;;;;;;;;;;;;;;;;;;;;;;;;1000,0;1000,0;1000,0;1000,0
Charleston;;;;;;;;;;;;;;;;;;;;;;;;;;;;;;;598,1;902,0;;802,6;;
Miami;;;;;;;;;;;;;;;;;;;;;;;;;;;;;;;;905,0;784,4;;799,7;
NewOrleans;;;;;;;;;;;;;;;;;;;619,3;;624,2;;;;;;;;;;;1004,0;;779,1;;
Nashville;;;;;;;;;;;;;;;;;;;;;624,0;514,5;;;;;;;585,5;;601,4;901,0;;;;
Step_24000;Vancouver;Seattle;Calgary;Portland;Helena;SaltLakeCity;SanFrancisco;LosAngeles;LasVegas;Phoenix;SantaFe;Denver;ElPaso;Winnipeg;Duluth;Omaha;KansasCity;OklahomaCity;Houston;Dallas;LittleRock;SaintLouis;Chicago;SaultStMarie;Toronto;Montreal;Boston;NewYork;Pittsburgh;Washington;Raleigh;Atlanta;Charleston;Miami;NewOrleans;Nashville
Vancouver;;304,3;313,1;;;;;;;;;;;;;;;;;;;;;;;;;;;;;;;;;
Seattle;282,1;;310,6;293,0;346,6;;;;;;;;;;;;;;;;;;;;;;;;;;;;;;;
Calgary;275,8;303,0;;;356,2;;;;;;;;;365,5;;;;;;;;;;;;;;;;;;;;;;
Portland;;292,0;;;;348,7;309,6;;;;;;;;;;;;;;;;;;;;;;;;;;;;;
Helena;;317,0;321,3;;;351,0;;;;;;374,7;;380,3;371,7;374,1;;;;;;;;;;;;;;;;;;;;
SaltLakeCity;;;;298,8;343,8;;309,5;;326,2;;;387,0;;;;;;;;;;;;;;;;;;;;;;;;
SanFrancisco;;;;296,1;;325,9;;1021,0;;;;;;;;;;;;;;;;;;;;;;;;;;;;
LosAngeles;;;;;;;306,5;;310,8;406,3;;;1018,0;;;;;;;;;;;;;;;;;;;;;;;
LasVegas;;;;;;322,9;;354,1;;;;;;;;;;;;;;;;;;;;;;;;;;;;
Phoenix;;;;;;;;351,7;;;427,2;422,1;548,6;;;;;;;;;;;;;;;;;;;;;;;
SantaFe;;;;;;;;;;384,7;;423,8;454,6;;;;;468,1;;;;;;;;;;;;;;;;;;
Denver;;;;;338,3;318,8;;;;406,9;415,1;;;;;412,3;426,6;452,4;;;;;;;;;;;;;;;;;;
ElPaso;;;;;;;;356,2;;391,8;401,5;;;;;;;497,6;975,0;503,1;;;;;;;;;;;;;;;;
Winnipeg;;;317,5;;335,7;;;;;;;;;;390,6;;;;;;;;;397,8;;;;;;;;;;;;
Duluth;;;;;358,2;;;;;;;;;343,6;;;;;;;;;434,0;;479,7;;;;;;;;;;;
Omaha;;;;;358,7;;;;;;;399,7;;;;;;;;;;;474,8;;;;;;;;;;;;;
KansasCity;;;;;;;;;;;;399,1;;;;;;;;;;524,2;;;;;;;;;;;;;;
OklahomaCity;;;;;;;;;;;408,5;418,8;472,1;;;;;;;490,8;616,1;;;;;;;;;;;;;;;
Houston;;;;;;;;;;;;;483,6;;;;;;;497,9;;;;;;;;;;;;;;;912,0;
Dallas;;;;;;;;;;;;;446,5;;;;;482,6;516,2;;550,8;;;;;;;;;;;;;;;
LittleRock;;;;;;;;;;;;;;;;;;468,9;;524,9;;576,4;;;;;;;;;;;;;729,2;674,6
SaintLouis;;;;;;;;;;;;;;;;;465,2;;;;561,4;;479,4;;;;;;532,5;;;;;;;638,0
Chicago;;;;;;;;;;;;;;;401,9;401,2;;;;;;559,0;;;439,8;;;;533,1;;;;;;;
SaultStMarie;;;;;;;;;;;;;;365,7;;;;;;;;;;;426,9;383,9;;;;;;;;;;
Toronto;;;;;;;;;;;;;;;401,5;;;;;;;;474,0;383,9;;367,0;;;526,0;;;;;;;
Montreal;;;;;;;;;;;;;;;;;;;;;;;;369,6;414,2;;379,8;430,8;;;;;;;;
Boston;;;;;;;;;;;;;;;;;;;;;;;;;;370,4;;457,5;;;;;;;;
NewYork;;;;;;;;;;;;;;;;;;;;;;;;;;387,4;402,3;;523,0;485,7;;;;;;
Pittsburgh;;;;;;;;;;;;;;;;;;;;;;539,4;449,9;;481,9;;;458,7;;489,7;580,1;;;;;656,4
Washington;;;;;;;;;;;;;;;;;;;;;;;;;;;;441,5;569,8;;604,6;;;;;
Raleigh;;;;;;;;;;;;;;;;;;;;;;;;;;;;;543,8;491,7;;;775,4;;;673,7
Atlanta;;;;;;;;;;;;;;;;;;;;;;;;;;;;;;;;;1000,0;1000,0;1000,0;1000,0
Charleston;;;;;;;;;;;;;;;;;;;;;;;;;;;;;;;604,1;902,0;;781,7;;
Miami;;;;;;;;;;;;;;;;;;;;;;;;;;;;;;;;905,0;744,5;;801,2;
NewOrleans;;;;;;;;;;;;;;;;;;;593,3;;565,7;;;;;;;;;;;984,0;;792,6;;
Nashville;;;;;;;;;;;;;;;;;;;;;602,9;552,5;;;;;;;521,7;;621,2;901,0;;;;
Step_28000;Vancouver;Seattle;Calgary;Portland;Helena;SaltLakeCity;SanFrancisco;LosAngeles;LasVegas;Phoenix;SantaFe;Denver;ElPaso;Winnipeg;Duluth;Omaha;KansasCity;OklahomaCity;Houston;Dallas;LittleRock;SaintLouis;Chicago;SaultStMarie;Toronto;Montreal;Boston;NewYork;Pittsburgh;Washington;Raleigh;Atlanta;Charleston;Miami;NewOrleans;Nashville
Vancouver;;293,1;283,8;;;;;;;;;;;;;;;;;;;;;;;;;;;;;;;;;
Seattle;264,6;;285,4;301,6;339,8;;;;;;;;;;;;;;;;;;;;;;;;;;;;;;;
Calgary;268,9;301,9;;;300,2;;;;;;;;;319,2;;;;;;;;;;;;;;;;;;;;;;
Portland;;277,0;;;;307,8;326,3;;;;;;;;;;;;;;;;;;;;;;;;;;;;;
Helena;;285,7;286,8;;;318,5;;;;;;411,5;;328,3;422,3;376,9;;;;;;;;;;;;;;;;;;;;
SaltLakeCity;;;;301,3;349,1;;312,8;;329,1;;;423,6;;;;;;;;;;;;;;;;;;;;;;;;
SanFrancisco;;;;287,4;;353,4;;1021,0;;;;;;;;;;;;;;;;;;;;;;;;;;;;
LosAngeles;;;;;;;322,2;;327,1;397,4;;;976,5;;;;;;;;;;;;;;;;;;;;;;;
LasVegas;;;;;;343,3;;389,7;;;;;;;;;;;;;;;;;;;;;;;;;;;;
Phoenix;;;;;;;;493,5;;;436,5;411,0;489,0;;;;;;;;;;;;;;;;;;;;;;;
SantaFe;;;;;;;;;;404,5;;404,3;454,8;;;;;471,1;;;;;;;;;;;;;;;;;;
Denver;;;;;342,1;325,7;;;;396,7;419,0;;;;;412,7;443,1;463,8;;;;;;;;;;;;;;;;;;
ElPaso;;;;;;;;378,5;;395,2;437,6;;;;;;;507,5;894,1;520,8;;;;;;;;;;;;;;;;
Winnipeg;;;292,2;;330,3;;;;;;;;;;355,9;;;;;;;;;368,6;;;;;;;;;;;;
Duluth;;;;;329,0;;;;;;;;;313,6;;;;;;;;;473,1;;422,5;;;;;;;;;;;
Omaha;;;;;325,1;;;;;;;412,1;;;;;;;;;;;475,4;;;;;;;;;;;;;
KansasCity;;;;;;;;;;;;426,6;;;;;;;;;;566,2;;;;;;;;;;;;;;
OklahomaCity;;;;;;;;;;;440,7;431,5;508,8;;;;;;;486,6;561,9;;;;;;;;;;;;;;;
Houston;;;;;;;;;;;;;462,7;;;;;;;499,3;;;;;;;;;;;;;;;1006,0;
Dallas;;;;;;;;;;;;;453,6;;;;;503,3;546,9;;569,8;;;;;;;;;;;;;;;
LittleRock;;;;;;;;;;;;;;;;;;497,9;;518,9;;556,0;;;;;;;;;;;;;682,0;667,6
SaintLouis;;;;;;;;;;;;;;;;;459,3;;;;572,8;;443,8;;;;;;494,7;;;;;;;738,0
Chicago;;;;;;;;;;;;;;;384,7;376,7;;;;;;502,2;;;423,4;;;;508,1;;;;;;;
SaultStMarie;;;;;;;;;;;;;;333,6;;;;;;;;;;;391,6;391,5;;;;;;;;;;
Toronto;;;;;;;;;;;;;;;417,2;;;;;;;;465,8;362,1;;403,1;;;468,0;;;;;;;
Montreal;;;;;;;;;;;;;;;;;;;;;;;;360,7;420,6;;389,9;427,1;;;;;;;;
Boston;;;;;;;;;;;;;;;;;;;;;;;;;;403,7;;487,8;;;;;;;;
NewYork;;;;;;;;;;;;;;;;;;;;;;;;;;401,5;415,6;;602,7;478,3;;;;;;
Pittsburgh;;;;;;;;;;;;;;;;;;;;;;535,1;421,7;;444,3;;;467,7;;489,2;576,5;;;;;634,6
Washington;;;;;;;;;;;;;;;;;;;;;;;;;;;;466,7;527,1;;615,3;;;;;
Raleigh;;;;;;;;;;;;;;;;;;;;;;;;;;;;;514,8;510,3;;;719,0;;;683,5
Atlanta;;;;;;;;;;;;;;;;;;;;;;;;;;;;;;;;;1000,0;1000,0;1000,0;1000,0
Charleston;;;;;;;;;;;;;;;;;;;;;;;;;;;;;;;547,7;902,0;;782,9;;
Miami;;;;;;;;;;;;;;;;;;;;;;;;;;;;;;;;905,0;776,2;;777,0;
NewOrleans;;;;;;;;;;;;;;;;;;;560,7;;553,7;;;;;;;;;;;1004,0;;756,8;;
Nashville;;;;;;;;;;;;;;;;;;;;;656,6;561,6;;;;;;;500,8;;653,9;901,0;;;;
Step_32000;Vancouver;Seattle;Calgary;Portland;Helena;SaltLakeCity;SanFrancisco;LosAngeles;LasVegas;Phoenix;SantaFe;Denver;ElPaso;Winnipeg;Duluth;Omaha;KansasCity;OklahomaCity;Houston;Dallas;LittleRock;SaintLouis;Chicago;SaultStMarie;Toronto;Montreal;Boston;NewYork;Pittsburgh;Washington;Raleigh;Atlanta;Charleston;Miami;NewOrleans;Nashville
Vancouver;;280,8;281,4;;;;;;;;;;;;;;;;;;;;;;;;;;;;;;;;;
Seattle;257,0;;307,3;312,2;345,4;;;;;;;;;;;;;;;;;;;;;;;;;;;;;;;
Calgary;264,1;287,7;;;360,3;;;;;;;;;331,8;;;;;;;;;;;;;;;;;;;;;;
Portland;;289,5;;;;335,1;336,8;;;;;;;;;;;;;;;;;;;;;;;;;;;;;
Helena;;299,7;304,8;;;371,2;;;;;;404,6;;351,5;392,4;414,5;;;;;;;;;;;;;;;;;;;;
SaltLakeCity;;;;317,7;333,6;;331,2;;354,3;;;399,5;;;;;;;;;;;;;;;;;;;;;;;;
SanFrancisco;;;;299,8;;345,3;;993,8;;;;;;;;;;;;;;;;;;;;;;;;;;;;
LosAngeles;;;;;;;312,1;;360,3;412,0;;;979,9;;;;;;;;;;;;;;;;;;;;;;;
LasVegas;;;;;;350,1;;397,2;;;;;;;;;;;;;;;;;;;;;;;;;;;;
Phoenix;;;;;;;;403,9;;;416,0;408,5;496,2;;;;;;;;;;;;;;;;;;;;;;;
SantaFe;;;;;;;;;;414,1;;420,5;452,5;;;;;482,3;;;;;;;;;;;;;;;;;;
Denver;;;;;341,4;343,5;;;;396,9;443,4;;;;;430,0;479,5;442,3;;;;;;;;;;;;;;;;;;
ElPaso;;;;;;;;408,3;;417,0;423,9;;;;;;;471,0;913,0;508,1;;;;;;;;;;;;;;;;
Winnipeg;;;308,0;;342,0;;;;;;;;;;408,5;;;;;;;;;366,5;;;;;;;;;;;;
Duluth;;;;;350,5;;;;;;;;;316,3;;;;;;;;;461,4;;427,2;;;;;;;;;;;
Omaha;;;;;359,7;;;;;;;406,8;;;;;;;;;;;481,3;;;;;;;;;;;;;
KansasCity;;;;;;;;;;;;422,2;;;;;;;;;;518,3;;;;;;;;;;;;;;
OklahomaCity;;;;;;;;;;;436,4;432,2;477,6;;;;;;;491,6;590,3;;;;;;;;;;;;;;;
Houston;;;;;;;;;;;;;567,6;;;;;;;505,8;;;;;;;;;;;;;;;982,3;
Dallas;;;;;;;;;;;;;480,1;;;;;507,9;539,8;;579,0;;;;;;;;;;;;;;;
LittleRock;;;;;;;;;;;;;;;;;;473,6;;491,1;;562,0;;;;;;;;;;;;;753,9;674,0
SaintLouis;;;;;;;;;;;;;;;;;462,5;;;;592,2;;435,0;;;;;;539,6;;;;;;;705,0
Chicago;;;;;;;;;;;;;;;394,9;425,1;;;;;;577,2;;;401,2;;;;503,4;;;;;;;
SaultStMarie;;;;;;;;;;;;;;343,4;;;;;;;;;;;391,4;401,3;;;;;;;;;;
Toronto;;;;;;;;;;;;;;;391,7;;;;;;;;444,2;351,3;;387,8;;;520,1;;;;;;;
Montreal;;;;;;;;;;;;;;;;;;;;;;;;375,3;406,5;;401,2;431,6;;;;;;;;
Boston;;;;;;;;;;;;;;;;;;;;;;;;;;398,2;;415,6;;;;;;;;
NewYork;;;;;;;;;;;;;;;;;;;;;;;;;;380,8;384,0;;488,0;486,1;;;;;;
Pittsburgh;;;;;;;;;;;;;;;;;;;;;;476,8;452,5;;429,0;;;401,0;;487,4;612,6;;;;;683,5
Washington;;;;;;;;;;;;;;;;;;;;;;;;;;;;438,8;517,1;;588,9;;;;;
Raleigh;;;;;;;;;;;;;;;;;;;;;;;;;;;;;602,5;525,4;;;734,4;;;573,2
Atlanta;;;;;;;;;;;;;;;;;;;;;;;;;;;;;;;;;1000,0;1000,0;1000,0;1000,0
Charleston;;;;;;;;;;;;;;;;;;;;;;;;;;;;;;;602,7;902,0;;794,0;;
Miami;;;;;;;;;;;;;;;;;;;;;;;;;;;;;;;;905,0;698,6;;797,0;
NewOrleans;;;;;;;;;;;;;;;;;;;516,5;;610,0;;;;;;;;;;;984,0;;726,0;;
Nashville;;;;;;;;;;;;;;;;;;;;;625,3;526,4;;;;;;;501,6;;650,3;901,0;;;;
Step_36000;Vancouver;Seattle;Calgary;Portland;Helena;SaltLakeCity;SanFrancisco;LosAngeles;LasVegas;Phoenix;SantaFe;Denver;ElPaso;Winnipeg;Duluth;Omaha;KansasCity;OklahomaCity;Houston;Dallas;LittleRock;SaintLouis;Chicago;SaultStMarie;Toronto;Montreal;Boston;NewYork;Pittsburgh;Washington;Raleigh;Atlanta;Charleston;Miami;NewOrleans;Nashville
Vancouver;;283,9;299,5;;;;;;;;;;;;;;;;;;;;;;;;;;;;;;;;;
Seattle;263,6;;304,3;288,8;352,8;;;;;;;;;;;;;;;;;;;;;;;;;;;;;;;
Calgary;268,5;296,6;;;328,4;;;;;;;;;338,0;;;;;;;;;;;;;;;;;;;;;;
Portland;;288,6;;;;344,4;343,9;;;;;;;;;;;;;;;;;;;;;;;;;;;;;
Helena;;282,9;301,6;;;339,1;;;;;;398,6;;328,6;365,8;352,5;;;;;;;;;;;;;;;;;;;;
SaltLakeCity;;;;304,3;342,0;;339,0;;331,3;;;416,8;;;;;;;;;;;;;;;;;;;;;;;;
SanFrancisco;;;;316,8;;354,7;;900,6;;;;;;;;;;;;;;;;;;;;;;;;;;;;
LosAngeles;;;;;;;462,2;;330,3;428,5;;;991,1;;;;;;;;;;;;;;;;;;;;;;;
LasVegas;;;;;;329,4;;369,9;;;;;;;;;;;;;;;;;;;;;;;;;;;;
Phoenix;;;;;;;;392,6;;;421,9;428,3;482,3;;;;;;;;;;;;;;;;;;;;;;;
SantaFe;;;;;;;;;;405,7;;434,0;505,9;;;;;497,7;;;;;;;;;;;;;;;;;;
Denver;;;;;335,0;350,9;;;;401,9;417,5;;;;;386,8;468,5;483,1;;;;;;;;;;;;;;;;;;
ElPaso;;;;;;;;413,5;;409,4;443,6;;;;;;;524,2;975,1;502,4;;;;;;;;;;;;;;;;
Winnipeg;;;292,4;;344,7;;;;;;;;;;374,4;;;;;;;;;348,0;;;;;;;;;;;;
Duluth;;;;;326,3;;;;;;;;;326,1;;;;;;;;;452,2;;408,7;;;;;;;;;;;
Omaha;;;;;348,4;;;;;;;419,3;;;;;;;;;;;445,6;;;;;;;;;;;;;
KansasCity;;;;;;;;;;;;402,1;;;;;;;;;;534,1;;;;;;;;;;;;;;
OklahomaCity;;;;;;;;;;;438,6;429,1;486,0;;;;;;;498,9;590,4;;;;;;;;;;;;;;;
Houston;;;;;;;;;;;;;501,0;;;;;;;540,0;;;;;;;;;;;;;;;912,9;
Dallas;;;;;;;;;;;;;478,6;;;;;491,4;564,6;;648,4;;;;;;;;;;;;;;;
LittleRock;;;;;;;;;;;;;;;;;;518,6;;525,2;;540,2;;;;;;;;;;;;;790,8;729,6
SaintLouis;;;;;;;;;;;;;;;;;469,6;;;;585,2;;498,8;;;;;;472,2;;;;;;;752,2
Chicago;;;;;;;;;;;;;;;389,9;391,7;;;;;;548,0;;;424,0;;;;501,4;;;;;;;
SaultStMarie;;;;;;;;;;;;;;338,9;;;;;;;;;;;379,8;387,7;;;;;;;;;;
Toronto;;;;;;;;;;;;;;;381,4;;;;;;;;444,3;355,6;;399,2;;;433,6;;;;;;;
Montreal;;;;;;;;;;;;;;;;;;;;;;;;367,3;376,9;;388,1;453,2;;;;;;;;
Boston;;;;;;;;;;;;;;;;;;;;;;;;;;389,7;;432,7;;;;;;;;
NewYork;;;;;;;;;;;;;;;;;;;;;;;;;;397,0;392,4;;534,5;495,5;;;;;;
Pittsburgh;;;;;;;;;;;;;;;;;;;;;;600,0;465,4;;387,9;;;421,7;;520,7;606,0;;;;;653,3
Washington;;;;;;;;;;;;;;;;;;;;;;;;;;;;439,4;518,0;;620,4;;;;;
Raleigh;;;;;;;;;;;;;;;;;;;;;;;;;;;;;500,1;530,0;;;747,9;;;688,4
Atlanta;;;;;;;;;;;;;;;;;;;;;;;;;;;;;;;;;1000,0;1000,0;1000,0;1000,0
Charleston;;;;;;;;;;;;;;;;;;;;;;;;;;;;;;;627,3;902,0;;791,9;;
Miami;;;;;;;;;;;;;;;;;;;;;;;;;;;;;;;;905,0;797,8;;738,6;
NewOrleans;;;;;;;;;;;;;;;;;;;598,3;;585,2;;;;;;;;;;;984,0;;779,8;;
Nashville;;;;;;;;;;;;;;;;;;;;;634,9;604,8;;;;;;;433,1;;616,8;901,0;;;;
Step_40000;Vancouver;Seattle;Calgary;Portland;Helena;SaltLakeCity;SanFrancisco;LosAngeles;LasVegas;Phoenix;SantaFe;Denver;ElPaso;Winnipeg;Duluth;Omaha;KansasCity;OklahomaCity;Houston;Dallas;LittleRock;SaintLouis;Chicago;SaultStMarie;Toronto;Montreal;Boston;NewYork;Pittsburgh;Washington;Raleigh;Atlanta;Charleston;Miami;NewOrleans;Nashville
Vancouver;;269,0;298,3;;;;;;;;;;;;;;;;;;;;;;;;;;;;;;;;;
Seattle;261,9;;314,6;316,9;345,9;;;;;;;;;;;;;;;;;;;;;;;;;;;;;;;
Calgary;255,6;301,1;;;353,9;;;;;;;;;327,8;;;;;;;;;;;;;;;;;;;;;;
Portland;;287,7;;;;373,0;346,8;;;;;;;;;;;;;;;;;;;;;;;;;;;;;
Helena;;291,8;298,8;;;342,4;;;;;;372,7;;331,1;381,6;367,9;;;;;;;;;;;;;;;;;;;;
SaltLakeCity;;;;289,2;352,4;;357,4;;364,7;;;436,3;;;;;;;;;;;;;;;;;;;;;;;;
SanFrancisco;;;;331,4;;336,8;;995,4;;;;;;;;;;;;;;;;;;;;;;;;;;;;
LosAngeles;;;;;;;350,2;;341,1;417,2;;;980,1;;;;;;;;;;;;;;;;;;;;;;;
LasVegas;;;;;;352,5;;398,2;;;;;;;;;;;;;;;;;;;;;;;;;;;;
Phoenix;;;;;;;;416,5;;;418,4;380,9;519,5;;;;;;;;;;;;;;;;;;;;;;;
SantaFe;;;;;;;;;;437,7;;428,0;454,0;;;;;502,0;;;;;;;;;;;;;;;;;;
Denver;;;;;337,8;357,7;;;;405,9;447,4;;;;;445,4;466,9;497,0;;;;;;;;;;;;;;;;;;
ElPaso;;;;;;;;388,4;;426,9;419,5;;;;;;;905,2;514,1;513,1;;;;;;;;;;;;;;;;
Winnipeg;;;325,9;;347,2;;;;;;;;;;354,0;;;;;;;;;362,7;;;;;;;;;;;;
Duluth;;;;;361,8;;;;;;;;;326,3;;;;;;;;;508,5;;431,5;;;;;;;;;;;
Omaha;;;;;358,5;;;;;;;399,3;;;;;;;;;;;485,5;;;;;;;;;;;;;
KansasCity;;;;;;;;;;;;435,6;;;;;;;;;;559,6;;;;;;;;;;;;;;
OklahomaCity;;;;;;;;;;;435,2;456,5;507,8;;;;;;;516,5;1009,0;;;;;;;;;;;;;;;
Houston;;;;;;;;;;;;;477,4;;;;;;;521,3;;;;;;;;;;;;;;;797,2;
Dallas;;;;;;;;;;;;;442,2;;;;;507,6;577,6;;525,6;;;;;;;;;;;;;;;
LittleRock;;;;;;;;;;;;;;;;;;458,8;;523,4;;573,2;;;;;;;;;;;;;1007,0;631,8
SaintLouis;;;;;;;;;;;;;;;;;475,3;;;;634,6;;461,7;;;;;;585,6;;;;;;;688,0
Chicago;;;;;;;;;;;;;;;396,8;434,9;;;;;;496,4;;;466,1;;;;600,7;;;;;;;
SaultStMarie;;;;;;;;;;;;;;320,0;;;;;;;;;;;413,1;407,9;;;;;;;;;;
Toronto;;;;;;;;;;;;;;;381,8;;;;;;;;472,5;339,5;;404,1;;;554,4;;;;;;;
Montreal;;;;;;;;;;;;;;;;;;;;;;;;382,0;447,7;;407,3;476,6;;;;;;;;
Boston;;;;;;;;;;;;;;;;;;;;;;;;;;394,2;;455,8;;;;;;;;
NewYork;;;;;;;;;;;;;;;;;;;;;;;;;;414,5;395,8;;529,4;540,4;;;;;;
Pittsburgh;;;;;;;;;;;;;;;;;;;;;;519,8;501,4;;458,1;;;478,4;;523,1;621,3;;;;;642,9
Washington;;;;;;;;;;;;;;;;;;;;;;;;;;;;463,1;551,2;;647,2;;;;;
Raleigh;;;;;;;;;;;;;;;;;;;;;;;;;;;;;592,9;545,8;;;714,1;;;658,0
Atlanta;;;;;;;;;;;;;;;;;;;;;;;;;;;;;;;;;1000,0;1000,0;1000,0;1000,0
Charleston;;;;;;;;;;;;;;;;;;;;;;;;;;;;;;;629,1;902,0;;775,5;;
Miami;;;;;;;;;;;;;;;;;;;;;;;;;;;;;;;;905,0;763,9;;771,4;
NewOrleans;;;;;;;;;;;;;;;;;;;583,5;;680,1;;;;;;;;;;;984,0;;749,0;;
Nashville;;;;;;;;;;;;;;;;;;;;;661,4;591,8;;;;;;;571,2;;652,8;901,0;;;;
Step_4000;Vancouver;Seattle;Calgary;Portland;Helena;SaltLakeCity;SanFrancisco;LosAngeles;LasVegas;Phoenix;SantaFe;Denver;ElPaso;Winnipeg;Duluth;Omaha;KansasCity;OklahomaCity;Houston;Dallas;LittleRock;SaintLouis;Chicago;SaultStMarie;Toronto;Montreal;Boston;NewYork;Pittsburgh;Washington;Raleigh;Atlanta;Charleston;Miami;NewOrleans;Nashville
Vancouver;;269,4;279,5;;;;;;;;;;;;;;;;;;;;;;;;;;;;;;;;;
Seattle;249,3;;306,1;308,9;345,8;;;;;;;;;;;;;;;;;;;;;;;;;;;;;;;
Calgary;234,6;290,9;;;331,7;;;;;;;;;337,5;;;;;;;;;;;;;;;;;;;;;;
Portland;;300,4;;;;347,8;459,8;;;;;;;;;;;;;;;;;;;;;;;;;;;;;
Helena;;310,9;306,0;;;355,0;;;;;;403,3;;302,4;393,9;396,9;;;;;;;;;;;;;;;;;;;;
SaltLakeCity;;;;297,5;352,2;;351,7;;358,3;;;422,7;;;;;;;;;;;;;;;;;;;;;;;;
SanFrancisco;;;;327,8;;354,7;;993,3;;;;;;;;;;;;;;;;;;;;;;;;;;;;
LosAngeles;;;;;;;349,2;;339,5;433,1;;;977,5;;;;;;;;;;;;;;;;;;;;;;;
LasVegas;;;;;;350,2;;388,9;;;;;;;;;;;;;;;;;;;;;;;;;;;;
Phoenix;;;;;;;;421,8;;;450,1;421,2;501,9;;;;;;;;;;;;;;;;;;;;;;;
SantaFe;;;;;;;;;;439,3;;415,9;537,0;;;;;493,8;;;;;;;;;;;;;;;;;;
Denver;;;;;358,1;350,1;;;;423,3;456,0;;;;;406,1;501,1;521,6;;;;;;;;;;;;;;;;;;
ElPaso;;;;;;;;415,0;;423,7;454,5;;;;;;;512,0;899,3;499,2;;;;;;;;;;;;;;;;
Winnipeg;;;271,0;;354,7;;;;;;;;;;406,8;;;;;;;;;320,7;;;;;;;;;;;;
Duluth;;;;;365,2;;;;;;;;;335,8;;;;;;;;;441,8;;412,2;;;;;;;;;;;
Omaha;;;;;335,4;;;;;;;426,7;;;;;;;;;;;474,8;;;;;;;;;;;;;
KansasCity;;;;;;;;;;;;437,5;;;;;;;;;;567,3;;;;;;;;;;;;;;
OklahomaCity;;;;;;;;;;;455,4;429,0;514,5;;;;;;;533,5;623,6;;;;;;;;;;;;;;;
Houston;;;;;;;;;;;;;491,8;;;;;;;512,8;;;;;;;;;;;;;;;1006,0;
Dallas;;;;;;;;;;;;;486,4;;;;;479,9;528,5;;609,9;;;;;;;;;;;;;;;
LittleRock;;;;;;;;;;;;;;;;;;545,1;;527,2;;553,0;;;;;;;;;;;;;739,1;706,9
SaintLouis;;;;;;;;;;;;;;;;;450,0;;;;622,4;;454,6;;;;;;538,2;;;;;;;619,7
Chicago;;;;;;;;;;;;;;;413,4;435,1;;;;;;605,6;;;420,7;;;;546,8;;;;;;;
SaultStMarie;;;;;;;;;;;;;;317,0;;;;;;;;;;;412,4;249,7;;;;;;;;;;
Toronto;;;;;;;;;;;;;;;370,5;;;;;;;;475,7;345,8;;345,2;;;460,4;;;;;;;
Montreal;;;;;;;;;;;;;;;;;;;;;;;;206,8;429,7;;292,3;265,3;;;;;;;;
Boston;;;;;;;;;;;;;;;;;;;;;;;;;;302,2;;373,2;;;;;;;;
NewYork;;;;;;;;;;;;;;;;;;;;;;;;;;229,7;286,6;;467,5;477,0;;;;;;
Pittsburgh;;;;;;;;;;;;;;;;;;;;;;592,0;439,0;;432,5;;;429,5;;474,1;613,1;;;;;664,3
Washington;;;;;;;;;;;;;;;;;;;;;;;;;;;;468,1;535,0;;453,7;;;;;
Raleigh;;;;;;;;;;;;;;;;;;;;;;;;;;;;;535,0;432,3;;;732,4;;;
Atlanta;;;;;;;;;;;;;;;;;;;;;;;;;;;;;;;;;1000,0;1000,0;1000,0;1000,0
Charleston;;;;;;;;;;;;;;;;;;;;;;;;;;;;;;;538,2;902,0;;715,6;;
Miami;;;;;;;;;;;;;;;;;;;;;;;;;;;;;;;;905,0;751,7;;743,1;
NewOrleans;;;;;;;;;;;;;;;;;;;564,6;;559,3;;;;;;;;;;;984,0;;785,9;;
Nashville;;;;;;;;;;;;;;;;;;;;;589,8;567,7;;;;;;;486,5;;;901,0;;;;
Step_8000;Vancouver;Seattle;Calgary;Portland;Helena;SaltLakeCity;SanFrancisco;LosAngeles;LasVegas;Phoenix;SantaFe;Denver;ElPaso;Winnipeg;Duluth;Omaha;KansasCity;OklahomaCity;Houston;Dallas;LittleRock;SaintLouis;Chicago;SaultStMarie;Toronto;Montreal;Boston;NewYork;Pittsburgh;Washington;Raleigh;Atlanta;Charleston;Miami;NewOrleans;Nashville
Vancouver;;269,3;292,3;;;;;;;;;;;;;;;;;;;;;;;;;;;;;;;;;
Seattle;259,2;;287,2;293,1;335,3;;;;;;;;;;;;;;;;;;;;;;;;;;;;;;;
Calgary;259,7;283,5;;;328,2;;;;;;;;;318,3;;;;;;;;;;;;;;;;;;;;;;
Portland;;272,1;;;;351,4;292,2;;;;;;;;;;;;;;;;;;;;;;;;;;;;;
Helena;;275,5;298,4;;;345,1;;;;;;370,9;;336,4;397,2;379,3;;;;;;;;;;;;;;;;;;;;
SaltLakeCity;;;;283,4;335,3;;313,9;;334,3;;;395,3;;;;;;;;;;;;;;;;;;;;;;;;
SanFrancisco;;;;302,7;;358,0;;892,3;;;;;;;;;;;;;;;;;;;;;;;;;;;;
LosAngeles;;;;;;;336,3;;346,8;416,3;;;1018,0;;;;;;;;;;;;;;;;;;;;;;;
LasVegas;;;;;;323,7;;400,2;;;;;;;;;;;;;;;;;;;;;;;;;;;;
Phoenix;;;;;;;;369,9;;;428,7;436,6;533,3;;;;;;;;;;;;;;;;;;;;;;;
SantaFe;;;;;;;;;;420,1;;407,8;485,6;;;;;521,1;;;;;;;;;;;;;;;;;;
Denver;;;;;327,9;311,7;;;;407,0;417,9;;;;;402,6;448,5;506,8;;;;;;;;;;;;;;;;;;
ElPaso;;;;;;;;432,8;;427,6;464,2;;;;;;;507,5;900,2;494,9;;;;;;;;;;;;;;;;
Winnipeg;;;306,4;;335,5;;;;;;;;;;383,9;;;;;;;;;339,9;;;;;;;;;;;;
Duluth;;;;;346,9;;;;;;;;;322,7;;;;;;;;;432,3;;418,6;;;;;;;;;;;
Omaha;;;;;347,7;;;;;;;423,4;;;;;;;;;;;465,7;;;;;;;;;;;;;
KansasCity;;;;;;;;;;;;434,3;;;;;;;;;;447,9;;;;;;;;;;;;;;
OklahomaCity;;;;;;;;;;;421,8;430,8;482,6;;;;;;;517,3;603,8;;;;;;;;;;;;;;;
Houston;;;;;;;;;;;;;461,7;;;;;;;496,5;;;;;;;;;;;;;;;912,5;
Dallas;;;;;;;;;;;;;486,0;;;;;472,8;666,0;;527,9;;;;;;;;;;;;;;;
LittleRock;;;;;;;;;;;;;;;;;;477,3;;515,5;;601,3;;;;;;;;;;;;;796,3;640,8
SaintLouis;;;;;;;;;;;;;;;;;461,7;;;;639,7;;439,2;;;;;;540,4;;;;;;;609,7
Chicago;;;;;;;;;;;;;;;370,6;398,7;;;;;;508,5;;;477,4;;;;465,3;;;;;;;
SaultStMarie;;;;;;;;;;;;;;332,4;;;;;;;;;;;456,0;303,8;;;;;;;;;;
Toronto;;;;;;;;;;;;;;;374,2;;;;;;;;469,3;378,3;;355,9;;;457,0;;;;;;;
Montreal;;;;;;;;;;;;;;;;;;;;;;;;302,6;445,0;;364,1;347,6;;;;;;;;
Boston;;;;;;;;;;;;;;;;;;;;;;;;;;349,6;;468,4;;;;;;;;
NewYork;;;;;;;;;;;;;;;;;;;;;;;;;;308,6;389,7;;584,9;501,2;;;;;;
Pittsburgh;;;;;;;;;;;;;;;;;;;;;;507,6;473,9;;385,9;;;471,7;;454,2;536,7;;;;;729,2
Washington;;;;;;;;;;;;;;;;;;;;;;;;;;;;469,8;480,7;;629,5;;;;;
Raleigh;;;;;;;;;;;;;;;;;;;;;;;;;;;;;491,1;444,2;;;766,4;;;
Atlanta;;;;;;;;;;;;;;;;;;;;;;;;;;;;;;;;;1000,0;1000,0;1000,0;1000,0
Charleston;;;;;;;;;;;;;;;;;;;;;;;;;;;;;;;563,3;902,0;;783,1;;
Miami;;;;;;;;;;;;;;;;;;;;;;;;;;;;;;;;905,0;781,2;;739,8;
NewOrleans;;;;;;;;;;;;;;;;;;;546,2;;596,2;;;;;;;;;;;984,0;;767,3;;
Nashville;;;;;;;;;;;;;;;;;;;;;608,1;533,9;;;;;;;491,3;;;901,0;;;;
Step_12000;Vancouver;Seattle;Calgary;Portland;Helena;SaltLakeCity;SanFrancisco;LosAngeles;LasVegas;Phoenix;SantaFe;Denver;ElPaso;Winnipeg;Duluth;Omaha;KansasCity;OklahomaCity;Houston;Dallas;LittleRock;SaintLouis;Chicago;SaultStMarie;Toronto;Montreal;Boston;NewYork;Pittsburgh;Washington;Raleigh;Atlanta;Charleston;Miami;NewOrleans;Nashville
Vancouver;;315,1;308,9;;;;;;;;;;;;;;;;;;;;;;;;;;;;;;;;;
Seattle;282,2;;300,5;304,4;369,0;;;;;;;;;;;;;;;;;;;;;;;;;;;;;;;
Calgary;283,5;287,4;;;350,0;;;;;;;;;329,0;;;;;;;;;;;;;;;;;;;;;;
Portland;;291,9;;;;337,9;357,4;;;;;;;;;;;;;;;;;;;;;;;;;;;;;
Helena;;313,9;317,8;;;349,2;;;;;;433,6;;316,3;400,6;405,2;;;;;;;;;;;;;;;;;;;;
SaltLakeCity;;;;315,4;345,7;;345,4;;341,5;;;400,6;;;;;;;;;;;;;;;;;;;;;;;;
SanFrancisco;;;;313,5;;336,1;;977,8;;;;;;;;;;;;;;;;;;;;;;;;;;;;
LosAngeles;;;;;;;452,8;;330,6;415,7;;;891,0;;;;;;;;;;;;;;;;;;;;;;;
LasVegas;;;;;;334,5;;392,6;;;;;;;;;;;;;;;;;;;;;;;;;;;;
Phoenix;;;;;;;;376,6;;;439,9;435,3;505,9;;;;;;;;;;;;;;;;;;;;;;;
SantaFe;;;;;;;;;;402,2;;423,1;472,7;;;;;480,7;;;;;;;;;;;;;;;;;;
Denver;;;;;361,8;342,6;;;;406,4;415,1;;;;;435,1;450,9;449,2;;;;;;;;;;;;;;;;;;
ElPaso;;;;;;;;420,9;;408,1;418,6;;;;;;;468,7;899,0;496,8;;;;;;;;;;;;;;;;
Winnipeg;;;301,2;;347,7;;;;;;;;;;389,3;;;;;;;;;323,4;;;;;;;;;;;;
Duluth;;;;;370,7;;;;;;;;;328,8;;;;;;;;;482,6;;442,3;;;;;;;;;;;
Omaha;;;;;343,9;;;;;;;390,9;;;;;;;;;;;491,2;;;;;;;;;;;;;
KansasCity;;;;;;;;;;;;395,4;;;;;;;;;;579,7;;;;;;;;;;;;;;
OklahomaCity;;;;;;;;;;;443,9;406,0;590,7;;;;;;;519,6;589,1;;;;;;;;;;;;;;;
Houston;;;;;;;;;;;;;490,1;;;;;;;516,2;;;;;;;;;;;;;;;1006,0;
Dallas;;;;;;;;;;;;;526,5;;;;;479,4;626,1;;533,2;;;;;;;;;;;;;;;
LittleRock;;;;;;;;;;;;;;;;;;486,8;;518,4;;577,8;;;;;;;;;;;;;732,8;690,3
SaintLouis;;;;;;;;;;;;;;;;;467,7;;;;632,2;;480,9;;;;;;524,0;;;;;;;697,4
Chicago;;;;;;;;;;;;;;;393,1;430,8;;;;;;597,9;;;448,9;;;;540,2;;;;;;;
SaultStMarie;;;;;;;;;;;;;;325,5;;;;;;;;;;;433,8;329,9;;;;;;;;;;
Toronto;;;;;;;;;;;;;;;408,6;;;;;;;;478,0;372,4;;362,6;;;561,0;;;;;;;
Montreal;;;;;;;;;;;;;;;;;;;;;;;;353,8;415,3;;378,9;383,0;;;;;;;;
Boston;;;;;;;;;;;;;;;;;;;;;;;;;;350,4;;474,5;;;;;;;;
NewYork;;;;;;;;;;;;;;;;;;;;;;;;;;361,9;415,3;;545,5;504,4;;;;;;
Pittsburgh;;;;;;;;;;;;;;;;;;;;;;565,5;451,3;;426,9;;;482,4;;525,7;561,1;;;;;735,5
Washington;;;;;;;;;;;;;;;;;;;;;;;;;;;;464,5;546,3;;579,6;;;;;
Raleigh;;;;;;;;;;;;;;;;;;;;;;;;;;;;;534,5;481,9;;;726,2;;;
Atlanta;;;;;;;;;;;;;;;;;;;;;;;;;;;;;;;;;1000,0;1000,0;1000,0;1000,0
Charleston;;;;;;;;;;;;;;;;;;;;;;;;;;;;;;;564,5;902,0;;783,8;;
Miami;;;;;;;;;;;;;;;;;;;;;;;;;;;;;;;;905,0;752,3;;771,7;
NewOrleans;;;;;;;;;;;;;;;;;;;642,3;;639,4;;;;;;;;;;;1004,0;;773,0;;
Nashville;;;;;;;;;;;;;;;;;;;;;619,2;548,9;;;;;;;564,1;;;901,0;;;;
Step_16000;Vancouver;Seattle;Calgary;Portland;Helena;SaltLakeCity;SanFrancisco;LosAngeles;LasVegas;Phoenix;SantaFe;Denver;ElPaso;Winnipeg;Duluth;Omaha;KansasCity;OklahomaCity;Houston;Dallas;LittleRock;SaintLouis;Chicago;SaultStMarie;Toronto;Montreal;Boston;NewYork;Pittsburgh;Washington;Raleigh;Atlanta;Charleston;Miami;NewOrleans;Nashville
Vancouver;;299,2;288,6;;;;;;;;;;;;;;;;;;;;;;;;;;;;;;;;;
Seattle;271,1;;290,6;310,5;336,6;;;;;;;;;;;;;;;;;;;;;;;;;;;;;;;
Calgary;275,3;309,8;;;354,1;;;;;;;;;341,3;;;;;;;;;;;;;;;;;;;;;;
Portland;;289,8;;;;351,4;333,4;;;;;;;;;;;;;;;;;;;;;;;;;;;;;
Helena;;307,4;312,8;;;370,0;;;;;;387,4;;352,3;386,2;390,5;;;;;;;;;;;;;;;;;;;;
SaltLakeCity;;;;323,5;346,0;;335,2;;353,7;;;366,7;;;;;;;;;;;;;;;;;;;;;;;;
SanFrancisco;;;;312,9;;348,0;;1021,0;;;;;;;;;;;;;;;;;;;;;;;;;;;;
LosAngeles;;;;;;;325,9;;346,4;403,6;;;1018,0;;;;;;;;;;;;;;;;;;;;;;;
LasVegas;;;;;;338,5;;409,8;;;;;;;;;;;;;;;;;;;;;;;;;;;;
Phoenix;;;;;;;;380,5;;;434,9;426,1;427,6;;;;;;;;;;;;;;;;;;;;;;;
SantaFe;;;;;;;;;;430,8;;406,6;519,6;;;;;490,7;;;;;;;;;;;;;;;;;;
Denver;;;;;333,8;352,2;;;;391,8;441,6;;;;;420,6;472,7;434,8;;;;;;;;;;;;;;;;;;
ElPaso;;;;;;;;388,6;;410,2;429,0;;;;;;;508,9;987,6;503,0;;;;;;;;;;;;;;;;
Winnipeg;;;300,2;;349,6;;;;;;;;;;376,0;;;;;;;;;379,8;;;;;;;;;;;;
Duluth;;;;;369,4;;;;;;;;;330,1;;;;;;;;;445,5;;455,0;;;;;;;;;;;
Omaha;;;;;363,0;;;;;;;409,9;;;;;;;;;;;476,6;;;;;;;;;;;;;
KansasCity;;;;;;;;;;;;413,1;;;;;;;;;;545,5;;;;;;;;;;;;;;
OklahomaCity;;;;;;;;;;;437,1;399,1;492,2;;;;;;;521,8;573,5;;;;;;;;;;;;;;;
Houston;;;;;;;;;;;;;478,9;;;;;;;510,9;;;;;;;;;;;;;;;982,3;
Dallas;;;;;;;;;;;;;471,6;;;;;531,4;577,6;;612,9;;;;;;;;;;;;;;;
LittleRock;;;;;;;;;;;;;;;;;;488,7;;503,5;;555,9;;;;;;;;;;;;;765,7;564,3
SaintLouis;;;;;;;;;;;;;;;;;468,1;;;;585,5;;463,7;;;;;;536,2;;;;;;;730,5
Chicago;;;;;;;;;;;;;;;406,6;401,8;;;;;;530,7;;;454,0;;;;574,7;;;;;;;
SaultStMarie;;;;;;;;;;;;;;335,2;;;;;;;;;;;466,2;379,6;;;;;;;;;;
Toronto;;;;;;;;;;;;;;;387,0;;;;;;;;493,3;354,9;;384,1;;;579,0;;;;;;;
Montreal;;;;;;;;;;;;;;;;;;;;;;;;362,4;502,4;;404,8;467,1;;;;;;;;
Boston;;;;;;;;;;;;;;;;;;;;;;;;;;370,1;;481,8;;;;;;;;
NewYork;;;;;;;;;;;;;;;;;;;;;;;;;;410,0;411,3;;554,0;501,2;;;;;;
Pittsburgh;;;;;;;;;;;;;;;;;;;;;;585,8;479,4;;482,1;;;505,1;;488,4;589,4;;;;;666,4
Washington;;;;;;;;;;;;;;;;;;;;;;;;;;;;487,2;519,6;;610,5;;;;;
Raleigh;;;;;;;;;;;;;;;;;;;;;;;;;;;;;519,0;542,4;;;725,3;;;
Atlanta;;;;;;;;;;;;;;;;;;;;;;;;;;;;;;;;;1000,0;1000,0;1000,0;1000,0
Charleston;;;;;;;;;;;;;;;;;;;;;;;;;;;;;;;595,3;902,0;;730,2;;
Miami;;;;;;;;;;;;;;;;;;;;;;;;;;;;;;;;905,0;727,5;;717,6;
NewOrleans;;;;;;;;;;;;;;;;;;;554,8;;636,9;;;;;;;;;;;984,0;;745,4;;
Nashville;;;;;;;;;;;;;;;;;;;;;632,2;533,1;;;;;;;538,6;;;901,0;;;;
Step_20000;Vancouver;Seattle;Calgary;Portland;Helena;SaltLakeCity;SanFrancisco;LosAngeles;LasVegas;Phoenix;SantaFe;Denver;ElPaso;Winnipeg;Duluth;Omaha;KansasCity;OklahomaCity;Houston;Dallas;LittleRock;SaintLouis;Chicago;SaultStMarie;Toronto;Montreal;Boston;NewYork;Pittsburgh;Washington;Raleigh;Atlanta;Charleston;Miami;NewOrleans;Nashville
Vancouver;;292,5;278,8;;;;;;;;;;;;;;;;;;;;;;;;;;;;;;;;;
Seattle;262,2;;304,6;313,4;357,1;;;;;;;;;;;;;;;;;;;;;;;;;;;;;;;
Calgary;263,9;280,9;;;341,9;;;;;;;;;337,3;;;;;;;;;;;;;;;;;;;;;;
Portland;;295,3;;;;345,3;365,3;;;;;;;;;;;;;;;;;;;;;;;;;;;;;
Helena;;302,3;295,0;;;368,5;;;;;;396,9;;355,9;377,9;381,2;;;;;;;;;;;;;;;;;;;;
SaltLakeCity;;;;321,5;315,7;;320,9;;336,7;;;407,5;;;;;;;;;;;;;;;;;;;;;;;;
SanFrancisco;;;;315,3;;344,6;;981,5;;;;;;;;;;;;;;;;;;;;;;;;;;;;
LosAngeles;;;;;;;349,8;;341,4;443,3;;;911,6;;;;;;;;;;;;;;;;;;;;;;;
LasVegas;;;;;;342,2;;382,0;;;;;;;;;;;;;;;;;;;;;;;;;;;;
Phoenix;;;;;;;;420,6;;;427,0;413,5;536,7;;;;;;;;;;;;;;;;;;;;;;;
SantaFe;;;;;;;;;;422,8;;398,7;449,7;;;;;524,8;;;;;;;;;;;;;;;;;;
Denver;;;;;338,1;338,8;;;;419,5;437,5;;;;;432,6;466,3;438,4;;;;;;;;;;;;;;;;;;
ElPaso;;;;;;;;411,3;;423,0;443,8;;;;;;;462,0;1012,0;533,3;;;;;;;;;;;;;;;;
Winnipeg;;;298,3;;353,8;;;;;;;;;;373,3;;;;;;;;;382,3;;;;;;;;;;;;
Duluth;;;;;337,7;;;;;;;;;331,0;;;;;;;;;453,6;;418,4;;;;;;;;;;;
Omaha;;;;;336,3;;;;;;;413,1;;;;;;;;;;;476,7;;;;;;;;;;;;;
KansasCity;;;;;;;;;;;;442,3;;;;;;;;;;535,8;;;;;;;;;;;;;;
OklahomaCity;;;;;;;;;;;447,2;405,6;459,9;;;;;;;533,1;605,3;;;;;;;;;;;;;;;
Houston;;;;;;;;;;;;;506,9;;;;;;;523,0;;;;;;;;;;;;;;;1006,0;
Dallas;;;;;;;;;;;;;499,6;;;;;549,3;551,4;;611,6;;;;;;;;;;;;;;;
LittleRock;;;;;;;;;;;;;;;;;;510,0;;524,4;;572,1;;;;;;;;;;;;;780,4;713,2
SaintLouis;;;;;;;;;;;;;;;;;490,1;;;;625,5;;504,2;;;;;;560,9;;;;;;;643,4
Chicago;;;;;;;;;;;;;;;401,4;428,6;;;;;;569,3;;;480,0;;;;528,9;;;;;;;
SaultStMarie;;;;;;;;;;;;;;342,9;;;;;;;;;;;416,3;411,5;;;;;;;;;;
Toronto;;;;;;;;;;;;;;;425,9;;;;;;;;476,2;381,1;;403,2;;;530,9;;;;;;;
Montreal;;;;;;;;;;;;;;;;;;;;;;;;383,5;472,6;;411,5;510,4;;;;;;;;
Boston;;;;;;;;;;;;;;;;;;;;;;;;;;403,4;;457,5;;;;;;;;
NewYork;;;;;;;;;;;;;;;;;;;;;;;;;;435,7;402,7;;540,2;500,5;;;;;;
Pittsburgh;;;;;;;;;;;;;;;;;;;;;;578,3;477,2;;434,1;;;477,5;;492,2;644,5;;;;;656,2
Washington;;;;;;;;;;;;;;;;;;;;;;;;;;;;494,8;521,6;;555,8;;;;;
Raleigh;;;;;;;;;;;;;;;;;;;;;;;;;;;;;490,0;496,9;;;774,0;;;
Atlanta;;;;;;;;;;;;;;;;;;;;;;;;;;;;;;;;;1000,0;1000,0;1000,0;1000,0
Charleston;;;;;;;;;;;;;;;;;;;;;;;;;;;;;;;571,6;902,0;;749,4;;
Miami;;;;;;;;;;;;;;;;;;;;;;;;;;;;;;;;905,0;716,6;;783,1;
NewOrleans;;;;;;;;;;;;;;;;;;;596,5;;556,8;;;;;;;;;;;1004,0;;776,6;;
Nashville;;;;;;;;;;;;;;;;;;;;;607,9;540,0;;;;;;;555,9;;;901,0;;;;
Step_24000;Vancouver;Seattle;Calgary;Portland;Helena;SaltLakeCity;SanFrancisco;LosAngeles;LasVegas;Phoenix;SantaFe;Denver;ElPaso;Winnipeg;Duluth;Omaha;KansasCity;OklahomaCity;Houston;Dallas;LittleRock;SaintLouis;Chicago;SaultStMarie;Toronto;Montreal;Boston;NewYork;Pittsburgh;Washington;Raleigh;Atlanta;Charleston;Miami;NewOrleans;Nashville
Vancouver;;294,7;311,3;;;;;;;;;;;;;;;;;;;;;;;;;;;;;;;;;
Seattle;268,3;;319,2;288,5;343,3;;;;;;;;;;;;;;;;;;;;;;;;;;;;;;;
Calgary;267,4;306,5;;;320,2;;;;;;;;;359,1;;;;;;;;;;;;;;;;;;;;;;
Portland;;294,0;;;;332,4;315,5;;;;;;;;;;;;;;;;;;;;;;;;;;;;;
Helena;;308,8;293,2;;;377,4;;;;;;379,2;;345,1;403,2;369,1;;;;;;;;;;;;;;;;;;;;
SaltLakeCity;;;;303,6;315,3;;338,1;;318,5;;;405,4;;;;;;;;;;;;;;;;;;;;;;;;
SanFrancisco;;;;292,8;;339,9;;889,0;;;;;;;;;;;;;;;;;;;;;;;;;;;;
LosAngeles;;;;;;;329,5;;330,9;397,6;;;1018,0;;;;;;;;;;;;;;;;;;;;;;;
LasVegas;;;;;;341,9;;370,3;;;;;;;;;;;;;;;;;;;;;;;;;;;;
Phoenix;;;;;;;;384,2;;;432,7;420,2;434,4;;;;;;;;;;;;;;;;;;;;;;;
SantaFe;;;;;;;;;;418,8;;422,6;492,3;;;;;513,1;;;;;;;;;;;;;;;;;;
Denver;;;;;332,6;345,2;;;;387,7;446,5;;;;;416,0;490,4;492,4;;;;;;;;;;;;;;;;;;
ElPaso;;;;;;;;347,0;;397,8;456,9;;;;;;;497,0;1012,0;516,8;;;;;;;;;;;;;;;;
Winnipeg;;;297,7;;351,4;;;;;;;;;;402,2;;;;;;;;;377,5;;;;;;;;;;;;
Duluth;;;;;331,9;;;;;;;;;338,3;;;;;;;;;486,0;;424,8;;;;;;;;;;;
Omaha;;;;;341,4;;;;;;;378,6;;;;;;;;;;;486,8;;;;;;;;;;;;;
KansasCity;;;;;;;;;;;;410,5;;;;;;;;;;526,6;;;;;;;;;;;;;;
OklahomaCity;;;;;;;;;;;449,7;411,7;489,1;;;;;;;509,8;610,4;;;;;;;;;;;;;;;
Houston;;;;;;;;;;;;;479,7;;;;;;;520,5;;;;;;;;;;;;;;;1006,0;
Dallas;;;;;;;;;;;;;511,0;;;;;477,3;540,1;;618,4;;;;;;;;;;;;;;;
LittleRock;;;;;;;;;;;;;;;;;;496,7;;531,4;;570,5;;;;;;;;;;;;;797,1;658,8
SaintLouis;;;;;;;;;;;;;;;;;463,9;;;;608,9;;470,5;;;;;;518,1;;;;;;;711,6
Chicago;;;;;;;;;;;;;;;403,8;407,5;;;;;;573,0;;;419,3;;;;495,7;;;;;;;
SaultStMarie;;;;;;;;;;;;;;329,3;;;;;;;;;;;426,6;400,1;;;;;;;;;;
Toronto;;;;;;;;;;;;;;;389,9;;;;;;;;483,2;384,5;;393,8;;;503,5;;;;;;;
Montreal;;;;;;;;;;;;;;;;;;;;;;;;362,0;440,3;;400,3;416,5;;;;;;;;
Boston;;;;;;;;;;;;;;;;;;;;;;;;;;411,2;;433,1;;;;;;;;
NewYork;;;;;;;;;;;;;;;;;;;;;;;;;;411,3;403,6;;435,9;458,6;;;;;;
Pittsburgh;;;;;;;;;;;;;;;;;;;;;;550,4;482,6;;400,7;;;402,6;;494,3;539,8;;;;;593,9
Washington;;;;;;;;;;;;;;;;;;;;;;;;;;;;421,3;499,4;;552,4;;;;;
Raleigh;;;;;;;;;;;;;;;;;;;;;;;;;;;;;522,7;479,7;;;719,3;;;
Atlanta;;;;;;;;;;;;;;;;;;;;;;;;;;;;;;;;;1000,0;1000,0;1000,0;1000,0
Charleston;;;;;;;;;;;;;;;;;;;;;;;;;;;;;;;549,1;902,0;;781,1;;
Miami;;;;;;;;;;;;;;;;;;;;;;;;;;;;;;;;905,0;738,3;;772,0;
NewOrleans;;;;;;;;;;;;;;;;;;;644,7;;571,2;;;;;;;;;;;1004,0;;783,6;;
Nashville;;;;;;;;;;;;;;;;;;;;;643,1;563,4;;;;;;;486,8;;;901,0;;;;
Step_28000;Vancouver;Seattle;Calgary;Portland;Helena;SaltLakeCity;SanFrancisco;LosAngeles;LasVegas;Phoenix;SantaFe;Denver;ElPaso;Winnipeg;Duluth;Omaha;KansasCity;OklahomaCity;Houston;Dallas;LittleRock;SaintLouis;Chicago;SaultStMarie;Toronto;Montreal;Boston;NewYork;Pittsburgh;Washington;Raleigh;Atlanta;Charleston;Miami;NewOrleans;Nashville
Vancouver;;295,6;293,3;;;;;;;;;;;;;;;;;;;;;;;;;;;;;;;;;
Seattle;263,0;;303,6;304,4;336,0;;;;;;;;;;;;;;;;;;;;;;;;;;;;;;;
Calgary;272,6;304,9;;;351,7;;;;;;;;;327,9;;;;;;;;;;;;;;;;;;;;;;
Portland;;294,5;;;;348,6;345,7;;;;;;;;;;;;;;;;;;;;;;;;;;;;;
Helena;;295,7;285,0;;;358,5;;;;;;418,3;;332,0;386,8;360,7;;;;;;;;;;;;;;;;;;;;
SaltLakeCity;;;;300,5;355,0;;367,9;;354,4;;;421,9;;;;;;;;;;;;;;;;;;;;;;;;
SanFrancisco;;;;302,4;;360,2;;1021,0;;;;;;;;;;;;;;;;;;;;;;;;;;;;
LosAngeles;;;;;;;370,7;;350,8;416,0;;;1018,0;;;;;;;;;;;;;;;;;;;;;;;
LasVegas;;;;;;342,3;;384,3;;;;;;;;;;;;;;;;;;;;;;;;;;;;
Phoenix;;;;;;;;421,8;;;421,6;374,0;482,9;;;;;;;;;;;;;;;;;;;;;;;
SantaFe;;;;;;;;;;409,8;;394,7;450,0;;;;;504,5;;;;;;;;;;;;;;;;;;
Denver;;;;;339,2;352,2;;;;410,6;432,2;;;;;378,1;541,5;444,2;;;;;;;;;;;;;;;;;;
ElPaso;;;;;;;;423,6;;397,0;429,7;;;;;;;454,7;987,6;549,0;;;;;;;;;;;;;;;;
Winnipeg;;;305,2;;354,2;;;;;;;;;;352,1;;;;;;;;;361,9;;;;;;;;;;;;
Duluth;;;;;343,5;;;;;;;;;327,8;;;;;;;;;436,1;;451,2;;;;;;;;;;;
Omaha;;;;;324,3;;;;;;;397,4;;;;;;;;;;;440,0;;;;;;;;;;;;;
KansasCity;;;;;;;;;;;;393,0;;;;;;;;;;634,3;;;;;;;;;;;;;;
OklahomaCity;;;;;;;;;;;403,9;413,9;510,4;;;;;;;553,3;657,5;;;;;;;;;;;;;;;
Houston;;;;;;;;;;;;;599,8;;;;;;;564,2;;;;;;;;;;;;;;;982,3;
Dallas;;;;;;;;;;;;;450,3;;;;;466,7;599,1;;646,3;;;;;;;;;;;;;;;
LittleRock;;;;;;;;;;;;;;;;;;536,0;;545,6;;506,4;;;;;;;;;;;;;707,0;684,6
SaintLouis;;;;;;;;;;;;;;;;;429,1;;;;536,4;;511,4;;;;;;502,0;;;;;;;683,3
Chicago;;;;;;;;;;;;;;;399,8;433,4;;;;;;561,9;;;418,6;;;;529,7;;;;;;;
SaultStMarie;;;;;;;;;;;;;;330,5;;;;;;;;;;;475,5;379,3;;;;;;;;;;
Toronto;;;;;;;;;;;;;;;387,7;;;;;;;;468,0;405,9;;409,4;;;561,5;;;;;;;
Montreal;;;;;;;;;;;;;;;;;;;;;;;;375,6;444,2;;384,5;432,5;;;;;;;;
Boston;;;;;;;;;;;;;;;;;;;;;;;;;;398,8;;440,6;;;;;;;;
NewYork;;;;;;;;;;;;;;;;;;;;;;;;;;406,6;404,9;;571,1;475,3;;;;;;
Pittsburgh;;;;;;;;;;;;;;;;;;;;;;524,0;493,9;;429,8;;;433,1;;519,8;568,4;;;;;713,1
Washington;;;;;;;;;;;;;;;;;;;;;;;;;;;;469,6;564,6;;629,8;;;;;
Raleigh;;;;;;;;;;;;;;;;;;;;;;;;;;;;;597,7;472,0;;;777,3;;;
Atlanta;;;;;;;;;;;;;;;;;;;;;;;;;;;;;;;;;1000,0;1000,0;1000,0;1000,0
Charleston;;;;;;;;;;;;;;;;;;;;;;;;;;;;;;;626,3;902,0;;784,5;;
Miami;;;;;;;;;;;;;;;;;;;;;;;;;;;;;;;;905,0;717,7;;740,1;
NewOrleans;;;;;;;;;;;;;;;;;;;632,4;;569,5;;;;;;;;;;;984,0;;785,4;;
Nashville;;;;;;;;;;;;;;;;;;;;;624,9;532,1;;;;;;;499,9;;;901,0;;;;
Step_32000;Vancouver;Seattle;Calgary;Portland;Helena;SaltLakeCity;SanFrancisco;LosAngeles;LasVegas;Phoenix;SantaFe;Denver;ElPaso;Winnipeg;Duluth;Omaha;KansasCity;OklahomaCity;Houston;Dallas;LittleRock;SaintLouis;Chicago;SaultStMarie;Toronto;Montreal;Boston;NewYork;Pittsburgh;Washington;Raleigh;Atlanta;Charleston;Miami;NewOrleans;Nashville
Vancouver;;282,0;293,9;;;;;;;;;;;;;;;;;;;;;;;;;;;;;;;;;
Seattle;260,9;;308,4;308,1;350,1;;;;;;;;;;;;;;;;;;;;;;;;;;;;;;;
Calgary;270,4;303,2;;;354,4;;;;;;;;;329,8;;;;;;;;;;;;;;;;;;;;;;
Portland;;296,8;;;;330,3;338,5;;;;;;;;;;;;;;;;;;;;;;;;;;;;;
Helena;;285,4;306,6;;;361,5;;;;;;401,0;;323,8;376,9;386,6;;;;;;;;;;;;;;;;;;;;
SaltLakeCity;;;;316,9;316,4;;342,5;;377,2;;;392,2;;;;;;;;;;;;;;;;;;;;;;;;
SanFrancisco;;;;306,7;;356,9;;1021,0;;;;;;;;;;;;;;;;;;;;;;;;;;;;
LosAngeles;;;;;;;334,7;;365,9;414,6;;;1018,0;;;;;;;;;;;;;;;;;;;;;;;
LasVegas;;;;;;346,2;;401,8;;;;;;;;;;;;;;;;;;;;;;;;;;;;
Phoenix;;;;;;;;364,4;;;444,2;390,4;474,9;;;;;;;;;;;;;;;;;;;;;;;
SantaFe;;;;;;;;;;395,3;;412,1;481,2;;;;;508,2;;;;;;;;;;;;;;;;;;
Denver;;;;;322,4;348,9;;;;410,7;397,8;;;;;404,6;414,7;478,3;;;;;;;;;;;;;;;;;;
ElPaso;;;;;;;;423,7;;420,0;417,7;;;;;;;472,6;907,4;512,2;;;;;;;;;;;;;;;;
Winnipeg;;;311,2;;344,0;;;;;;;;;;352,0;;;;;;;;;369,6;;;;;;;;;;;;
Duluth;;;;;346,0;;;;;;;;;335,4;;;;;;;;;429,4;;406,5;;;;;;;;;;;
Omaha;;;;;346,2;;;;;;;417,2;;;;;;;;;;;460,5;;;;;;;;;;;;;
KansasCity;;;;;;;;;;;;411,0;;;;;;;;;;478,9;;;;;;;;;;;;;;
OklahomaCity;;;;;;;;;;;453,8;410,5;484,4;;;;;;;522,7;532,0;;;;;;;;;;;;;;;
Houston;;;;;;;;;;;;;543,9;;;;;;;536,9;;;;;;;;;;;;;;;942,7;
Dallas;;;;;;;;;;;;;479,1;;;;;487,7;578,9;;582,4;;;;;;;;;;;;;;;
LittleRock;;;;;;;;;;;;;;;;;;519,3;;529,3;;443,2;;;;;;;;;;;;;789,6;682,1
SaintLouis;;;;;;;;;;;;;;;;;425,9;;;;573,3;;450,9;;;;;;501,4;;;;;;;724,8
Chicago;;;;;;;;;;;;;;;369,1;385,6;;;;;;461,1;;;420,6;;;;534,1;;;;;;;
SaultStMarie;;;;;;;;;;;;;;337,2;;;;;;;;;;;446,7;379,8;;;;;;;;;;
Toronto;;;;;;;;;;;;;;;386,0;;;;;;;;476,7;369,2;;399,4;;;519,2;;;;;;;
Montreal;;;;;;;;;;;;;;;;;;;;;;;;375,1;400,3;;413,2;463,3;;;;;;;;
Boston;;;;;;;;;;;;;;;;;;;;;;;;;;366,7;;459,5;;;;;;;;
NewYork;;;;;;;;;;;;;;;;;;;;;;;;;;393,0;405,5;;491,8;573,5;;;;;;
Pittsburgh;;;;;;;;;;;;;;;;;;;;;;487,1;469,9;;450,1;;;498,2;;528,3;573,8;;;;;602,8
Washington;;;;;;;;;;;;;;;;;;;;;;;;;;;;503,0;524,0;;660,7;;;;;
Raleigh;;;;;;;;;;;;;;;;;;;;;;;;;;;;;551,3;553,4;;;802,3;;;
Atlanta;;;;;;;;;;;;;;;;;;;;;;;;;;;;;;;;;1000,0;1000,0;1000,0;1000,0
Charleston;;;;;;;;;;;;;;;;;;;;;;;;;;;;;;;635,0;902,0;;800,0;;
Miami;;;;;;;;;;;;;;;;;;;;;;;;;;;;;;;;905,0;728,0;;749,5;
NewOrleans;;;;;;;;;;;;;;;;;;;581,0;;679,3;;;;;;;;;;;1004,0;;763,6;;
Nashville;;;;;;;;;;;;;;;;;;;;;585,0;529,7;;;;;;;597,3;;;901,0;;;;
Step_36000;Vancouver;Seattle;Calgary;Portland;Helena;SaltLakeCity;SanFrancisco;LosAngeles;LasVegas;Phoenix;SantaFe;Denver;ElPaso;Winnipeg;Duluth;Omaha;KansasCity;OklahomaCity;Houston;Dallas;LittleRock;SaintLouis;Chicago;SaultStMarie;Toronto;Montreal;Boston;NewYork;Pittsburgh;Washington;Raleigh;Atlanta;Charleston;Miami;NewOrleans;Nashville
Vancouver;;289,8;306,0;;;;;;;;;;;;;;;;;;;;;;;;;;;;;;;;;
Seattle;272,3;;307,1;304,2;352,6;;;;;;;;;;;;;;;;;;;;;;;;;;;;;;;
Calgary;274,8;311,1;;;345,4;;;;;;;;;334,5;;;;;;;;;;;;;;;;;;;;;;
Portland;;300,3;;;;337,0;329,8;;;;;;;;;;;;;;;;;;;;;;;;;;;;;
Helena;;301,1;301,7;;;362,2;;;;;;405,2;;328,4;387,1;397,1;;;;;;;;;;;;;;;;;;;;
SaltLakeCity;;;;315,7;348,9;;477,0;;350,6;;;363,3;;;;;;;;;;;;;;;;;;;;;;;;
SanFrancisco;;;;304,3;;346,8;;879,4;;;;;;;;;;;;;;;;;;;;;;;;;;;;
LosAngeles;;;;;;;322,3;;344,2;425,5;;;993,4;;;;;;;;;;;;;;;;;;;;;;;
LasVegas;;;;;;365,3;;358,8;;;;;;;;;;;;;;;;;;;;;;;;;;;;
Phoenix;;;;;;;;446,5;;;442,0;428,3;450,3;;;;;;;;;;;;;;;;;;;;;;;
SantaFe;;;;;;;;;;414,2;;415,3;502,0;;;;;535,7;;;;;;;;;;;;;;;;;;
Denver;;;;;352,0;357,0;;;;409,0;430,2;;;;;401,9;436,9;492,9;;;;;;;;;;;;;;;;;;
ElPaso;;;;;;;;410,5;;408,1;421,5;;;;;;;510,4;987,6;526,7;;;;;;;;;;;;;;;;
Winnipeg;;;291,1;;329,0;;;;;;;;;;381,8;;;;;;;;;389,3;;;;;;;;;;;;
Duluth;;;;;372,3;;;;;;;;;320,4;;;;;;;;;428,3;;424,6;;;;;;;;;;;
Omaha;;;;;346,9;;;;;;;424,6;;;;;;;;;;;466,4;;;;;;;;;;;;;
KansasCity;;;;;;;;;;;;399,1;;;;;;;;;;544,3;;;;;;;;;;;;;;
OklahomaCity;;;;;;;;;;;426,3;429,7;448,6;;;;;;;502,3;643,4;;;;;;;;;;;;;;;
Houston;;;;;;;;;;;;;499,2;;;;;;;495,5;;;;;;;;;;;;;;;982,3;
Dallas;;;;;;;;;;;;;521,3;;;;;501,0;551,9;;637,3;;;;;;;;;;;;;;;
LittleRock;;;;;;;;;;;;;;;;;;481,0;;536,6;;560,5;;;;;;;;;;;;;718,0;637,7
SaintLouis;;;;;;;;;;;;;;;;;453,1;;;;612,8;;491,2;;;;;;569,6;;;;;;;703,8
Chicago;;;;;;;;;;;;;;;360,5;416,1;;;;;;492,6;;;467,9;;;;603,5;;;;;;;
SaultStMarie;;;;;;;;;;;;;;340,5;;;;;;;;;;;456,4;404,2;;;;;;;;;;
Toronto;;;;;;;;;;;;;;;408,9;;;;;;;;470,3;360,0;;396,5;;;571,8;;;;;;;
Montreal;;;;;;;;;;;;;;;;;;;;;;;;410,9;391,7;;399,8;467,8;;;;;;;;
Boston;;;;;;;;;;;;;;;;;;;;;;;;;;374,3;;422,9;;;;;;;;
NewYork;;;;;;;;;;;;;;;;;;;;;;;;;;389,8;395,3;;472,2;534,0;;;;;;
Pittsburgh;;;;;;;;;;;;;;;;;;;;;;585,0;449,4;;452,4;;;415,3;;503,2;581,2;;;;;719,0
Washington;;;;;;;;;;;;;;;;;;;;;;;;;;;;453,9;541,4;;674,5;;;;;
Raleigh;;;;;;;;;;;;;;;;;;;;;;;;;;;;;529,3;505,9;;;798,3;;;
Atlanta;;;;;;;;;;;;;;;;;;;;;;;;;;;;;;;;;1000,0;1000,0;1000,0;1000,0
Charleston;;;;;;;;;;;;;;;;;;;;;;;;;;;;;;;639,6;902,0;;796,3;;
Miami;;;;;;;;;;;;;;;;;;;;;;;;;;;;;;;;905,0;803,1;;715,6;
NewOrleans;;;;;;;;;;;;;;;;;;;643,1;;629,0;;;;;;;;;;;984,0;;741,3;;
Nashville;;;;;;;;;;;;;;;;;;;;;562,2;562,3;;;;;;;522,1;;;901,0;;;;
Step_40000;Vancouver;Seattle;Calgary;Portland;Helena;SaltLakeCity;SanFrancisco;LosAngeles;LasVegas;Phoenix;SantaFe;Denver;ElPaso;Winnipeg;Duluth;Omaha;KansasCity;OklahomaCity;Houston;Dallas;LittleRock;SaintLouis;Chicago;SaultStMarie;Toronto;Montreal;Boston;NewYork;Pittsburgh;Washington;Raleigh;Atlanta;Charleston;Miami;NewOrleans;Nashville
Vancouver;;288,3;302,0;;;;;;;;;;;;;;;;;;;;;;;;;;;;;;;;;
Seattle;265,9;;317,0;288,5;353,7;;;;;;;;;;;;;;;;;;;;;;;;;;;;;;;
Calgary;270,9;300,2;;;366,0;;;;;;;;;349,9;;;;;;;;;;;;;;;;;;;;;;
Portland;;301,5;;;;351,4;341,6;;;;;;;;;;;;;;;;;;;;;;;;;;;;;
Helena;;275,5;308,9;;;342,2;;;;;;410,0;;372,2;373,0;409,1;;;;;;;;;;;;;;;;;;;;
SaltLakeCity;;;;307,5;347,6;;352,4;;338,1;;;419,1;;;;;;;;;;;;;;;;;;;;;;;;
SanFrancisco;;;;302,8;;339,0;;993,6;;;;;;;;;;;;;;;;;;;;;;;;;;;;
LosAngeles;;;;;;;347,0;;326,7;398,2;;;979,1;;;;;;;;;;;;;;;;;;;;;;;
LasVegas;;;;;;360,1;;346,9;;;;;;;;;;;;;;;;;;;;;;;;;;;;
Phoenix;;;;;;;;395,5;;;428,3;420,7;514,0;;;;;;;;;;;;;;;;;;;;;;;
SantaFe;;;;;;;;;;440,3;;409,3;492,4;;;;;529,6;;;;;;;;;;;;;;;;;;
Denver;;;;;364,4;344,1;;;;427,3;441,5;;;;;404,6;454,0;494,9;;;;;;;;;;;;;;;;;;
ElPaso;;;;;;;;443,3;;400,1;440,7;;;;;;;490,0;908,2;539,9;;;;;;;;;;;;;;;;
Winnipeg;;;321,1;;372,2;;;;;;;;;;411,0;;;;;;;;;382,4;;;;;;;;;;;;
Duluth;;;;;368,5;;;;;;;;;338,6;;;;;;;;;474,9;;442,3;;;;;;;;;;;
Omaha;;;;;361,2;;;;;;;424,1;;;;;;;;;;;484,0;;;;;;;;;;;;;
KansasCity;;;;;;;;;;;;426,1;;;;;;;;;;548,4;;;;;;;;;;;;;;
OklahomaCity;;;;;;;;;;;427,9;439,1;511,0;;;;;;;529,7;582,1;;;;;;;;;;;;;;;
Houston;;;;;;;;;;;;;469,2;;;;;;;541,1;;;;;;;;;;;;;;;982,3;
Dallas;;;;;;;;;;;;;508,8;;;;;515,0;572,7;;543,0;;;;;;;;;;;;;;;
LittleRock;;;;;;;;;;;;;;;;;;529,1;;512,6;;487,6;;;;;;;;;;;;;777,8;705,8
SaintLouis;;;;;;;;;;;;;;;;;475,7;;;;641,8;;473,2;;;;;;511,5;;;;;;;649,1
Chicago;;;;;;;;;;;;;;;397,1;426,5;;;;;;481,4;;;484,7;;;;532,0;;;;;;;
SaultStMarie;;;;;;;;;;;;;;326,9;;;;;;;;;;;445,8;396,9;;;;;;;;;;
Toronto;;;;;;;;;;;;;;;395,1;;;;;;;;479,3;368,3;;411,0;;;563,9;;;;;;;
Montreal;;;;;;;;;;;;;;;;;;;;;;;;399,5;428,3;;410,6;485,9;;;;;;;;
Boston;;;;;;;;;;;;;;;;;;;;;;;;;;387,0;;451,0;;;;;;;;
NewYork;;;;;;;;;;;;;;;;;;;;;;;;;;408,2;405,7;;603,9;531,9;;;;;;
Pittsburgh;;;;;;;;;;;;;;;;;;;;;;579,4;475,4;;509,3;;;476,9;;463,4;615,7;;;;;641,9
Washington;;;;;;;;;;;;;;;;;;;;;;;;;;;;485,2;556,5;;642,3;;;;;
Raleigh;;;;;;;;;;;;;;;;;;;;;;;;;;;;;523,8;537,4;;;715,2;;;
Atlanta;;;;;;;;;;;;;;;;;;;;;;;;;;;;;;;;;1000,0;1000,0;1000,0;1000,0
Charleston;;;;;;;;;;;;;;;;;;;;;;;;;;;;;;;602,9;902,0;;786,8;;
Miami;;;;;;;;;;;;;;;;;;;;;;;;;;;;;;;;905,0;719,1;;650,8;
NewOrleans;;;;;;;;;;;;;;;;;;;505,7;;614,1;;;;;;;;;;;984,0;;712,9;;
Nashville;;;;;;;;;;;;;;;;;;;;;588,2;532,8;;;;;;;595,5;;;901,0;;;;
Step_4000;Vancouver;Seattle;Calgary;Portland;Helena;SaltLakeCity;SanFrancisco;LosAngeles;LasVegas;Phoenix;SantaFe;Denver;ElPaso;Winnipeg;Duluth;Omaha;KansasCity;OklahomaCity;Houston;Dallas;LittleRock;SaintLouis;Chicago;SaultStMarie;Toronto;Montreal;Boston;NewYork;Pittsburgh;Washington;Raleigh;Atlanta;Charleston;Miami;NewOrleans;Nashville
Vancouver;;238,9;246,3;;;;;;;;;;;;;;;;;;;;;;;;;;;;;;;;;
Seattle;218,8;;229,4;306,3;335,3;;;;;;;;;;;;;;;;;;;;;;;;;;;;;;;
Calgary;174,1;234,7;;;344,4;;;;;;;;;218,4;;;;;;;;;;;;;;;;;;;;;;
Portland;;258,9;;;;373,2;332,9;;;;;;;;;;;;;;;;;;;;;;;;;;;;;
Helena;;256,4;221,9;;;333,6;;;;;;408,4;;273,3;193,7;383,4;;;;;;;;;;;;;;;;;;;;
SaltLakeCity;;;;299,0;354,7;;327,2;;344,0;;;419,2;;;;;;;;;;;;;;;;;;;;;;;;
SanFrancisco;;;;311,0;;348,9;;895,7;;;;;;;;;;;;;;;;;;;;;;;;;;;;
LosAngeles;;;;;;;434,7;;338,5;409,9;;;905,3;;;;;;;;;;;;;;;;;;;;;;;
LasVegas;;;;;;344,0;;392,0;;;;;;;;;;;;;;;;;;;;;;;;;;;;
Phoenix;;;;;;;;356,1;;;416,3;384,4;492,2;;;;;;;;;;;;;;;;;;;;;;;
SantaFe;;;;;;;;;;407,6;;456,4;453,4;;;;;469,1;;;;;;;;;;;;;;;;;;
Denver;;;;;340,2;333,9;;;;404,6;420,4;;;;;374,1;457,1;539,1;;;;;;;;;;;;;;;;;;
ElPaso;;;;;;;;398,5;;381,2;422,4;;;;;;;498,1;1012,0;523,7;;;;;;;;;;;;;;;;
Winnipeg;;;160,0;;344,2;;;;;;;;;;36,0;;;;;;;;;4,7;;;;;;;;;;;;
Duluth;;;;;321,8;;;;;;;;;94,6;;;;;;;;;240,8;;35,2;;;;;;;;;;;
Omaha;;;;;298,1;;;;;;;398,5;;;;;;;;;;;439,5;;;;;;;;;;;;;
KansasCity;;;;;;;;;;;;393,7;;;;;;;;;;531,5;;;;;;;;;;;;;;
OklahomaCity;;;;;;;;;;;415,3;380,5;459,3;;;;;;;504,3;654,2;;;;;;;;;;;;;;;
Houston;;;;;;;;;;;;;473,6;;;;;;;514,8;;;;;;;;;;;;;;;1006,0;
Dallas;;;;;;;;;;;;;507,2;;;;;428,4;555,0;;583,3;;;;;;;;;;;;;;;
LittleRock;;;;;;;;;;;;;;;;;;521,2;;498,8;;623,5;;;;;;;;;;;;;808,6;645,5
SaintLouis;;;;;;;;;;;;;;;;;434,1;;;;588,7;;435,4;;;;;;314,2;;;;;;;733,3
Chicago;;;;;;;;;;;;;;;200,4;351,8;;;;;;568,8;;;272,8;;;;446,2;;;;;;;
SaultStMarie;;;;;;;;;;;;;;15,3;;;;;;;;;;;1,6;27,3;;;;;;;;;;
Toronto;;;;;;;;;;;;;;;118,4;;;;;;;;369,0;9,9;;17,3;;;97,2;;;;;;;
Montreal;;;;;;;;;;;;;;;;;;;;;;;;2,5;164,2;;12,4;144,0;;;;;;;;
Boston;;;;;;;;;;;;;;;;;;;;;;;;;;61,0;;2,4;;;;;;;;
NewYork;;;;;;;;;;;;;;;;;;;;;;;;;;2,7;13,7;;387,8;73,1;;;;;;
Pittsburgh;;;;;;;;;;;;;;;;;;;;;;543,4;395,9;;101,7;;;180,5;;125,4;163,5;;;;;
Washington;;;;;;;;;;;;;;;;;;;;;;;;;;;;100,8;172,8;;218,7;;;;;
Raleigh;;;;;;;;;;;;;;;;;;;;;;;;;;;;;337,6;110,8;;;385,1;;;
Atlanta;;;;;;;;;;;;;;;;;;;;;;;;;;;;;;;;;1000,0;1000,0;1000,0;1000,0
Charleston;;;;;;;;;;;;;;;;;;;;;;;;;;;;;;;179,8;898,6;;710,0;;
Miami;;;;;;;;;;;;;;;;;;;;;;;;;;;;;;;;905,0;729,5;;769,4;
NewOrleans;;;;;;;;;;;;;;;;;;;621,0;;582,9;;;;;;;;;;;984,0;;797,9;;
Nashville;;;;;;;;;;;;;;;;;;;;;619,6;577,9;;;;;;;;;;901,0;;;;
Step_8000;Vancouver;Seattle;Calgary;Portland;Helena;SaltLakeCity;SanFrancisco;LosAngeles;LasVegas;Phoenix;SantaFe;Denver;ElPaso;Winnipeg;Duluth;Omaha;KansasCity;OklahomaCity;Houston;Dallas;LittleRock;SaintLouis;Chicago;SaultStMarie;Toronto;Montreal;Boston;NewYork;Pittsburgh;Washington;Raleigh;Atlanta;Charleston;Miami;NewOrleans;Nashville
Vancouver;;279,0;272,8;;;;;;;;;;;;;;;;;;;;;;;;;;;;;;;;;
Seattle;251,6;;264,3;311,5;315,3;;;;;;;;;;;;;;;;;;;;;;;;;;;;;;;
Calgary;253,4;283,3;;;353,6;;;;;;;;;237,4;;;;;;;;;;;;;;;;;;;;;;
Portland;;284,9;;;;366,4;326,8;;;;;;;;;;;;;;;;;;;;;;;;;;;;;
Helena;;301,1;286,0;;;350,6;;;;;;429,5;;241,5;314,8;395,5;;;;;;;;;;;;;;;;;;;;
SaltLakeCity;;;;312,0;336,6;;329,3;;344,0;;;366,1;;;;;;;;;;;;;;;;;;;;;;;;
SanFrancisco;;;;316,8;;329,9;;993,5;;;;;;;;;;;;;;;;;;;;;;;;;;;;
LosAngeles;;;;;;;319,0;;343,4;403,0;;;978,1;;;;;;;;;;;;;;;;;;;;;;;
LasVegas;;;;;;371,7;;371,9;;;;;;;;;;;;;;;;;;;;;;;;;;;;
Phoenix;;;;;;;;407,3;;;432,8;435,4;499,4;;;;;;;;;;;;;;;;;;;;;;;
SantaFe;;;;;;;;;;424,3;;417,4;543,0;;;;;473,4;;;;;;;;;;;;;;;;;;
Denver;;;;;345,5;342,4;;;;422,8;441,1;;;;;374,4;438,5;486,7;;;;;;;;;;;;;;;;;;
ElPaso;;;;;;;;378,4;;408,0;437,7;;;;;;;489,2;902,8;529,4;;;;;;;;;;;;;;;;
Winnipeg;;;271,9;;335,6;;;;;;;;;;321,4;;;;;;;;;150,4;;;;;;;;;;;;
Duluth;;;;;321,6;;;;;;;;;251,3;;;;;;;;;464,3;;329,4;;;;;;;;;;;
Omaha;;;;;328,7;;;;;;;416,4;;;;;;;;;;;460,7;;;;;;;;;;;;;
KansasCity;;;;;;;;;;;;439,5;;;;;;;;;;528,0;;;;;;;;;;;;;;
OklahomaCity;;;;;;;;;;;443,2;417,4;482,5;;;;;;;523,3;602,9;;;;;;;;;;;;;;;
Houston;;;;;;;;;;;;;446,6;;;;;;;511,1;;;;;;;;;;;;;;;982,3;
Dallas;;;;;;;;;;;;;476,6;;;;;540,3;564,8;;590,4;;;;;;;;;;;;;;;
LittleRock;;;;;;;;;;;;;;;;;;522,3;;541,6;;492,2;;;;;;;;;;;;;748,3;675,4
SaintLouis;;;;;;;;;;;;;;;;;443,4;;;;634,2;;440,6;;;;;;417,9;;;;;;;728,7
Chicago;;;;;;;;;;;;;;;298,9;386,0;;;;;;505,3;;;256,0;;;;460,5;;;;;;;
SaultStMarie;;;;;;;;;;;;;;265,5;;;;;;;;;;;159,9;98,9;;;;;;;;;;
Toronto;;;;;;;;;;;;;;;311,7;;;;;;;;392,7;111,9;;143,2;;;333,4;;;;;;;
Montreal;;;;;;;;;;;;;;;;;;;;;;;;54,0;276,2;;44,9;255,1;;;;;;;;
Boston;;;;;;;;;;;;;;;;;;;;;;;;;;156,7;;36,9;;;;;;;;
NewYork;;;;;;;;;;;;;;;;;;;;;;;;;;149,3;53,2;;443,2;232,6;;;;;;
Pittsburgh;;;;;;;;;;;;;;;;;;;;;;537,0;423,1;;333,4;;;175,4;;311,5;255,9;;;;;
Washington;;;;;;;;;;;;;;;;;;;;;;;;;;;;223,8;339,4;;436,8;;;;;
Raleigh;;;;;;;;;;;;;;;;;;;;;;;;;;;;;367,9;268,1;;;704,2;;;
Atlanta;;;;;;;;;;;;;;;;;;;;;;;;;;;;;;;;;1000,0;1000,0;1000,0;1000,0
Charleston;;;;;;;;;;;;;;;;;;;;;;;;;;;;;;;417,7;902,0;;749,5;;
Miami;;;;;;;;;;;;;;;;;;;;;;;;;;;;;;;;905,0;753,6;;702,3;
NewOrleans;;;;;;;;;;;;;;;;;;;571,4;;615,4;;;;;;;;;;;984,0;;764,3;;
Nashville;;;;;;;;;;;;;;;;;;;;;617,4;545,7;;;;;;;;;;901,0;;;;
Step_12000;Vancouver;Seattle;Calgary;Portland;Helena;SaltLakeCity;SanFrancisco;LosAngeles;LasVegas;Phoenix;SantaFe;Denver;ElPaso;Winnipeg;Duluth;Omaha;KansasCity;OklahomaCity;Houston;Dallas;LittleRock;SaintLouis;Chicago;SaultStMarie;Toronto;Montreal;Boston;NewYork;Pittsburgh;Washington;Raleigh;Atlanta;Charleston;Miami;NewOrleans;Nashville
Vancouver;;265,1;288,1;;;;;;;;;;;;;;;;;;;;;;;;;;;;;;;;;
Seattle;258,7;;291,4;279,4;354,3;;;;;;;;;;;;;;;;;;;;;;;;;;;;;;;
Calgary;257,7;285,8;;;332,3;;;;;;;;;286,3;;;;;;;;;;;;;;;;;;;;;;
Portland;;275,4;;;;330,9;339,4;;;;;;;;;;;;;;;;;;;;;;;;;;;;;
Helena;;279,9;275,0;;;340,4;;;;;;407,0;;312,4;344,0;369,9;;;;;;;;;;;;;;;;;;;;
SaltLakeCity;;;;296,5;312,3;;315,0;;352,6;;;408,0;;;;;;;;;;;;;;;;;;;;;;;;
SanFrancisco;;;;294,3;;365,2;;977,0;;;;;;;;;;;;;;;;;;;;;;;;;;;;
LosAngeles;;;;;;;323,0;;347,6;419,7;;;886,9;;;;;;;;;;;;;;;;;;;;;;;
LasVegas;;;;;;344,4;;411,0;;;;;;;;;;;;;;;;;;;;;;;;;;;;
Phoenix;;;;;;;;382,9;;;415,1;434,1;496,7;;;;;;;;;;;;;;;;;;;;;;;
SantaFe;;;;;;;;;;402,4;;411,5;481,8;;;;;492,1;;;;;;;;;;;;;;;;;;
Denver;;;;;325,1;348,7;;;;429,2;440,7;;;;;369,7;474,4;525,7;;;;;;;;;;;;;;;;;;
ElPaso;;;;;;;;353,1;;396,1;434,8;;;;;;;512,6;1012,0;519,2;;;;;;;;;;;;;;;;
Winnipeg;;;277,8;;345,2;;;;;;;;;;369,0;;;;;;;;;222,2;;;;;;;;;;;;
Duluth;;;;;325,5;;;;;;;;;306,4;;;;;;;;;454,8;;374,6;;;;;;;;;;;
Omaha;;;;;329,3;;;;;;;417,7;;;;;;;;;;;447,1;;;;;;;;;;;;;
KansasCity;;;;;;;;;;;;379,4;;;;;;;;;;540,4;;;;;;;;;;;;;;
OklahomaCity;;;;;;;;;;;426,6;369,6;447,9;;;;;;;504,8;613,7;;;;;;;;;;;;;;;
Houston;;;;;;;;;;;;;494,3;;;;;;;510,5;;;;;;;;;;;;;;;1006,0;
Dallas;;;;;;;;;;;;;483,0;;;;;519,5;649,6;;558,0;;;;;;;;;;;;;;;
LittleRock;;;;;;;;;;;;;;;;;;456,0;;523,0;;539,2;;;;;;;;;;;;;805,7;627,2
SaintLouis;;;;;;;;;;;;;;;;;496,8;;;;651,0;;446,0;;;;;;442,2;;;;;;;754,6
Chicago;;;;;;;;;;;;;;;338,1;410,3;;;;;;561,0;;;349,2;;;;439,8;;;;;;;
SaultStMarie;;;;;;;;;;;;;;283,3;;;;;;;;;;;268,1;193,3;;;;;;;;;;
Toronto;;;;;;;;;;;;;;;358,6;;;;;;;;434,7;214,1;;231,2;;;395,9;;;;;;;
Montreal;;;;;;;;;;;;;;;;;;;;;;;;197,3;422,2;;107,3;255,1;;;;;;;;
Boston;;;;;;;;;;;;;;;;;;;;;;;;;;160,3;;181,3;;;;;;;;
NewYork;;;;;;;;;;;;;;;;;;;;;;;;;;241,9;121,1;;421,0;283,6;;;;;;
Pittsburgh;;;;;;;;;;;;;;;;;;;;;;570,1;456,2;;363,0;;;379,2;;329,7;514,4;;;;;
Washington;;;;;;;;;;;;;;;;;;;;;;;;;;;;309,3;460,6;;369,4;;;;;
Raleigh;;;;;;;;;;;;;;;;;;;;;;;;;;;;;446,8;349,1;;;687,7;;;
Atlanta;;;;;;;;;;;;;;;;;;;;;;;;;;;;;;;;;1000,0;1000,0;1000,0;1000,0
Charleston;;;;;;;;;;;;;;;;;;;;;;;;;;;;;;;495,9;902,0;;747,2;;
Miami;;;;;;;;;;;;;;;;;;;;;;;;;;;;;;;;905,0;783,3;;763,4;
NewOrleans;;;;;;;;;;;;;;;;;;;642,6;;651,3;;;;;;;;;;;984,0;;778,6;;
Nashville;;;;;;;;;;;;;;;;;;;;;653,7;540,2;;;;;;;;;;901,0;;;;
Step_16000;Vancouver;Seattle;Calgary;Portland;Helena;SaltLakeCity;SanFrancisco;LosAngeles;LasVegas;Phoenix;SantaFe;Denver;ElPaso;Winnipeg;Duluth;Omaha;KansasCity;OklahomaCity;Houston;Dallas;LittleRock;SaintLouis;Chicago;SaultStMarie;Toronto;Montreal;Boston;NewYork;Pittsburgh;Washington;Raleigh;Atlanta;Charleston;Miami;NewOrleans;Nashville
Vancouver;;293,3;283,2;;;;;;;;;;;;;;;;;;;;;;;;;;;;;;;;;
Seattle;266,7;;303,9;307,2;365,4;;;;;;;;;;;;;;;;;;;;;;;;;;;;;;;
Calgary;259,6;308,3;;;350,6;;;;;;;;;317,6;;;;;;;;;;;;;;;;;;;;;;
Portland;;291,5;;;;342,7;325,7;;;;;;;;;;;;;;;;;;;;;;;;;;;;;
Helena;;313,8;308,9;;;347,3;;;;;;389,6;;313,0;369,4;384,7;;;;;;;;;;;;;;;;;;;;
SaltLakeCity;;;;309,5;358,5;;324,7;;331,2;;;374,8;;;;;;;;;;;;;;;;;;;;;;;;
SanFrancisco;;;;297,6;;325,8;;893,2;;;;;;;;;;;;;;;;;;;;;;;;;;;;
LosAngeles;;;;;;;343,0;;319,9;421,1;;;1018,0;;;;;;;;;;;;;;;;;;;;;;;
LasVegas;;;;;;337,2;;360,1;;;;;;;;;;;;;;;;;;;;;;;;;;;;
Phoenix;;;;;;;;368,6;;;410,0;437,0;538,3;;;;;;;;;;;;;;;;;;;;;;;
SantaFe;;;;;;;;;;419,6;;397,3;470,4;;;;;497,2;;;;;;;;;;;;;;;;;;
Denver;;;;;356,6;345,5;;;;424,0;421,3;;;;;361,8;396,7;470,7;;;;;;;;;;;;;;;;;;
ElPaso;;;;;;;;393,5;;417,7;433,3;;;;;;;479,7;892,3;503,5;;;;;;;;;;;;;;;;
Winnipeg;;;302,9;;340,9;;;;;;;;;;355,0;;;;;;;;;309,4;;;;;;;;;;;;
Duluth;;;;;357,3;;;;;;;;;308,1;;;;;;;;;445,1;;372,4;;;;;;;;;;;
Omaha;;;;;345,4;;;;;;;391,4;;;;;;;;;;;438,9;;;;;;;;;;;;;
KansasCity;;;;;;;;;;;;419,1;;;;;;;;;;403,4;;;;;;;;;;;;;;
OklahomaCity;;;;;;;;;;;459,0;373,0;483,6;;;;;;;518,5;604,0;;;;;;;;;;;;;;;
Houston;;;;;;;;;;;;;452,9;;;;;;;482,6;;;;;;;;;;;;;;;1006,0;
Dallas;;;;;;;;;;;;;442,7;;;;;467,5;563,6;;572,0;;;;;;;;;;;;;;;
LittleRock;;;;;;;;;;;;;;;;;;447,7;;482,2;;529,1;;;;;;;;;;;;;733,3;707,9
SaintLouis;;;;;;;;;;;;;;;;;402,7;;;;573,4;;378,8;;;;;;450,1;;;;;;;728,3
Chicago;;;;;;;;;;;;;;;339,6;378,2;;;;;;555,0;;;391,3;;;;421,0;;;;;;;
SaultStMarie;;;;;;;;;;;;;;314,2;;;;;;;;;;;338,3;283,0;;;;;;;;;;
Toronto;;;;;;;;;;;;;;;368,8;;;;;;;;442,7;278,0;;280,4;;;404,0;;;;;;;
Montreal;;;;;;;;;;;;;;;;;;;;;;;;230,0;387,1;;166,6;306,5;;;;;;;;
Boston;;;;;;;;;;;;;;;;;;;;;;;;;;179,0;;316,6;;;;;;;;
NewYork;;;;;;;;;;;;;;;;;;;;;;;;;;288,1;192,2;;406,2;470,7;;;;;;
Pittsburgh;;;;;;;;;;;;;;;;;;;;;;514,9;414,3;;369,4;;;360,9;;482,8;490,2;;;;;
Washington;;;;;;;;;;;;;;;;;;;;;;;;;;;;315,9;481,2;;618,4;;;;;
Raleigh;;;;;;;;;;;;;;;;;;;;;;;;;;;;;423,7;441,0;;;710,4;;;
Atlanta;;;;;;;;;;;;;;;;;;;;;;;;;;;;;;;;;1000,0;1000,0;1000,0;1000,0
Charleston;;;;;;;;;;;;;;;;;;;;;;;;;;;;;;;593,3;902,0;;763,5;;
Miami;;;;;;;;;;;;;;;;;;;;;;;;;;;;;;;;905,0;786,4;;768,0;
NewOrleans;;;;;;;;;;;;;;;;;;;565,1;;565,4;;;;;;;;;;;984,0;;816,7;;
Nashville;;;;;;;;;;;;;;;;;;;;;641,3;587,0;;;;;;;;;;901,0;;;;
Step_20000;Vancouver;Seattle;Calgary;Portland;Helena;SaltLakeCity;SanFrancisco;LosAngeles;LasVegas;Phoenix;SantaFe;Denver;ElPaso;Winnipeg;Duluth;Omaha;KansasCity;OklahomaCity;Houston;Dallas;LittleRock;SaintLouis;Chicago;SaultStMarie;Toronto;Montreal;Boston;NewYork;Pittsburgh;Washington;Raleigh;Atlanta;Charleston;Miami;NewOrleans;Nashville
Vancouver;;292,6;278,8;;;;;;;;;;;;;;;;;;;;;;;;;;;;;;;;;
Seattle;258,0;;290,9;305,8;334,6;;;;;;;;;;;;;;;;;;;;;;;;;;;;;;;
Calgary;263,0;281,5;;;305,6;;;;;;;;;322,6;;;;;;;;;;;;;;;;;;;;;;
Portland;;275,2;;;;365,8;311,3;;;;;;;;;;;;;;;;;;;;;;;;;;;;;
Helena;;291,6;292,7;;;360,9;;;;;;413,5;;324,6;396,3;393,2;;;;;;;;;;;;;;;;;;;;
SaltLakeCity;;;;294,7;344,5;;432,2;;328,5;;;969,0;;;;;;;;;;;;;;;;;;;;;;;;
SanFrancisco;;;;309,6;;989,0;;328,7;;;;;;;;;;;;;;;;;;;;;;;;;;;;
LosAngeles;;;;;;;298,5;;327,1;399,9;;;437,1;;;;;;;;;;;;;;;;;;;;;;;
LasVegas;;;;;;366,4;;344,0;;;;;;;;;;;;;;;;;;;;;;;;;;;;
Phoenix;;;;;;;;351,5;;;445,9;427,8;428,4;;;;;;;;;;;;;;;;;;;;;;;
SantaFe;;;;;;;;;;390,7;;401,1;442,6;;;;;506,7;;;;;;;;;;;;;;;;;;
Denver;;;;;356,8;372,3;;;;413,2;420,4;;;;;388,2;882,4;471,1;;;;;;;;;;;;;;;;;;
ElPaso;;;;;;;;387,2;;406,5;444,3;;;;;;;489,0;497,1;519,4;;;;;;;;;;;;;;;;
Winnipeg;;;299,9;;311,5;;;;;;;;;;360,9;;;;;;;;;329,9;;;;;;;;;;;;
Duluth;;;;;350,5;;;;;;;;;331,0;;;;;;;;;426,6;;378,6;;;;;;;;;;;
Omaha;;;;;353,7;;;;;;;439,6;;;;;;;;;;;463,8;;;;;;;;;;;;;
KansasCity;;;;;;;;;;;;413,1;;;;;;;;;;1005,0;;;;;;;;;;;;;;
OklahomaCity;;;;;;;;;;;445,5;426,9;455,6;;;;;;;505,3;543,0;;;;;;;;;;;;;;;
Houston;;;;;;;;;;;;;470,4;;;;;;;495,2;;;;;;;;;;;;;;;732,7;
Dallas;;;;;;;;;;;;;456,8;;;;;468,4;575,9;;628,8;;;;;;;;;;;;;;;
LittleRock;;;;;;;;;;;;;;;;;;505,7;;553,5;;490,1;;;;;;;;;;;;;789,7;624,3
SaintLouis;;;;;;;;;;;;;;;;;471,8;;;;588,4;;433,5;;;;;;475,5;;;;;;;1003,0
Chicago;;;;;;;;;;;;;;;381,6;403,2;;;;;;548,4;;;376,4;;;;448,0;;;;;;;
SaultStMarie;;;;;;;;;;;;;;316,4;;;;;;;;;;;358,7;303,3;;;;;;;;;;
Toronto;;;;;;;;;;;;;;;351,5;;;;;;;;449,9;312,0;;324,0;;;415,9;;;;;;;
Montreal;;;;;;;;;;;;;;;;;;;;;;;;256,8;387,4;;237,5;372,3;;;;;;;;
Boston;;;;;;;;;;;;;;;;;;;;;;;;;;205,2;;340,6;;;;;;;;
NewYork;;;;;;;;;;;;;;;;;;;;;;;;;;295,0;233,5;;457,8;449,7;;;;;;
Pittsburgh;;;;;;;;;;;;;;;;;;;;;;505,4;489,3;;373,5;;;395,1;;494,0;565,1;;;;;
Washington;;;;;;;;;;;;;;;;;;;;;;;;;;;;425,3;501,2;;620,0;;;;;
Raleigh;;;;;;;;;;;;;;;;;;;;;;;;;;;;;516,6;477,5;;;770,2;;;
Atlanta;;;;;;;;;;;;;;;;;;;;;;;;;;;;;;;;;1000,0;1000,0;1000,0;1000,0
Charleston;;;;;;;;;;;;;;;;;;;;;;;;;;;;;;;647,8;902,0;;799,3;;
Miami;;;;;;;;;;;;;;;;;;;;;;;;;;;;;;;;905,0;705,2;;760,0;
NewOrleans;;;;;;;;;;;;;;;;;;;601,8;;611,0;;;;;;;;;;;904,0;;751,2;;
Nashville;;;;;;;;;;;;;;;;;;;;;601,8;580,3;;;;;;;;;;1001,0;;;;
Step_24000;Vancouver;Seattle;Calgary;Portland;Helena;SaltLakeCity;SanFrancisco;LosAngeles;LasVegas;Phoenix;SantaFe;Denver;ElPaso;Winnipeg;Duluth;Omaha;KansasCity;OklahomaCity;Houston;Dallas;LittleRock;SaintLouis;Chicago;SaultStMarie;Toronto;Montreal;Boston;NewYork;Pittsburgh;Washington;Raleigh;Atlanta;Charleston;Miami;NewOrleans;Nashville
Vancouver;;277,9;309,3;;;;;;;;;;;;;;;;;;;;;;;;;;;;;;;;;
Seattle;271,4;;317,5;311,5;374,7;;;;;;;;;;;;;;;;;;;;;;;;;;;;;;;
Calgary;260,1;295,7;;;365,0;;;;;;;;;338,0;;;;;;;;;;;;;;;;;;;;;;
Portland;;309,7;;;;346,9;341,0;;;;;;;;;;;;;;;;;;;;;;;;;;;;;
Helena;;315,4;309,8;;;340,0;;;;;;415,2;;352,9;404,4;403,3;;;;;;;;;;;;;;;;;;;;
SaltLakeCity;;;;313,7;362,6;;356,0;;359,2;;;408,6;;;;;;;;;;;;;;;;;;;;;;;;
SanFrancisco;;;;313,9;;360,6;;900,6;;;;;;;;;;;;;;;;;;;;;;;;;;;;
LosAngeles;;;;;;;462,0;;354,9;470,0;;;1018,0;;;;;;;;;;;;;;;;;;;;;;;
LasVegas;;;;;;342,6;;381,1;;;;;;;;;;;;;;;;;;;;;;;;;;;;
Phoenix;;;;;;;;387,9;;;419,2;419,8;543,5;;;;;;;;;;;;;;;;;;;;;;;
SantaFe;;;;;;;;;;423,1;;436,8;430,3;;;;;487,8;;;;;;;;;;;;;;;;;;
Denver;;;;;372,5;352,7;;;;426,8;423,1;;;;;404,8;421,5;476,8;;;;;;;;;;;;;;;;;;
ElPaso;;;;;;;;433,7;;410,7;423,7;;;;;;;475,9;1012,0;543,9;;;;;;;;;;;;;;;;
Winnipeg;;;286,8;;365,4;;;;;;;;;;419,3;;;;;;;;;349,6;;;;;;;;;;;;
Duluth;;;;;332,5;;;;;;;;;327,5;;;;;;;;;464,3;;399,7;;;;;;;;;;;
Omaha;;;;;363,4;;;;;;;414,3;;;;;;;;;;;468,5;;;;;;;;;;;;;
KansasCity;;;;;;;;;;;;425,6;;;;;;;;;;520,8;;;;;;;;;;;;;;
OklahomaCity;;;;;;;;;;;426,6;424,0;535,8;;;;;;;541,1;505,7;;;;;;;;;;;;;;;
Houston;;;;;;;;;;;;;515,8;;;;;;;537,8;;;;;;;;;;;;;;;1006,0;
Dallas;;;;;;;;;;;;;515,5;;;;;511,3;572,1;;584,9;;;;;;;;;;;;;;;
LittleRock;;;;;;;;;;;;;;;;;;493,9;;542,5;;445,6;;;;;;;;;;;;;648,6;660,8
SaintLouis;;;;;;;;;;;;;;;;;439,7;;;;582,5;;436,4;;;;;;431,9;;;;;;;705,3
Chicago;;;;;;;;;;;;;;;401,7;420,8;;;;;;561,8;;;408,8;;;;455,8;;;;;;;
SaultStMarie;;;;;;;;;;;;;;327,5;;;;;;;;;;;418,7;333,4;;;;;;;;;;
Toronto;;;;;;;;;;;;;;;346,4;;;;;;;;453,5;315,7;;316,0;;;437,4;;;;;;;
Montreal;;;;;;;;;;;;;;;;;;;;;;;;280,1;412,1;;237,5;382,6;;;;;;;;
Boston;;;;;;;;;;;;;;;;;;;;;;;;;;238,6;;358,0;;;;;;;;
NewYork;;;;;;;;;;;;;;;;;;;;;;;;;;310,8;277,5;;498,8;448,7;;;;;;
Pittsburgh;;;;;;;;;;;;;;;;;;;;;;475,1;452,6;;384,5;;;423,2;;471,1;537,8;;;;;
Washington;;;;;;;;;;;;;;;;;;;;;;;;;;;;365,6;450,8;;641,6;;;;;
Raleigh;;;;;;;;;;;;;;;;;;;;;;;;;;;;;444,9;500,6;;;769,1;;;
Atlanta;;;;;;;;;;;;;;;;;;;;;;;;;;;;;;;;;1000,0;1000,0;1000,0;1000,0
Charleston;;;;;;;;;;;;;;;;;;;;;;;;;;;;;;;620,0;902,0;;807,0;;
Miami;;;;;;;;;;;;;;;;;;;;;;;;;;;;;;;;905,0;751,1;;726,2;
NewOrleans;;;;;;;;;;;;;;;;;;;636,9;;556,6;;;;;;;;;;;1004,0;;750,5;;
Nashville;;;;;;;;;;;;;;;;;;;;;562,4;567,7;;;;;;;;;;901,0;;;;
Step_28000;Vancouver;Seattle;Calgary;Portland;Helena;SaltLakeCity;SanFrancisco;LosAngeles;LasVegas;Phoenix;SantaFe;Denver;ElPaso;Winnipeg;Duluth;Omaha;KansasCity;OklahomaCity;Houston;Dallas;LittleRock;SaintLouis;Chicago;SaultStMarie;Toronto;Montreal;Boston;NewYork;Pittsburgh;Washington;Raleigh;Atlanta;Charleston;Miami;NewOrleans;Nashville
Vancouver;;311,4;296,4;;;;;;;;;;;;;;;;;;;;;;;;;;;;;;;;;
Seattle;272,6;;307,2;302,0;362,3;;;;;;;;;;;;;;;;;;;;;;;;;;;;;;;
Calgary;274,2;299,9;;;353,4;;;;;;;;;318,8;;;;;;;;;;;;;;;;;;;;;;
Portland;;280,9;;;;372,3;355,3;;;;;;;;;;;;;;;;;;;;;;;;;;;;;
Helena;;317,5;293,4;;;345,7;;;;;;392,8;;329,4;352,3;429,8;;;;;;;;;;;;;;;;;;;;
SaltLakeCity;;;;297,5;363,8;;355,1;;329,9;;;401,2;;;;;;;;;;;;;;;;;;;;;;;;
SanFrancisco;;;;304,0;;355,8;;996,2;;;;;;;;;;;;;;;;;;;;;;;;;;;;
LosAngeles;;;;;;;335,6;;370,9;431,1;;;993,4;;;;;;;;;;;;;;;;;;;;;;;
LasVegas;;;;;;346,8;;430,1;;;;;;;;;;;;;;;;;;;;;;;;;;;;
Phoenix;;;;;;;;394,2;;;436,5;442,7;515,9;;;;;;;;;;;;;;;;;;;;;;;
SantaFe;;;;;;;;;;394,6;;453,3;464,4;;;;;500,3;;;;;;;;;;;;;;;;;;
Denver;;;;;368,8;361,6;;;;402,4;445,2;;;;;423,6;473,2;530,7;;;;;;;;;;;;;;;;;;
ElPaso;;;;;;;;406,3;;400,2;435,4;;;;;;;530,9;987,6;524,4;;;;;;;;;;;;;;;;
Winnipeg;;;310,6;;342,9;;;;;;;;;;375,9;;;;;;;;;352,9;;;;;;;;;;;;
Duluth;;;;;336,1;;;;;;;;;334,4;;;;;;;;;492,3;;408,0;;;;;;;;;;;
Omaha;;;;;341,5;;;;;;;419,6;;;;;;;;;;;512,5;;;;;;;;;;;;;
KansasCity;;;;;;;;;;;;428,9;;;;;;;;;;589,2;;;;;;;;;;;;;;
OklahomaCity;;;;;;;;;;;435,4;430,8;502,0;;;;;;;537,7;617,1;;;;;;;;;;;;;;;
Houston;;;;;;;;;;;;;486,7;;;;;;;519,0;;;;;;;;;;;;;;;982,3;
Dallas;;;;;;;;;;;;;514,9;;;;;519,7;552,4;;571,3;;;;;;;;;;;;;;;
LittleRock;;;;;;;;;;;;;;;;;;464,6;;523,4;;597,9;;;;;;;;;;;;;780,2;721,0
SaintLouis;;;;;;;;;;;;;;;;;505,4;;;;657,4;;528,0;;;;;;449,6;;;;;;;743,2
Chicago;;;;;;;;;;;;;;;399,4;376,9;;;;;;590,7;;;364,8;;;;489,3;;;;;;;
SaultStMarie;;;;;;;;;;;;;;322,3;;;;;;;;;;;427,5;329,0;;;;;;;;;;
Toronto;;;;;;;;;;;;;;;397,9;;;;;;;;439,7;309,5;;329,5;;;510,6;;;;;;;
Montreal;;;;;;;;;;;;;;;;;;;;;;;;343,2;380,5;;277,0;392,2;;;;;;;;
Boston;;;;;;;;;;;;;;;;;;;;;;;;;;278,5;;431,3;;;;;;;;
NewYork;;;;;;;;;;;;;;;;;;;;;;;;;;329,4;373,8;;532,9;428,5;;;;;;
Pittsburgh;;;;;;;;;;;;;;;;;;;;;;561,8;413,3;;433,9;;;431,7;;482,8;606,7;;;;;
Washington;;;;;;;;;;;;;;;;;;;;;;;;;;;;417,9;454,1;;593,7;;;;;
Raleigh;;;;;;;;;;;;;;;;;;;;;;;;;;;;;479,1;478,8;;;710,8;;;
Atlanta;;;;;;;;;;;;;;;;;;;;;;;;;;;;;;;;;1000,0;1000,0;1000,0;1000,0
Charleston;;;;;;;;;;;;;;;;;;;;;;;;;;;;;;;584,8;902,0;;789,4;;
Miami;;;;;;;;;;;;;;;;;;;;;;;;;;;;;;;;905,0;758,3;;763,8;
NewOrleans;;;;;;;;;;;;;;;;;;;552,8;;643,7;;;;;;;;;;;984,0;;786,4;;
Nashville;;;;;;;;;;;;;;;;;;;;;648,8;558,4;;;;;;;;;;901,0;;;;
Step_32000;Vancouver;Seattle;Calgary;Portland;Helena;SaltLakeCity;SanFrancisco;LosAngeles;LasVegas;Phoenix;SantaFe;Denver;ElPaso;Winnipeg;Duluth;Omaha;KansasCity;OklahomaCity;Houston;Dallas;LittleRock;SaintLouis;Chicago;SaultStMarie;Toronto;Montreal;Boston;NewYork;Pittsburgh;Washington;Raleigh;Atlanta;Charleston;Miami;NewOrleans;Nashville
Vancouver;;264,5;289,6;;;;;;;;;;;;;;;;;;;;;;;;;;;;;;;;;
Seattle;256,5;;296,7;297,0;339,6;;;;;;;;;;;;;;;;;;;;;;;;;;;;;;;
Calgary;264,8;285,3;;;339,7;;;;;;;;;318,3;;;;;;;;;;;;;;;;;;;;;;
Portland;;304,9;;;;351,5;334,8;;;;;;;;;;;;;;;;;;;;;;;;;;;;;
Helena;;291,0;302,6;;;335,0;;;;;;371,0;;328,7;359,5;408,9;;;;;;;;;;;;;;;;;;;;
SaltLakeCity;;;;306,4;340,7;;349,6;;352,6;;;410,5;;;;;;;;;;;;;;;;;;;;;;;;
SanFrancisco;;;;317,8;;345,1;;1021,0;;;;;;;;;;;;;;;;;;;;;;;;;;;;
LosAngeles;;;;;;;351,9;;350,5;415,5;;;1018,0;;;;;;;;;;;;;;;;;;;;;;;
LasVegas;;;;;;349,8;;410,7;;;;;;;;;;;;;;;;;;;;;;;;;;;;
Phoenix;;;;;;;;402,6;;;446,8;412,4;449,7;;;;;;;;;;;;;;;;;;;;;;;
SantaFe;;;;;;;;;;401,2;;408,5;467,9;;;;;503,3;;;;;;;;;;;;;;;;;;
Denver;;;;;341,1;340,8;;;;387,2;414,6;;;;;388,8;466,8;493,4;;;;;;;;;;;;;;;;;;
ElPaso;;;;;;;;398,6;;397,0;432,2;;;;;;;500,4;1012,0;539,3;;;;;;;;;;;;;;;;
Winnipeg;;;294,5;;347,1;;;;;;;;;;380,8;;;;;;;;;351,1;;;;;;;;;;;;
Duluth;;;;;345,0;;;;;;;;;323,5;;;;;;;;;470,2;;391,7;;;;;;;;;;;
Omaha;;;;;346,7;;;;;;;439,0;;;;;;;;;;;431,2;;;;;;;;;;;;;
KansasCity;;;;;;;;;;;;419,2;;;;;;;;;;527,8;;;;;;;;;;;;;;
OklahomaCity;;;;;;;;;;;447,5;406,7;511,9;;;;;;;564,1;619,3;;;;;;;;;;;;;;;
Houston;;;;;;;;;;;;;495,2;;;;;;;553,8;;;;;;;;;;;;;;;982,3;
Dallas;;;;;;;;;;;;;512,7;;;;;532,6;670,7;;598,8;;;;;;;;;;;;;;;
LittleRock;;;;;;;;;;;;;;;;;;528,4;;539,9;;572,9;;;;;;;;;;;;;754,0;674,1
SaintLouis;;;;;;;;;;;;;;;;;487,2;;;;589,2;;460,9;;;;;;417,8;;;;;;;725,5
Chicago;;;;;;;;;;;;;;;376,7;407,0;;;;;;553,2;;;416,7;;;;421,5;;;;;;;
SaultStMarie;;;;;;;;;;;;;;327,0;;;;;;;;;;;399,5;369,3;;;;;;;;;;
Toronto;;;;;;;;;;;;;;;381,6;;;;;;;;463,4;341,5;;354,6;;;445,8;;;;;;;
Montreal;;;;;;;;;;;;;;;;;;;;;;;;348,3;402,6;;313,9;405,6;;;;;;;;
Boston;;;;;;;;;;;;;;;;;;;;;;;;;;316,3;;423,7;;;;;;;;
NewYork;;;;;;;;;;;;;;;;;;;;;;;;;;321,2;341,1;;447,9;496,5;;;;;;
Pittsburgh;;;;;;;;;;;;;;;;;;;;;;496,4;460,9;;413,3;;;388,1;;476,4;606,8;;;;;
Washington;;;;;;;;;;;;;;;;;;;;;;;;;;;;409,8;462,9;;642,4;;;;;
Raleigh;;;;;;;;;;;;;;;;;;;;;;;;;;;;;449,5;476,5;;;740,9;;;
Atlanta;;;;;;;;;;;;;;;;;;;;;;;;;;;;;;;;;1000,0;1000,0;1000,0;1000,0
Charleston;;;;;;;;;;;;;;;;;;;;;;;;;;;;;;;599,9;902,0;;751,5;;
Miami;;;;;;;;;;;;;;;;;;;;;;;;;;;;;;;;905,0;749,0;;674,5;
NewOrleans;;;;;;;;;;;;;;;;;;;600,8;;647,9;;;;;;;;;;;984,0;;743,0;;
Nashville;;;;;;;;;;;;;;;;;;;;;546,2;582,1;;;;;;;;;;901,0;;;;
Step_36000;Vancouver;Seattle;Calgary;Portland;Helena;SaltLakeCity;SanFrancisco;LosAngeles;LasVegas;Phoenix;SantaFe;Denver;ElPaso;Winnipeg;Duluth;Omaha;KansasCity;OklahomaCity;Houston;Dallas;LittleRock;SaintLouis;Chicago;SaultStMarie;Toronto;Montreal;Boston;NewYork;Pittsburgh;Washington;Raleigh;Atlanta;Charleston;Miami;NewOrleans;Nashville
Vancouver;;288,2;286,6;;;;;;;;;;;;;;;;;;;;;;;;;;;;;;;;;
Seattle;260,5;;293,1;300,6;335,8;;;;;;;;;;;;;;;;;;;;;;;;;;;;;;;
Calgary;271,1;293,5;;;354,9;;;;;;;;;311,0;;;;;;;;;;;;;;;;;;;;;;
Portland;;275,0;;;;335,7;342,3;;;;;;;;;;;;;;;;;;;;;;;;;;;;;
Helena;;306,6;296,5;;;350,9;;;;;;373,4;;326,3;388,4;370,2;;;;;;;;;;;;;;;;;;;;
SaltLakeCity;;;;304,0;343,5;;324,2;;354,6;;;402,1;;;;;;;;;;;;;;;;;;;;;;;;
SanFrancisco;;;;290,2;;330,0;;996,2;;;;;;;;;;;;;;;;;;;;;;;;;;;;
LosAngeles;;;;;;;349,0;;361,8;422,3;;;993,4;;;;;;;;;;;;;;;;;;;;;;;
LasVegas;;;;;;333,3;;403,2;;;;;;;;;;;;;;;;;;;;;;;;;;;;
Phoenix;;;;;;;;399,8;;;403,0;387,4;497,6;;;;;;;;;;;;;;;;;;;;;;;
SantaFe;;;;;;;;;;422,8;;430,2;477,7;;;;;476,9;;;;;;;;;;;;;;;;;;
Denver;;;;;356,4;354,0;;;;390,1;405,4;;;;;384,7;510,4;493,0;;;;;;;;;;;;;;;;;;
ElPaso;;;;;;;;448,1;;441,6;409,9;;;;;;;540,0;987,6;514,7;;;;;;;;;;;;;;;;
Winnipeg;;;287,2;;343,9;;;;;;;;;;360,6;;;;;;;;;349,2;;;;;;;;;;;;
Duluth;;;;;347,4;;;;;;;;;337,1;;;;;;;;;489,1;;379,8;;;;;;;;;;;
Omaha;;;;;345,9;;;;;;;403,0;;;;;;;;;;;428,4;;;;;;;;;;;;;
KansasCity;;;;;;;;;;;;422,5;;;;;;;;;;667,3;;;;;;;;;;;;;;
OklahomaCity;;;;;;;;;;;414,0;432,2;523,4;;;;;;;542,9;600,2;;;;;;;;;;;;;;;
Houston;;;;;;;;;;;;;477,3;;;;;;;496,9;;;;;;;;;;;;;;;982,3;
Dallas;;;;;;;;;;;;;487,2;;;;;503,3;567,3;;605,6;;;;;;;;;;;;;;;
LittleRock;;;;;;;;;;;;;;;;;;497,7;;500,7;;633,2;;;;;;;;;;;;;731,5;679,8
SaintLouis;;;;;;;;;;;;;;;;;477,0;;;;631,2;;462,8;;;;;;471,8;;;;;;;769,8
Chicago;;;;;;;;;;;;;;;392,8;391,0;;;;;;561,9;;;373,4;;;;443,0;;;;;;;
SaultStMarie;;;;;;;;;;;;;;325,8;;;;;;;;;;;407,4;354,3;;;;;;;;;;
Toronto;;;;;;;;;;;;;;;389,5;;;;;;;;446,0;339,2;;343,6;;;459,1;;;;;;;
Montreal;;;;;;;;;;;;;;;;;;;;;;;;349,0;402,4;;336,3;427,5;;;;;;;;
Boston;;;;;;;;;;;;;;;;;;;;;;;;;;339,0;;404,0;;;;;;;;
NewYork;;;;;;;;;;;;;;;;;;;;;;;;;;359,5;349,3;;459,3;466,3;;;;;;
Pittsburgh;;;;;;;;;;;;;;;;;;;;;;511,8;417,2;;406,1;;;415,6;;484,6;567,8;;;;;
Washington;;;;;;;;;;;;;;;;;;;;;;;;;;;;387,9;457,8;;605,1;;;;;
Raleigh;;;;;;;;;;;;;;;;;;;;;;;;;;;;;496,7;476,2;;;738,6;;;
Atlanta;;;;;;;;;;;;;;;;;;;;;;;;;;;;;;;;;1000,0;1000,0;1000,0;1000,0
Charleston;;;;;;;;;;;;;;;;;;;;;;;;;;;;;;;571,7;902,0;;784,6;;
Miami;;;;;;;;;;;;;;;;;;;;;;;;;;;;;;;;905,0;752,2;;772,5;
NewOrleans;;;;;;;;;;;;;;;;;;;618,3;;638,4;;;;;;;;;;;984,0;;789,3;;
Nashville;;;;;;;;;;;;;;;;;;;;;633,2;554,7;;;;;;;;;;901,0;;;;
Step_40000;Vancouver;Seattle;Calgary;Portland;Helena;SaltLakeCity;SanFrancisco;LosAngeles;LasVegas;Phoenix;SantaFe;Denver;ElPaso;Winnipeg;Duluth;Omaha;KansasCity;OklahomaCity;Houston;Dallas;LittleRock;SaintLouis;Chicago;SaultStMarie;Toronto;Montreal;Boston;NewYork;Pittsburgh;Washington;Raleigh;Atlanta;Charleston;Miami;NewOrleans;Nashville
Vancouver;;287,6;287,6;;;;;;;;;;;;;;;;;;;;;;;;;;;;;;;;;
Seattle;266,4;;295,5;300,8;332,0;;;;;;;;;;;;;;;;;;;;;;;;;;;;;;;
Calgary;267,5;310,4;;;352,1;;;;;;;;;318,1;;;;;;;;;;;;;;;;;;;;;;
Portland;;262,0;;;;338,9;350,8;;;;;;;;;;;;;;;;;;;;;;;;;;;;;
Helena;;298,9;305,8;;;364,3;;;;;;416,6;;320,1;374,8;374,9;;;;;;;;;;;;;;;;;;;;
SaltLakeCity;;;;308,6;346,9;;341,4;;341,3;;;448,2;;;;;;;;;;;;;;;;;;;;;;;;
SanFrancisco;;;;316,9;;354,8;;897,5;;;;;;;;;;;;;;;;;;;;;;;;;;;;
LosAngeles;;;;;;;445,1;;341,6;425,1;;;1018,0;;;;;;;;;;;;;;;;;;;;;;;
LasVegas;;;;;;353,6;;383,1;;;;;;;;;;;;;;;;;;;;;;;;;;;;
Phoenix;;;;;;;;402,8;;;441,2;421,2;550,6;;;;;;;;;;;;;;;;;;;;;;;
SantaFe;;;;;;;;;;401,5;;396,8;487,5;;;;;485,9;;;;;;;;;;;;;;;;;;
Denver;;;;;319,9;371,5;;;;427,6;450,4;;;;;352,5;439,8;556,3;;;;;;;;;;;;;;;;;;
ElPaso;;;;;;;;378,8;;400,4;464,2;;;;;;;561,8;987,6;535,6;;;;;;;;;;;;;;;;
Winnipeg;;;295,5;;337,7;;;;;;;;;;369,4;;;;;;;;;339,8;;;;;;;;;;;;
Duluth;;;;;336,4;;;;;;;;;318,9;;;;;;;;;470,4;;434,7;;;;;;;;;;;
Omaha;;;;;305,3;;;;;;;382,7;;;;;;;;;;;398,3;;;;;;;;;;;;;
KansasCity;;;;;;;;;;;;422,6;;;;;;;;;;550,8;;;;;;;;;;;;;;
OklahomaCity;;;;;;;;;;;438,3;425,1;512,8;;;;;;;532,9;666,0;;;;;;;;;;;;;;;
Houston;;;;;;;;;;;;;542,4;;;;;;;542,7;;;;;;;;;;;;;;;982,3;
Dallas;;;;;;;;;;;;;485,8;;;;;543,5;633,9;;576,3;;;;;;;;;;;;;;;
LittleRock;;;;;;;;;;;;;;;;;;529,9;;526,3;;553,0;;;;;;;;;;;;;810,3;751,2
SaintLouis;;;;;;;;;;;;;;;;;479,7;;;;607,5;;448,0;;;;;;491,0;;;;;;;763,4
Chicago;;;;;;;;;;;;;;;385,5;379,5;;;;;;525,7;;;411,8;;;;507,2;;;;;;;
SaultStMarie;;;;;;;;;;;;;;316,4;;;;;;;;;;;421,5;365,3;;;;;;;;;;
Toronto;;;;;;;;;;;;;;;384,4;;;;;;;;462,0;351,4;;372,7;;;530,6;;;;;;;
Montreal;;;;;;;;;;;;;;;;;;;;;;;;352,9;403,5;;354,6;396,9;;;;;;;;
Boston;;;;;;;;;;;;;;;;;;;;;;;;;;344,0;;389,6;;;;;;;;
NewYork;;;;;;;;;;;;;;;;;;;;;;;;;;361,2;351,0;;472,8;486,1;;;;;;
Pittsburgh;;;;;;;;;;;;;;;;;;;;;;544,7;438,6;;432,3;;;415,6;;501,3;593,0;;;;;
Washington;;;;;;;;;;;;;;;;;;;;;;;;;;;;404,0;515,8;;587,6;;;;;
Raleigh;;;;;;;;;;;;;;;;;;;;;;;;;;;;;488,1;492,4;;;767,5;;;
Atlanta;;;;;;;;;;;;;;;;;;;;;;;;;;;;;;;;;1000,0;1000,0;1000,0;1000,0
Charleston;;;;;;;;;;;;;;;;;;;;;;;;;;;;;;;609,1;902,0;;779,1;;
Miami;;;;;;;;;;;;;;;;;;;;;;;;;;;;;;;;905,0;707,0;;800,2;
NewOrleans;;;;;;;;;;;;;;;;;;;625,7;;678,3;;;;;;;;;;;984,0;;799,7;;
Nashville;;;;;;;;;;;;;;;;;;;;;577,6;577,7;;;;;;;;;;901,0;;;;
Step_4000;Vancouver;Seattle;Calgary;Portland;Helena;SaltLakeCity;SanFrancisco;LosAngeles;LasVegas;Phoenix;SantaFe;Denver;ElPaso;Winnipeg;Duluth;Omaha;KansasCity;OklahomaCity;Houston;Dallas;LittleRock;SaintLouis;Chicago;SaultStMarie;Toronto;Montreal;Boston;NewYork;Pittsburgh;Washington;Raleigh;Atlanta;Charleston;Miami;NewOrleans;Nashville
Vancouver;;240,3;170,1;;;;;;;;;;;;;;;;;;;;;;;;;;;;;;;;;
Seattle;190,9;;215,0;287,6;338,7;;;;;;;;;;;;;;;;;;;;;;;;;;;;;;;
Calgary;179,6;198,4;;;303,0;;;;;;;;;251,8;;;;;;;;;;;;;;;;;;;;;;
Portland;;272,9;;;;324,5;319,9;;;;;;;;;;;;;;;;;;;;;;;;;;;;;
Helena;;289,7;262,1;;;297,3;;;;;;422,7;;236,9;343,1;349,2;;;;;;;;;;;;;;;;;;;;
SaltLakeCity;;;;290,3;333,4;;315,7;;328,5;;;391,3;;;;;;;;;;;;;;;;;;;;;;;;
SanFrancisco;;;;299,4;;342,7;;996,2;;;;;;;;;;;;;;;;;;;;;;;;;;;;
LosAngeles;;;;;;;331,2;;343,4;395,8;;;993,4;;;;;;;;;;;;;;;;;;;;;;;
LasVegas;;;;;;320,4;;428,9;;;;;;;;;;;;;;;;;;;;;;;;;;;;
Phoenix;;;;;;;;355,8;;;421,3;422,2;433,5;;;;;;;;;;;;;;;;;;;;;;;
SantaFe;;;;;;;;;;400,3;;389,4;473,2;;;;;482,5;;;;;;;;;;;;;;;;;;
Denver;;;;;333,6;337,6;;;;413,2;447,8;;;;;388,0;437,2;473,0;;;;;;;;;;;;;;;;;;
ElPaso;;;;;;;;363,7;;390,3;415,0;;;;;;;469,6;987,6;478,6;;;;;;;;;;;;;;;;
Winnipeg;;;220,7;;355,6;;;;;;;;;;300,1;;;;;;;;;141,3;;;;;;;;;;;;
Duluth;;;;;315,9;;;;;;;;;246,8;;;;;;;;;443,4;;256,5;;;;;;;;;;;
Omaha;;;;;332,1;;;;;;;393,0;;;;;;;;;;;452,7;;;;;;;;;;;;;
KansasCity;;;;;;;;;;;;422,4;;;;;;;;;;535,8;;;;;;;;;;;;;;
OklahomaCity;;;;;;;;;;;455,4;411,3;469,5;;;;;;;528,7;622,4;;;;;;;;;;;;;;;
Houston;;;;;;;;;;;;;443,7;;;;;;;463,8;;;;;;;;;;;;;;;982,3;
Dallas;;;;;;;;;;;;;459,6;;;;;473,4;499,0;;623,3;;;;;;;;;;;;;;;
LittleRock;;;;;;;;;;;;;;;;;;484,0;;477,6;;536,2;;;;;;;;;;;;;803,5;691,7
SaintLouis;;;;;;;;;;;;;;;;;441,3;;;;609,7;;448,4;;;;;;369,0;;;;;;;731,8
Chicago;;;;;;;;;;;;;;;345,7;366,6;;;;;;599,9;;;308,5;;;;433,7;;;;;;;
SaultStMarie;;;;;;;;;;;;;;273,1;;;;;;;;;;;249,6;69,1;;;;;;;;;;
Toronto;;;;;;;;;;;;;;;283,9;;;;;;;;394,2;120,1;;84,4;;;280,6;;;;;;;
Montreal;;;;;;;;;;;;;;;;;;;;;;;;176,1;11,5;;54,9;30,5;;;;;;;;
Boston;;;;;;;;;;;;;;;;;;;;;;;;;;51,3;;168,9;;;;;;;;
NewYork;;;;;;;;;;;;;;;;;;;;;;;;;;39,4;38,2;;366,9;120,4;;;;;;
Pittsburgh;;;;;;;;;;;;;;;;;;;;;;524,2;417,3;;276,1;;;122,6;;220,4;272,8;;;;;
Washington;;;;;;;;;;;;;;;;;;;;;;;;;;;;88,5;343,6;;236,5;;;;;
Raleigh;;;;;;;;;;;;;;;;;;;;;;;;;;;;;276,0;185,1;;;597,6;;;
Atlanta;;;;;;;;;;;;;;;;;;;;;;;;;;;;;;;;;1000,0;1000,0;1000,0;1000,0
Charleston;;;;;;;;;;;;;;;;;;;;;;;;;;;;;;;309,4;902,0;;751,2;;
Miami;;;;;;;;;;;;;;;;;;;;;;;;;;;;;;;;905,0;686,1;;790,7;
NewOrleans;;;;;;;;;;;;;;;;;;;553,3;;596,1;;;;;;;;;;;984,0;;764,9;;
Nashville;;;;;;;;;;;;;;;;;;;;;549,4;573,5;;;;;;;;;;901,0;;;;
Step_8000;Vancouver;Seattle;Calgary;Portland;Helena;SaltLakeCity;SanFrancisco;LosAngeles;LasVegas;Phoenix;SantaFe;Denver;ElPaso;Winnipeg;Duluth;Omaha;KansasCity;OklahomaCity;Houston;Dallas;LittleRock;SaintLouis;Chicago;SaultStMarie;Toronto;Montreal;Boston;NewYork;Pittsburgh;Washington;Raleigh;Atlanta;Charleston;Miami;NewOrleans;Nashville
Vancouver;;255,5;275,5;;;;;;;;;;;;;;;;;;;;;;;;;;;;;;;;;
Seattle;245,4;;288,3;284,6;326,8;;;;;;;;;;;;;;;;;;;;;;;;;;;;;;;
Calgary;236,5;261,0;;;324,0;;;;;;;;;308,5;;;;;;;;;;;;;;;;;;;;;;
Portland;;261,5;;;;313,7;344,9;;;;;;;;;;;;;;;;;;;;;;;;;;;;;
Helena;;260,7;283,6;;;349,7;;;;;;428,3;;318,3;373,1;373,2;;;;;;;;;;;;;;;;;;;;
SaltLakeCity;;;;285,7;306,9;;340,5;;347,6;;;459,1;;;;;;;;;;;;;;;;;;;;;;;;
SanFrancisco;;;;290,5;;356,5;;996,2;;;;;;;;;;;;;;;;;;;;;;;;;;;;
LosAngeles;;;;;;;322,2;;324,5;394,2;;;993,4;;;;;;;;;;;;;;;;;;;;;;;
LasVegas;;;;;;328,4;;401,8;;;;;;;;;;;;;;;;;;;;;;;;;;;;
Phoenix;;;;;;;;387,0;;;450,9;405,8;492,6;;;;;;;;;;;;;;;;;;;;;;;
SantaFe;;;;;;;;;;411,0;;397,4;535,1;;;;;459,6;;;;;;;;;;;;;;;;;;
Denver;;;;;337,0;365,7;;;;406,2;429,8;;;;;389,9;429,9;549,7;;;;;;;;;;;;;;;;;;
ElPaso;;;;;;;;423,2;;428,9;418,1;;;;;;;518,5;987,6;519,7;;;;;;;;;;;;;;;;
Winnipeg;;;262,8;;344,3;;;;;;;;;;355,5;;;;;;;;;240,2;;;;;;;;;;;;
Duluth;;;;;360,7;;;;;;;;;305,4;;;;;;;;;432,4;;295,5;;;;;;;;;;;
Omaha;;;;;340,7;;;;;;;408,5;;;;;;;;;;;427,2;;;;;;;;;;;;;
KansasCity;;;;;;;;;;;;434,8;;;;;;;;;;504,9;;;;;;;;;;;;;;
OklahomaCity;;;;;;;;;;;448,2;424,0;490,6;;;;;;;508,5;677,2;;;;;;;;;;;;;;;
Houston;;;;;;;;;;;;;526,8;;;;;;;513,4;;;;;;;;;;;;;;;982,3;
Dallas;;;;;;;;;;;;;443,2;;;;;470,9;578,1;;628,4;;;;;;;;;;;;;;;
LittleRock;;;;;;;;;;;;;;;;;;495,1;;495,6;;541,7;;;;;;;;;;;;;793,9;732,2
SaintLouis;;;;;;;;;;;;;;;;;445,2;;;;564,6;;439,2;;;;;;398,0;;;;;;;669,0
Chicago;;;;;;;;;;;;;;;356,4;373,3;;;;;;549,7;;;383,2;;;;432,1;;;;;;;
SaultStMarie;;;;;;;;;;;;;;256,2;;;;;;;;;;;304,1;96,0;;;;;;;;;;
Toronto;;;;;;;;;;;;;;;325,3;;;;;;;;469,1;184,9;;143,9;;;377,7;;;;;;;
Montreal;;;;;;;;;;;;;;;;;;;;;;;;234,6;61,1;;188,3;37,2;;;;;;;;
Boston;;;;;;;;;;;;;;;;;;;;;;;;;;104,5;;326,6;;;;;;;;
NewYork;;;;;;;;;;;;;;;;;;;;;;;;;;39,4;123,2;;454,2;262,5;;;;;;
Pittsburgh;;;;;;;;;;;;;;;;;;;;;;486,2;439,9;;331,5;;;322,7;;358,5;479,5;;;;;
Washington;;;;;;;;;;;;;;;;;;;;;;;;;;;;297,3;455,4;;374,3;;;;;
Raleigh;;;;;;;;;;;;;;;;;;;;;;;;;;;;;437,9;228,1;;;766,0;;;
Atlanta;;;;;;;;;;;;;;;;;;;;;;;;;;;;;;;;;1000,0;1000,0;1000,0;1000,0
Charleston;;;;;;;;;;;;;;;;;;;;;;;;;;;;;;;523,7;902,0;;744,4;;
Miami;;;;;;;;;;;;;;;;;;;;;;;;;;;;;;;;905,0;776,3;;777,8;
NewOrleans;;;;;;;;;;;;;;;;;;;635,7;;624,6;;;;;;;;;;;984,0;;792,1;;
Nashville;;;;;;;;;;;;;;;;;;;;;645,1;480,2;;;;;;;;;;901,0;;;;
Step_12000;Vancouver;Seattle;Calgary;Portland;Helena;SaltLakeCity;SanFrancisco;LosAngeles;LasVegas;Phoenix;SantaFe;Denver;ElPaso;Winnipeg;Duluth;Omaha;KansasCity;OklahomaCity;Houston;Dallas;LittleRock;SaintLouis;Chicago;SaultStMarie;Toronto;Montreal;Boston;NewYork;Pittsburgh;Washington;Raleigh;Atlanta;Charleston;Miami;NewOrleans;Nashville
Vancouver;;300,8;290,6;;;;;;;;;;;;;;;;;;;;;;;;;;;;;;;;;
Seattle;267,5;;295,1;310,4;327,7;;;;;;;;;;;;;;;;;;;;;;;;;;;;;;;
Calgary;257,7;310,1;;;334,1;;;;;;;;;311,6;;;;;;;;;;;;;;;;;;;;;;
Portland;;289,5;;;;336,4;324,5;;;;;;;;;;;;;;;;;;;;;;;;;;;;;
Helena;;309,2;289,9;;;369,5;;;;;;422,4;;299,6;357,6;392,2;;;;;;;;;;;;;;;;;;;;
SaltLakeCity;;;;292,4;378,3;;348,8;;334,0;;;383,1;;;;;;;;;;;;;;;;;;;;;;;;
SanFrancisco;;;;291,5;;325,6;;894,0;;;;;;;;;;;;;;;;;;;;;;;;;;;;
LosAngeles;;;;;;;321,8;;343,0;425,7;;;1018,0;;;;;;;;;;;;;;;;;;;;;;;
LasVegas;;;;;;334,3;;382,6;;;;;;;;;;;;;;;;;;;;;;;;;;;;
Phoenix;;;;;;;;362,1;;;443,7;421,8;443,0;;;;;;;;;;;;;;;;;;;;;;;
SantaFe;;;;;;;;;;417,1;;427,4;461,4;;;;;498,4;;;;;;;;;;;;;;;;;;
Denver;;;;;349,3;371,5;;;;407,4;430,4;;;;;383,9;418,2;488,6;;;;;;;;;;;;;;;;;;
ElPaso;;;;;;;;425,9;;380,6;425,4;;;;;;;502,6;1012,0;500,1;;;;;;;;;;;;;;;;
Winnipeg;;;280,5;;342,3;;;;;;;;;;342,8;;;;;;;;;281,0;;;;;;;;;;;;
Duluth;;;;;353,8;;;;;;;;;305,7;;;;;;;;;453,4;;349,7;;;;;;;;;;;
Omaha;;;;;355,1;;;;;;;410,9;;;;;;;;;;;460,3;;;;;;;;;;;;;
KansasCity;;;;;;;;;;;;395,9;;;;;;;;;;567,3;;;;;;;;;;;;;;
OklahomaCity;;;;;;;;;;;426,4;435,1;446,3;;;;;;;521,9;567,9;;;;;;;;;;;;;;;
Houston;;;;;;;;;;;;;455,4;;;;;;;536,3;;;;;;;;;;;;;;;927,2;
Dallas;;;;;;;;;;;;;446,8;;;;;506,1;619,0;;575,8;;;;;;;;;;;;;;;
LittleRock;;;;;;;;;;;;;;;;;;494,4;;518,7;;563,0;;;;;;;;;;;;;699,7;597,0
SaintLouis;;;;;;;;;;;;;;;;;446,0;;;;586,6;;499,4;;;;;;478,1;;;;;;;724,9
Chicago;;;;;;;;;;;;;;;394,6;379,8;;;;;;566,9;;;324,1;;;;491,4;;;;;;;
SaultStMarie;;;;;;;;;;;;;;295,6;;;;;;;;;;;337,4;181,8;;;;;;;;;;
Toronto;;;;;;;;;;;;;;;348,4;;;;;;;;502,5;224,4;;210,4;;;365,8;;;;;;;
Montreal;;;;;;;;;;;;;;;;;;;;;;;;258,4;167,4;;255,6;126,6;;;;;;;;
Boston;;;;;;;;;;;;;;;;;;;;;;;;;;162,2;;404,6;;;;;;;;
NewYork;;;;;;;;;;;;;;;;;;;;;;;;;;145,7;258,4;;508,1;402,1;;;;;;
Pittsburgh;;;;;;;;;;;;;;;;;;;;;;589,4;451,0;;373,7;;;331,9;;526,4;502,9;;;;;
Washington;;;;;;;;;;;;;;;;;;;;;;;;;;;;357,3;474,6;;671,8;;;;;
Raleigh;;;;;;;;;;;;;;;;;;;;;;;;;;;;;476,7;478,7;;;754,2;;;
Atlanta;;;;;;;;;;;;;;;;;;;;;;;;;;;;;;;;;1000,0;1000,0;1000,0;1000,0
Charleston;;;;;;;;;;;;;;;;;;;;;;;;;;;;;;;624,8;902,0;;798,2;;
Miami;;;;;;;;;;;;;;;;;;;;;;;;;;;;;;;;905,0;718,4;;771,5;
NewOrleans;;;;;;;;;;;;;;;;;;;678,0;;562,1;;;;;;;;;;;984,0;;775,8;;
Nashville;;;;;;;;;;;;;;;;;;;;;570,4;565,9;;;;;;;;;;901,0;;;;
Step_16000;Vancouver;Seattle;Calgary;Portland;Helena;SaltLakeCity;SanFrancisco;LosAngeles;LasVegas;Phoenix;SantaFe;Denver;ElPaso;Winnipeg;Duluth;Omaha;KansasCity;OklahomaCity;Houston;Dallas;LittleRock;SaintLouis;Chicago;SaultStMarie;Toronto;Montreal;Boston;NewYork;Pittsburgh;Washington;Raleigh;Atlanta;Charleston;Miami;NewOrleans;Nashville
Vancouver;;261,5;272,7;;;;;;;;;;;;;;;;;;;;;;;;;;;;;;;;;
Seattle;248,9;;293,9;301,9;348,3;;;;;;;;;;;;;;;;;;;;;;;;;;;;;;;
Calgary;261,9;283,9;;;335,0;;;;;;;;;308,9;;;;;;;;;;;;;;;;;;;;;;
Portland;;286,1;;;;362,0;342,5;;;;;;;;;;;;;;;;;;;;;;;;;;;;;
Helena;;271,3;288,1;;;342,8;;;;;;429,5;;321,3;357,0;374,1;;;;;;;;;;;;;;;;;;;;
SaltLakeCity;;;;315,2;351,6;;336,3;;347,8;;;989,8;;;;;;;;;;;;;;;;;;;;;;;;
SanFrancisco;;;;314,9;;996,0;;365,9;;;;;;;;;;;;;;;;;;;;;;;;;;;;
LosAngeles;;;;;;;443,0;;328,3;419,6;;;510,1;;;;;;;;;;;;;;;;;;;;;;;
LasVegas;;;;;;317,7;;377,3;;;;;;;;;;;;;;;;;;;;;;;;;;;;
Phoenix;;;;;;;;383,3;;;383,2;376,5;512,6;;;;;;;;;;;;;;;;;;;;;;;
SantaFe;;;;;;;;;;403,4;;391,3;441,2;;;;;567,3;;;;;;;;;;;;;;;;;;
Denver;;;;;344,8;364,7;;;;406,1;412,0;;;;;375,9;459,7;979,8;;;;;;;;;;;;;;;;;;
ElPaso;;;;;;;;431,0;;402,7;436,0;;;;;;;471,2;575,2;548,6;;;;;;;;;;;;;;;;
Winnipeg;;;289,1;;344,7;;;;;;;;;;372,3;;;;;;;;;292,4;;;;;;;;;;;;
Duluth;;;;;360,0;;;;;;;;;331,4;;;;;;;;;472,5;;366,4;;;;;;;;;;;
Omaha;;;;;345,4;;;;;;;381,7;;;;;;;;;;;468,3;;;;;;;;;;;;;
KansasCity;;;;;;;;;;;;391,5;;;;;;;;;;549,7;;;;;;;;;;;;;;
OklahomaCity;;;;;;;;;;;453,1;409,3;437,7;;;;;;;520,6;936,9;;;;;;;;;;;;;;;
Houston;;;;;;;;;;;;;487,2;;;;;;;549,1;;;;;;;;;;;;;;;757,2;
Dallas;;;;;;;;;;;;;481,0;;;;;495,2;613,1;;609,5;;;;;;;;;;;;;;;
LittleRock;;;;;;;;;;;;;;;;;;493,6;;531,3;;567,3;;;;;;;;;;;;;1007,0;718,4
SaintLouis;;;;;;;;;;;;;;;;;489,8;;;;518,1;;488,7;;;;;;467,9;;;;;;;772,0
Chicago;;;;;;;;;;;;;;;357,6;390,1;;;;;;591,8;;;404,0;;;;466,3;;;;;;;
SaultStMarie;;;;;;;;;;;;;;311,3;;;;;;;;;;;391,6;238,8;;;;;;;;;;
Toronto;;;;;;;;;;;;;;;364,6;;;;;;;;409,1;299,7;;272,9;;;458,2;;;;;;;
Montreal;;;;;;;;;;;;;;;;;;;;;;;;271,5;175,0;;309,8;231,0;;;;;;;;
Boston;;;;;;;;;;;;;;;;;;;;;;;;;;248,6;;346,0;;;;;;;;
NewYork;;;;;;;;;;;;;;;;;;;;;;;;;;263,2;293,8;;495,5;420,8;;;;;;
Pittsburgh;;;;;;;;;;;;;;;;;;;;;;595,3;495,3;;393,2;;;378,4;;485,2;565,1;;;;;
Washington;;;;;;;;;;;;;;;;;;;;;;;;;;;;372,9;480,6;;584,6;;;;;
Raleigh;;;;;;;;;;;;;;;;;;;;;;;;;;;;;468,3;483,0;;;787,4;;;
Atlanta;;;;;;;;;;;;;;;;;;;;;;;;;;;;;;;;;1000,0;1000,0;1000,0;1000,0
Charleston;;;;;;;;;;;;;;;;;;;;;;;;;;;;;;;566,4;902,0;;757,7;;
Miami;;;;;;;;;;;;;;;;;;;;;;;;;;;;;;;;905,0;797,7;;697,7;
NewOrleans;;;;;;;;;;;;;;;;;;;564,1;;655,5;;;;;;;;;;;1004,0;;784,5;;
Nashville;;;;;;;;;;;;;;;;;;;;;673,5;532,7;;;;;;;;;;901,0;;;;
Step_20000;Vancouver;Seattle;Calgary;Portland;Helena;SaltLakeCity;SanFrancisco;LosAngeles;LasVegas;Phoenix;SantaFe;Denver;ElPaso;Winnipeg;Duluth;Omaha;KansasCity;OklahomaCity;Houston;Dallas;LittleRock;SaintLouis;Chicago;SaultStMarie;Toronto;Montreal;Boston;NewYork;Pittsburgh;Washington;Raleigh;Atlanta;Charleston;Miami;NewOrleans;Nashville
Vancouver;;287,3;310,4;;;;;;;;;;;;;;;;;;;;;;;;;;;;;;;;;
Seattle;272,2;;287,2;312,5;329,8;;;;;;;;;;;;;;;;;;;;;;;;;;;;;;;
Calgary;268,6;299,3;;;352,7;;;;;;;;;323,8;;;;;;;;;;;;;;;;;;;;;;
Portland;;273,9;;;;333,8;376,7;;;;;;;;;;;;;;;;;;;;;;;;;;;;;
Helena;;299,5;292,0;;;351,9;;;;;;369,1;;322,0;396,5;416,4;;;;;;;;;;;;;;;;;;;;
SaltLakeCity;;;;310,7;338,8;;356,0;;366,8;;;425,5;;;;;;;;;;;;;;;;;;;;;;;;
SanFrancisco;;;;316,9;;363,4;;879,5;;;;;;;;;;;;;;;;;;;;;;;;;;;;
LosAngeles;;;;;;;345,0;;342,6;392,4;;;1018,0;;;;;;;;;;;;;;;;;;;;;;;
LasVegas;;;;;;323,0;;395,4;;;;;;;;;;;;;;;;;;;;;;;;;;;;
Phoenix;;;;;;;;395,4;;;412,9;410,4;508,4;;;;;;;;;;;;;;;;;;;;;;;
SantaFe;;;;;;;;;;426,2;;362,9;528,7;;;;;457,1;;;;;;;;;;;;;;;;;;
Denver;;;;;337,7;315,7;;;;429,4;395,8;;;;;395,2;487,2;473,4;;;;;;;;;;;;;;;;;;
ElPaso;;;;;;;;431,2;;422,9;446,7;;;;;;;516,5;1012,0;545,8;;;;;;;;;;;;;;;;
Winnipeg;;;295,7;;345,1;;;;;;;;;;356,2;;;;;;;;;313,9;;;;;;;;;;;;
Duluth;;;;;346,3;;;;;;;;;333,0;;;;;;;;;462,4;;422,7;;;;;;;;;;;
Omaha;;;;;334,1;;;;;;;391,4;;;;;;;;;;;483,9;;;;;;;;;;;;;
KansasCity;;;;;;;;;;;;416,1;;;;;;;;;;584,7;;;;;;;;;;;;;;
OklahomaCity;;;;;;;;;;;404,0;407,4;465,4;;;;;;;492,8;599,3;;;;;;;;;;;;;;;
Houston;;;;;;;;;;;;;506,2;;;;;;;520,2;;;;;;;;;;;;;;;1006,0;
Dallas;;;;;;;;;;;;;474,1;;;;;523,1;654,7;;590,7;;;;;;;;;;;;;;;
LittleRock;;;;;;;;;;;;;;;;;;484,4;;536,4;;536,3;;;;;;;;;;;;;732,2;637,0
SaintLouis;;;;;;;;;;;;;;;;;512,1;;;;593,4;;507,0;;;;;;470,6;;;;;;;702,0
Chicago;;;;;;;;;;;;;;;396,2;382,3;;;;;;561,8;;;325,4;;;;494,8;;;;;;;
SaultStMarie;;;;;;;;;;;;;;331,7;;;;;;;;;;;361,2;276,9;;;;;;;;;;
Toronto;;;;;;;;;;;;;;;393,1;;;;;;;;457,6;303,6;;275,2;;;465,5;;;;;;;
Montreal;;;;;;;;;;;;;;;;;;;;;;;;309,4;368,2;;317,4;264,4;;;;;;;;
Boston;;;;;;;;;;;;;;;;;;;;;;;;;;262,4;;444,5;;;;;;;;
NewYork;;;;;;;;;;;;;;;;;;;;;;;;;;265,8;338,5;;435,5;544,1;;;;;;
Pittsburgh;;;;;;;;;;;;;;;;;;;;;;507,9;464,8;;355,1;;;391,2;;492,7;642,0;;;;;
Washington;;;;;;;;;;;;;;;;;;;;;;;;;;;;421,8;532,4;;570,2;;;;;
Raleigh;;;;;;;;;;;;;;;;;;;;;;;;;;;;;505,3;515,4;;;768,7;;;
Atlanta;;;;;;;;;;;;;;;;;;;;;;;;;;;;;;;;;1000,0;1000,0;1000,0;1000,0
Charleston;;;;;;;;;;;;;;;;;;;;;;;;;;;;;;;602,5;902,0;;791,0;;
Miami;;;;;;;;;;;;;;;;;;;;;;;;;;;;;;;;905,0;745,1;;808,4;
NewOrleans;;;;;;;;;;;;;;;;;;;647,8;;649,8;;;;;;;;;;;984,0;;760,0;;
Nashville;;;;;;;;;;;;;;;;;;;;;598,8;519,9;;;;;;;;;;901,0;;;;
Step_24000;Vancouver;Seattle;Calgary;Portland;Helena;SaltLakeCity;SanFrancisco;LosAngeles;LasVegas;Phoenix;SantaFe;Denver;ElPaso;Winnipeg;Duluth;Omaha;KansasCity;OklahomaCity;Houston;Dallas;LittleRock;SaintLouis;Chicago;SaultStMarie;Toronto;Montreal;Boston;NewYork;Pittsburgh;Washington;Raleigh;Atlanta;Charleston;Miami;NewOrleans;Nashville
Vancouver;;298,5;283,5;;;;;;;;;;;;;;;;;;;;;;;;;;;;;;;;;
Seattle;266,2;;288,0;293,2;350,2;;;;;;;;;;;;;;;;;;;;;;;;;;;;;;;
Calgary;274,6;266,3;;;344,6;;;;;;;;;315,5;;;;;;;;;;;;;;;;;;;;;;
Portland;;291,4;;;;336,3;456,1;;;;;;;;;;;;;;;;;;;;;;;;;;;;;
Helena;;288,5;299,6;;;366,7;;;;;;428,9;;319,5;383,7;385,4;;;;;;;;;;;;;;;;;;;;
SaltLakeCity;;;;304,6;355,9;;347,3;;375,4;;;451,9;;;;;;;;;;;;;;;;;;;;;;;;
SanFrancisco;;;;330,1;;367,3;;978,7;;;;;;;;;;;;;;;;;;;;;;;;;;;;
LosAngeles;;;;;;;362,3;;377,7;413,8;;;896,2;;;;;;;;;;;;;;;;;;;;;;;
LasVegas;;;;;;359,8;;426,9;;;;;;;;;;;;;;;;;;;;;;;;;;;;
Phoenix;;;;;;;;413,3;;;424,8;432,6;465,0;;;;;;;;;;;;;;;;;;;;;;;
SantaFe;;;;;;;;;;419,1;;403,3;572,3;;;;;520,5;;;;;;;;;;;;;;;;;;
Denver;;;;;357,9;336,8;;;;407,3;412,9;;;;;398,1;442,4;507,8;;;;;;;;;;;;;;;;;;
ElPaso;;;;;;;;390,9;;403,2;447,7;;;;;;;483,1;987,6;520,3;;;;;;;;;;;;;;;;
Winnipeg;;;285,2;;359,1;;;;;;;;;;380,6;;;;;;;;;329,5;;;;;;;;;;;;
Duluth;;;;;382,5;;;;;;;;;322,8;;;;;;;;;461,3;;367,0;;;;;;;;;;;
Omaha;;;;;356,0;;;;;;;390,7;;;;;;;;;;;418,8;;;;;;;;;;;;;
KansasCity;;;;;;;;;;;;389,8;;;;;;;;;;557,4;;;;;;;;;;;;;;
OklahomaCity;;;;;;;;;;;438,9;396,1;523,3;;;;;;;538,8;619,6;;;;;;;;;;;;;;;
Houston;;;;;;;;;;;;;450,3;;;;;;;520,7;;;;;;;;;;;;;;;982,3;
Dallas;;;;;;;;;;;;;488,3;;;;;512,5;611,7;;637,0;;;;;;;;;;;;;;;
LittleRock;;;;;;;;;;;;;;;;;;516,9;;514,6;;580,6;;;;;;;;;;;;;775,8;650,1
SaintLouis;;;;;;;;;;;;;;;;;472,5;;;;531,8;;443,4;;;;;;441,1;;;;;;;692,8
Chicago;;;;;;;;;;;;;;;378,1;342,5;;;;;;496,9;;;404,9;;;;488,4;;;;;;;
SaultStMarie;;;;;;;;;;;;;;313,5;;;;;;;;;;;410,1;286,3;;;;;;;;;;
Toronto;;;;;;;;;;;;;;;382,8;;;;;;;;471,9;342,4;;339,0;;;450,3;;;;;;;
Montreal;;;;;;;;;;;;;;;;;;;;;;;;314,9;408,3;;346,6;328,1;;;;;;;;
Boston;;;;;;;;;;;;;;;;;;;;;;;;;;330,9;;431,8;;;;;;;;
NewYork;;;;;;;;;;;;;;;;;;;;;;;;;;346,2;348,6;;462,2;546,3;;;;;;
Pittsburgh;;;;;;;;;;;;;;;;;;;;;;551,5;430,2;;406,1;;;447,9;;466,9;524,0;;;;;
Washington;;;;;;;;;;;;;;;;;;;;;;;;;;;;377,2;512,0;;641,7;;;;;
Raleigh;;;;;;;;;;;;;;;;;;;;;;;;;;;;;513,3;444,6;;;751,3;;;
Atlanta;;;;;;;;;;;;;;;;;;;;;;;;;;;;;;;;;1000,0;1000,0;1000,0;1000,0
Charleston;;;;;;;;;;;;;;;;;;;;;;;;;;;;;;;620,9;902,0;;787,4;;
Miami;;;;;;;;;;;;;;;;;;;;;;;;;;;;;;;;905,0;762,6;;786,7;
NewOrleans;;;;;;;;;;;;;;;;;;;580,5;;651,0;;;;;;;;;;;984,0;;796,1;;
Nashville;;;;;;;;;;;;;;;;;;;;;607,7;599,3;;;;;;;;;;901,0;;;;
Step_28000;Vancouver;Seattle;Calgary;Portland;Helena;SaltLakeCity;SanFrancisco;LosAngeles;LasVegas;Phoenix;SantaFe;Denver;ElPaso;Winnipeg;Duluth;Omaha;KansasCity;OklahomaCity;Houston;Dallas;LittleRock;SaintLouis;Chicago;SaultStMarie;Toronto;Montreal;Boston;NewYork;Pittsburgh;Washington;Raleigh;Atlanta;Charleston;Miami;NewOrleans;Nashville
Vancouver;;279,8;288,2;;;;;;;;;;;;;;;;;;;;;;;;;;;;;;;;;
Seattle;260,1;;280,2;307,0;333,7;;;;;;;;;;;;;;;;;;;;;;;;;;;;;;;
Calgary;264,5;309,8;;;308,6;;;;;;;;;306,3;;;;;;;;;;;;;;;;;;;;;;
Portland;;291,3;;;;309,2;469,4;;;;;;;;;;;;;;;;;;;;;;;;;;;;;
Helena;;299,9;287,2;;;322,4;;;;;;351,8;;310,1;370,2;432,6;;;;;;;;;;;;;;;;;;;;
SaltLakeCity;;;;305,3;358,8;;337,4;;354,5;;;390,3;;;;;;;;;;;;;;;;;;;;;;;;
SanFrancisco;;;;338,3;;344,9;;976,7;;;;;;;;;;;;;;;;;;;;;;;;;;;;
LosAngeles;;;;;;;360,8;;345,3;426,8;;;885,2;;;;;;;;;;;;;;;;;;;;;;;
LasVegas;;;;;;318,3;;435,0;;;;;;;;;;;;;;;;;;;;;;;;;;;;
Phoenix;;;;;;;;412,6;;;418,7;382,0;498,1;;;;;;;;;;;;;;;;;;;;;;;
SantaFe;;;;;;;;;;404,6;;384,9;433,0;;;;;437,3;;;;;;;;;;;;;;;;;;
Denver;;;;;335,3;331,8;;;;427,0;405,4;;;;;371,9;432,0;519,0;;;;;;;;;;;;;;;;;;
ElPaso;;;;;;;;386,5;;413,7;407,7;;;;;;;468,8;1012,0;514,7;;;;;;;;;;;;;;;;
Winnipeg;;;289,7;;324,5;;;;;;;;;;400,9;;;;;;;;;336,4;;;;;;;;;;;;
Duluth;;;;;360,9;;;;;;;;;332,2;;;;;;;;;452,1;;401,8;;;;;;;;;;;
Omaha;;;;;342,3;;;;;;;396,9;;;;;;;;;;;508,3;;;;;;;;;;;;;
KansasCity;;;;;;;;;;;;409,6;;;;;;;;;;569,5;;;;;;;;;;;;;;
OklahomaCity;;;;;;;;;;;420,1;449,0;465,4;;;;;;;507,2;595,3;;;;;;;;;;;;;;;
Houston;;;;;;;;;;;;;481,5;;;;;;;520,2;;;;;;;;;;;;;;;1006,0;
Dallas;;;;;;;;;;;;;433,8;;;;;510,8;636,0;;610,4;;;;;;;;;;;;;;;
LittleRock;;;;;;;;;;;;;;;;;;463,8;;531,9;;516,3;;;;;;;;;;;;;745,3;684,4
SaintLouis;;;;;;;;;;;;;;;;;476,3;;;;615,5;;492,5;;;;;;465,4;;;;;;;741,4
Chicago;;;;;;;;;;;;;;;353,5;392,3;;;;;;541,8;;;390,5;;;;484,0;;;;;;;
SaultStMarie;;;;;;;;;;;;;;325,4;;;;;;;;;;;381,5;325,2;;;;;;;;;;
Toronto;;;;;;;;;;;;;;;377,5;;;;;;;;429,1;309,4;;346,1;;;462,8;;;;;;;
Montreal;;;;;;;;;;;;;;;;;;;;;;;;326,0;397,9;;366,8;379,2;;;;;;;;
Boston;;;;;;;;;;;;;;;;;;;;;;;;;;335,2;;412,5;;;;;;;;
NewYork;;;;;;;;;;;;;;;;;;;;;;;;;;344,7;359,3;;406,5;512,4;;;;;;
Pittsburgh;;;;;;;;;;;;;;;;;;;;;;553,8;483,9;;384,2;;;366,1;;498,5;576,7;;;;;
Washington;;;;;;;;;;;;;;;;;;;;;;;;;;;;379,7;490,5;;657,5;;;;;
Raleigh;;;;;;;;;;;;;;;;;;;;;;;;;;;;;430,8;521,1;;;739,1;;;
Atlanta;;;;;;;;;;;;;;;;;;;;;;;;;;;;;;;;;1000,0;1000,0;1000,0;1000,0
Charleston;;;;;;;;;;;;;;;;;;;;;;;;;;;;;;;584,1;902,0;;735,0;;
Miami;;;;;;;;;;;;;;;;;;;;;;;;;;;;;;;;905,0;706,8;;799,3;
NewOrleans;;;;;;;;;;;;;;;;;;;637,0;;608,7;;;;;;;;;;;1004,0;;720,9;;
Nashville;;;;;;;;;;;;;;;;;;;;;642,5;486,8;;;;;;;;;;901,0;;;;
Step_32000;Vancouver;Seattle;Calgary;Portland;Helena;SaltLakeCity;SanFrancisco;LosAngeles;LasVegas;Phoenix;SantaFe;Denver;ElPaso;Winnipeg;Duluth;Omaha;KansasCity;OklahomaCity;Houston;Dallas;LittleRock;SaintLouis;Chicago;SaultStMarie;Toronto;Montreal;Boston;NewYork;Pittsburgh;Washington;Raleigh;Atlanta;Charleston;Miami;NewOrleans;Nashville
Vancouver;;286,1;268,4;;;;;;;;;;;;;;;;;;;;;;;;;;;;;;;;;
Seattle;257,6;;293,1;291,3;345,4;;;;;;;;;;;;;;;;;;;;;;;;;;;;;;;
Calgary;256,0;286,9;;;339,8;;;;;;;;;324,1;;;;;;;;;;;;;;;;;;;;;;
Portland;;303,5;;;;361,4;325,0;;;;;;;;;;;;;;;;;;;;;;;;;;;;;
Helena;;307,4;298,6;;;342,9;;;;;;406,0;;334,1;379,5;377,5;;;;;;;;;;;;;;;;;;;;
SaltLakeCity;;;;304,5;355,0;;346,9;;343,8;;;459,2;;;;;;;;;;;;;;;;;;;;;;;;
SanFrancisco;;;;309,8;;342,5;;980,9;;;;;;;;;;;;;;;;;;;;;;;;;;;;
LosAngeles;;;;;;;343,1;;335,3;398,2;;;908,3;;;;;;;;;;;;;;;;;;;;;;;
LasVegas;;;;;;354,1;;387,8;;;;;;;;;;;;;;;;;;;;;;;;;;;;
Phoenix;;;;;;;;380,7;;;412,3;367,2;496,0;;;;;;;;;;;;;;;;;;;;;;;
SantaFe;;;;;;;;;;398,9;;428,7;465,1;;;;;564,4;;;;;;;;;;;;;;;;;;
Denver;;;;;364,1;320,4;;;;400,3;434,8;;;;;395,2;498,1;479,7;;;;;;;;;;;;;;;;;;
ElPaso;;;;;;;;393,1;;408,2;439,8;;;;;;;515,2;1012,0;530,4;;;;;;;;;;;;;;;;
Winnipeg;;;286,3;;330,7;;;;;;;;;;404,7;;;;;;;;;332,6;;;;;;;;;;;;
Duluth;;;;;339,1;;;;;;;;;330,2;;;;;;;;;508,5;;408,1;;;;;;;;;;;
Omaha;;;;;356,9;;;;;;;449,4;;;;;;;;;;;382,6;;;;;;;;;;;;;
KansasCity;;;;;;;;;;;;420,7;;;;;;;;;;545,2;;;;;;;;;;;;;;
OklahomaCity;;;;;;;;;;;435,3;411,7;495,7;;;;;;;566,5;648,1;;;;;;;;;;;;;;;
Houston;;;;;;;;;;;;;458,2;;;;;;;555,6;;;;;;;;;;;;;;;904,1;
Dallas;;;;;;;;;;;;;467,4;;;;;528,9;576,2;;657,3;;;;;;;;;;;;;;;
LittleRock;;;;;;;;;;;;;;;;;;551,2;;521,6;;571,0;;;;;;;;;;;;;745,0;704,8
SaintLouis;;;;;;;;;;;;;;;;;489,3;;;;666,1;;502,4;;;;;;479,3;;;;;;;659,8
Chicago;;;;;;;;;;;;;;;390,7;369,0;;;;;;630,6;;;412,9;;;;518,8;;;;;;;
SaultStMarie;;;;;;;;;;;;;;312,8;;;;;;;;;;;372,9;363,2;;;;;;;;;;
Toronto;;;;;;;;;;;;;;;423,0;;;;;;;;466,0;311,3;;366,6;;;493,3;;;;;;;
Montreal;;;;;;;;;;;;;;;;;;;;;;;;344,8;378,7;;366,6;426,7;;;;;;;;
Boston;;;;;;;;;;;;;;;;;;;;;;;;;;357,9;;434,2;;;;;;;;
NewYork;;;;;;;;;;;;;;;;;;;;;;;;;;365,2;367,0;;463,5;486,9;;;;;;
Pittsburgh;;;;;;;;;;;;;;;;;;;;;;556,8;453,1;;407,6;;;423,1;;501,8;624,1;;;;;
Washington;;;;;;;;;;;;;;;;;;;;;;;;;;;;411,4;492,2;;620,6;;;;;
Raleigh;;;;;;;;;;;;;;;;;;;;;;;;;;;;;483,5;471,0;;;748,5;;;
Atlanta;;;;;;;;;;;;;;;;;;;;;;;;;;;;;;;;;1000,0;1000,0;1000,0;1000,0
Charleston;;;;;;;;;;;;;;;;;;;;;;;;;;;;;;;626,6;902,0;;793,7;;
Miami;;;;;;;;;;;;;;;;;;;;;;;;;;;;;;;;905,0;697,7;;694,9;
NewOrleans;;;;;;;;;;;;;;;;;;;629,5;;615,9;;;;;;;;;;;984,0;;785,6;;
Nashville;;;;;;;;;;;;;;;;;;;;;623,0;629,9;;;;;;;;;;901,0;;;;
Step_36000;Vancouver;Seattle;Calgary;Portland;Helena;SaltLakeCity;SanFrancisco;LosAngeles;LasVegas;Phoenix;SantaFe;Denver;ElPaso;Winnipeg;Duluth;Omaha;KansasCity;OklahomaCity;Houston;Dallas;LittleRock;SaintLouis;Chicago;SaultStMarie;Toronto;Montreal;Boston;NewYork;Pittsburgh;Washington;Raleigh;Atlanta;Charleston;Miami;NewOrleans;Nashville
Vancouver;;293,9;301,1;;;;;;;;;;;;;;;;;;;;;;;;;;;;;;;;;
Seattle;268,2;;292,1;310,1;340,5;;;;;;;;;;;;;;;;;;;;;;;;;;;;;;;
Calgary;259,5;285,4;;;335,0;;;;;;;;;340,3;;;;;;;;;;;;;;;;;;;;;;
Portland;;275,5;;;;322,9;323,6;;;;;;;;;;;;;;;;;;;;;;;;;;;;;
Helena;;294,9;299,8;;;345,7;;;;;;355,4;;333,8;377,3;387,4;;;;;;;;;;;;;;;;;;;;
SaltLakeCity;;;;309,2;329,9;;338,6;;344,8;;;407,2;;;;;;;;;;;;;;;;;;;;;;;;
SanFrancisco;;;;295,3;;354,2;;981,8;;;;;;;;;;;;;;;;;;;;;;;;;;;;
LosAngeles;;;;;;;325,7;;355,8;451,2;;;913,2;;;;;;;;;;;;;;;;;;;;;;;
LasVegas;;;;;;347,8;;401,3;;;;;;;;;;;;;;;;;;;;;;;;;;;;
Phoenix;;;;;;;;362,7;;;439,9;408,9;541,8;;;;;;;;;;;;;;;;;;;;;;;
SantaFe;;;;;;;;;;394,4;;440,8;480,2;;;;;506,9;;;;;;;;;;;;;;;;;;
Denver;;;;;348,2;348,0;;;;420,9;439,1;;;;;396,3;443,0;500,8;;;;;;;;;;;;;;;;;;
ElPaso;;;;;;;;339,3;;393,7;427,5;;;;;;;506,2;1012,0;542,2;;;;;;;;;;;;;;;;
Winnipeg;;;298,6;;353,4;;;;;;;;;;378,6;;;;;;;;;342,3;;;;;;;;;;;;
Duluth;;;;;328,3;;;;;;;;;347,8;;;;;;;;;469,0;;401,3;;;;;;;;;;;
Omaha;;;;;356,4;;;;;;;416,6;;;;;;;;;;;479,9;;;;;;;;;;;;;
KansasCity;;;;;;;;;;;;443,8;;;;;;;;;;613,5;;;;;;;;;;;;;;
OklahomaCity;;;;;;;;;;;429,3;420,9;532,1;;;;;;;528,9;587,7;;;;;;;;;;;;;;;
Houston;;;;;;;;;;;;;466,4;;;;;;;531,6;;;;;;;;;;;;;;;1006,0;
Dallas;;;;;;;;;;;;;518,1;;;;;505,5;577,5;;614,9;;;;;;;;;;;;;;;
LittleRock;;;;;;;;;;;;;;;;;;508,6;;507,3;;587,3;;;;;;;;;;;;;674,0;628,4
SaintLouis;;;;;;;;;;;;;;;;;468,6;;;;557,2;;463,9;;;;;;472,6;;;;;;;786,5
Chicago;;;;;;;;;;;;;;;384,8;397,2;;;;;;567,5;;;416,9;;;;446,5;;;;;;;
SaultStMarie;;;;;;;;;;;;;;321,3;;;;;;;;;;;379,4;363,9;;;;;;;;;;
Toronto;;;;;;;;;;;;;;;396,9;;;;;;;;475,3;342,1;;350,9;;;436,6;;;;;;;
Montreal;;;;;;;;;;;;;;;;;;;;;;;;346,3;385,1;;353,9;421,6;;;;;;;;
Boston;;;;;;;;;;;;;;;;;;;;;;;;;;354,5;;393,8;;;;;;;;
NewYork;;;;;;;;;;;;;;;;;;;;;;;;;;351,3;365,5;;476,6;418,2;;;;;;
Pittsburgh;;;;;;;;;;;;;;;;;;;;;;518,2;490,1;;391,6;;;421,2;;478,6;562,8;;;;;
Washington;;;;;;;;;;;;;;;;;;;;;;;;;;;;396,4;526,0;;596,8;;;;;
Raleigh;;;;;;;;;;;;;;;;;;;;;;;;;;;;;455,2;485,7;;;714,6;;;
Atlanta;;;;;;;;;;;;;;;;;;;;;;;;;;;;;;;;;1000,0;1000,0;1000,0;1000,0
Charleston;;;;;;;;;;;;;;;;;;;;;;;;;;;;;;;586,6;902,0;;781,3;;
Miami;;;;;;;;;;;;;;;;;;;;;;;;;;;;;;;;905,0;722,2;;733,4;
NewOrleans;;;;;;;;;;;;;;;;;;;574,5;;654,3;;;;;;;;;;;984,0;;794,9;;
Nashville;;;;;;;;;;;;;;;;;;;;;586,3;484,8;;;;;;;;;;901,0;;;;
Step_40000;Vancouver;Seattle;Calgary;Portland;Helena;SaltLakeCity;SanFrancisco;LosAngeles;LasVegas;Phoenix;SantaFe;Denver;ElPaso;Winnipeg;Duluth;Omaha;KansasCity;OklahomaCity;Houston;Dallas;LittleRock;SaintLouis;Chicago;SaultStMarie;Toronto;Montreal;Boston;NewYork;Pittsburgh;Washington;Raleigh;Atlanta;Charleston;Miami;NewOrleans;Nashville
Vancouver;;295,9;301,1;;;;;;;;;;;;;;;;;;;;;;;;;;;;;;;;;
Seattle;276,7;;303,6;296,5;335,8;;;;;;;;;;;;;;;;;;;;;;;;;;;;;;;
Calgary;279,9;299,8;;;339,6;;;;;;;;;311,5;;;;;;;;;;;;;;;;;;;;;;
Portland;;298,4;;;;330,1;340,7;;;;;;;;;;;;;;;;;;;;;;;;;;;;;
Helena;;314,3;315,9;;;361,5;;;;;;359,4;;314,4;368,2;369,0;;;;;;;;;;;;;;;;;;;;
SaltLakeCity;;;;300,1;335,2;;336,4;;358,8;;;400,8;;;;;;;;;;;;;;;;;;;;;;;;
SanFrancisco;;;;311,9;;325,3;;1021,0;;;;;;;;;;;;;;;;;;;;;;;;;;;;
LosAngeles;;;;;;;353,4;;340,7;420,5;;;1018,0;;;;;;;;;;;;;;;;;;;;;;;
LasVegas;;;;;;346,1;;385,6;;;;;;;;;;;;;;;;;;;;;;;;;;;;
Phoenix;;;;;;;;396,0;;;448,9;406,2;508,7;;;;;;;;;;;;;;;;;;;;;;;
SantaFe;;;;;;;;;;424,9;;415,3;461,0;;;;;517,6;;;;;;;;;;;;;;;;;;
Denver;;;;;334,4;355,2;;;;433,1;411,8;;;;;381,2;415,0;503,8;;;;;;;;;;;;;;;;;;
ElPaso;;;;;;;;414,8;;443,5;446,8;;;;;;;497,4;1012,0;502,6;;;;;;;;;;;;;;;;
Winnipeg;;;293,9;;361,4;;;;;;;;;;359,8;;;;;;;;;325,5;;;;;;;;;;;;
Duluth;;;;;343,3;;;;;;;;;315,0;;;;;;;;;435,1;;407,8;;;;;;;;;;;
Omaha;;;;;332,1;;;;;;;414,1;;;;;;;;;;;420,4;;;;;;;;;;;;;
KansasCity;;;;;;;;;;;;409,7;;;;;;;;;;486,7;;;;;;;;;;;;;;
OklahomaCity;;;;;;;;;;;421,8;423,4;502,1;;;;;;;527,8;605,9;;;;;;;;;;;;;;;
Houston;;;;;;;;;;;;;523,6;;;;;;;524,8;;;;;;;;;;;;;;;1006,0;
Dallas;;;;;;;;;;;;;515,0;;;;;528,2;603,4;;541,4;;;;;;;;;;;;;;;
LittleRock;;;;;;;;;;;;;;;;;;477,3;;525,2;;578,7;;;;;;;;;;;;;764,0;644,7
SaintLouis;;;;;;;;;;;;;;;;;431,5;;;;611,0;;446,0;;;;;;455,4;;;;;;;712,9
Chicago;;;;;;;;;;;;;;;356,6;379,3;;;;;;529,2;;;410,2;;;;440,3;;;;;;;
SaultStMarie;;;;;;;;;;;;;;320,2;;;;;;;;;;;398,7;350,1;;;;;;;;;;
Toronto;;;;;;;;;;;;;;;368,7;;;;;;;;451,8;366,2;;366,9;;;490,9;;;;;;;
Montreal;;;;;;;;;;;;;;;;;;;;;;;;351,7;404,1;;353,9;426,3;;;;;;;;
Boston;;;;;;;;;;;;;;;;;;;;;;;;;;367,3;;400,6;;;;;;;;
NewYork;;;;;;;;;;;;;;;;;;;;;;;;;;354,0;350,9;;469,7;513,8;;;;;;
Pittsburgh;;;;;;;;;;;;;;;;;;;;;;519,5;438,2;;423,1;;;437,6;;521,0;517,4;;;;;
Washington;;;;;;;;;;;;;;;;;;;;;;;;;;;;420,4;455,8;;634,6;;;;;
Raleigh;;;;;;;;;;;;;;;;;;;;;;;;;;;;;492,4;501,7;;;801,8;;;
Atlanta;;;;;;;;;;;;;;;;;;;;;;;;;;;;;;;;;1000,0;1000,0;1000,0;1000,0
Charleston;;;;;;;;;;;;;;;;;;;;;;;;;;;;;;;549,3;902,0;;767,4;;
Miami;;;;;;;;;;;;;;;;;;;;;;;;;;;;;;;;905,0;792,4;;799,7;
NewOrleans;;;;;;;;;;;;;;;;;;;534,3;;641,0;;;;;;;;;;;984,0;;760,2;;
Nashville;;;;;;;;;;;;;;;;;;;;;668,3;518,5;;;;;;;;;;901,0;;;;
Step_4000;Vancouver;Seattle;Calgary;Portland;Helena;SaltLakeCity;SanFrancisco;LosAngeles;LasVegas;Phoenix;SantaFe;Denver;ElPaso;Winnipeg;Duluth;Omaha;KansasCity;OklahomaCity;Houston;Dallas;LittleRock;SaintLouis;Chicago;SaultStMarie;Toronto;Montreal;Boston;NewYork;Pittsburgh;Washington;Raleigh;Atlanta;Charleston;Miami;NewOrleans;Nashville
Vancouver;;263,2;143,3;;;;;;;;;;;;;;;;;;;;;;;;;;;;;;;;;
Seattle;172,5;;214,4;284,0;315,7;;;;;;;;;;;;;;;;;;;;;;;;;;;;;;;
Calgary;165,4;164,4;;;325,2;;;;;;;;;191,4;;;;;;;;;;;;;;;;;;;;;;
Portland;;240,4;;;;305,1;361,1;;;;;;;;;;;;;;;;;;;;;;;;;;;;;
Helena;;260,0;260,6;;;351,0;;;;;;365,9;;262,2;331,0;365,5;;;;;;;;;;;;;;;;;;;;
SaltLakeCity;;;;293,4;312,9;;303,0;;318,8;;;397,2;;;;;;;;;;;;;;;;;;;;;;;;
SanFrancisco;;;;301,8;;337,7;;995,8;;;;;;;;;;;;;;;;;;;;;;;;;;;;
LosAngeles;;;;;;;312,3;;326,5;379,7;;;991,0;;;;;;;;;;;;;;;;;;;;;;;
LasVegas;;;;;;301,3;;359,4;;;;;;;;;;;;;;;;;;;;;;;;;;;;
Phoenix;;;;;;;;367,5;;;399,6;395,5;516,5;;;;;;;;;;;;;;;;;;;;;;;
SantaFe;;;;;;;;;;410,3;;383,7;446,6;;;;;466,0;;;;;;;;;;;;;;;;;;
Denver;;;;;314,1;305,7;;;;396,7;391,9;;;;;358,1;439,0;478,5;;;;;;;;;;;;;;;;;;
ElPaso;;;;;;;;415,8;;424,0;415,7;;;;;;;476,5;974,5;521,2;;;;;;;;;;;;;;;;
Winnipeg;;;155,4;;306,0;;;;;;;;;;213,0;;;;;;;;;77,8;;;;;;;;;;;;
Duluth;;;;;322,3;;;;;;;;;207,6;;;;;;;;;419,9;;266,6;;;;;;;;;;;
Omaha;;;;;340,5;;;;;;;392,6;;;;;;;;;;;391,3;;;;;;;;;;;;;
KansasCity;;;;;;;;;;;;386,9;;;;;;;;;;513,9;;;;;;;;;;;;;;
OklahomaCity;;;;;;;;;;;413,6;420,8;444,6;;;;;;;519,7;549,4;;;;;;;;;;;;;;;
Houston;;;;;;;;;;;;;494,2;;;;;;;520,4;;;;;;;;;;;;;;;909,6;
Dallas;;;;;;;;;;;;;440,2;;;;;475,3;652,2;;576,5;;;;;;;;;;;;;;;
LittleRock;;;;;;;;;;;;;;;;;;452,0;;499,5;;461,7;;;;;;;;;;;;;664,3;729,8
SaintLouis;;;;;;;;;;;;;;;;;424,0;;;;581,4;;403,6;;;;;;429,6;;;;;;;653,9
Chicago;;;;;;;;;;;;;;;264,9;349,6;;;;;;462,2;;;185,1;;;;359,8;;;;;;;
SaultStMarie;;;;;;;;;;;;;;259,1;;;;;;;;;;;49,9;24,7;;;;;;;;;;
Toronto;;;;;;;;;;;;;;;204,2;;;;;;;;396,1;79,5;;46,1;;;72,5;;;;;;;
Montreal;;;;;;;;;;;;;;;;;;;;;;;;144,1;56,5;;5,0;2,8;;;;;;;;
Boston;;;;;;;;;;;;;;;;;;;;;;;;;;5,7;;32,8;;;;;;;;
NewYork;;;;;;;;;;;;;;;;;;;;;;;;;;32,5;16,7;;;116,8;;;;;;
Pittsburgh;;;;;;;;;;;;;;;;;;;;;;406,6;401,6;;224,7;;;;;219,7;613,1;;;;;
Washington;;;;;;;;;;;;;;;;;;;;;;;;;;;;35,7;325,7;;306,2;;;;;
Raleigh;;;;;;;;;;;;;;;;;;;;;;;;;;;;;433,8;185,6;;;774,1;;;
Atlanta;;;;;;;;;;;;;;;;;;;;;;;;;;;;;;;;;1000,0;1000,0;1000,0;1000,0
Charleston;;;;;;;;;;;;;;;;;;;;;;;;;;;;;;;580,7;902,0;;724,8;;
Miami;;;;;;;;;;;;;;;;;;;;;;;;;;;;;;;;905,0;704,7;;794,6;
NewOrleans;;;;;;;;;;;;;;;;;;;579,8;;544,5;;;;;;;;;;;984,0;;755,3;;
Nashville;;;;;;;;;;;;;;;;;;;;;611,1;508,2;;;;;;;;;;901,0;;;;
Step_8000;Vancouver;Seattle;Calgary;Portland;Helena;SaltLakeCity;SanFrancisco;LosAngeles;LasVegas;Phoenix;SantaFe;Denver;ElPaso;Winnipeg;Duluth;Omaha;KansasCity;OklahomaCity;Houston;Dallas;LittleRock;SaintLouis;Chicago;SaultStMarie;Toronto;Montreal;Boston;NewYork;Pittsburgh;Washington;Raleigh;Atlanta;Charleston;Miami;NewOrleans;Nashville
Vancouver;;271,7;276,9;;;;;;;;;;;;;;;;;;;;;;;;;;;;;;;;;
Seattle;250,4;;288,1;292,4;323,2;;;;;;;;;;;;;;;;;;;;;;;;;;;;;;;
Calgary;231,4;257,8;;;307,9;;;;;;;;;324,9;;;;;;;;;;;;;;;;;;;;;;
Portland;;267,2;;;;313,5;311,7;;;;;;;;;;;;;;;;;;;;;;;;;;;;;
Helena;;281,5;279,8;;;340,8;;;;;;385,6;;266,4;353,6;382,2;;;;;;;;;;;;;;;;;;;;
SaltLakeCity;;;;294,0;331,5;;319,9;;338,7;;;394,4;;;;;;;;;;;;;;;;;;;;;;;;
SanFrancisco;;;;290,5;;322,9;;979,9;;;;;;;;;;;;;;;;;;;;;;;;;;;;
LosAngeles;;;;;;;307,3;;329,8;396,8;;;902,6;;;;;;;;;;;;;;;;;;;;;;;
LasVegas;;;;;;330,0;;350,9;;;;;;;;;;;;;;;;;;;;;;;;;;;;
Phoenix;;;;;;;;398,5;;;403,8;379,2;414,7;;;;;;;;;;;;;;;;;;;;;;;
SantaFe;;;;;;;;;;412,2;;368,9;461,7;;;;;485,5;;;;;;;;;;;;;;;;;;
Denver;;;;;336,5;305,6;;;;401,7;397,4;;;;;368,5;444,1;506,7;;;;;;;;;;;;;;;;;;
ElPaso;;;;;;;;483,2;;385,4;413,7;;;;;;;478,6;898,8;500,2;;;;;;;;;;;;;;;;
Winnipeg;;;269,9;;334,3;;;;;;;;;;368,4;;;;;;;;;232,3;;;;;;;;;;;;
Duluth;;;;;324,6;;;;;;;;;287,9;;;;;;;;;441,5;;360,9;;;;;;;;;;;
Omaha;;;;;326,6;;;;;;;457,8;;;;;;;;;;;417,2;;;;;;;;;;;;;
KansasCity;;;;;;;;;;;;450,6;;;;;;;;;;500,4;;;;;;;;;;;;;;
OklahomaCity;;;;;;;;;;;417,8;416,6;454,5;;;;;;;524,1;598,4;;;;;;;;;;;;;;;
Houston;;;;;;;;;;;;;466,6;;;;;;;489,0;;;;;;;;;;;;;;;1006,0;
Dallas;;;;;;;;;;;;;476,7;;;;;482,4;632,1;;545,5;;;;;;;;;;;;;;;
LittleRock;;;;;;;;;;;;;;;;;;453,3;;502,8;;509,5;;;;;;;;;;;;;719,4;641,1
SaintLouis;;;;;;;;;;;;;;;;;431,3;;;;569,2;;441,9;;;;;;466,0;;;;;;;664,0
Chicago;;;;;;;;;;;;;;;352,9;390,4;;;;;;515,9;;;301,8;;;;419,8;;;;;;;
SaultStMarie;;;;;;;;;;;;;;288,7;;;;;;;;;;;290,0;115,5;;;;;;;;;;
Toronto;;;;;;;;;;;;;;;320,6;;;;;;;;416,8;220,8;;156,6;;;344,2;;;;;;;
Montreal;;;;;;;;;;;;;;;;;;;;;;;;225,9;182,4;;15,4;31,8;;;;;;;;
Boston;;;;;;;;;;;;;;;;;;;;;;;;;;5,7;;34,7;;;;;;;;
NewYork;;;;;;;;;;;;;;;;;;;;;;;;;;55,4;27,7;;;425,7;;;;;;
Pittsburgh;;;;;;;;;;;;;;;;;;;;;;492,8;408,0;;303,8;;;;;399,0;511,2;;;;;
Washington;;;;;;;;;;;;;;;;;;;;;;;;;;;;332,3;460,1;;497,7;;;;;
Raleigh;;;;;;;;;;;;;;;;;;;;;;;;;;;;;512,7;412,4;;;780,5;;;
Atlanta;;;;;;;;;;;;;;;;;;;;;;;;;;;;;;;;;1000,0;1000,0;1000,0;1000,0
Charleston;;;;;;;;;;;;;;;;;;;;;;;;;;;;;;;605,0;902,0;;778,7;;
Miami;;;;;;;;;;;;;;;;;;;;;;;;;;;;;;;;905,0;769,2;;758,3;
NewOrleans;;;;;;;;;;;;;;;;;;;621,0;;582,4;;;;;;;;;;;984,0;;803,2;;
Nashville;;;;;;;;;;;;;;;;;;;;;620,6;548,5;;;;;;;;;;901,0;;;;
Step_12000;Vancouver;Seattle;Calgary;Portland;Helena;SaltLakeCity;SanFrancisco;LosAngeles;LasVegas;Phoenix;SantaFe;Denver;ElPaso;Winnipeg;Duluth;Omaha;KansasCity;OklahomaCity;Houston;Dallas;LittleRock;SaintLouis;Chicago;SaultStMarie;Toronto;Montreal;Boston;NewYork;Pittsburgh;Washington;Raleigh;Atlanta;Charleston;Miami;NewOrleans;Nashville
Vancouver;;278,0;291,9;;;;;;;;;;;;;;;;;;;;;;;;;;;;;;;;;
Seattle;260,4;;281,3;306,0;330,6;;;;;;;;;;;;;;;;;;;;;;;;;;;;;;;
Calgary;266,4;286,7;;;345,0;;;;;;;;;310,9;;;;;;;;;;;;;;;;;;;;;;
Portland;;286,5;;;;353,3;321,2;;;;;;;;;;;;;;;;;;;;;;;;;;;;;
Helena;;283,2;300,5;;;360,3;;;;;;391,0;;294,1;436,7;397,0;;;;;;;;;;;;;;;;;;;;
SaltLakeCity;;;;310,6;366,8;;341,4;;347,5;;;397,2;;;;;;;;;;;;;;;;;;;;;;;;
SanFrancisco;;;;300,9;;351,6;;1021,0;;;;;;;;;;;;;;;;;;;;;;;;;;;;
LosAngeles;;;;;;;341,9;;353,1;429,3;;;1018,0;;;;;;;;;;;;;;;;;;;;;;;
LasVegas;;;;;;362,3;;402,5;;;;;;;;;;;;;;;;;;;;;;;;;;;;
Phoenix;;;;;;;;428,3;;;427,0;402,5;543,5;;;;;;;;;;;;;;;;;;;;;;;
SantaFe;;;;;;;;;;422,2;;393,6;438,9;;;;;491,7;;;;;;;;;;;;;;;;;;
Denver;;;;;347,1;347,6;;;;434,1;427,8;;;;;382,5;435,1;459,4;;;;;;;;;;;;;;;;;;
ElPaso;;;;;;;;416,6;;442,2;413,5;;;;;;;486,2;1012,0;538,6;;;;;;;;;;;;;;;;
Winnipeg;;;288,3;;378,7;;;;;;;;;;304,2;;;;;;;;;254,3;;;;;;;;;;;;
Duluth;;;;;348,3;;;;;;;;;313,7;;;;;;;;;516,2;;403,4;;;;;;;;;;;
Omaha;;;;;325,3;;;;;;;396,4;;;;;;;;;;;418,9;;;;;;;;;;;;;
KansasCity;;;;;;;;;;;;406,1;;;;;;;;;;563,7;;;;;;;;;;;;;;
OklahomaCity;;;;;;;;;;;423,5;417,7;524,2;;;;;;;518,5;571,0;;;;;;;;;;;;;;;
Houston;;;;;;;;;;;;;468,9;;;;;;;551,6;;;;;;;;;;;;;;;1006,0;
Dallas;;;;;;;;;;;;;489,0;;;;;501,9;625,2;;562,0;;;;;;;;;;;;;;;
LittleRock;;;;;;;;;;;;;;;;;;504,3;;551,9;;578,0;;;;;;;;;;;;;703,8;689,7
SaintLouis;;;;;;;;;;;;;;;;;485,2;;;;604,1;;496,8;;;;;;498,2;;;;;;;702,0
Chicago;;;;;;;;;;;;;;;388,8;419,8;;;;;;559,2;;;367,9;;;;528,1;;;;;;;
SaultStMarie;;;;;;;;;;;;;;283,1;;;;;;;;;;;371,9;196,3;;;;;;;;;;
Toronto;;;;;;;;;;;;;;;377,3;;;;;;;;474,4;258,6;;185,1;;;440,3;;;;;;;
Montreal;;;;;;;;;;;;;;;;;;;;;;;;276,0;229,7;;84,0;223,1;;;;;;;;
Boston;;;;;;;;;;;;;;;;;;;;;;;;;;94,6;;208,0;;;;;;;;
NewYork;;;;;;;;;;;;;;;;;;;;;;;;;;49,7;64,1;;;478,0;;;;;;
Pittsburgh;;;;;;;;;;;;;;;;;;;;;;569,2;502,6;;401,2;;;;;499,2;521,9;;;;;
Washington;;;;;;;;;;;;;;;;;;;;;;;;;;;;285,0;499,0;;596,9;;;;;
Raleigh;;;;;;;;;;;;;;;;;;;;;;;;;;;;;515,9;466,1;;;737,9;;;
Atlanta;;;;;;;;;;;;;;;;;;;;;;;;;;;;;;;;;1000,0;1000,0;1000,0;1000,0
Charleston;;;;;;;;;;;;;;;;;;;;;;;;;;;;;;;614,9;902,0;;754,0;;
Miami;;;;;;;;;;;;;;;;;;;;;;;;;;;;;;;;905,0;743,6;;738,4;
NewOrleans;;;;;;;;;;;;;;;;;;;555,7;;604,2;;;;;;;;;;;1004,0;;788,7;;
Nashville;;;;;;;;;;;;;;;;;;;;;630,9;513,2;;;;;;;;;;901,0;;;;
Step_16000;Vancouver;Seattle;Calgary;Portland;Helena;SaltLakeCity;SanFrancisco;LosAngeles;LasVegas;Phoenix;SantaFe;Denver;ElPaso;Winnipeg;Duluth;Omaha;KansasCity;OklahomaCity;Houston;Dallas;LittleRock;SaintLouis;Chicago;SaultStMarie;Toronto;Montreal;Boston;NewYork;Pittsburgh;Washington;Raleigh;Atlanta;Charleston;Miami;NewOrleans;Nashville
Vancouver;;301,0;286,2;;;;;;;;;;;;;;;;;;;;;;;;;;;;;;;;;
Seattle;257,2;;290,8;311,7;339,7;;;;;;;;;;;;;;;;;;;;;;;;;;;;;;;
Calgary;266,7;307,6;;;348,7;;;;;;;;;315,1;;;;;;;;;;;;;;;;;;;;;;
Portland;;296,0;;;;350,8;343,6;;;;;;;;;;;;;;;;;;;;;;;;;;;;;
Helena;;310,3;294,2;;;362,0;;;;;;391,8;;342,8;372,2;379,3;;;;;;;;;;;;;;;;;;;;
SaltLakeCity;;;;307,4;333,7;;343,7;;341,9;;;422,2;;;;;;;;;;;;;;;;;;;;;;;;
SanFrancisco;;;;311,0;;360,4;;977,9;;;;;;;;;;;;;;;;;;;;;;;;;;;;
LosAngeles;;;;;;;345,6;;340,1;426,4;;;891,8;;;;;;;;;;;;;;;;;;;;;;;
LasVegas;;;;;;344,8;;394,6;;;;;;;;;;;;;;;;;;;;;;;;;;;;
Phoenix;;;;;;;;428,7;;;435,7;416,6;542,4;;;;;;;;;;;;;;;;;;;;;;;
SantaFe;;;;;;;;;;418,1;;414,0;481,7;;;;;500,1;;;;;;;;;;;;;;;;;;
Denver;;;;;342,5;344,9;;;;419,9;439,0;;;;;404,8;433,4;517,8;;;;;;;;;;;;;;;;;;
ElPaso;;;;;;;;458,6;;449,8;423,1;;;;;;;528,8;1012,0;519,3;;;;;;;;;;;;;;;;
Winnipeg;;;283,6;;353,0;;;;;;;;;;375,8;;;;;;;;;297,9;;;;;;;;;;;;
Duluth;;;;;350,7;;;;;;;;;327,9;;;;;;;;;458,5;;434,4;;;;;;;;;;;
Omaha;;;;;356,0;;;;;;;429,0;;;;;;;;;;;439,4;;;;;;;;;;;;;
KansasCity;;;;;;;;;;;;380,6;;;;;;;;;;541,7;;;;;;;;;;;;;;
OklahomaCity;;;;;;;;;;;456,4;380,1;516,2;;;;;;;546,3;643,2;;;;;;;;;;;;;;;
Houston;;;;;;;;;;;;;535,9;;;;;;;510,9;;;;;;;;;;;;;;;909,8;
Dallas;;;;;;;;;;;;;476,4;;;;;428,7;572,4;;593,2;;;;;;;;;;;;;;;
LittleRock;;;;;;;;;;;;;;;;;;526,7;;535,8;;474,2;;;;;;;;;;;;;714,5;646,9
SaintLouis;;;;;;;;;;;;;;;;;438,7;;;;624,7;;483,1;;;;;;547,1;;;;;;;646,0
Chicago;;;;;;;;;;;;;;;378,8;402,6;;;;;;567,2;;;383,4;;;;498,4;;;;;;;
SaultStMarie;;;;;;;;;;;;;;314,0;;;;;;;;;;;392,8;236,0;;;;;;;;;;
Toronto;;;;;;;;;;;;;;;348,8;;;;;;;;463,6;258,3;;230,5;;;548,9;;;;;;;
Montreal;;;;;;;;;;;;;;;;;;;;;;;;327,9;235,2;;171,4;245,9;;;;;;;;
Boston;;;;;;;;;;;;;;;;;;;;;;;;;;99,0;;284,8;;;;;;;;
NewYork;;;;;;;;;;;;;;;;;;;;;;;;;;124,9;183,2;;;439,1;;;;;;
Pittsburgh;;;;;;;;;;;;;;;;;;;;;;500,4;489,5;;454,0;;;;;512,2;588,2;;;;;
Washington;;;;;;;;;;;;;;;;;;;;;;;;;;;;313,1;435,7;;623,4;;;;;
Raleigh;;;;;;;;;;;;;;;;;;;;;;;;;;;;;490,0;503,4;;;780,0;;;
Atlanta;;;;;;;;;;;;;;;;;;;;;;;;;;;;;;;;;1000,0;1000,0;1000,0;1000,0
Charleston;;;;;;;;;;;;;;;;;;;;;;;;;;;;;;;603,6;902,0;;816,0;;
Miami;;;;;;;;;;;;;;;;;;;;;;;;;;;;;;;;905,0;756,2;;752,2;
NewOrleans;;;;;;;;;;;;;;;;;;;610,7;;581,2;;;;;;;;;;;1004,0;;815,9;;
Nashville;;;;;;;;;;;;;;;;;;;;;569,9;456,3;;;;;;;;;;901,0;;;;
Step_20000;Vancouver;Seattle;Calgary;Portland;Helena;SaltLakeCity;SanFrancisco;LosAngeles;LasVegas;Phoenix;SantaFe;Denver;ElPaso;Winnipeg;Duluth;Omaha;KansasCity;OklahomaCity;Houston;Dallas;LittleRock;SaintLouis;Chicago;SaultStMarie;Toronto;Montreal;Boston;NewYork;Pittsburgh;Washington;Raleigh;Atlanta;Charleston;Miami;NewOrleans;Nashville
Vancouver;;306,0;284,6;;;;;;;;;;;;;;;;;;;;;;;;;;;;;;;;;
Seattle;270,0;;289,6;299,3;345,6;;;;;;;;;;;;;;;;;;;;;;;;;;;;;;;
Calgary;263,2;298,5;;;296,7;;;;;;;;;305,8;;;;;;;;;;;;;;;;;;;;;;
Portland;;292,2;;;;351,5;316,0;;;;;;;;;;;;;;;;;;;;;;;;;;;;;
Helena;;310,8;279,6;;;360,0;;;;;;410,8;;330,1;378,7;371,6;;;;;;;;;;;;;;;;;;;;
SaltLakeCity;;;;309,2;345,4;;332,0;;334,7;;;415,9;;;;;;;;;;;;;;;;;;;;;;;;
SanFrancisco;;;;303,6;;352,4;;992,8;;;;;;;;;;;;;;;;;;;;;;;;;;;;
LosAngeles;;;;;;;328,9;;334,1;390,8;;;978,7;;;;;;;;;;;;;;;;;;;;;;;
LasVegas;;;;;;328,1;;360,7;;;;;;;;;;;;;;;;;;;;;;;;;;;;
Phoenix;;;;;;;;367,8;;;441,7;424,6;439,2;;;;;;;;;;;;;;;;;;;;;;;
SantaFe;;;;;;;;;;389,5;;389,8;473,5;;;;;456,9;;;;;;;;;;;;;;;;;;
Denver;;;;;368,4;352,8;;;;402,8;421,5;;;;;359,7;486,6;477,7;;;;;;;;;;;;;;;;;;
ElPaso;;;;;;;;365,6;;395,4;431,3;;;;;;;496,2;552,9;910,5;;;;;;;;;;;;;;;;
Winnipeg;;;286,8;;341,8;;;;;;;;;;381,6;;;;;;;;;301,8;;;;;;;;;;;;
Duluth;;;;;361,5;;;;;;;;;317,7;;;;;;;;;485,4;;365,8;;;;;;;;;;;
Omaha;;;;;349,1;;;;;;;386,1;;;;;;;;;;;421,4;;;;;;;;;;;;;
KansasCity;;;;;;;;;;;;422,1;;;;;;;;;;612,2;;;;;;;;;;;;;;
OklahomaCity;;;;;;;;;;;433,7;406,2;418,0;;;;;;;528,9;638,3;;;;;;;;;;;;;;;
Houston;;;;;;;;;;;;;563,6;;;;;;;602,9;;;;;;;;;;;;;;;896,3;
Dallas;;;;;;;;;;;;;560,4;;;;;495,9;967,1;;607,1;;;;;;;;;;;;;;;
LittleRock;;;;;;;;;;;;;;;;;;481,8;;511,0;;611,1;;;;;;;;;;;;;806,0;757,9
SaintLouis;;;;;;;;;;;;;;;;;483,2;;;;634,1;;505,5;;;;;;446,4;;;;;;;734,8
Chicago;;;;;;;;;;;;;;;386,0;361,1;;;;;;586,8;;;416,8;;;;420,9;;;;;;;
SaultStMarie;;;;;;;;;;;;;;330,6;;;;;;;;;;;378,1;250,9;;;;;;;;;;
Toronto;;;;;;;;;;;;;;;372,9;;;;;;;;447,3;332,2;;255,9;;;473,7;;;;;;;
Montreal;;;;;;;;;;;;;;;;;;;;;;;;320,3;247,1;;191,6;253,0;;;;;;;;
Boston;;;;;;;;;;;;;;;;;;;;;;;;;;221,1;;324,6;;;;;;;;
NewYork;;;;;;;;;;;;;;;;;;;;;;;;;;241,8;247,7;;;438,3;;;;;;
Pittsburgh;;;;;;;;;;;;;;;;;;;;;;513,8;479,4;;368,7;;;;;461,0;531,0;;;;;
Washington;;;;;;;;;;;;;;;;;;;;;;;;;;;;327,0;474,0;;532,2;;;;;
Raleigh;;;;;;;;;;;;;;;;;;;;;;;;;;;;;441,5;448,4;;;706,9;;;
Atlanta;;;;;;;;;;;;;;;;;;;;;;;;;;;;;;;;;1000,0;1000,0;1000,0;1000,0
Charleston;;;;;;;;;;;;;;;;;;;;;;;;;;;;;;;502,8;902,0;;778,8;;
Miami;;;;;;;;;;;;;;;;;;;;;;;;;;;;;;;;905,0;765,5;;762,1;
NewOrleans;;;;;;;;;;;;;;;;;;;506,2;;628,7;;;;;;;;;;;984,0;;805,2;;
Nashville;;;;;;;;;;;;;;;;;;;;;605,1;615,9;;;;;;;;;;901,0;;;;
Step_24000;Vancouver;Seattle;Calgary;Portland;Helena;SaltLakeCity;SanFrancisco;LosAngeles;LasVegas;Phoenix;SantaFe;Denver;ElPaso;Winnipeg;Duluth;Omaha;KansasCity;OklahomaCity;Houston;Dallas;LittleRock;SaintLouis;Chicago;SaultStMarie;Toronto;Montreal;Boston;NewYork;Pittsburgh;Washington;Raleigh;Atlanta;Charleston;Miami;NewOrleans;Nashville
Vancouver;;275,2;296,3;;;;;;;;;;;;;;;;;;;;;;;;;;;;;;;;;
Seattle;260,0;;296,0;307,3;323,9;;;;;;;;;;;;;;;;;;;;;;;;;;;;;;;
Calgary;265,4;301,4;;;324,8;;;;;;;;;325,9;;;;;;;;;;;;;;;;;;;;;;
Portland;;263,2;;;;327,7;326,2;;;;;;;;;;;;;;;;;;;;;;;;;;;;;
Helena;;318,6;294,8;;;353,3;;;;;;393,8;;312,2;371,9;364,3;;;;;;;;;;;;;;;;;;;;
SaltLakeCity;;;;320,0;336,8;;328,8;;344,8;;;872,8;;;;;;;;;;;;;;;;;;;;;;;;
SanFrancisco;;;;302,1;;1021,0;;352,6;;;;;;;;;;;;;;;;;;;;;;;;;;;;
LosAngeles;;;;;;;328,8;;330,1;403,1;;;433,2;;;;;;;;;;;;;;;;;;;;;;;
LasVegas;;;;;;343,2;;371,7;;;;;;;;;;;;;;;;;;;;;;;;;;;;
Phoenix;;;;;;;;390,3;;;437,1;406,2;482,2;;;;;;;;;;;;;;;;;;;;;;;
SantaFe;;;;;;;;;;409,3;;396,8;519,2;;;;;476,1;;;;;;;;;;;;;;;;;;
Denver;;;;;324,7;330,2;;;;410,3;416,9;;;;;377,7;417,9;1013,0;;;;;;;;;;;;;;;;;;
ElPaso;;;;;;;;401,8;;419,3;414,2;;;;;;;491,7;645,0;461,0;;;;;;;;;;;;;;;;
Winnipeg;;;298,3;;350,1;;;;;;;;;;356,5;;;;;;;;;314,3;;;;;;;;;;;;
Duluth;;;;;344,9;;;;;;;;;327,2;;;;;;;;;448,2;;416,7;;;;;;;;;;;
Omaha;;;;;334,0;;;;;;;397,0;;;;;;;;;;;447,5;;;;;;;;;;;;;
KansasCity;;;;;;;;;;;;393,8;;;;;;;;;;519,9;;;;;;;;;;;;;;
OklahomaCity;;;;;;;;;;;430,0;432,3;471,9;;;;;;;517,6;1009,0;;;;;;;;;;;;;;;
Houston;;;;;;;;;;;;;483,2;;;;;;;506,3;;;;;;;;;;;;;;;797,3;
Dallas;;;;;;;;;;;;;477,3;;;;;478,2;521,9;;664,2;;;;;;;;;;;;;;;
LittleRock;;;;;;;;;;;;;;;;;;476,2;;480,7;;526,3;;;;;;;;;;;;;1007,0;658,5
SaintLouis;;;;;;;;;;;;;;;;;398,7;;;;516,7;;443,1;;;;;;505,5;;;;;;;677,3
Chicago;;;;;;;;;;;;;;;381,2;385,9;;;;;;498,0;;;391,1;;;;489,2;;;;;;;
SaultStMarie;;;;;;;;;;;;;;332,6;;;;;;;;;;;323,2;260,3;;;;;;;;;;
Toronto;;;;;;;;;;;;;;;372,9;;;;;;;;435,4;308,8;;271,4;;;476,9;;;;;;;
Montreal;;;;;;;;;;;;;;;;;;;;;;;;305,7;245,4;;242,9;306,9;;;;;;;;
Boston;;;;;;;;;;;;;;;;;;;;;;;;;;234,6;;342,7;;;;;;;;
NewYork;;;;;;;;;;;;;;;;;;;;;;;;;;243,6;289,7;;;516,1;;;;;;
Pittsburgh;;;;;;;;;;;;;;;;;;;;;;564,1;447,2;;413,0;;;;;486,3;543,3;;;;;
Washington;;;;;;;;;;;;;;;;;;;;;;;;;;;;406,1;513,6;;587,7;;;;;
Raleigh;;;;;;;;;;;;;;;;;;;;;;;;;;;;;500,8;496,1;;;689,8;;;
Atlanta;;;;;;;;;;;;;;;;;;;;;;;;;;;;;;;;;1000,0;1000,0;1000,0;1000,0
Charleston;;;;;;;;;;;;;;;;;;;;;;;;;;;;;;;581,9;902,0;;770,1;;
Miami;;;;;;;;;;;;;;;;;;;;;;;;;;;;;;;;905,0;735,3;;682,9;
NewOrleans;;;;;;;;;;;;;;;;;;;627,6;;598,0;;;;;;;;;;;1004,0;;802,6;;
Nashville;;;;;;;;;;;;;;;;;;;;;628,4;486,2;;;;;;;;;;901,0;;;;
Step_28000;Vancouver;Seattle;Calgary;Portland;Helena;SaltLakeCity;SanFrancisco;LosAngeles;LasVegas;Phoenix;SantaFe;Denver;ElPaso;Winnipeg;Duluth;Omaha;KansasCity;OklahomaCity;Houston;Dallas;LittleRock;SaintLouis;Chicago;SaultStMarie;Toronto;Montreal;Boston;NewYork;Pittsburgh;Washington;Raleigh;Atlanta;Charleston;Miami;NewOrleans;Nashville
Vancouver;;294,8;316,9;;;;;;;;;;;;;;;;;;;;;;;;;;;;;;;;;
Seattle;273,5;;312,0;312,8;361,0;;;;;;;;;;;;;;;;;;;;;;;;;;;;;;;
Calgary;268,6;309,5;;;360,1;;;;;;;;;331,1;;;;;;;;;;;;;;;;;;;;;;
Portland;;295,5;;;;332,9;445,4;;;;;;;;;;;;;;;;;;;;;;;;;;;;;
Helena;;314,1;304,5;;;353,1;;;;;;386,0;;319,6;372,4;396,9;;;;;;;;;;;;;;;;;;;;
SaltLakeCity;;;;311,6;311,9;;346,8;;349,9;;;404,7;;;;;;;;;;;;;;;;;;;;;;;;
SanFrancisco;;;;333,8;;356,8;;979,8;;;;;;;;;;;;;;;;;;;;;;;;;;;;
LosAngeles;;;;;;;333,9;;339,5;406,3;;;902,2;;;;;;;;;;;;;;;;;;;;;;;
LasVegas;;;;;;345,8;;393,7;;;;;;;;;;;;;;;;;;;;;;;;;;;;
Phoenix;;;;;;;;433,0;;;424,5;421,8;451,3;;;;;;;;;;;;;;;;;;;;;;;
SantaFe;;;;;;;;;;411,1;;399,6;452,3;;;;;450,9;;;;;;;;;;;;;;;;;;
Denver;;;;;372,7;319,1;;;;414,9;418,1;;;;;383,2;447,3;478,5;;;;;;;;;;;;;;;;;;
ElPaso;;;;;;;;429,2;;420,8;424,9;;;;;;;481,0;1012,0;509,4;;;;;;;;;;;;;;;;
Winnipeg;;;291,9;;350,7;;;;;;;;;;388,2;;;;;;;;;330,5;;;;;;;;;;;;
Duluth;;;;;357,3;;;;;;;;;321,6;;;;;;;;;442,1;;374,0;;;;;;;;;;;
Omaha;;;;;336,4;;;;;;;431,6;;;;;;;;;;;446,6;;;;;;;;;;;;;
KansasCity;;;;;;;;;;;;387,1;;;;;;;;;;542,7;;;;;;;;;;;;;;
OklahomaCity;;;;;;;;;;;417,3;430,8;450,7;;;;;;;476,3;580,4;;;;;;;;;;;;;;;
Houston;;;;;;;;;;;;;514,5;;;;;;;475,8;;;;;;;;;;;;;;;1006,0;
Dallas;;;;;;;;;;;;;508,0;;;;;470,0;555,3;;530,9;;;;;;;;;;;;;;;
LittleRock;;;;;;;;;;;;;;;;;;490,9;;485,6;;556,4;;;;;;;;;;;;;662,4;766,0
SaintLouis;;;;;;;;;;;;;;;;;464,6;;;;608,7;;423,6;;;;;;503,4;;;;;;;749,9
Chicago;;;;;;;;;;;;;;;397,8;383,9;;;;;;480,6;;;380,8;;;;510,3;;;;;;;
SaultStMarie;;;;;;;;;;;;;;311,7;;;;;;;;;;;403,1;285,7;;;;;;;;;;
Toronto;;;;;;;;;;;;;;;350,0;;;;;;;;442,8;333,4;;319,8;;;468,7;;;;;;;
Montreal;;;;;;;;;;;;;;;;;;;;;;;;318,5;340,5;;292,2;392,9;;;;;;;;
Boston;;;;;;;;;;;;;;;;;;;;;;;;;;284,6;;366,8;;;;;;;;
NewYork;;;;;;;;;;;;;;;;;;;;;;;;;;288,9;293,7;;;465,4;;;;;;
Pittsburgh;;;;;;;;;;;;;;;;;;;;;;590,1;462,0;;415,6;;;;;375,7;532,5;;;;;
Washington;;;;;;;;;;;;;;;;;;;;;;;;;;;;364,8;476,7;;532,7;;;;;
Raleigh;;;;;;;;;;;;;;;;;;;;;;;;;;;;;487,0;497,6;;;759,3;;;
Atlanta;;;;;;;;;;;;;;;;;;;;;;;;;;;;;;;;;1000,0;1000,0;1000,0;1000,0
Charleston;;;;;;;;;;;;;;;;;;;;;;;;;;;;;;;629,1;902,0;;735,0;;
Miami;;;;;;;;;;;;;;;;;;;;;;;;;;;;;;;;905,0;756,3;;719,0;
NewOrleans;;;;;;;;;;;;;;;;;;;586,5;;631,2;;;;;;;;;;;1004,0;;755,4;;
Nashville;;;;;;;;;;;;;;;;;;;;;543,9;594,1;;;;;;;;;;901,0;;;;
Step_32000;Vancouver;Seattle;Calgary;Portland;Helena;SaltLakeCity;SanFrancisco;LosAngeles;LasVegas;Phoenix;SantaFe;Denver;ElPaso;Winnipeg;Duluth;Omaha;KansasCity;OklahomaCity;Houston;Dallas;LittleRock;SaintLouis;Chicago;SaultStMarie;Toronto;Montreal;Boston;NewYork;Pittsburgh;Washington;Raleigh;Atlanta;Charleston;Miami;NewOrleans;Nashville
Vancouver;;272,6;302,8;;;;;;;;;;;;;;;;;;;;;;;;;;;;;;;;;
Seattle;257,9;;279,1;286,7;358,8;;;;;;;;;;;;;;;;;;;;;;;;;;;;;;;
Calgary;260,0;309,7;;;346,5;;;;;;;;;332,1;;;;;;;;;;;;;;;;;;;;;;
Portland;;296,7;;;;356,4;305,2;;;;;;;;;;;;;;;;;;;;;;;;;;;;;
Helena;;275,8;295,7;;;322,5;;;;;;429,5;;351,0;393,8;396,0;;;;;;;;;;;;;;;;;;;;
SaltLakeCity;;;;309,9;335,8;;313,1;;336,3;;;972,1;;;;;;;;;;;;;;;;;;;;;;;;
SanFrancisco;;;;304,6;;992,8;;331,7;;;;;;;;;;;;;;;;;;;;;;;;;;;;
LosAngeles;;;;;;;313,4;;324,1;395,9;;;396,5;;;;;;;;;;;;;;;;;;;;;;;
LasVegas;;;;;;346,6;;370,6;;;;;;;;;;;;;;;;;;;;;;;;;;;;
Phoenix;;;;;;;;366,9;;;392,3;400,3;452,8;;;;;;;;;;;;;;;;;;;;;;;
SantaFe;;;;;;;;;;392,3;;426,7;453,2;;;;;512,9;;;;;;;;;;;;;;;;;;
Denver;;;;;355,0;359,7;;;;398,5;407,6;;;;;425,0;438,1;881,5;;;;;;;;;;;;;;;;;;
ElPaso;;;;;;;;354,2;;367,4;424,6;;;;;;;499,6;512,7;531,4;;;;;;;;;;;;;;;;
Winnipeg;;;303,4;;353,4;;;;;;;;;;384,3;;;;;;;;;334,4;;;;;;;;;;;;
Duluth;;;;;356,0;;;;;;;;;348,6;;;;;;;;;498,2;;424,8;;;;;;;;;;;
Omaha;;;;;355,4;;;;;;;395,7;;;;;;;;;;;489,5;;;;;;;;;;;;;
KansasCity;;;;;;;;;;;;424,6;;;;;;;;;;484,8;;;;;;;;;;;;;;
OklahomaCity;;;;;;;;;;;390,6;429,0;432,5;;;;;;;525,4;896,3;;;;;;;;;;;;;;;
Houston;;;;;;;;;;;;;453,1;;;;;;;488,3;;;;;;;;;;;;;;;791,9;
Dallas;;;;;;;;;;;;;445,5;;;;;577,2;556,3;;651,0;;;;;;;;;;;;;;;
LittleRock;;;;;;;;;;;;;;;;;;475,6;;492,9;;572,9;;;;;;;;;;;;;944,4;685,1
SaintLouis;;;;;;;;;;;;;;;;;427,9;;;;644,1;;473,0;;;;;;482,3;;;;;;;755,9
Chicago;;;;;;;;;;;;;;;410,0;436,1;;;;;;525,1;;;389,6;;;;478,0;;;;;;;
SaultStMarie;;;;;;;;;;;;;;347,1;;;;;;;;;;;382,8;305,9;;;;;;;;;;
Toronto;;;;;;;;;;;;;;;411,5;;;;;;;;484,6;341,4;;323,4;;;472,6;;;;;;;
Montreal;;;;;;;;;;;;;;;;;;;;;;;;336,4;354,3;;319,3;406,6;;;;;;;;
Boston;;;;;;;;;;;;;;;;;;;;;;;;;;314,1;;381,8;;;;;;;;
NewYork;;;;;;;;;;;;;;;;;;;;;;;;;;312,6;314,8;;;447,8;;;;;;
Pittsburgh;;;;;;;;;;;;;;;;;;;;;;504,5;457,2;;428,0;;;;;459,1;583,6;;;;;
Washington;;;;;;;;;;;;;;;;;;;;;;;;;;;;362,8;521,9;;626,4;;;;;
Raleigh;;;;;;;;;;;;;;;;;;;;;;;;;;;;;492,2;457,5;;;770,2;;;
Atlanta;;;;;;;;;;;;;;;;;;;;;;;;;;;;;;;;;1000,0;1000,0;1000,0;1000,0
Charleston;;;;;;;;;;;;;;;;;;;;;;;;;;;;;;;627,4;902,0;;774,5;;
Miami;;;;;;;;;;;;;;;;;;;;;;;;;;;;;;;;905,0;759,9;;782,7;
NewOrleans;;;;;;;;;;;;;;;;;;;619,8;;662,7;;;;;;;;;;;1004,0;;767,5;;
Nashville;;;;;;;;;;;;;;;;;;;;;572,0;516,9;;;;;;;;;;901,0;;;;
Step_36000;Vancouver;Seattle;Calgary;Portland;Helena;SaltLakeCity;SanFrancisco;LosAngeles;LasVegas;Phoenix;SantaFe;Denver;ElPaso;Winnipeg;Duluth;Omaha;KansasCity;OklahomaCity;Houston;Dallas;LittleRock;SaintLouis;Chicago;SaultStMarie;Toronto;Montreal;Boston;NewYork;Pittsburgh;Washington;Raleigh;Atlanta;Charleston;Miami;NewOrleans;Nashville
Vancouver;;283,9;289,3;;;;;;;;;;;;;;;;;;;;;;;;;;;;;;;;;
Seattle;261,1;;291,5;298,6;338,2;;;;;;;;;;;;;;;;;;;;;;;;;;;;;;;
Calgary;269,5;309,3;;;342,1;;;;;;;;;313,3;;;;;;;;;;;;;;;;;;;;;;
Portland;;283,2;;;;345,7;336,6;;;;;;;;;;;;;;;;;;;;;;;;;;;;;
Helena;;296,1;290,5;;;338,4;;;;;;410,2;;344,4;378,9;372,2;;;;;;;;;;;;;;;;;;;;
SaltLakeCity;;;;311,3;358,5;;349,6;;341,7;;;379,2;;;;;;;;;;;;;;;;;;;;;;;;
SanFrancisco;;;;296,6;;350,2;;1021,0;;;;;;;;;;;;;;;;;;;;;;;;;;;;
LosAngeles;;;;;;;341,3;;312,5;369,6;;;1018,0;;;;;;;;;;;;;;;;;;;;;;;
LasVegas;;;;;;341,5;;328,8;;;;;;;;;;;;;;;;;;;;;;;;;;;;
Phoenix;;;;;;;;367,4;;;410,6;367,6;437,4;;;;;;;;;;;;;;;;;;;;;;;
SantaFe;;;;;;;;;;402,0;;385,9;455,9;;;;;471,9;;;;;;;;;;;;;;;;;;
Denver;;;;;353,8;340,6;;;;395,2;409,6;;;;;369,5;463,4;440,7;;;;;;;;;;;;;;;;;;
ElPaso;;;;;;;;365,2;;388,3;414,6;;;;;;;447,6;1012,0;506,2;;;;;;;;;;;;;;;;
Winnipeg;;;292,7;;326,7;;;;;;;;;;396,3;;;;;;;;;343,9;;;;;;;;;;;;
Duluth;;;;;355,7;;;;;;;;;332,7;;;;;;;;;436,0;;435,8;;;;;;;;;;;
Omaha;;;;;359,0;;;;;;;399,4;;;;;;;;;;;386,4;;;;;;;;;;;;;
KansasCity;;;;;;;;;;;;402,2;;;;;;;;;;597,3;;;;;;;;;;;;;;
OklahomaCity;;;;;;;;;;;410,3;398,7;443,7;;;;;;;538,5;523,7;;;;;;;;;;;;;;;
Houston;;;;;;;;;;;;;465,9;;;;;;;474,7;;;;;;;;;;;;;;;1006,0;
Dallas;;;;;;;;;;;;;522,1;;;;;432,4;542,4;;645,4;;;;;;;;;;;;;;;
LittleRock;;;;;;;;;;;;;;;;;;436,0;;490,7;;552,1;;;;;;;;;;;;;776,0;684,3
SaintLouis;;;;;;;;;;;;;;;;;436,9;;;;603,9;;455,1;;;;;;516,2;;;;;;;725,7
Chicago;;;;;;;;;;;;;;;358,1;359,1;;;;;;601,7;;;392,3;;;;440,2;;;;;;;
SaultStMarie;;;;;;;;;;;;;;344,2;;;;;;;;;;;377,4;341,2;;;;;;;;;;
Toronto;;;;;;;;;;;;;;;377,5;;;;;;;;430,2;333,7;;340,0;;;468,3;;;;;;;
Montreal;;;;;;;;;;;;;;;;;;;;;;;;345,4;373,4;;342,7;399,1;;;;;;;;
Boston;;;;;;;;;;;;;;;;;;;;;;;;;;342,0;;409,9;;;;;;;;
NewYork;;;;;;;;;;;;;;;;;;;;;;;;;;354,8;349,3;;;494,9;;;;;;
Pittsburgh;;;;;;;;;;;;;;;;;;;;;;527,4;455,5;;411,5;;;;;500,3;589,0;;;;;
Washington;;;;;;;;;;;;;;;;;;;;;;;;;;;;418,2;544,3;;635,5;;;;;
Raleigh;;;;;;;;;;;;;;;;;;;;;;;;;;;;;528,1;505,8;;;807,2;;;
Atlanta;;;;;;;;;;;;;;;;;;;;;;;;;;;;;;;;;1000,0;1000,0;1000,0;1000,0
Charleston;;;;;;;;;;;;;;;;;;;;;;;;;;;;;;;643,3;902,0;;733,9;;
Miami;;;;;;;;;;;;;;;;;;;;;;;;;;;;;;;;905,0;771,9;;686,7;
NewOrleans;;;;;;;;;;;;;;;;;;;570,6;;575,3;;;;;;;;;;;984,0;;794,4;;
Nashville;;;;;;;;;;;;;;;;;;;;;577,2;503,1;;;;;;;;;;901,0;;;;
Step_40000;Vancouver;Seattle;Calgary;Portland;Helena;SaltLakeCity;SanFrancisco;LosAngeles;LasVegas;Phoenix;SantaFe;Denver;ElPaso;Winnipeg;Duluth;Omaha;KansasCity;OklahomaCity;Houston;Dallas;LittleRock;SaintLouis;Chicago;SaultStMarie;Toronto;Montreal;Boston;NewYork;Pittsburgh;Washington;Raleigh;Atlanta;Charleston;Miami;NewOrleans;Nashville
Vancouver;;297,3;315,0;;;;;;;;;;;;;;;;;;;;;;;;;;;;;;;;;
Seattle;278,9;;301,6;296,3;343,5;;;;;;;;;;;;;;;;;;;;;;;;;;;;;;;
Calgary;274,4;284,7;;;327,9;;;;;;;;;339,7;;;;;;;;;;;;;;;;;;;;;;
Portland;;292,2;;;;355,1;343,8;;;;;;;;;;;;;;;;;;;;;;;;;;;;;
Helena;;297,7;307,1;;;350,8;;;;;;406,6;;321,5;376,3;394,7;;;;;;;;;;;;;;;;;;;;
SaltLakeCity;;;;317,1;329,6;;328,9;;337,5;;;418,6;;;;;;;;;;;;;;;;;;;;;;;;
SanFrancisco;;;;296,6;;341,1;;1021,0;;;;;;;;;;;;;;;;;;;;;;;;;;;;
LosAngeles;;;;;;;310,2;;349,2;390,6;;;1018,0;;;;;;;;;;;;;;;;;;;;;;;
LasVegas;;;;;;341,9;;375,5;;;;;;;;;;;;;;;;;;;;;;;;;;;;
Phoenix;;;;;;;;421,3;;;428,5;368,5;459,2;;;;;;;;;;;;;;;;;;;;;;;
SantaFe;;;;;;;;;;393,7;;418,1;477,6;;;;;472,3;;;;;;;;;;;;;;;;;;
Denver;;;;;340,6;342,4;;;;416,4;435,4;;;;;378,4;482,4;444,8;;;;;;;;;;;;;;;;;;
ElPaso;;;;;;;;360,6;;421,4;433,0;;;;;;;468,7;1012,0;496,0;;;;;;;;;;;;;;;;
Winnipeg;;;309,4;;339,0;;;;;;;;;;368,1;;;;;;;;;339,2;;;;;;;;;;;;
Duluth;;;;;342,4;;;;;;;;;347,6;;;;;;;;;454,5;;413,6;;;;;;;;;;;
Omaha;;;;;365,1;;;;;;;397,9;;;;;;;;;;;500,5;;;;;;;;;;;;;
KansasCity;;;;;;;;;;;;404,5;;;;;;;;;;507,9;;;;;;;;;;;;;;
OklahomaCity;;;;;;;;;;;419,3;391,1;510,1;;;;;;;485,8;616,0;;;;;;;;;;;;;;;
Houston;;;;;;;;;;;;;444,2;;;;;;;483,9;;;;;;;;;;;;;;;1006,0;
Dallas;;;;;;;;;;;;;491,1;;;;;492,3;556,0;;605,6;;;;;;;;;;;;;;;
LittleRock;;;;;;;;;;;;;;;;;;489,9;;517,3;;629,4;;;;;;;;;;;;;748,6;669,6
SaintLouis;;;;;;;;;;;;;;;;;486,8;;;;606,1;;485,5;;;;;;453,8;;;;;;;744,0
Chicago;;;;;;;;;;;;;;;388,0;410,2;;;;;;574,1;;;425,0;;;;437,6;;;;;;;
SaultStMarie;;;;;;;;;;;;;;333,8;;;;;;;;;;;394,2;335,0;;;;;;;;;;
Toronto;;;;;;;;;;;;;;;390,5;;;;;;;;498,0;333,3;;353,6;;;494,7;;;;;;;
Montreal;;;;;;;;;;;;;;;;;;;;;;;;339,4;379,5;;344,2;406,2;;;;;;;;
Boston;;;;;;;;;;;;;;;;;;;;;;;;;;347,7;;415,1;;;;;;;;
NewYork;;;;;;;;;;;;;;;;;;;;;;;;;;367,4;359,4;;;474,6;;;;;;
Pittsburgh;;;;;;;;;;;;;;;;;;;;;;560,0;464,2;;404,5;;;;;438,0;504,8;;;;;
Washington;;;;;;;;;;;;;;;;;;;;;;;;;;;;371,9;472,0;;564,7;;;;;
Raleigh;;;;;;;;;;;;;;;;;;;;;;;;;;;;;486,6;466,3;;;756,8;;;
Atlanta;;;;;;;;;;;;;;;;;;;;;;;;;;;;;;;;;1000,0;1000,0;1000,0;1000,0
Charleston;;;;;;;;;;;;;;;;;;;;;;;;;;;;;;;603,4;902,0;;809,6;;
Miami;;;;;;;;;;;;;;;;;;;;;;;;;;;;;;;;905,0;734,4;;796,3;
NewOrleans;;;;;;;;;;;;;;;;;;;549,1;;640,9;;;;;;;;;;;1004,0;;817,1;;
Nashville;;;;;;;;;;;;;;;;;;;;;601,3;554,7;;;;;;;;;;901,0;;;;
Step_4000;Vancouver;Seattle;Calgary;Portland;Helena;SaltLakeCity;SanFrancisco;LosAngeles;LasVegas;Phoenix;SantaFe;Denver;ElPaso;Winnipeg;Duluth;Omaha;KansasCity;OklahomaCity;Houston;Dallas;LittleRock;SaintLouis;Chicago;SaultStMarie;Toronto;Montreal;Boston;NewYork;Pittsburgh;Washington;Raleigh;Atlanta;Charleston;Miami;NewOrleans;Nashville
Vancouver;;296,4;226,1;;;;;;;;;;;;;;;;;;;;;;;;;;;;;;;;;
Seattle;244,8;;243,2;307,0;409,0;;;;;;;;;;;;;;;;;;;;;;;;;;;;;;;
Calgary;180,4;265,4;;;363,8;;;;;;;;;270,4;;;;;;;;;;;;;;;;;;;;;;
Portland;;313,4;;;;382,7;331,3;;;;;;;;;;;;;;;;;;;;;;;;;;;;;
Helena;;268,1;256,8;;;365,0;;;;;;476,0;;273,6;349,8;384,8;;;;;;;;;;;;;;;;;;;;
SaltLakeCity;;;;285,8;351,5;;344,4;;367,7;;;454,0;;;;;;;;;;;;;;;;;;;;;;;;
SanFrancisco;;;;323,9;;378,2;;980,1;;;;;;;;;;;;;;;;;;;;;;;;;;;;
LosAngeles;;;;;;;341,5;;360,3;419,2;;;904,0;;;;;;;;;;;;;;;;;;;;;;;
LasVegas;;;;;;343,5;;399,4;;;;;;;;;;;;;;;;;;;;;;;;;;;;
Phoenix;;;;;;;;399,6;;;425,7;413,3;432,9;;;;;;;;;;;;;;;;;;;;;;;
SantaFe;;;;;;;;;;430,3;;430,1;493,4;;;;;543,5;;;;;;;;;;;;;;;;;;
Denver;;;;;348,4;361,1;;;;434,1;440,7;;;;;419,2;449,2;531,0;;;;;;;;;;;;;;;;;;
ElPaso;;;;;;;;391,5;;403,6;453,4;;;;;;;490,9;1012,0;513,0;;;;;;;;;;;;;;;;
Winnipeg;;;273,9;;289,3;;;;;;;;;;399,0;;;;;;;;;208,6;;;;;;;;;;;;
Duluth;;;;;330,1;;;;;;;;;274,1;;;;;;;;;447,9;;312,4;;;;;;;;;;;
Omaha;;;;;333,7;;;;;;;389,6;;;;;;;;;;;443,2;;;;;;;;;;;;;
KansasCity;;;;;;;;;;;;435,1;;;;;;;;;;465,8;;;;;;;;;;;;;;
OklahomaCity;;;;;;;;;;;437,4;451,8;460,3;;;;;;;559,7;660,2;;;;;;;;;;;;;;;
Houston;;;;;;;;;;;;;477,0;;;;;;;545,2;;;;;;;;;;;;;;;1006,0;
Dallas;;;;;;;;;;;;;495,4;;;;;555,2;606,1;;627,6;;;;;;;;;;;;;;;
LittleRock;;;;;;;;;;;;;;;;;;488,6;;555,9;;572,5;;;;;;;;;;;;;799,4;692,8
SaintLouis;;;;;;;;;;;;;;;;;439,7;;;;615,8;;441,4;;;;;;453,5;;;;;;;651,7
Chicago;;;;;;;;;;;;;;;370,8;393,3;;;;;;517,3;;;358,8;;;;437,4;;;;;;;
SaultStMarie;;;;;;;;;;;;;;295,2;;;;;;;;;;;197,0;119,4;;;;;;;;;;
Toronto;;;;;;;;;;;;;;;294,3;;;;;;;;471,4;164,0;;119,6;;;400,6;;;;;;;
Montreal;;;;;;;;;;;;;;;;;;;;;;;;175,9;267,6;;54,2;120,0;;;;;;;;
Boston;;;;;;;;;;;;;;;;;;;;;;;;;;78,2;;191,0;;;;;;;;
NewYork;;;;;;;;;;;;;;;;;;;;;;;;;;11,5;66,3;;;434,2;;;;;;
Pittsburgh;;;;;;;;;;;;;;;;;;;;;;534,2;498,2;;303,7;;;;;365,4;533,4;;;;;
Washington;;;;;;;;;;;;;;;;;;;;;;;;;;;;277,5;422,2;;550,1;;;;;
Raleigh;;;;;;;;;;;;;;;;;;;;;;;;;;;;;471,3;441,0;;;728,6;;;
Atlanta;;;;;;;;;;;;;;;;;;;;;;;;;;;;;;;;;1000,0;1000,0;1000,0;1000,0
Charleston;;;;;;;;;;;;;;;;;;;;;;;;;;;;;;;540,8;902,0;;795,3;;
Miami;;;;;;;;;;;;;;;;;;;;;;;;;;;;;;;;905,0;758,1;;753,5;
NewOrleans;;;;;;;;;;;;;;;;;;;602,4;;612,5;;;;;;;;;;;984,0;;750,2;;
Nashville;;;;;;;;;;;;;;;;;;;;;595,6;573,1;;;;;;;;;;901,0;;;;
Step_8000;Vancouver;Seattle;Calgary;Portland;Helena;SaltLakeCity;SanFrancisco;LosAngeles;LasVegas;Phoenix;SantaFe;Denver;ElPaso;Winnipeg;Duluth;Omaha;KansasCity;OklahomaCity;Houston;Dallas;LittleRock;SaintLouis;Chicago;SaultStMarie;Toronto;Montreal;Boston;NewYork;Pittsburgh;Washington;Raleigh;Atlanta;Charleston;Miami;NewOrleans;Nashville
Vancouver;;291,5;290,9;;;;;;;;;;;;;;;;;;;;;;;;;;;;;;;;;
Seattle;260,6;;298,1;304,2;327,6;;;;;;;;;;;;;;;;;;;;;;;;;;;;;;;
Calgary;263,8;271,8;;;349,5;;;;;;;;;302,4;;;;;;;;;;;;;;;;;;;;;;
Portland;;271,6;;;;319,5;307,7;;;;;;;;;;;;;;;;;;;;;;;;;;;;;
Helena;;289,1;269,6;;;338,1;;;;;;412,5;;294,3;368,7;376,7;;;;;;;;;;;;;;;;;;;;
SaltLakeCity;;;;294,1;324,2;;309,5;;338,0;;;397,8;;;;;;;;;;;;;;;;;;;;;;;;
SanFrancisco;;;;288,5;;340,8;;1021,0;;;;;;;;;;;;;;;;;;;;;;;;;;;;
LosAngeles;;;;;;;316,4;;319,1;424,9;;;1018,0;;;;;;;;;;;;;;;;;;;;;;;
LasVegas;;;;;;327,9;;396,4;;;;;;;;;;;;;;;;;;;;;;;;;;;;
Phoenix;;;;;;;;407,7;;;392,8;415,1;479,0;;;;;;;;;;;;;;;;;;;;;;;
SantaFe;;;;;;;;;;412,8;;389,2;487,4;;;;;484,6;;;;;;;;;;;;;;;;;;
Denver;;;;;352,9;321,3;;;;410,8;388,4;;;;;393,6;457,7;488,2;;;;;;;;;;;;;;;;;;
ElPaso;;;;;;;;366,7;;438,8;401,9;;;;;;;500,1;1012,0;496,1;;;;;;;;;;;;;;;;
Winnipeg;;;306,7;;324,3;;;;;;;;;;365,8;;;;;;;;;255,2;;;;;;;;;;;;
Duluth;;;;;316,4;;;;;;;;;321,9;;;;;;;;;439,6;;386,2;;;;;;;;;;;
Omaha;;;;;326,9;;;;;;;401,5;;;;;;;;;;;457,7;;;;;;;;;;;;;
KansasCity;;;;;;;;;;;;388,2;;;;;;;;;;563,0;;;;;;;;;;;;;;
OklahomaCity;;;;;;;;;;;433,2;388,3;499,7;;;;;;;498,9;628,6;;;;;;;;;;;;;;;
Houston;;;;;;;;;;;;;484,6;;;;;;;516,3;;;;;;;;;;;;;;;1006,0;
Dallas;;;;;;;;;;;;;511,2;;;;;461,3;581,7;;550,6;;;;;;;;;;;;;;;
LittleRock;;;;;;;;;;;;;;;;;;469,8;;512,3;;603,6;;;;;;;;;;;;;735,3;752,8
SaintLouis;;;;;;;;;;;;;;;;;446,7;;;;601,0;;482,0;;;;;;497,5;;;;;;;672,5
Chicago;;;;;;;;;;;;;;;372,2;396,5;;;;;;541,1;;;361,0;;;;497,7;;;;;;;
SaultStMarie;;;;;;;;;;;;;;315,5;;;;;;;;;;;294,8;139,1;;;;;;;;;;
Toronto;;;;;;;;;;;;;;;345,0;;;;;;;;430,5;232,1;;208,3;;;513,0;;;;;;;
Montreal;;;;;;;;;;;;;;;;;;;;;;;;238,6;350,6;;110,2;173,0;;;;;;;;
Boston;;;;;;;;;;;;;;;;;;;;;;;;;;160,5;;318,6;;;;;;;;
NewYork;;;;;;;;;;;;;;;;;;;;;;;;;;96,3;168,4;;;441,9;;;;;;
Pittsburgh;;;;;;;;;;;;;;;;;;;;;;593,8;473,4;;365,4;;;;;448,4;574,4;;;;;
Washington;;;;;;;;;;;;;;;;;;;;;;;;;;;;246,9;455,8;;654,4;;;;;
Raleigh;;;;;;;;;;;;;;;;;;;;;;;;;;;;;460,9;403,9;;;803,1;;;
Atlanta;;;;;;;;;;;;;;;;;;;;;;;;;;;;;;;;;1000,0;1000,0;1000,0;1000,0
Charleston;;;;;;;;;;;;;;;;;;;;;;;;;;;;;;;568,4;902,0;;763,4;;
Miami;;;;;;;;;;;;;;;;;;;;;;;;;;;;;;;;905,0;757,3;;661,4;
NewOrleans;;;;;;;;;;;;;;;;;;;667,0;;648,6;;;;;;;;;;;1004,0;;768,6;;
Nashville;;;;;;;;;;;;;;;;;;;;;632,7;595,2;;;;;;;;;;901,0;;;;
Step_12000;Vancouver;Seattle;Calgary;Portland;Helena;SaltLakeCity;SanFrancisco;LosAngeles;LasVegas;Phoenix;SantaFe;Denver;ElPaso;Winnipeg;Duluth;Omaha;KansasCity;OklahomaCity;Houston;Dallas;LittleRock;SaintLouis;Chicago;SaultStMarie;Toronto;Montreal;Boston;NewYork;Pittsburgh;Washington;Raleigh;Atlanta;Charleston;Miami;NewOrleans;Nashville
Vancouver;;311,4;290,9;;;;;;;;;;;;;;;;;;;;;;;;;;;;;;;;;
Seattle;265,6;;289,8;303,6;369,9;;;;;;;;;;;;;;;;;;;;;;;;;;;;;;;
Calgary;268,3;293,0;;;326,1;;;;;;;;;345,1;;;;;;;;;;;;;;;;;;;;;;
Portland;;275,7;;;;341,0;329,9;;;;;;;;;;;;;;;;;;;;;;;;;;;;;
Helena;;319,4;262,5;;;347,0;;;;;;407,2;;306,5;394,7;365,1;;;;;;;;;;;;;;;;;;;;
SaltLakeCity;;;;317,6;327,8;;328,3;;358,5;;;414,0;;;;;;;;;;;;;;;;;;;;;;;;
SanFrancisco;;;;311,0;;353,1;;978,0;;;;;;;;;;;;;;;;;;;;;;;;;;;;
LosAngeles;;;;;;;321,7;;344,1;450,0;;;892,3;;;;;;;;;;;;;;;;;;;;;;;
LasVegas;;;;;;369,7;;394,6;;;;;;;;;;;;;;;;;;;;;;;;;;;;
Phoenix;;;;;;;;431,5;;;424,9;415,2;517,3;;;;;;;;;;;;;;;;;;;;;;;
SantaFe;;;;;;;;;;397,8;;365,5;449,2;;;;;507,9;;;;;;;;;;;;;;;;;;
Denver;;;;;326,4;354,0;;;;404,0;431,1;;;;;385,9;476,3;507,6;;;;;;;;;;;;;;;;;;
ElPaso;;;;;;;;365,5;;425,9;422,7;;;;;;;515,1;1012,0;501,2;;;;;;;;;;;;;;;;
Winnipeg;;;301,1;;342,9;;;;;;;;;;382,9;;;;;;;;;290,0;;;;;;;;;;;;
Duluth;;;;;353,7;;;;;;;;;315,2;;;;;;;;;498,7;;382,6;;;;;;;;;;;
Omaha;;;;;320,2;;;;;;;418,4;;;;;;;;;;;500,9;;;;;;;;;;;;;
KansasCity;;;;;;;;;;;;396,1;;;;;;;;;;622,2;;;;;;;;;;;;;;
OklahomaCity;;;;;;;;;;;442,5;382,0;461,8;;;;;;;538,3;665,9;;;;;;;;;;;;;;;
Houston;;;;;;;;;;;;;493,3;;;;;;;526,6;;;;;;;;;;;;;;;1006,0;
Dallas;;;;;;;;;;;;;526,3;;;;;510,3;559,2;;663,1;;;;;;;;;;;;;;;
LittleRock;;;;;;;;;;;;;;;;;;516,3;;555,3;;569,7;;;;;;;;;;;;;798,0;656,4
SaintLouis;;;;;;;;;;;;;;;;;485,6;;;;568,8;;466,7;;;;;;499,0;;;;;;;762,8
Chicago;;;;;;;;;;;;;;;360,7;378,2;;;;;;577,3;;;405,1;;;;502,3;;;;;;;
SaultStMarie;;;;;;;;;;;;;;320,9;;;;;;;;;;;378,8;176,3;;;;;;;;;;
Toronto;;;;;;;;;;;;;;;368,0;;;;;;;;409,5;271,5;;315,8;;;489,4;;;;;;;
Montreal;;;;;;;;;;;;;;;;;;;;;;;;274,7;401,8;;203,3;232,5;;;;;;;;
Boston;;;;;;;;;;;;;;;;;;;;;;;;;;220,5;;400,0;;;;;;;;
NewYork;;;;;;;;;;;;;;;;;;;;;;;;;;136,0;272,5;;;453,1;;;;;;
Pittsburgh;;;;;;;;;;;;;;;;;;;;;;516,0;449,0;;393,8;;;;;438,3;575,2;;;;;
Washington;;;;;;;;;;;;;;;;;;;;;;;;;;;;313,5;469,8;;523,5;;;;;
Raleigh;;;;;;;;;;;;;;;;;;;;;;;;;;;;;508,1;383,3;;;704,0;;;
Atlanta;;;;;;;;;;;;;;;;;;;;;;;;;;;;;;;;;1000,0;1000,0;1000,0;1000,0
Charleston;;;;;;;;;;;;;;;;;;;;;;;;;;;;;;;601,6;902,0;;774,7;;
Miami;;;;;;;;;;;;;;;;;;;;;;;;;;;;;;;;905,0;812,9;;741,5;
NewOrleans;;;;;;;;;;;;;;;;;;;550,1;;606,1;;;;;;;;;;;984,0;;786,9;;
Nashville;;;;;;;;;;;;;;;;;;;;;633,8;611,6;;;;;;;;;;901,0;;;;
Step_16000;Vancouver;Seattle;Calgary;Portland;Helena;SaltLakeCity;SanFrancisco;LosAngeles;LasVegas;Phoenix;SantaFe;Denver;ElPaso;Winnipeg;Duluth;Omaha;KansasCity;OklahomaCity;Houston;Dallas;LittleRock;SaintLouis;Chicago;SaultStMarie;Toronto;Montreal;Boston;NewYork;Pittsburgh;Washington;Raleigh;Atlanta;Charleston;Miami;NewOrleans;Nashville
Vancouver;;305,2;285,8;;;;;;;;;;;;;;;;;;;;;;;;;;;;;;;;;
Seattle;266,5;;310,9;305,4;343,8;;;;;;;;;;;;;;;;;;;;;;;;;;;;;;;
Calgary;265,5;294,7;;;331,1;;;;;;;;;351,6;;;;;;;;;;;;;;;;;;;;;;
Portland;;292,1;;;;345,6;337,9;;;;;;;;;;;;;;;;;;;;;;;;;;;;;
Helena;;307,7;301,0;;;358,5;;;;;;379,5;;338,1;382,3;410,4;;;;;;;;;;;;;;;;;;;;
SaltLakeCity;;;;303,8;350,0;;331,9;;351,3;;;411,0;;;;;;;;;;;;;;;;;;;;;;;;
SanFrancisco;;;;307,4;;346,7;;1021,0;;;;;;;;;;;;;;;;;;;;;;;;;;;;
LosAngeles;;;;;;;324,7;;360,7;397,1;;;1018,0;;;;;;;;;;;;;;;;;;;;;;;
LasVegas;;;;;;360,9;;408,1;;;;;;;;;;;;;;;;;;;;;;;;;;;;
Phoenix;;;;;;;;429,5;;;422,3;364,6;451,4;;;;;;;;;;;;;;;;;;;;;;;
SantaFe;;;;;;;;;;428,5;;397,8;453,4;;;;;547,3;;;;;;;;;;;;;;;;;;
Denver;;;;;343,5;380,4;;;;422,9;431,8;;;;;403,9;520,1;449,7;;;;;;;;;;;;;;;;;;
ElPaso;;;;;;;;391,8;;406,2;444,1;;;;;;;520,1;1012,0;510,4;;;;;;;;;;;;;;;;
Winnipeg;;;298,2;;345,0;;;;;;;;;;395,2;;;;;;;;;340,3;;;;;;;;;;;;
Duluth;;;;;345,6;;;;;;;;;333,3;;;;;;;;;458,2;;426,3;;;;;;;;;;;
Omaha;;;;;345,9;;;;;;;430,2;;;;;;;;;;;516,6;;;;;;;;;;;;;
KansasCity;;;;;;;;;;;;438,1;;;;;;;;;;613,9;;;;;;;;;;;;;;
OklahomaCity;;;;;;;;;;;418,7;411,5;482,0;;;;;;;528,9;610,6;;;;;;;;;;;;;;;
Houston;;;;;;;;;;;;;466,2;;;;;;;558,6;;;;;;;;;;;;;;;1006,0;
Dallas;;;;;;;;;;;;;491,2;;;;;508,6;576,2;;661,6;;;;;;;;;;;;;;;
LittleRock;;;;;;;;;;;;;;;;;;487,8;;497,7;;590,8;;;;;;;;;;;;;711,9;721,1
SaintLouis;;;;;;;;;;;;;;;;;524,3;;;;564,4;;490,9;;;;;;479,5;;;;;;;744,0
Chicago;;;;;;;;;;;;;;;404,9;412,4;;;;;;565,6;;;374,5;;;;505,4;;;;;;;
SaultStMarie;;;;;;;;;;;;;;332,5;;;;;;;;;;;389,2;286,5;;;;;;;;;;
Toronto;;;;;;;;;;;;;;;401,4;;;;;;;;513,2;300,0;;319,9;;;465,0;;;;;;;
Montreal;;;;;;;;;;;;;;;;;;;;;;;;289,8;345,4;;260,3;295,6;;;;;;;;
Boston;;;;;;;;;;;;;;;;;;;;;;;;;;242,0;;378,6;;;;;;;;
NewYork;;;;;;;;;;;;;;;;;;;;;;;;;;214,0;291,3;;;508,3;;;;;;
Pittsburgh;;;;;;;;;;;;;;;;;;;;;;588,9;483,3;;430,5;;;;;421,9;647,0;;;;;
Washington;;;;;;;;;;;;;;;;;;;;;;;;;;;;366,9;447,6;;635,7;;;;;
Raleigh;;;;;;;;;;;;;;;;;;;;;;;;;;;;;529,2;484,7;;;779,7;;;
Atlanta;;;;;;;;;;;;;;;;;;;;;;;;;;;;;;;;;1000,0;1000,0;1000,0;1000,0
Charleston;;;;;;;;;;;;;;;;;;;;;;;;;;;;;;;677,9;902,0;;790,5;;
Miami;;;;;;;;;;;;;;;;;;;;;;;;;;;;;;;;905,0;772,1;;761,6;
NewOrleans;;;;;;;;;;;;;;;;;;;543,8;;643,7;;;;;;;;;;;1004,0;;738,4;;
Nashville;;;;;;;;;;;;;;;;;;;;;664,1;582,0;;;;;;;;;;901,0;;;;
Step_20000;Vancouver;Seattle;Calgary;Portland;Helena;SaltLakeCity;SanFrancisco;LosAngeles;LasVegas;Phoenix;SantaFe;Denver;ElPaso;Winnipeg;Duluth;Omaha;KansasCity;OklahomaCity;Houston;Dallas;LittleRock;SaintLouis;Chicago;SaultStMarie;Toronto;Montreal;Boston;NewYork;Pittsburgh;Washington;Raleigh;Atlanta;Charleston;Miami;NewOrleans;Nashville
Vancouver;;270,0;272,2;;;;;;;;;;;;;;;;;;;;;;;;;;;;;;;;;
Seattle;255,4;;312,4;313,6;356,1;;;;;;;;;;;;;;;;;;;;;;;;;;;;;;;
Calgary;259,5;301,3;;;333,9;;;;;;;;;331,1;;;;;;;;;;;;;;;;;;;;;;
Portland;;299,7;;;;315,6;310,3;;;;;;;;;;;;;;;;;;;;;;;;;;;;;
Helena;;307,3;287,5;;;355,6;;;;;;373,5;;353,0;402,3;386,6;;;;;;;;;;;;;;;;;;;;
SaltLakeCity;;;;301,3;353,1;;329,6;;327,4;;;387,4;;;;;;;;;;;;;;;;;;;;;;;;
SanFrancisco;;;;290,2;;321,2;;977,5;;;;;;;;;;;;;;;;;;;;;;;;;;;;
LosAngeles;;;;;;;316,4;;321,7;396,5;;;889,4;;;;;;;;;;;;;;;;;;;;;;;
LasVegas;;;;;;341,4;;348,1;;;;;;;;;;;;;;;;;;;;;;;;;;;;
Phoenix;;;;;;;;365,4;;;417,9;395,5;443,6;;;;;;;;;;;;;;;;;;;;;;;
SantaFe;;;;;;;;;;392,4;;407,9;445,7;;;;;469,0;;;;;;;;;;;;;;;;;;
Denver;;;;;342,4;344,1;;;;404,8;411,1;;;;;388,4;445,9;421,0;;;;;;;;;;;;;;;;;;
ElPaso;;;;;;;;468,9;;393,9;410,1;;;;;;;450,4;987,6;462,2;;;;;;;;;;;;;;;;
Winnipeg;;;304,9;;361,4;;;;;;;;;;413,1;;;;;;;;;324,1;;;;;;;;;;;;
Duluth;;;;;360,9;;;;;;;;;338,4;;;;;;;;;452,5;;412,1;;;;;;;;;;;
Omaha;;;;;372,5;;;;;;;456,9;;;;;;;;;;;433,5;;;;;;;;;;;;;
KansasCity;;;;;;;;;;;;391,2;;;;;;;;;;523,5;;;;;;;;;;;;;;
OklahomaCity;;;;;;;;;;;416,5;404,5;441,9;;;;;;;491,6;504,2;;;;;;;;;;;;;;;
Houston;;;;;;;;;;;;;465,6;;;;;;;465,5;;;;;;;;;;;;;;;982,3;
Dallas;;;;;;;;;;;;;461,8;;;;;486,9;499,2;;566,2;;;;;;;;;;;;;;;
LittleRock;;;;;;;;;;;;;;;;;;437,7;;499,9;;526,6;;;;;;;;;;;;;669,6;774,9
SaintLouis;;;;;;;;;;;;;;;;;435,3;;;;625,6;;433,0;;;;;;470,7;;;;;;;655,7
Chicago;;;;;;;;;;;;;;;370,5;399,3;;;;;;464,3;;;387,2;;;;447,1;;;;;;;
SaultStMarie;;;;;;;;;;;;;;348,6;;;;;;;;;;;369,6;313,0;;;;;;;;;;
Toronto;;;;;;;;;;;;;;;404,9;;;;;;;;426,9;330,9;;316,1;;;491,9;;;;;;;
Montreal;;;;;;;;;;;;;;;;;;;;;;;;309,9;416,5;;253,0;293,2;;;;;;;;
Boston;;;;;;;;;;;;;;;;;;;;;;;;;;263,3;;379,7;;;;;;;;
NewYork;;;;;;;;;;;;;;;;;;;;;;;;;;268,5;321,2;;;494,1;;;;;;
Pittsburgh;;;;;;;;;;;;;;;;;;;;;;509,3;454,5;;392,8;;;;;422,9;598,6;;;;;
Washington;;;;;;;;;;;;;;;;;;;;;;;;;;;;402,2;496,1;;612,7;;;;;
Raleigh;;;;;;;;;;;;;;;;;;;;;;;;;;;;;508,3;493,3;;;762,2;;;
Atlanta;;;;;;;;;;;;;;;;;;;;;;;;;;;;;;;;;1000,0;1000,0;1000,0;1000,0
Charleston;;;;;;;;;;;;;;;;;;;;;;;;;;;;;;;622,6;902,0;;733,9;;
Miami;;;;;;;;;;;;;;;;;;;;;;;;;;;;;;;;905,0;721,1;;787,3;
NewOrleans;;;;;;;;;;;;;;;;;;;594,7;;568,6;;;;;;;;;;;984,0;;737,0;;
Nashville;;;;;;;;;;;;;;;;;;;;;584,8;573,3;;;;;;;;;;901,0;;;;
Step_24000;Vancouver;Seattle;Calgary;Portland;Helena;SaltLakeCity;SanFrancisco;LosAngeles;LasVegas;Phoenix;SantaFe;Denver;ElPaso;Winnipeg;Duluth;Omaha;KansasCity;OklahomaCity;Houston;Dallas;LittleRock;SaintLouis;Chicago;SaultStMarie;Toronto;Montreal;Boston;NewYork;Pittsburgh;Washington;Raleigh;Atlanta;Charleston;Miami;NewOrleans;Nashville
Vancouver;;301,5;311,0;;;;;;;;;;;;;;;;;;;;;;;;;;;;;;;;;
Seattle;277,5;;320,3;313,9;348,1;;;;;;;;;;;;;;;;;;;;;;;;;;;;;;;
Calgary;263,0;308,9;;;357,8;;;;;;;;;335,1;;;;;;;;;;;;;;;;;;;;;;
Portland;;283,8;;;;354,0;360,9;;;;;;;;;;;;;;;;;;;;;;;;;;;;;
Helena;;293,5;300,9;;;348,0;;;;;;389,8;;343,5;390,7;387,4;;;;;;;;;;;;;;;;;;;;
SaltLakeCity;;;;309,1;359,1;;361,6;;347,6;;;383,3;;;;;;;;;;;;;;;;;;;;;;;;
SanFrancisco;;;;323,3;;353,8;;885,2;;;;;;;;;;;;;;;;;;;;;;;;;;;;
LosAngeles;;;;;;;355,3;;376,6;424,3;;;990,9;;;;;;;;;;;;;;;;;;;;;;;
LasVegas;;;;;;374,7;;500,9;;;;;;;;;;;;;;;;;;;;;;;;;;;;
Phoenix;;;;;;;;389,9;;;428,3;419,9;526,4;;;;;;;;;;;;;;;;;;;;;;;
SantaFe;;;;;;;;;;397,3;;422,9;474,3;;;;;507,3;;;;;;;;;;;;;;;;;;
Denver;;;;;349,2;369,3;;;;410,8;417,4;;;;;388,3;459,6;493,8;;;;;;;;;;;;;;;;;;
ElPaso;;;;;;;;441,7;;444,7;439,4;;;;;;;486,7;973,9;509,1;;;;;;;;;;;;;;;;
Winnipeg;;;309,0;;377,0;;;;;;;;;;414,4;;;;;;;;;358,0;;;;;;;;;;;;
Duluth;;;;;367,6;;;;;;;;;347,5;;;;;;;;;504,7;;416,3;;;;;;;;;;;
Omaha;;;;;336,7;;;;;;;400,9;;;;;;;;;;;435,0;;;;;;;;;;;;;
KansasCity;;;;;;;;;;;;398,8;;;;;;;;;;558,1;;;;;;;;;;;;;;
OklahomaCity;;;;;;;;;;;446,8;418,4;509,8;;;;;;;529,4;576,3;;;;;;;;;;;;;;;
Houston;;;;;;;;;;;;;503,4;;;;;;;509,9;;;;;;;;;;;;;;;906,3;
Dallas;;;;;;;;;;;;;522,0;;;;;516,5;562,6;;562,7;;;;;;;;;;;;;;;
LittleRock;;;;;;;;;;;;;;;;;;524,0;;511,9;;587,2;;;;;;;;;;;;;723,5;675,1
SaintLouis;;;;;;;;;;;;;;;;;490,3;;;;597,1;;479,9;;;;;;445,2;;;;;;;777,7
Chicago;;;;;;;;;;;;;;;366,2;387,9;;;;;;522,4;;;418,5;;;;481,8;;;;;;;
SaultStMarie;;;;;;;;;;;;;;352,4;;;;;;;;;;;425,6;353,1;;;;;;;;;;
Toronto;;;;;;;;;;;;;;;394,8;;;;;;;;472,2;349,9;;331,5;;;482,6;;;;;;;
Montreal;;;;;;;;;;;;;;;;;;;;;;;;326,1;434,9;;301,6;293,2;;;;;;;;
Boston;;;;;;;;;;;;;;;;;;;;;;;;;;280,8;;383,4;;;;;;;;
NewYork;;;;;;;;;;;;;;;;;;;;;;;;;;308,7;339,4;;;413,1;;;;;;
Pittsburgh;;;;;;;;;;;;;;;;;;;;;;556,7;486,0;;423,2;;;;;492,4;482,8;;;;;
Washington;;;;;;;;;;;;;;;;;;;;;;;;;;;;347,1;515,7;;557,2;;;;;
Raleigh;;;;;;;;;;;;;;;;;;;;;;;;;;;;;510,1;408,3;;;736,9;;;
Atlanta;;;;;;;;;;;;;;;;;;;;;;;;;;;;;;;;;1000,0;1000,0;1000,0;1000,0
Charleston;;;;;;;;;;;;;;;;;;;;;;;;;;;;;;;642,9;902,0;;753,6;;
Miami;;;;;;;;;;;;;;;;;;;;;;;;;;;;;;;;905,0;710,4;;786,0;
NewOrleans;;;;;;;;;;;;;;;;;;;561,6;;595,9;;;;;;;;;;;984,0;;733,4;;
Nashville;;;;;;;;;;;;;;;;;;;;;589,9;638,2;;;;;;;;;;901,0;;;;
Step_28000;Vancouver;Seattle;Calgary;Portland;Helena;SaltLakeCity;SanFrancisco;LosAngeles;LasVegas;Phoenix;SantaFe;Denver;ElPaso;Winnipeg;Duluth;Omaha;KansasCity;OklahomaCity;Houston;Dallas;LittleRock;SaintLouis;Chicago;SaultStMarie;Toronto;Montreal;Boston;NewYork;Pittsburgh;Washington;Raleigh;Atlanta;Charleston;Miami;NewOrleans;Nashville
Vancouver;;305,0;280,7;;;;;;;;;;;;;;;;;;;;;;;;;;;;;;;;;
Seattle;268,7;;298,2;313,6;353,7;;;;;;;;;;;;;;;;;;;;;;;;;;;;;;;
Calgary;265,4;301,7;;;372,1;;;;;;;;;330,3;;;;;;;;;;;;;;;;;;;;;;
Portland;;298,6;;;;357,4;335,6;;;;;;;;;;;;;;;;;;;;;;;;;;;;;
Helena;;303,5;306,7;;;343,0;;;;;;425,1;;328,1;365,9;406,6;;;;;;;;;;;;;;;;;;;;
SaltLakeCity;;;;307,5;355,3;;335,9;;352,6;;;436,9;;;;;;;;;;;;;;;;;;;;;;;;
SanFrancisco;;;;295,2;;332,6;;996,2;;;;;;;;;;;;;;;;;;;;;;;;;;;;
LosAngeles;;;;;;;332,7;;353,2;433,3;;;993,4;;;;;;;;;;;;;;;;;;;;;;;
LasVegas;;;;;;355,9;;414,0;;;;;;;;;;;;;;;;;;;;;;;;;;;;
Phoenix;;;;;;;;396,6;;;450,2;405,2;487,7;;;;;;;;;;;;;;;;;;;;;;;
SantaFe;;;;;;;;;;428,2;;426,3;473,7;;;;;546,3;;;;;;;;;;;;;;;;;;
Denver;;;;;367,3;361,6;;;;429,9;440,0;;;;;392,4;487,4;524,1;;;;;;;;;;;;;;;;;;
ElPaso;;;;;;;;406,9;;423,9;455,5;;;;;;;533,2;987,6;520,4;;;;;;;;;;;;;;;;
Winnipeg;;;285,2;;371,4;;;;;;;;;;362,5;;;;;;;;;341,7;;;;;;;;;;;;
Duluth;;;;;320,2;;;;;;;;;333,2;;;;;;;;;430,0;;385,0;;;;;;;;;;;
Omaha;;;;;339,4;;;;;;;413,8;;;;;;;;;;;490,1;;;;;;;;;;;;;
KansasCity;;;;;;;;;;;;394,8;;;;;;;;;;598,4;;;;;;;;;;;;;;
OklahomaCity;;;;;;;;;;;424,7;405,4;512,0;;;;;;;501,6;647,4;;;;;;;;;;;;;;;
Houston;;;;;;;;;;;;;503,2;;;;;;;505,0;;;;;;;;;;;;;;;982,3;
Dallas;;;;;;;;;;;;;473,0;;;;;523,2;549,8;;615,9;;;;;;;;;;;;;;;
LittleRock;;;;;;;;;;;;;;;;;;554,2;;525,3;;613,4;;;;;;;;;;;;;744,4;724,6
SaintLouis;;;;;;;;;;;;;;;;;490,9;;;;632,8;;415,9;;;;;;473,4;;;;;;;803,4
Chicago;;;;;;;;;;;;;;;336,4;379,7;;;;;;653,9;;;398,0;;;;482,5;;;;;;;
SaultStMarie;;;;;;;;;;;;;;352,7;;;;;;;;;;;376,3;346,4;;;;;;;;;;
Toronto;;;;;;;;;;;;;;;380,7;;;;;;;;444,1;349,9;;324,6;;;458,7;;;;;;;
Montreal;;;;;;;;;;;;;;;;;;;;;;;;338,5;389,8;;338,2;329,8;;;;;;;;
Boston;;;;;;;;;;;;;;;;;;;;;;;;;;280,8;;381,4;;;;;;;;
NewYork;;;;;;;;;;;;;;;;;;;;;;;;;;329,5;348,1;;;462,4;;;;;;
Pittsburgh;;;;;;;;;;;;;;;;;;;;;;495,5;483,3;;411,7;;;;;450,2;595,3;;;;;
Washington;;;;;;;;;;;;;;;;;;;;;;;;;;;;354,8;472,8;;643,7;;;;;
Raleigh;;;;;;;;;;;;;;;;;;;;;;;;;;;;;451,4;474,5;;;795,7;;;
Atlanta;;;;;;;;;;;;;;;;;;;;;;;;;;;;;;;;;1000,0;1000,0;1000,0;1000,0
Charleston;;;;;;;;;;;;;;;;;;;;;;;;;;;;;;;511,7;902,0;;794,9;;
Miami;;;;;;;;;;;;;;;;;;;;;;;;;;;;;;;;905,0;741,4;;781,8;
NewOrleans;;;;;;;;;;;;;;;;;;;580,4;;601,0;;;;;;;;;;;984,0;;784,1;;
Nashville;;;;;;;;;;;;;;;;;;;;;619,0;554,7;;;;;;;;;;901,0;;;;
Step_32000;Vancouver;Seattle;Calgary;Portland;Helena;SaltLakeCity;SanFrancisco;LosAngeles;LasVegas;Phoenix;SantaFe;Denver;ElPaso;Winnipeg;Duluth;Omaha;KansasCity;OklahomaCity;Houston;Dallas;LittleRock;SaintLouis;Chicago;SaultStMarie;Toronto;Montreal;Boston;NewYork;Pittsburgh;Washington;Raleigh;Atlanta;Charleston;Miami;NewOrleans;Nashville
Vancouver;;295,1;298,2;;;;;;;;;;;;;;;;;;;;;;;;;;;;;;;;;
Seattle;268,8;;289,5;302,5;330,5;;;;;;;;;;;;;;;;;;;;;;;;;;;;;;;
Calgary;270,1;284,7;;;326,3;;;;;;;;;336,1;;;;;;;;;;;;;;;;;;;;;;
Portland;;262,5;;;;333,3;345,0;;;;;;;;;;;;;;;;;;;;;;;;;;;;;
Helena;;302,4;304,0;;;357,1;;;;;;361,6;;337,6;375,1;368,0;;;;;;;;;;;;;;;;;;;;
SaltLakeCity;;;;304,3;339,7;;334,2;;339,9;;;404,2;;;;;;;;;;;;;;;;;;;;;;;;
SanFrancisco;;;;283,0;;345,7;;1021,0;;;;;;;;;;;;;;;;;;;;;;;;;;;;
LosAngeles;;;;;;;350,1;;361,7;424,0;;;1018,0;;;;;;;;;;;;;;;;;;;;;;;
LasVegas;;;;;;340,0;;418,4;;;;;;;;;;;;;;;;;;;;;;;;;;;;
Phoenix;;;;;;;;426,6;;;438,8;404,6;499,5;;;;;;;;;;;;;;;;;;;;;;;
SantaFe;;;;;;;;;;441,3;;381,1;459,2;;;;;521,1;;;;;;;;;;;;;;;;;;
Denver;;;;;341,7;360,5;;;;416,0;435,4;;;;;355,3;455,9;507,4;;;;;;;;;;;;;;;;;;
ElPaso;;;;;;;;419,4;;442,8;433,3;;;;;;;466,8;1012,0;561,0;;;;;;;;;;;;;;;;
Winnipeg;;;297,8;;347,3;;;;;;;;;;353,8;;;;;;;;;336,3;;;;;;;;;;;;
Duluth;;;;;331,8;;;;;;;;;318,5;;;;;;;;;415,9;;401,3;;;;;;;;;;;
Omaha;;;;;353,7;;;;;;;395,7;;;;;;;;;;;424,5;;;;;;;;;;;;;
KansasCity;;;;;;;;;;;;429,2;;;;;;;;;;540,1;;;;;;;;;;;;;;
OklahomaCity;;;;;;;;;;;429,2;368,5;508,9;;;;;;;550,1;642,8;;;;;;;;;;;;;;;
Houston;;;;;;;;;;;;;484,3;;;;;;;556,0;;;;;;;;;;;;;;;1006,0;
Dallas;;;;;;;;;;;;;462,3;;;;;489,5;666,4;;619,9;;;;;;;;;;;;;;;
LittleRock;;;;;;;;;;;;;;;;;;511,3;;492,0;;543,4;;;;;;;;;;;;;806,4;708,7
SaintLouis;;;;;;;;;;;;;;;;;460,5;;;;571,4;;483,2;;;;;;462,4;;;;;;;670,7
Chicago;;;;;;;;;;;;;;;379,6;372,3;;;;;;558,0;;;384,6;;;;471,0;;;;;;;
SaultStMarie;;;;;;;;;;;;;;345,8;;;;;;;;;;;383,3;348,8;;;;;;;;;;
Toronto;;;;;;;;;;;;;;;394,0;;;;;;;;485,5;337,9;;343,1;;;488,2;;;;;;;
Montreal;;;;;;;;;;;;;;;;;;;;;;;;331,7;404,3;;353,6;389,6;;;;;;;;
Boston;;;;;;;;;;;;;;;;;;;;;;;;;;324,5;;410,3;;;;;;;;
NewYork;;;;;;;;;;;;;;;;;;;;;;;;;;343,9;327,3;;;489,1;;;;;;
Pittsburgh;;;;;;;;;;;;;;;;;;;;;;480,8;456,1;;412,5;;;;;443,2;664,3;;;;;
Washington;;;;;;;;;;;;;;;;;;;;;;;;;;;;384,9;474,3;;572,1;;;;;
Raleigh;;;;;;;;;;;;;;;;;;;;;;;;;;;;;521,0;487,4;;;730,5;;;
Atlanta;;;;;;;;;;;;;;;;;;;;;;;;;;;;;;;;;1000,0;1000,0;1000,0;1000,0
Charleston;;;;;;;;;;;;;;;;;;;;;;;;;;;;;;;653,5;902,0;;736,9;;
Miami;;;;;;;;;;;;;;;;;;;;;;;;;;;;;;;;905,0;774,8;;775,3;
NewOrleans;;;;;;;;;;;;;;;;;;;632,3;;597,6;;;;;;;;;;;984,0;;805,6;;
Nashville;;;;;;;;;;;;;;;;;;;;;602,1;582,8;;;;;;;;;;901,0;;;;
Step_36000;Vancouver;Seattle;Calgary;Portland;Helena;SaltLakeCity;SanFrancisco;LosAngeles;LasVegas;Phoenix;SantaFe;Denver;ElPaso;Winnipeg;Duluth;Omaha;KansasCity;OklahomaCity;Houston;Dallas;LittleRock;SaintLouis;Chicago;SaultStMarie;Toronto;Montreal;Boston;NewYork;Pittsburgh;Washington;Raleigh;Atlanta;Charleston;Miami;NewOrleans;Nashville
Vancouver;;281,5;291,1;;;;;;;;;;;;;;;;;;;;;;;;;;;;;;;;;
Seattle;263,2;;307,8;309,1;373,5;;;;;;;;;;;;;;;;;;;;;;;;;;;;;;;
Calgary;268,6;292,3;;;355,4;;;;;;;;;319,6;;;;;;;;;;;;;;;;;;;;;;
Portland;;288,3;;;;343,5;345,6;;;;;;;;;;;;;;;;;;;;;;;;;;;;;
Helena;;294,0;293,9;;;349,1;;;;;;413,1;;315,0;363,5;397,8;;;;;;;;;;;;;;;;;;;;
SaltLakeCity;;;;307,1;353,6;;360,2;;345,5;;;401,4;;;;;;;;;;;;;;;;;;;;;;;;
SanFrancisco;;;;307,3;;357,0;;893,9;;;;;;;;;;;;;;;;;;;;;;;;;;;;
LosAngeles;;;;;;;425,2;;374,9;437,8;;;1018,0;;;;;;;;;;;;;;;;;;;;;;;
LasVegas;;;;;;348,1;;422,4;;;;;;;;;;;;;;;;;;;;;;;;;;;;
Phoenix;;;;;;;;413,9;;;434,3;406,4;559,8;;;;;;;;;;;;;;;;;;;;;;;
SantaFe;;;;;;;;;;418,0;;434,3;538,2;;;;;487,4;;;;;;;;;;;;;;;;;;
Denver;;;;;326,0;345,5;;;;398,5;435,8;;;;;376,5;438,2;526,1;;;;;;;;;;;;;;;;;;
ElPaso;;;;;;;;386,8;;418,3;440,8;;;;;;;499,7;901,1;515,5;;;;;;;;;;;;;;;;
Winnipeg;;;310,0;;327,5;;;;;;;;;;340,0;;;;;;;;;335,4;;;;;;;;;;;;
Duluth;;;;;367,3;;;;;;;;;314,4;;;;;;;;;416,2;;394,8;;;;;;;;;;;
Omaha;;;;;336,3;;;;;;;423,3;;;;;;;;;;;462,0;;;;;;;;;;;;;
KansasCity;;;;;;;;;;;;412,5;;;;;;;;;;531,8;;;;;;;;;;;;;;
OklahomaCity;;;;;;;;;;;446,7;420,4;499,2;;;;;;;513,8;618,8;;;;;;;;;;;;;;;
Houston;;;;;;;;;;;;;478,1;;;;;;;501,5;;;;;;;;;;;;;;;982,3;
Dallas;;;;;;;;;;;;;492,5;;;;;524,3;570,1;;558,4;;;;;;;;;;;;;;;
LittleRock;;;;;;;;;;;;;;;;;;501,3;;516,9;;543,9;;;;;;;;;;;;;741,8;658,5
SaintLouis;;;;;;;;;;;;;;;;;456,2;;;;569,2;;403,7;;;;;;440,2;;;;;;;644,1
Chicago;;;;;;;;;;;;;;;356,7;386,9;;;;;;603,2;;;395,8;;;;485,2;;;;;;;
SaultStMarie;;;;;;;;;;;;;;320,8;;;;;;;;;;;390,5;349,2;;;;;;;;;;
Toronto;;;;;;;;;;;;;;;394,7;;;;;;;;447,2;316,0;;341,5;;;484,9;;;;;;;
Montreal;;;;;;;;;;;;;;;;;;;;;;;;343,7;379,5;;360,6;383,9;;;;;;;;
Boston;;;;;;;;;;;;;;;;;;;;;;;;;;333,0;;395,6;;;;;;;;
NewYork;;;;;;;;;;;;;;;;;;;;;;;;;;341,3;336,1;;;427,7;;;;;;
Pittsburgh;;;;;;;;;;;;;;;;;;;;;;617,2;460,3;;394,1;;;;;444,4;533,5;;;;;
Washington;;;;;;;;;;;;;;;;;;;;;;;;;;;;380,2;469,3;;597,5;;;;;
Raleigh;;;;;;;;;;;;;;;;;;;;;;;;;;;;;452,7;493,6;;;703,2;;;
Atlanta;;;;;;;;;;;;;;;;;;;;;;;;;;;;;;;;;1000,0;1000,0;1000,0;1000,0
Charleston;;;;;;;;;;;;;;;;;;;;;;;;;;;;;;;595,3;902,0;;730,8;;
Miami;;;;;;;;;;;;;;;;;;;;;;;;;;;;;;;;905,0;780,7;;722,8;
NewOrleans;;;;;;;;;;;;;;;;;;;556,6;;544,5;;;;;;;;;;;984,0;;775,2;;
Nashville;;;;;;;;;;;;;;;;;;;;;569,2;612,3;;;;;;;;;;901,0;;;;
Step_40000;Vancouver;Seattle;Calgary;Portland;Helena;SaltLakeCity;SanFrancisco;LosAngeles;LasVegas;Phoenix;SantaFe;Denver;ElPaso;Winnipeg;Duluth;Omaha;KansasCity;OklahomaCity;Houston;Dallas;LittleRock;SaintLouis;Chicago;SaultStMarie;Toronto;Montreal;Boston;NewYork;Pittsburgh;Washington;Raleigh;Atlanta;Charleston;Miami;NewOrleans;Nashville
Vancouver;;296,9;287,7;;;;;;;;;;;;;;;;;;;;;;;;;;;;;;;;;
Seattle;263,8;;296,3;300,0;361,7;;;;;;;;;;;;;;;;;;;;;;;;;;;;;;;
Calgary;268,4;291,3;;;325,2;;;;;;;;;331,2;;;;;;;;;;;;;;;;;;;;;;
Portland;;281,5;;;;342,4;334,9;;;;;;;;;;;;;;;;;;;;;;;;;;;;;
Helena;;295,4;290,8;;;346,3;;;;;;414,3;;325,0;378,5;387,5;;;;;;;;;;;;;;;;;;;;
SaltLakeCity;;;;311,4;363,8;;338,5;;326,9;;;406,0;;;;;;;;;;;;;;;;;;;;;;;;
SanFrancisco;;;;304,0;;353,7;;876,8;;;;;;;;;;;;;;;;;;;;;;;;;;;;
LosAngeles;;;;;;;336,4;;325,4;411,8;;;1019,0;;;;;;;;;;;;;;;;;;;;;;;
LasVegas;;;;;;337,8;;373,3;;;;;;;;;;;;;;;;;;;;;;;;;;;;
Phoenix;;;;;;;;397,1;;;440,4;427,6;436,3;;;;;;;;;;;;;;;;;;;;;;;
SantaFe;;;;;;;;;;406,5;;423,7;453,6;;;;;498,2;;;;;;;;;;;;;;;;;;
Denver;;;;;352,2;360,8;;;;396,3;430,8;;;;;395,3;452,1;495,7;;;;;;;;;;;;;;;;;;
ElPaso;;;;;;;;388,0;;415,0;445,9;;;;;;;504,1;519,7;1013,0;;;;;;;;;;;;;;;;
Winnipeg;;;298,1;;340,2;;;;;;;;;;374,8;;;;;;;;;335,0;;;;;;;;;;;;
Duluth;;;;;344,7;;;;;;;;;322,9;;;;;;;;;475,0;;377,6;;;;;;;;;;;
Omaha;;;;;372,4;;;;;;;413,4;;;;;;;;;;;450,5;;;;;;;;;;;;;
KansasCity;;;;;;;;;;;;382,3;;;;;;;;;;532,7;;;;;;;;;;;;;;
OklahomaCity;;;;;;;;;;;446,4;398,1;499,6;;;;;;;521,5;540,4;;;;;;;;;;;;;;;
Houston;;;;;;;;;;;;;469,9;;;;;;;513,8;;;;;;;;;;;;;;;714,7;
Dallas;;;;;;;;;;;;;461,9;;;;;498,7;551,0;;984,6;;;;;;;;;;;;;;;
LittleRock;;;;;;;;;;;;;;;;;;507,8;;608,1;;509,1;;;;;;;;;;;;;983,3;695,5
SaintLouis;;;;;;;;;;;;;;;;;421,8;;;;611,7;;462,0;;;;;;459,2;;;;;;;692,0
Chicago;;;;;;;;;;;;;;;346,7;362,4;;;;;;524,0;;;407,0;;;;493,7;;;;;;;
SaultStMarie;;;;;;;;;;;;;;315,0;;;;;;;;;;;406,6;356,0;;;;;;;;;;
Toronto;;;;;;;;;;;;;;;387,0;;;;;;;;484,1;352,7;;335,8;;;468,1;;;;;;;
Montreal;;;;;;;;;;;;;;;;;;;;;;;;335,3;414,1;;343,2;393,0;;;;;;;;
Boston;;;;;;;;;;;;;;;;;;;;;;;;;;346,8;;415,9;;;;;;;;
NewYork;;;;;;;;;;;;;;;;;;;;;;;;;;342,3;349,2;;;441,2;;;;;;
Pittsburgh;;;;;;;;;;;;;;;;;;;;;;550,0;488,1;;388,9;;;;;463,0;523,6;;;;;
Washington;;;;;;;;;;;;;;;;;;;;;;;;;;;;366,2;474,2;;559,1;;;;;
Raleigh;;;;;;;;;;;;;;;;;;;;;;;;;;;;;476,2;384,6;;;758,0;;;
Atlanta;;;;;;;;;;;;;;;;;;;;;;;;;;;;;;;;;1000,0;1000,0;1000,0;1000,0
Charleston;;;;;;;;;;;;;;;;;;;;;;;;;;;;;;;622,8;902,0;;803,4;;
Miami;;;;;;;;;;;;;;;;;;;;;;;;;;;;;;;;905,0;713,0;;760,3;
NewOrleans;;;;;;;;;;;;;;;;;;;638,0;;629,7;;;;;;;;;;;984,0;;762,4;;
Nashville;;;;;;;;;;;;;;;;;;;;;619,2;521,5;;;;;;;;;;901,0;;;;
Step_4000;Vancouver;Seattle;Calgary;Portland;Helena;SaltLakeCity;SanFrancisco;LosAngeles;LasVegas;Phoenix;SantaFe;Denver;ElPaso;Winnipeg;Duluth;Omaha;KansasCity;OklahomaCity;Houston;Dallas;LittleRock;SaintLouis;Chicago;SaultStMarie;Toronto;Montreal;Boston;NewYork;Pittsburgh;Washington;Raleigh;Atlanta;Charleston;Miami;NewOrleans;Nashville
Vancouver;;270,6;238,7;;;;;;;;;;;;;;;;;;;;;;;;;;;;;;;;;
Seattle;237,2;;237,0;287,9;351,0;;;;;;;;;;;;;;;;;;;;;;;;;;;;;;;
Calgary;223,6;255,4;;;338,6;;;;;;;;;277,2;;;;;;;;;;;;;;;;;;;;;;
Portland;;299,5;;;;345,9;372,1;;;;;;;;;;;;;;;;;;;;;;;;;;;;;
Helena;;293,4;257,5;;;349,2;;;;;;405,6;;283,9;391,3;386,6;;;;;;;;;;;;;;;;;;;;
SaltLakeCity;;;;339,0;361,9;;364,4;;343,8;;;405,5;;;;;;;;;;;;;;;;;;;;;;;;
SanFrancisco;;;;328,1;;353,3;;993,4;;;;;;;;;;;;;;;;;;;;;;;;;;;;
LosAngeles;;;;;;;367,5;;349,4;419,1;;;977,7;;;;;;;;;;;;;;;;;;;;;;;
LasVegas;;;;;;366,9;;412,7;;;;;;;;;;;;;;;;;;;;;;;;;;;;
Phoenix;;;;;;;;397,6;;;397,2;414,4;478,4;;;;;;;;;;;;;;;;;;;;;;;
SantaFe;;;;;;;;;;446,7;;373,0;420,6;;;;;475,6;;;;;;;;;;;;;;;;;;
Denver;;;;;283,3;338,8;;;;427,0;407,2;;;;;398,0;444,4;427,9;;;;;;;;;;;;;;;;;;
ElPaso;;;;;;;;372,5;;446,2;412,0;;;;;;;491,3;900,6;502,1;;;;;;;;;;;;;;;;
Winnipeg;;;205,9;;290,4;;;;;;;;;;348,9;;;;;;;;;258,2;;;;;;;;;;;;
Duluth;;;;;337,2;;;;;;;;;300,7;;;;;;;;;504,4;;403,8;;;;;;;;;;;
Omaha;;;;;349,2;;;;;;;397,9;;;;;;;;;;;449,0;;;;;;;;;;;;;
KansasCity;;;;;;;;;;;;408,5;;;;;;;;;;552,6;;;;;;;;;;;;;;
OklahomaCity;;;;;;;;;;;419,6;381,1;535,7;;;;;;;542,2;534,1;;;;;;;;;;;;;;;
Houston;;;;;;;;;;;;;499,0;;;;;;;;;;;;;;;;;;;;;;1006,0;
Dallas;;;;;;;;;;;;;454,8;;;;;497,4;;;597,7;;;;;;;;;;;;;;;
LittleRock;;;;;;;;;;;;;;;;;;469,8;;514,7;;498,5;;;;;;;;;;;;;753,0;732,9
SaintLouis;;;;;;;;;;;;;;;;;461,3;;;;599,4;;460,1;;;;;;483,4;;;;;;;697,6
Chicago;;;;;;;;;;;;;;;415,8;385,0;;;;;;495,0;;;399,3;;;;489,7;;;;;;;
SaultStMarie;;;;;;;;;;;;;;187,5;;;;;;;;;;;372,4;212,6;;;;;;;;;;
Toronto;;;;;;;;;;;;;;;384,0;;;;;;;;441,4;269,4;;286,0;;;484,4;;;;;;;
Montreal;;;;;;;;;;;;;;;;;;;;;;;;239,2;391,4;;230,9;211,9;;;;;;;;
Boston;;;;;;;;;;;;;;;;;;;;;;;;;;224,8;;347,5;;;;;;;;
NewYork;;;;;;;;;;;;;;;;;;;;;;;;;;155,1;294,5;;;474,8;;;;;;
Pittsburgh;;;;;;;;;;;;;;;;;;;;;;568,3;461,6;;372,2;;;;;412,7;545,5;;;;;
Washington;;;;;;;;;;;;;;;;;;;;;;;;;;;;371,6;479,5;;540,2;;;;;
Raleigh;;;;;;;;;;;;;;;;;;;;;;;;;;;;;492,6;474,3;;;749,4;;;
Atlanta;;;;;;;;;;;;;;;;;;;;;;;;;;;;;;;;;1000,0;1000,0;1000,0;1000,0
Charleston;;;;;;;;;;;;;;;;;;;;;;;;;;;;;;;579,0;902,0;;758,9;;
Miami;;;;;;;;;;;;;;;;;;;;;;;;;;;;;;;;905,0;765,4;;798,0;
NewOrleans;;;;;;;;;;;;;;;;;;;642,9;;648,3;;;;;;;;;;;1004,0;;745,7;;
Nashville;;;;;;;;;;;;;;;;;;;;;604,7;545,3;;;;;;;;;;901,0;;;;
Step_8000;Vancouver;Seattle;Calgary;Portland;Helena;SaltLakeCity;SanFrancisco;LosAngeles;LasVegas;Phoenix;SantaFe;Denver;ElPaso;Winnipeg;Duluth;Omaha;KansasCity;OklahomaCity;Houston;Dallas;LittleRock;SaintLouis;Chicago;SaultStMarie;Toronto;Montreal;Boston;NewYork;Pittsburgh;Washington;Raleigh;Atlanta;Charleston;Miami;NewOrleans;Nashville
Vancouver;;298,4;278,2;;;;;;;;;;;;;;;;;;;;;;;;;;;;;;;;;
Seattle;274,2;;307,3;300,7;346,4;;;;;;;;;;;;;;;;;;;;;;;;;;;;;;;
Calgary;263,7;291,5;;;352,2;;;;;;;;;334,0;;;;;;;;;;;;;;;;;;;;;;
Portland;;284,5;;;;347,8;333,6;;;;;;;;;;;;;;;;;;;;;;;;;;;;;
Helena;;300,0;284,0;;;351,8;;;;;;381,2;;318,7;354,7;378,4;;;;;;;;;;;;;;;;;;;;
SaltLakeCity;;;;323,2;332,2;;366,2;;378,0;;;402,0;;;;;;;;;;;;;;;;;;;;;;;;
SanFrancisco;;;;308,1;;352,3;;1021,0;;;;;;;;;;;;;;;;;;;;;;;;;;;;
LosAngeles;;;;;;;345,8;;394,4;435,8;;;978,6;;;;;;;;;;;;;;;;;;;;;;;
LasVegas;;;;;;369,7;;527,0;;;;;;;;;;;;;;;;;;;;;;;;;;;;
Phoenix;;;;;;;;423,0;;;451,1;415,6;548,0;;;;;;;;;;;;;;;;;;;;;;;
SantaFe;;;;;;;;;;410,9;;423,1;510,0;;;;;489,9;;;;;;;;;;;;;;;;;;
Denver;;;;;332,8;364,6;;;;433,6;448,3;;;;;363,4;444,7;516,0;;;;;;;;;;;;;;;;;;
ElPaso;;;;;;;;434,6;;478,4;425,1;;;;;;;539,8;905,6;559,1;;;;;;;;;;;;;;;;
Winnipeg;;;290,2;;329,0;;;;;;;;;;355,2;;;;;;;;;316,2;;;;;;;;;;;;
Duluth;;;;;340,3;;;;;;;;;315,0;;;;;;;;;420,0;;400,4;;;;;;;;;;;
Omaha;;;;;339,8;;;;;;;380,5;;;;;;;;;;;439,3;;;;;;;;;;;;;
KansasCity;;;;;;;;;;;;417,4;;;;;;;;;;553,6;;;;;;;;;;;;;;
OklahomaCity;;;;;;;;;;;433,4;415,0;487,3;;;;;;;537,8;589,3;;;;;;;;;;;;;;;
Houston;;;;;;;;;;;;;526,4;;;;;;;;;;;;;;;;;;;;;;1006,0;
Dallas;;;;;;;;;;;;;528,1;;;;;525,4;;;609,8;;;;;;;;;;;;;;;
LittleRock;;;;;;;;;;;;;;;;;;495,1;;548,1;;546,8;;;;;;;;;;;;;757,3;654,8
SaintLouis;;;;;;;;;;;;;;;;;455,5;;;;608,6;;466,9;;;;;;479,1;;;;;;;761,3
Chicago;;;;;;;;;;;;;;;362,2;410,1;;;;;;558,9;;;416,3;;;;514,4;;;;;;;
SaultStMarie;;;;;;;;;;;;;;292,9;;;;;;;;;;;407,2;276,1;;;;;;;;;;
Toronto;;;;;;;;;;;;;;;388,5;;;;;;;;467,9;307,3;;309,7;;;500,1;;;;;;;
Montreal;;;;;;;;;;;;;;;;;;;;;;;;239,2;398,1;;246,3;317,4;;;;;;;;
Boston;;;;;;;;;;;;;;;;;;;;;;;;;;267,6;;371,7;;;;;;;;
NewYork;;;;;;;;;;;;;;;;;;;;;;;;;;164,8;290,7;;;537,0;;;;;;
Pittsburgh;;;;;;;;;;;;;;;;;;;;;;568,7;461,5;;379,6;;;;;518,4;630,1;;;;;
Washington;;;;;;;;;;;;;;;;;;;;;;;;;;;;429,9;488,5;;585,6;;;;;
Raleigh;;;;;;;;;;;;;;;;;;;;;;;;;;;;;515,6;536,9;;;736,3;;;
Atlanta;;;;;;;;;;;;;;;;;;;;;;;;;;;;;;;;;1000,0;1000,0;1000,0;1000,0
Charleston;;;;;;;;;;;;;;;;;;;;;;;;;;;;;;;659,5;902,0;;788,4;;
Miami;;;;;;;;;;;;;;;;;;;;;;;;;;;;;;;;905,0;762,1;;759,0;
NewOrleans;;;;;;;;;;;;;;;;;;;649,5;;598,0;;;;;;;;;;;984,0;;796,7;;
Nashville;;;;;;;;;;;;;;;;;;;;;568,3;510,8;;;;;;;;;;901,0;;;;
Step_12000;Vancouver;Seattle;Calgary;Portland;Helena;SaltLakeCity;SanFrancisco;LosAngeles;LasVegas;Phoenix;SantaFe;Denver;ElPaso;Winnipeg;Duluth;Omaha;KansasCity;OklahomaCity;Houston;Dallas;LittleRock;SaintLouis;Chicago;SaultStMarie;Toronto;Montreal;Boston;NewYork;Pittsburgh;Washington;Raleigh;Atlanta;Charleston;Miami;NewOrleans;Nashville
Vancouver;;281,3;288,2;;;;;;;;;;;;;;;;;;;;;;;;;;;;;;;;;
Seattle;266,6;;299,0;303,5;340,0;;;;;;;;;;;;;;;;;;;;;;;;;;;;;;;
Calgary;268,7;290,0;;;328,0;;;;;;;;;329,2;;;;;;;;;;;;;;;;;;;;;;
Portland;;295,0;;;;373,8;358,5;;;;;;;;;;;;;;;;;;;;;;;;;;;;;
Helena;;282,1;270,4;;;358,1;;;;;;435,3;;320,7;356,8;364,8;;;;;;;;;;;;;;;;;;;;
SaltLakeCity;;;;305,9;354,4;;332,3;;356,4;;;414,2;;;;;;;;;;;;;;;;;;;;;;;;
SanFrancisco;;;;330,0;;366,7;;896,9;;;;;;;;;;;;;;;;;;;;;;;;;;;;
LosAngeles;;;;;;;454,0;;379,3;441,8;;;1018,0;;;;;;;;;;;;;;;;;;;;;;;
LasVegas;;;;;;374,0;;444,3;;;;;;;;;;;;;;;;;;;;;;;;;;;;
Phoenix;;;;;;;;431,4;;;444,1;452,4;516,5;;;;;;;;;;;;;;;;;;;;;;;
SantaFe;;;;;;;;;;410,4;;425,2;484,0;;;;;525,3;;;;;;;;;;;;;;;;;;
Denver;;;;;348,8;348,3;;;;461,1;432,9;;;;;376,2;480,3;491,1;;;;;;;;;;;;;;;;;;
ElPaso;;;;;;;;429,0;;445,8;439,0;;;;;;;515,2;1012,0;515,9;;;;;;;;;;;;;;;;
Winnipeg;;;308,3;;337,0;;;;;;;;;;373,8;;;;;;;;;333,4;;;;;;;;;;;;
Duluth;;;;;362,1;;;;;;;;;323,1;;;;;;;;;433,3;;397,2;;;;;;;;;;;
Omaha;;;;;342,5;;;;;;;402,2;;;;;;;;;;;458,3;;;;;;;;;;;;;
KansasCity;;;;;;;;;;;;411,3;;;;;;;;;;526,7;;;;;;;;;;;;;;
OklahomaCity;;;;;;;;;;;450,0;441,4;500,8;;;;;;;514,3;579,5;;;;;;;;;;;;;;;
Houston;;;;;;;;;;;;;514,5;;;;;;;;;;;;;;;;;;;;;;1006,0;
Dallas;;;;;;;;;;;;;482,1;;;;;505,0;;;598,3;;;;;;;;;;;;;;;
LittleRock;;;;;;;;;;;;;;;;;;516,8;;527,4;;553,2;;;;;;;;;;;;;776,1;679,9
SaintLouis;;;;;;;;;;;;;;;;;503,9;;;;624,9;;494,8;;;;;;488,1;;;;;;;667,9
Chicago;;;;;;;;;;;;;;;354,3;363,3;;;;;;584,1;;;411,3;;;;465,3;;;;;;;
SaultStMarie;;;;;;;;;;;;;;316,8;;;;;;;;;;;369,1;322,5;;;;;;;;;;
Toronto;;;;;;;;;;;;;;;394,5;;;;;;;;433,0;336,0;;293,8;;;451,1;;;;;;;
Montreal;;;;;;;;;;;;;;;;;;;;;;;;249,4;413,6;;271,9;382,6;;;;;;;;
Boston;;;;;;;;;;;;;;;;;;;;;;;;;;319,3;;402,8;;;;;;;;
NewYork;;;;;;;;;;;;;;;;;;;;;;;;;;282,4;311,5;;;489,6;;;;;;
Pittsburgh;;;;;;;;;;;;;;;;;;;;;;568,3;462,3;;403,1;;;;;440,0;511,3;;;;;
Washington;;;;;;;;;;;;;;;;;;;;;;;;;;;;333,4;475,5;;587,0;;;;;
Raleigh;;;;;;;;;;;;;;;;;;;;;;;;;;;;;463,1;490,5;;;740,6;;;
Atlanta;;;;;;;;;;;;;;;;;;;;;;;;;;;;;;;;;1000,0;1000,0;1000,0;1000,0
Charleston;;;;;;;;;;;;;;;;;;;;;;;;;;;;;;;585,3;902,0;;715,1;;
Miami;;;;;;;;;;;;;;;;;;;;;;;;;;;;;;;;905,0;750,5;;703,2;
NewOrleans;;;;;;;;;;;;;;;;;;;629,1;;650,0;;;;;;;;;;;984,0;;767,8;;
Nashville;;;;;;;;;;;;;;;;;;;;;625,7;578,3;;;;;;;;;;901,0;;;;
Step_16000;Vancouver;Seattle;Calgary;Portland;Helena;SaltLakeCity;SanFrancisco;LosAngeles;LasVegas;Phoenix;SantaFe;Denver;ElPaso;Winnipeg;Duluth;Omaha;KansasCity;OklahomaCity;Houston;Dallas;LittleRock;SaintLouis;Chicago;SaultStMarie;Toronto;Montreal;Boston;NewYork;Pittsburgh;Washington;Raleigh;Atlanta;Charleston;Miami;NewOrleans;Nashville
Vancouver;;294,6;293,5;;;;;;;;;;;;;;;;;;;;;;;;;;;;;;;;;
Seattle;268,4;;287,1;314,0;355,5;;;;;;;;;;;;;;;;;;;;;;;;;;;;;;;
Calgary;272,0;290,2;;;351,5;;;;;;;;;349,9;;;;;;;;;;;;;;;;;;;;;;
Portland;;274,2;;;;354,8;360,3;;;;;;;;;;;;;;;;;;;;;;;;;;;;;
Helena;;296,8;305,8;;;342,0;;;;;;421,7;;334,7;400,4;396,0;;;;;;;;;;;;;;;;;;;;
SaltLakeCity;;;;323,0;356,2;;341,3;;345,2;;;387,8;;;;;;;;;;;;;;;;;;;;;;;;
SanFrancisco;;;;334,3;;350,3;;1021,0;;;;;;;;;;;;;;;;;;;;;;;;;;;;
LosAngeles;;;;;;;360,6;;359,8;440,9;;;1018,0;;;;;;;;;;;;;;;;;;;;;;;
LasVegas;;;;;;353,7;;439,8;;;;;;;;;;;;;;;;;;;;;;;;;;;;
Phoenix;;;;;;;;430,3;;;430,5;402,0;487,5;;;;;;;;;;;;;;;;;;;;;;;
SantaFe;;;;;;;;;;435,2;;382,1;461,9;;;;;539,4;;;;;;;;;;;;;;;;;;
Denver;;;;;350,9;375,4;;;;427,4;469,7;;;;;394,1;443,7;453,1;;;;;;;;;;;;;;;;;;
ElPaso;;;;;;;;409,6;;421,5;459,2;;;;;;;511,5;1012,0;520,2;;;;;;;;;;;;;;;;
Winnipeg;;;294,5;;347,5;;;;;;;;;;397,1;;;;;;;;;333,3;;;;;;;;;;;;
Duluth;;;;;353,2;;;;;;;;;350,6;;;;;;;;;421,8;;411,4;;;;;;;;;;;
Omaha;;;;;375,7;;;;;;;410,3;;;;;;;;;;;441,9;;;;;;;;;;;;;
KansasCity;;;;;;;;;;;;418,7;;;;;;;;;;477,6;;;;;;;;;;;;;;
OklahomaCity;;;;;;;;;;;403,9;441,0;462,6;;;;;;;511,1;643,0;;;;;;;;;;;;;;;
Houston;;;;;;;;;;;;;543,8;;;;;;;;;;;;;;;;;;;;;;1006,0;
Dallas;;;;;;;;;;;;;531,5;;;;;497,6;;;623,9;;;;;;;;;;;;;;;
LittleRock;;;;;;;;;;;;;;;;;;534,5;;505,2;;577,6;;;;;;;;;;;;;751,7;681,0
SaintLouis;;;;;;;;;;;;;;;;;423,7;;;;570,9;;414,9;;;;;;501,0;;;;;;;677,7
Chicago;;;;;;;;;;;;;;;398,2;389,7;;;;;;497,5;;;431,9;;;;463,6;;;;;;;
SaultStMarie;;;;;;;;;;;;;;332,3;;;;;;;;;;;442,1;342,4;;;;;;;;;;
Toronto;;;;;;;;;;;;;;;399,5;;;;;;;;447,3;366,6;;360,1;;;528,9;;;;;;;
Montreal;;;;;;;;;;;;;;;;;;;;;;;;291,2;388,4;;306,9;402,6;;;;;;;;
Boston;;;;;;;;;;;;;;;;;;;;;;;;;;331,0;;365,1;;;;;;;;
NewYork;;;;;;;;;;;;;;;;;;;;;;;;;;317,4;330,6;;;474,0;;;;;;
Pittsburgh;;;;;;;;;;;;;;;;;;;;;;512,3;441,7;;397,7;;;;;499,8;634,4;;;;;
Washington;;;;;;;;;;;;;;;;;;;;;;;;;;;;419,4;511,1;;642,2;;;;;
Raleigh;;;;;;;;;;;;;;;;;;;;;;;;;;;;;540,2;528,7;;;737,4;;;
Atlanta;;;;;;;;;;;;;;;;;;;;;;;;;;;;;;;;;1000,0;1000,0;1000,0;1000,0
Charleston;;;;;;;;;;;;;;;;;;;;;;;;;;;;;;;623,3;902,0;;771,6;;
Miami;;;;;;;;;;;;;;;;;;;;;;;;;;;;;;;;905,0;729,9;;767,7;
NewOrleans;;;;;;;;;;;;;;;;;;;656,3;;632,4;;;;;;;;;;;984,0;;798,1;;
Nashville;;;;;;;;;;;;;;;;;;;;;545,4;493,7;;;;;;;;;;901,0;;;;
Step_20000;Vancouver;Seattle;Calgary;Portland;Helena;SaltLakeCity;SanFrancisco;LosAngeles;LasVegas;Phoenix;SantaFe;Denver;ElPaso;Winnipeg;Duluth;Omaha;KansasCity;OklahomaCity;Houston;Dallas;LittleRock;SaintLouis;Chicago;SaultStMarie;Toronto;Montreal;Boston;NewYork;Pittsburgh;Washington;Raleigh;Atlanta;Charleston;Miami;NewOrleans;Nashville
Vancouver;;283,2;297,6;;;;;;;;;;;;;;;;;;;;;;;;;;;;;;;;;
Seattle;259,0;;289,2;295,0;338,2;;;;;;;;;;;;;;;;;;;;;;;;;;;;;;;
Calgary;268,9;293,0;;;341,7;;;;;;;;;320,9;;;;;;;;;;;;;;;;;;;;;;
Portland;;278,9;;;;335,8;335,5;;;;;;;;;;;;;;;;;;;;;;;;;;;;;
Helena;;276,5;288,7;;;356,7;;;;;;382,6;;323,9;355,6;430,9;;;;;;;;;;;;;;;;;;;;
SaltLakeCity;;;;317,4;325,2;;354,6;;388,9;;;404,3;;;;;;;;;;;;;;;;;;;;;;;;
SanFrancisco;;;;314,5;;341,9;;977,9;;;;;;;;;;;;;;;;;;;;;;;;;;;;
LosAngeles;;;;;;;358,9;;377,8;407,6;;;891,6;;;;;;;;;;;;;;;;;;;;;;;
LasVegas;;;;;;344,0;;405,1;;;;;;;;;;;;;;;;;;;;;;;;;;;;
Phoenix;;;;;;;;404,1;;;432,0;419,4;477,7;;;;;;;;;;;;;;;;;;;;;;;
SantaFe;;;;;;;;;;422,9;;378,0;546,5;;;;;446,9;;;;;;;;;;;;;;;;;;
Denver;;;;;334,5;362,0;;;;393,4;444,0;;;;;427,5;470,5;473,4;;;;;;;;;;;;;;;;;;
ElPaso;;;;;;;;423,3;;408,5;422,4;;;;;;;523,1;987,6;499,7;;;;;;;;;;;;;;;;
Winnipeg;;;293,3;;341,4;;;;;;;;;;350,1;;;;;;;;;350,9;;;;;;;;;;;;
Duluth;;;;;352,3;;;;;;;;;311,7;;;;;;;;;458,3;;406,1;;;;;;;;;;;
Omaha;;;;;356,9;;;;;;;423,9;;;;;;;;;;;492,5;;;;;;;;;;;;;
KansasCity;;;;;;;;;;;;418,4;;;;;;;;;;597,7;;;;;;;;;;;;;;
OklahomaCity;;;;;;;;;;;450,3;402,4;464,0;;;;;;;497,7;639,5;;;;;;;;;;;;;;;
Houston;;;;;;;;;;;;;454,0;;;;;;;;;;;;;;;;;;;;;;982,3;
Dallas;;;;;;;;;;;;;518,6;;;;;496,6;;;529,9;;;;;;;;;;;;;;;
LittleRock;;;;;;;;;;;;;;;;;;517,9;;513,4;;574,8;;;;;;;;;;;;;798,6;629,2
SaintLouis;;;;;;;;;;;;;;;;;470,8;;;;598,6;;508,6;;;;;;493,8;;;;;;;742,5
Chicago;;;;;;;;;;;;;;;379,6;380,2;;;;;;600,8;;;362,3;;;;447,0;;;;;;;
SaultStMarie;;;;;;;;;;;;;;337,8;;;;;;;;;;;395,6;350,4;;;;;;;;;;
Toronto;;;;;;;;;;;;;;;401,0;;;;;;;;420,0;352,8;;363,9;;;477,8;;;;;;;
Montreal;;;;;;;;;;;;;;;;;;;;;;;;332,3;403,4;;320,2;373,3;;;;;;;;
Boston;;;;;;;;;;;;;;;;;;;;;;;;;;347,7;;371,7;;;;;;;;
NewYork;;;;;;;;;;;;;;;;;;;;;;;;;;333,1;326,4;;;408,8;;;;;;
Pittsburgh;;;;;;;;;;;;;;;;;;;;;;583,2;479,0;;410,9;;;;;438,1;496,4;;;;;
Washington;;;;;;;;;;;;;;;;;;;;;;;;;;;;354,5;442,0;;612,2;;;;;
Raleigh;;;;;;;;;;;;;;;;;;;;;;;;;;;;;473,3;473,7;;;807,3;;;
Atlanta;;;;;;;;;;;;;;;;;;;;;;;;;;;;;;;;;1000,0;1000,0;1000,0;1000,0
Charleston;;;;;;;;;;;;;;;;;;;;;;;;;;;;;;;559,2;902,0;;740,9;;
Miami;;;;;;;;;;;;;;;;;;;;;;;;;;;;;;;;905,0;730,9;;694,6;
NewOrleans;;;;;;;;;;;;;;;;;;;603,7;;620,0;;;;;;;;;;;984,0;;768,9;;
Nashville;;;;;;;;;;;;;;;;;;;;;621,2;563,6;;;;;;;;;;901,0;;;;
Step_24000;Vancouver;Seattle;Calgary;Portland;Helena;SaltLakeCity;SanFrancisco;LosAngeles;LasVegas;Phoenix;SantaFe;Denver;ElPaso;Winnipeg;Duluth;Omaha;KansasCity;OklahomaCity;Houston;Dallas;LittleRock;SaintLouis;Chicago;SaultStMarie;Toronto;Montreal;Boston;NewYork;Pittsburgh;Washington;Raleigh;Atlanta;Charleston;Miami;NewOrleans;Nashville
Vancouver;;280,9;302,1;;;;;;;;;;;;;;;;;;;;;;;;;;;;;;;;;
Seattle;265,2;;285,0;311,2;346,3;;;;;;;;;;;;;;;;;;;;;;;;;;;;;;;
Calgary;264,3;303,0;;;338,2;;;;;;;;;353,4;;;;;;;;;;;;;;;;;;;;;;
Portland;;290,5;;;;366,8;331,0;;;;;;;;;;;;;;;;;;;;;;;;;;;;;
Helena;;306,3;308,9;;;360,5;;;;;;393,9;;341,8;374,4;368,5;;;;;;;;;;;;;;;;;;;;
SaltLakeCity;;;;325,2;343,1;;336,6;;365,9;;;405,4;;;;;;;;;;;;;;;;;;;;;;;;
SanFrancisco;;;;318,1;;349,8;;980,9;;;;;;;;;;;;;;;;;;;;;;;;;;;;
LosAngeles;;;;;;;332,5;;351,2;434,0;;;908,5;;;;;;;;;;;;;;;;;;;;;;;
LasVegas;;;;;;360,2;;438,5;;;;;;;;;;;;;;;;;;;;;;;;;;;;
Phoenix;;;;;;;;403,8;;;439,5;383,4;513,8;;;;;;;;;;;;;;;;;;;;;;;
SantaFe;;;;;;;;;;437,6;;399,4;526,5;;;;;459,1;;;;;;;;;;;;;;;;;;
Denver;;;;;353,5;352,4;;;;413,5;436,4;;;;;376,4;455,5;465,1;;;;;;;;;;;;;;;;;;
ElPaso;;;;;;;;516,0;;400,0;447,9;;;;;;;502,2;987,6;511,8;;;;;;;;;;;;;;;;
Winnipeg;;;306,2;;339,7;;;;;;;;;;378,1;;;;;;;;;373,2;;;;;;;;;;;;
Duluth;;;;;340,8;;;;;;;;;352,8;;;;;;;;;441,0;;408,2;;;;;;;;;;;
Omaha;;;;;353,6;;;;;;;382,9;;;;;;;;;;;435,0;;;;;;;;;;;;;
KansasCity;;;;;;;;;;;;418,1;;;;;;;;;;517,6;;;;;;;;;;;;;;
OklahomaCity;;;;;;;;;;;418,7;373,1;520,6;;;;;;;509,1;633,5;;;;;;;;;;;;;;;
Houston;;;;;;;;;;;;;546,0;;;;;;;;;;;;;;;;;;;;;;982,3;
Dallas;;;;;;;;;;;;;494,7;;;;;532,9;;;594,6;;;;;;;;;;;;;;;
LittleRock;;;;;;;;;;;;;;;;;;488,1;;490,4;;492,9;;;;;;;;;;;;;711,1;679,5
SaintLouis;;;;;;;;;;;;;;;;;432,6;;;;569,7;;465,3;;;;;;441,5;;;;;;;684,4
Chicago;;;;;;;;;;;;;;;374,2;400,0;;;;;;562,1;;;408,9;;;;450,2;;;;;;;
SaultStMarie;;;;;;;;;;;;;;331,1;;;;;;;;;;;409,5;359,1;;;;;;;;;;
Toronto;;;;;;;;;;;;;;;383,7;;;;;;;;430,4;357,2;;356,1;;;440,4;;;;;;;
Montreal;;;;;;;;;;;;;;;;;;;;;;;;346,0;410,9;;327,4;416,5;;;;;;;;
Boston;;;;;;;;;;;;;;;;;;;;;;;;;;336,0;;411,4;;;;;;;;
NewYork;;;;;;;;;;;;;;;;;;;;;;;;;;340,9;348,8;;;464,6;;;;;;
Pittsburgh;;;;;;;;;;;;;;;;;;;;;;482,0;443,4;;391,4;;;;;468,1;463,2;;;;;
Washington;;;;;;;;;;;;;;;;;;;;;;;;;;;;409,7;462,7;;600,1;;;;;
Raleigh;;;;;;;;;;;;;;;;;;;;;;;;;;;;;422,8;442,9;;;761,7;;;
Atlanta;;;;;;;;;;;;;;;;;;;;;;;;;;;;;;;;;1000,0;1000,0;1000,0;1000,0
Charleston;;;;;;;;;;;;;;;;;;;;;;;;;;;;;;;591,0;902,0;;748,7;;
Miami;;;;;;;;;;;;;;;;;;;;;;;;;;;;;;;;905,0;728,1;;816,9;
NewOrleans;;;;;;;;;;;;;;;;;;;653,5;;546,8;;;;;;;;;;;984,0;;802,7;;
Nashville;;;;;;;;;;;;;;;;;;;;;581,5;562,7;;;;;;;;;;901,0;;;;
Step_28000;Vancouver;Seattle;Calgary;Portland;Helena;SaltLakeCity;SanFrancisco;LosAngeles;LasVegas;Phoenix;SantaFe;Denver;ElPaso;Winnipeg;Duluth;Omaha;KansasCity;OklahomaCity;Houston;Dallas;LittleRock;SaintLouis;Chicago;SaultStMarie;Toronto;Montreal;Boston;NewYork;Pittsburgh;Washington;Raleigh;Atlanta;Charleston;Miami;NewOrleans;Nashville
Vancouver;;298,2;301,3;;;;;;;;;;;;;;;;;;;;;;;;;;;;;;;;;
Seattle;270,7;;291,0;316,4;341,6;;;;;;;;;;;;;;;;;;;;;;;;;;;;;;;
Calgary;271,9;315,1;;;343,4;;;;;;;;;323,4;;;;;;;;;;;;;;;;;;;;;;
Portland;;308,2;;;;364,1;356,2;;;;;;;;;;;;;;;;;;;;;;;;;;;;;
Helena;;310,7;300,5;;;343,0;;;;;;428,9;;332,7;388,9;405,3;;;;;;;;;;;;;;;;;;;;
SaltLakeCity;;;;314,5;368,8;;350,7;;342,1;;;409,7;;;;;;;;;;;;;;;;;;;;;;;;
SanFrancisco;;;;309,9;;336,9;;979,9;;;;;;;;;;;;;;;;;;;;;;;;;;;;
LosAngeles;;;;;;;346,5;;351,4;401,4;;;903,0;;;;;;;;;;;;;;;;;;;;;;;
LasVegas;;;;;;345,2;;404,9;;;;;;;;;;;;;;;;;;;;;;;;;;;;
Phoenix;;;;;;;;441,2;;;408,4;365,7;462,1;;;;;;;;;;;;;;;;;;;;;;;
SantaFe;;;;;;;;;;408,4;;396,7;428,4;;;;;454,2;;;;;;;;;;;;;;;;;;
Denver;;;;;376,5;360,3;;;;429,7;421,6;;;;;413,4;482,2;448,4;;;;;;;;;;;;;;;;;;
ElPaso;;;;;;;;400,9;;411,7;398,1;;;;;;;485,3;1012,0;526,1;;;;;;;;;;;;;;;;
Winnipeg;;;309,1;;358,8;;;;;;;;;;379,9;;;;;;;;;331,2;;;;;;;;;;;;
Duluth;;;;;369,8;;;;;;;;;333,8;;;;;;;;;486,9;;373,9;;;;;;;;;;;
Omaha;;;;;353,7;;;;;;;428,4;;;;;;;;;;;499,8;;;;;;;;;;;;;
KansasCity;;;;;;;;;;;;399,0;;;;;;;;;;550,4;;;;;;;;;;;;;;
OklahomaCity;;;;;;;;;;;400,9;399,7;480,7;;;;;;;527,3;576,2;;;;;;;;;;;;;;;
Houston;;;;;;;;;;;;;506,3;;;;;;;;;;;;;;;;;;;;;;1006,0;
Dallas;;;;;;;;;;;;;521,6;;;;;480,3;;;573,5;;;;;;;;;;;;;;;
LittleRock;;;;;;;;;;;;;;;;;;494,7;;494,1;;501,5;;;;;;;;;;;;;743,0;712,7
SaintLouis;;;;;;;;;;;;;;;;;468,1;;;;607,1;;501,2;;;;;;525,3;;;;;;;748,2
Chicago;;;;;;;;;;;;;;;393,2;402,6;;;;;;541,2;;;404,1;;;;488,8;;;;;;;
SaultStMarie;;;;;;;;;;;;;;328,8;;;;;;;;;;;364,2;368,2;;;;;;;;;;
Toronto;;;;;;;;;;;;;;;374,9;;;;;;;;471,7;352,2;;334,8;;;425,2;;;;;;;
Montreal;;;;;;;;;;;;;;;;;;;;;;;;352,8;394,8;;346,4;399,4;;;;;;;;
Boston;;;;;;;;;;;;;;;;;;;;;;;;;;342,0;;385,3;;;;;;;;
NewYork;;;;;;;;;;;;;;;;;;;;;;;;;;350,2;348,6;;;431,6;;;;;;
Pittsburgh;;;;;;;;;;;;;;;;;;;;;;510,9;470,6;;391,1;;;;;424,8;640,9;;;;;
Washington;;;;;;;;;;;;;;;;;;;;;;;;;;;;392,7;444,2;;522,6;;;;;
Raleigh;;;;;;;;;;;;;;;;;;;;;;;;;;;;;476,1;440,5;;;767,2;;;
Atlanta;;;;;;;;;;;;;;;;;;;;;;;;;;;;;;;;;1000,0;1000,0;1000,0;1000,0
Charleston;;;;;;;;;;;;;;;;;;;;;;;;;;;;;;;567,4;902,0;;799,7;;
Miami;;;;;;;;;;;;;;;;;;;;;;;;;;;;;;;;905,0;706,4;;804,1;
NewOrleans;;;;;;;;;;;;;;;;;;;599,4;;587,3;;;;;;;;;;;1004,0;;766,5;;
Nashville;;;;;;;;;;;;;;;;;;;;;574,9;525,8;;;;;;;;;;901,0;;;;
Step_32000;Vancouver;Seattle;Calgary;Portland;Helena;SaltLakeCity;SanFrancisco;LosAngeles;LasVegas;Phoenix;SantaFe;Denver;ElPaso;Winnipeg;Duluth;Omaha;KansasCity;OklahomaCity;Houston;Dallas;LittleRock;SaintLouis;Chicago;SaultStMarie;Toronto;Montreal;Boston;NewYork;Pittsburgh;Washington;Raleigh;Atlanta;Charleston;Miami;NewOrleans;Nashville
Vancouver;;301,2;301,2;;;;;;;;;;;;;;;;;;;;;;;;;;;;;;;;;
Seattle;275,3;;292,4;318,6;338,4;;;;;;;;;;;;;;;;;;;;;;;;;;;;;;;
Calgary;274,8;287,7;;;313,8;;;;;;;;;327,0;;;;;;;;;;;;;;;;;;;;;;
Portland;;286,5;;;;361,0;346,7;;;;;;;;;;;;;;;;;;;;;;;;;;;;;
Helena;;310,2;292,5;;;346,5;;;;;;362,0;;312,6;398,4;417,2;;;;;;;;;;;;;;;;;;;;
SaltLakeCity;;;;334,8;364,5;;339,7;;357,1;;;426,2;;;;;;;;;;;;;;;;;;;;;;;;
SanFrancisco;;;;303,8;;378,4;;889,2;;;;;;;;;;;;;;;;;;;;;;;;;;;;
LosAngeles;;;;;;;357,9;;359,0;399,0;;;1018,0;;;;;;;;;;;;;;;;;;;;;;;
LasVegas;;;;;;343,9;;415,2;;;;;;;;;;;;;;;;;;;;;;;;;;;;
Phoenix;;;;;;;;361,4;;;450,1;399,1;495,4;;;;;;;;;;;;;;;;;;;;;;;
SantaFe;;;;;;;;;;409,1;;382,1;432,0;;;;;505,3;;;;;;;;;;;;;;;;;;
Denver;;;;;341,2;357,1;;;;408,2;432,4;;;;;407,6;482,9;460,4;;;;;;;;;;;;;;;;;;
ElPaso;;;;;;;;403,4;;414,1;410,6;;;;;;;508,5;1012,0;513,2;;;;;;;;;;;;;;;;
Winnipeg;;;302,3;;361,0;;;;;;;;;;342,4;;;;;;;;;342,7;;;;;;;;;;;;
Duluth;;;;;327,0;;;;;;;;;324,1;;;;;;;;;485,3;;383,7;;;;;;;;;;;
Omaha;;;;;352,2;;;;;;;420,2;;;;;;;;;;;522,1;;;;;;;;;;;;;
KansasCity;;;;;;;;;;;;428,7;;;;;;;;;;577,5;;;;;;;;;;;;;;
OklahomaCity;;;;;;;;;;;438,4;418,2;499,3;;;;;;;524,2;612,5;;;;;;;;;;;;;;;
Houston;;;;;;;;;;;;;526,8;;;;;;;;;;;;;;;;;;;;;;982,3;
Dallas;;;;;;;;;;;;;479,1;;;;;538,9;;;651,8;;;;;;;;;;;;;;;
LittleRock;;;;;;;;;;;;;;;;;;501,0;;542,9;;544,0;;;;;;;;;;;;;773,2;643,0
SaintLouis;;;;;;;;;;;;;;;;;467,6;;;;675,5;;475,7;;;;;;533,7;;;;;;;619,4
Chicago;;;;;;;;;;;;;;;388,2;440,2;;;;;;551,9;;;429,5;;;;454,8;;;;;;;
SaultStMarie;;;;;;;;;;;;;;322,4;;;;;;;;;;;430,4;353,9;;;;;;;;;;
Toronto;;;;;;;;;;;;;;;385,1;;;;;;;;448,0;343,9;;359,2;;;501,4;;;;;;;
Montreal;;;;;;;;;;;;;;;;;;;;;;;;350,5;421,0;;341,2;397,1;;;;;;;;
Boston;;;;;;;;;;;;;;;;;;;;;;;;;;343,0;;373,6;;;;;;;;
NewYork;;;;;;;;;;;;;;;;;;;;;;;;;;359,9;338,1;;;473,5;;;;;;
Pittsburgh;;;;;;;;;;;;;;;;;;;;;;556,4;422,7;;395,8;;;;;561,9;651,8;;;;;
Washington;;;;;;;;;;;;;;;;;;;;;;;;;;;;371,0;508,4;;675,6;;;;;
Raleigh;;;;;;;;;;;;;;;;;;;;;;;;;;;;;539,5;544,6;;;793,8;;;
Atlanta;;;;;;;;;;;;;;;;;;;;;;;;;;;;;;;;;1000,0;1000,0;1000,0;1000,0
Charleston;;;;;;;;;;;;;;;;;;;;;;;;;;;;;;;620,4;902,0;;809,2;;
Miami;;;;;;;;;;;;;;;;;;;;;;;;;;;;;;;;905,0;746,0;;807,1;
NewOrleans;;;;;;;;;;;;;;;;;;;708,3;;671,1;;;;;;;;;;;984,0;;785,0;;
Nashville;;;;;;;;;;;;;;;;;;;;;653,4;548,3;;;;;;;;;;901,0;;;;
Step_36000;Vancouver;Seattle;Calgary;Portland;Helena;SaltLakeCity;SanFrancisco;LosAngeles;LasVegas;Phoenix;SantaFe;Denver;ElPaso;Winnipeg;Duluth;Omaha;KansasCity;OklahomaCity;Houston;Dallas;LittleRock;SaintLouis;Chicago;SaultStMarie;Toronto;Montreal;Boston;NewYork;Pittsburgh;Washington;Raleigh;Atlanta;Charleston;Miami;NewOrleans;Nashville
Vancouver;;299,5;305,9;;;;;;;;;;;;;;;;;;;;;;;;;;;;;;;;;
Seattle;275,7;;298,5;283,6;348,0;;;;;;;;;;;;;;;;;;;;;;;;;;;;;;;
Calgary;277,4;301,0;;;357,1;;;;;;;;;331,3;;;;;;;;;;;;;;;;;;;;;;
Portland;;293,0;;;;357,4;335,8;;;;;;;;;;;;;;;;;;;;;;;;;;;;;
Helena;;285,4;318,6;;;354,2;;;;;;410,5;;324,9;386,9;394,2;;;;;;;;;;;;;;;;;;;;
SaltLakeCity;;;;293,2;359,5;;350,7;;352,3;;;398,0;;;;;;;;;;;;;;;;;;;;;;;;
SanFrancisco;;;;298,6;;351,4;;898,4;;;;;;;;;;;;;;;;;;;;;;;;;;;;
LosAngeles;;;;;;;449,9;;351,0;413,9;;;993,4;;;;;;;;;;;;;;;;;;;;;;;
LasVegas;;;;;;336,2;;393,0;;;;;;;;;;;;;;;;;;;;;;;;;;;;
Phoenix;;;;;;;;398,3;;;419,4;446,2;469,3;;;;;;;;;;;;;;;;;;;;;;;
SantaFe;;;;;;;;;;414,8;;429,3;477,7;;;;;460,6;;;;;;;;;;;;;;;;;;
Denver;;;;;345,0;337,4;;;;416,1;422,3;;;;;415,5;433,0;486,3;;;;;;;;;;;;;;;;;;
ElPaso;;;;;;;;420,0;;424,1;423,0;;;;;;;490,4;987,6;507,2;;;;;;;;;;;;;;;;
Winnipeg;;;296,2;;351,3;;;;;;;;;;361,9;;;;;;;;;358,4;;;;;;;;;;;;
Duluth;;;;;347,6;;;;;;;;;314,4;;;;;;;;;437,9;;405,7;;;;;;;;;;;
Omaha;;;;;336,1;;;;;;;400,4;;;;;;;;;;;499,3;;;;;;;;;;;;;
KansasCity;;;;;;;;;;;;397,8;;;;;;;;;;583,2;;;;;;;;;;;;;;
OklahomaCity;;;;;;;;;;;430,5;385,5;475,7;;;;;;;489,2;553,3;;;;;;;;;;;;;;;
Houston;;;;;;;;;;;;;454,6;;;;;;;;;;;;;;;;;;;;;;982,3;
Dallas;;;;;;;;;;;;;510,7;;;;;496,8;;;599,5;;;;;;;;;;;;;;;
LittleRock;;;;;;;;;;;;;;;;;;510,4;;492,2;;558,7;;;;;;;;;;;;;766,7;687,9
SaintLouis;;;;;;;;;;;;;;;;;457,0;;;;597,8;;503,4;;;;;;482,2;;;;;;;751,3
Chicago;;;;;;;;;;;;;;;409,1;397,2;;;;;;610,3;;;391,8;;;;496,2;;;;;;;
SaultStMarie;;;;;;;;;;;;;;332,2;;;;;;;;;;;396,0;354,5;;;;;;;;;;
Toronto;;;;;;;;;;;;;;;374,3;;;;;;;;447,6;365,9;;368,3;;;480,7;;;;;;;
Montreal;;;;;;;;;;;;;;;;;;;;;;;;351,8;392,6;;329,1;392,4;;;;;;;;
Boston;;;;;;;;;;;;;;;;;;;;;;;;;;332,6;;370,7;;;;;;;;
NewYork;;;;;;;;;;;;;;;;;;;;;;;;;;373,4;333,5;;;386,1;;;;;;
Pittsburgh;;;;;;;;;;;;;;;;;;;;;;542,8;479,4;;422,1;;;;;452,3;503,0;;;;;
Washington;;;;;;;;;;;;;;;;;;;;;;;;;;;;364,7;454,2;;618,8;;;;;
Raleigh;;;;;;;;;;;;;;;;;;;;;;;;;;;;;481,5;441,7;;;720,2;;;
Atlanta;;;;;;;;;;;;;;;;;;;;;;;;;;;;;;;;;1000,0;1000,0;1000,0;1000,0
Charleston;;;;;;;;;;;;;;;;;;;;;;;;;;;;;;;566,2;902,0;;773,4;;
Miami;;;;;;;;;;;;;;;;;;;;;;;;;;;;;;;;905,0;718,1;;744,4;
NewOrleans;;;;;;;;;;;;;;;;;;;595,5;;574,3;;;;;;;;;;;984,0;;773,1;;
Nashville;;;;;;;;;;;;;;;;;;;;;646,9;639,2;;;;;;;;;;901,0;;;;
Step_40000;Vancouver;Seattle;Calgary;Portland;Helena;SaltLakeCity;SanFrancisco;LosAngeles;LasVegas;Phoenix;SantaFe;Denver;ElPaso;Winnipeg;Duluth;Omaha;KansasCity;OklahomaCity;Houston;Dallas;LittleRock;SaintLouis;Chicago;SaultStMarie;Toronto;Montreal;Boston;NewYork;Pittsburgh;Washington;Raleigh;Atlanta;Charleston;Miami;NewOrleans;Nashville
Vancouver;;276,9;296,8;;;;;;;;;;;;;;;;;;;;;;;;;;;;;;;;;
Seattle;269,0;;317,3;317,5;385,7;;;;;;;;;;;;;;;;;;;;;;;;;;;;;;;
Calgary;270,0;296,9;;;355,1;;;;;;;;;330,7;;;;;;;;;;;;;;;;;;;;;;
Portland;;301,7;;;;351,2;337,6;;;;;;;;;;;;;;;;;;;;;;;;;;;;;
Helena;;305,3;311,4;;;369,7;;;;;;423,9;;350,2;368,4;375,8;;;;;;;;;;;;;;;;;;;;
SaltLakeCity;;;;313,9;373,3;;364,6;;380,6;;;429,9;;;;;;;;;;;;;;;;;;;;;;;;
SanFrancisco;;;;306,5;;364,1;;996,2;;;;;;;;;;;;;;;;;;;;;;;;;;;;
LosAngeles;;;;;;;382,9;;372,6;421,1;;;993,4;;;;;;;;;;;;;;;;;;;;;;;
LasVegas;;;;;;355,4;;445,2;;;;;;;;;;;;;;;;;;;;;;;;;;;;
Phoenix;;;;;;;;431,3;;;437,9;443,0;482,5;;;;;;;;;;;;;;;;;;;;;;;
SantaFe;;;;;;;;;;417,6;;444,9;502,0;;;;;525,7;;;;;;;;;;;;;;;;;;
Denver;;;;;363,1;363,8;;;;436,6;463,9;;;;;390,3;483,5;503,7;;;;;;;;;;;;;;;;;;
ElPaso;;;;;;;;469,4;;418,3;429,7;;;;;;;541,7;987,6;490,3;;;;;;;;;;;;;;;;
Winnipeg;;;305,7;;356,5;;;;;;;;;;409,1;;;;;;;;;366,0;;;;;;;;;;;;
Duluth;;;;;362,6;;;;;;;;;325,8;;;;;;;;;440,1;;406,6;;;;;;;;;;;
Omaha;;;;;339,8;;;;;;;437,8;;;;;;;;;;;457,9;;;;;;;;;;;;;
KansasCity;;;;;;;;;;;;427,8;;;;;;;;;;497,5;;;;;;;;;;;;;;
OklahomaCity;;;;;;;;;;;466,2;426,4;547,2;;;;;;;493,0;598,6;;;;;;;;;;;;;;;
Houston;;;;;;;;;;;;;533,2;;;;;;;;;;;;;;;;;;;;;;982,3;
Dallas;;;;;;;;;;;;;553,3;;;;;507,1;;;570,5;;;;;;;;;;;;;;;
LittleRock;;;;;;;;;;;;;;;;;;518,4;;506,5;;550,8;;;;;;;;;;;;;707,3;682,3
SaintLouis;;;;;;;;;;;;;;;;;464,5;;;;626,1;;438,5;;;;;;495,7;;;;;;;758,3
Chicago;;;;;;;;;;;;;;;379,2;383,6;;;;;;590,8;;;389,0;;;;446,6;;;;;;;
SaultStMarie;;;;;;;;;;;;;;331,3;;;;;;;;;;;435,7;338,6;;;;;;;;;;
Toronto;;;;;;;;;;;;;;;387,5;;;;;;;;450,1;330,1;;327,7;;;509,3;;;;;;;
Montreal;;;;;;;;;;;;;;;;;;;;;;;;338,4;401,9;;327,7;389,4;;;;;;;;
Boston;;;;;;;;;;;;;;;;;;;;;;;;;;350,2;;371,2;;;;;;;;
NewYork;;;;;;;;;;;;;;;;;;;;;;;;;;357,7;335,7;;;428,1;;;;;;
Pittsburgh;;;;;;;;;;;;;;;;;;;;;;560,6;474,3;;373,3;;;;;532,7;552,6;;;;;
Washington;;;;;;;;;;;;;;;;;;;;;;;;;;;;389,0;501,7;;615,1;;;;;
Raleigh;;;;;;;;;;;;;;;;;;;;;;;;;;;;;477,9;466,3;;;741,6;;;
Atlanta;;;;;;;;;;;;;;;;;;;;;;;;;;;;;;;;;1000,0;1000,0;1000,0;1000,0
Charleston;;;;;;;;;;;;;;;;;;;;;;;;;;;;;;;568,7;902,0;;736,7;;
Miami;;;;;;;;;;;;;;;;;;;;;;;;;;;;;;;;905,0;713,9;;683,6;
NewOrleans;;;;;;;;;;;;;;;;;;;611,5;;523,6;;;;;;;;;;;984,0;;767,7;;
Nashville;;;;;;;;;;;;;;;;;;;;;628,4;533,9;;;;;;;;;;901,0;;;;
Step_4000;Vancouver;Seattle;Calgary;Portland;Helena;SaltLakeCity;SanFrancisco;LosAngeles;LasVegas;Phoenix;SantaFe;Denver;ElPaso;Winnipeg;Duluth;Omaha;KansasCity;OklahomaCity;Houston;Dallas;LittleRock;SaintLouis;Chicago;SaultStMarie;Toronto;Montreal;Boston;NewYork;Pittsburgh;Washington;Raleigh;Atlanta;Charleston;Miami;NewOrleans;Nashville
Vancouver;;286,5;258,9;;;;;;;;;;;;;;;;;;;;;;;;;;;;;;;;;
Seattle;247,9;;279,9;301,7;320,9;;;;;;;;;;;;;;;;;;;;;;;;;;;;;;;
Calgary;222,9;265,1;;;337,5;;;;;;;;;252,6;;;;;;;;;;;;;;;;;;;;;;
Portland;;283,0;;;;346,6;319,6;;;;;;;;;;;;;;;;;;;;;;;;;;;;;
Helena;;304,6;273,7;;;347,7;;;;;;414,6;;271,8;330,0;371,8;;;;;;;;;;;;;;;;;;;;
SaltLakeCity;;;;291,0;346,5;;322,5;;328,5;;;401,4;;;;;;;;;;;;;;;;;;;;;;;;
SanFrancisco;;;;299,5;;343,7;;996,2;;;;;;;;;;;;;;;;;;;;;;;;;;;;
LosAngeles;;;;;;;321,3;;333,5;452,4;;;993,4;;;;;;;;;;;;;;;;;;;;;;;
LasVegas;;;;;;337,0;;382,5;;;;;;;;;;;;;;;;;;;;;;;;;;;;
Phoenix;;;;;;;;444,1;;;417,0;374,1;557,5;;;;;;;;;;;;;;;;;;;;;;;
SantaFe;;;;;;;;;;438,0;;399,2;533,3;;;;;430,3;;;;;;;;;;;;;;;;;;
Denver;;;;;297,6;334,4;;;;443,6;430,4;;;;;349,4;447,6;461,0;;;;;;;;;;;;;;;;;;
ElPaso;;;;;;;;425,7;;448,5;440,6;;;;;;;494,5;987,6;556,2;;;;;;;;;;;;;;;;
Winnipeg;;;182,9;;334,3;;;;;;;;;;258,6;;;;;;;;;193,3;;;;;;;;;;;;
Duluth;;;;;323,1;;;;;;;;;225,9;;;;;;;;;472,7;;312,6;;;;;;;;;;;
Omaha;;;;;321,2;;;;;;;399,3;;;;;;;;;;;407,1;;;;;;;;;;;;;
KansasCity;;;;;;;;;;;;408,0;;;;;;;;;;552,1;;;;;;;;;;;;;;
OklahomaCity;;;;;;;;;;;408,4;415,6;508,4;;;;;;;;540,7;;;;;;;;;;;;;;;
Houston;;;;;;;;;;;;;547,5;;;;;;;;;;;;;;;;;;;;;;982,3;
Dallas;;;;;;;;;;;;;462,6;;;;;;;;670,7;;;;;;;;;;;;;;;
LittleRock;;;;;;;;;;;;;;;;;;493,7;;528,0;;502,1;;;;;;;;;;;;;802,6;735,9
SaintLouis;;;;;;;;;;;;;;;;;479,6;;;;626,3;;466,9;;;;;;408,5;;;;;;;646,2
Chicago;;;;;;;;;;;;;;;376,3;373,0;;;;;;539,4;;;318,7;;;;449,6;;;;;;;
SaultStMarie;;;;;;;;;;;;;;132,9;;;;;;;;;;;337,2;69,4;;;;;;;;;;
Toronto;;;;;;;;;;;;;;;324,2;;;;;;;;423,8;220,8;;74,7;;;360,4;;;;;;;
Montreal;;;;;;;;;;;;;;;;;;;;;;;;69,2;212,6;;16,3;61,6;;;;;;;;
Boston;;;;;;;;;;;;;;;;;;;;;;;;;;36,3;;60,5;;;;;;;;
NewYork;;;;;;;;;;;;;;;;;;;;;;;;;;73,0;35,3;;;273,8;;;;;;
Pittsburgh;;;;;;;;;;;;;;;;;;;;;;477,8;442,8;;292,9;;;;;377,5;535,0;;;;;
Washington;;;;;;;;;;;;;;;;;;;;;;;;;;;;128,7;236,6;;467,3;;;;;
Raleigh;;;;;;;;;;;;;;;;;;;;;;;;;;;;;438,2;248,0;;;695,2;;;
Atlanta;;;;;;;;;;;;;;;;;;;;;;;;;;;;;;;;;1000,0;1000,0;1000,0;1000,0
Charleston;;;;;;;;;;;;;;;;;;;;;;;;;;;;;;;446,7;902,0;;750,6;;
Miami;;;;;;;;;;;;;;;;;;;;;;;;;;;;;;;;905,0;704,1;;690,6;
NewOrleans;;;;;;;;;;;;;;;;;;;654,9;;651,3;;;;;;;;;;;984,0;;773,1;;
Nashville;;;;;;;;;;;;;;;;;;;;;621,7;540,8;;;;;;;;;;901,0;;;;
Step_8000;Vancouver;Seattle;Calgary;Portland;Helena;SaltLakeCity;SanFrancisco;LosAngeles;LasVegas;Phoenix;SantaFe;Denver;ElPaso;Winnipeg;Duluth;Omaha;KansasCity;OklahomaCity;Houston;Dallas;LittleRock;SaintLouis;Chicago;SaultStMarie;Toronto;Montreal;Boston;NewYork;Pittsburgh;Washington;Raleigh;Atlanta;Charleston;Miami;NewOrleans;Nashville
Vancouver;;275,2;299,6;;;;;;;;;;;;;;;;;;;;;;;;;;;;;;;;;
Seattle;256,3;;278,2;308,1;350,0;;;;;;;;;;;;;;;;;;;;;;;;;;;;;;;
Calgary;260,9;269,4;;;338,1;;;;;;;;;306,8;;;;;;;;;;;;;;;;;;;;;;
Portland;;289,4;;;;347,4;366,2;;;;;;;;;;;;;;;;;;;;;;;;;;;;;
Helena;;288,9;278,4;;;336,5;;;;;;380,3;;304,8;361,9;400,5;;;;;;;;;;;;;;;;;;;;
SaltLakeCity;;;;309,9;319,5;;344,7;;349,3;;;435,0;;;;;;;;;;;;;;;;;;;;;;;;
SanFrancisco;;;;328,5;;365,8;;996,2;;;;;;;;;;;;;;;;;;;;;;;;;;;;
LosAngeles;;;;;;;360,6;;356,2;431,9;;;993,4;;;;;;;;;;;;;;;;;;;;;;;
LasVegas;;;;;;367,6;;398,5;;;;;;;;;;;;;;;;;;;;;;;;;;;;
Phoenix;;;;;;;;421,3;;;432,2;413,9;510,3;;;;;;;;;;;;;;;;;;;;;;;
SantaFe;;;;;;;;;;441,7;;377,0;496,5;;;;;486,6;;;;;;;;;;;;;;;;;;
Denver;;;;;320,5;373,8;;;;443,4;441,5;;;;;413,9;474,2;503,7;;;;;;;;;;;;;;;;;;
ElPaso;;;;;;;;378,5;;444,1;434,7;;;;;;;554,3;987,6;551,9;;;;;;;;;;;;;;;;
Winnipeg;;;277,0;;296,8;;;;;;;;;;377,7;;;;;;;;;215,3;;;;;;;;;;;;
Duluth;;;;;352,5;;;;;;;;;298,8;;;;;;;;;498,0;;301,2;;;;;;;;;;;
Omaha;;;;;351,2;;;;;;;384,6;;;;;;;;;;;448,5;;;;;;;;;;;;;
KansasCity;;;;;;;;;;;;430,4;;;;;;;;;;535,3;;;;;;;;;;;;;;
OklahomaCity;;;;;;;;;;;429,3;422,0;517,4;;;;;;;;651,5;;;;;;;;;;;;;;;
Houston;;;;;;;;;;;;;543,0;;;;;;;;;;;;;;;;;;;;;;982,3;
Dallas;;;;;;;;;;;;;458,6;;;;;;;;631,9;;;;;;;;;;;;;;;
LittleRock;;;;;;;;;;;;;;;;;;573,1;;541,0;;668,6;;;;;;;;;;;;;746,6;695,6
SaintLouis;;;;;;;;;;;;;;;;;510,5;;;;624,2;;501,7;;;;;;498,4;;;;;;;741,6
Chicago;;;;;;;;;;;;;;;385,4;390,5;;;;;;577,2;;;347,0;;;;514,7;;;;;;;
SaultStMarie;;;;;;;;;;;;;;194,9;;;;;;;;;;;352,7;149,4;;;;;;;;;;
Toronto;;;;;;;;;;;;;;;370,1;;;;;;;;400,7;255,7;;264,9;;;522,1;;;;;;;
Montreal;;;;;;;;;;;;;;;;;;;;;;;;102,1;397,1;;129,0;107,5;;;;;;;;
Boston;;;;;;;;;;;;;;;;;;;;;;;;;;90,7;;230,4;;;;;;;;
NewYork;;;;;;;;;;;;;;;;;;;;;;;;;;225,6;99,9;;;346,2;;;;;;
Pittsburgh;;;;;;;;;;;;;;;;;;;;;;491,2;483,9;;388,3;;;;;432,3;676,8;;;;;
Washington;;;;;;;;;;;;;;;;;;;;;;;;;;;;212,9;402,6;;638,6;;;;;
Raleigh;;;;;;;;;;;;;;;;;;;;;;;;;;;;;516,7;391,1;;;813,0;;;
Atlanta;;;;;;;;;;;;;;;;;;;;;;;;;;;;;;;;;1000,0;1000,0;1000,0;1000,0
Charleston;;;;;;;;;;;;;;;;;;;;;;;;;;;;;;;658,5;902,0;;809,9;;
Miami;;;;;;;;;;;;;;;;;;;;;;;;;;;;;;;;905,0;775,7;;686,2;
NewOrleans;;;;;;;;;;;;;;;;;;;564,4;;618,6;;;;;;;;;;;984,0;;773,6;;
Nashville;;;;;;;;;;;;;;;;;;;;;646,3;588,8;;;;;;;;;;901,0;;;;
Step_12000;Vancouver;Seattle;Calgary;Portland;Helena;SaltLakeCity;SanFrancisco;LosAngeles;LasVegas;Phoenix;SantaFe;Denver;ElPaso;Winnipeg;Duluth;Omaha;KansasCity;OklahomaCity;Houston;Dallas;LittleRock;SaintLouis;Chicago;SaultStMarie;Toronto;Montreal;Boston;NewYork;Pittsburgh;Washington;Raleigh;Atlanta;Charleston;Miami;NewOrleans;Nashville
Vancouver;;291,6;297,9;;;;;;;;;;;;;;;;;;;;;;;;;;;;;;;;;
Seattle;265,9;;288,6;312,8;355,3;;;;;;;;;;;;;;;;;;;;;;;;;;;;;;;
Calgary;264,3;295,7;;;341,3;;;;;;;;;325,0;;;;;;;;;;;;;;;;;;;;;;
Portland;;289,8;;;;372,1;356,2;;;;;;;;;;;;;;;;;;;;;;;;;;;;;
Helena;;291,3;300,2;;;362,7;;;;;;443,8;;317,5;349,6;353,9;;;;;;;;;;;;;;;;;;;;
SaltLakeCity;;;;314,5;330,5;;379,9;;363,7;;;445,2;;;;;;;;;;;;;;;;;;;;;;;;
SanFrancisco;;;;306,3;;374,9;;996,2;;;;;;;;;;;;;;;;;;;;;;;;;;;;
LosAngeles;;;;;;;384,6;;396,1;474,7;;;993,4;;;;;;;;;;;;;;;;;;;;;;;
LasVegas;;;;;;370,5;;468,5;;;;;;;;;;;;;;;;;;;;;;;;;;;;
Phoenix;;;;;;;;447,7;;;464,3;386,6;551,4;;;;;;;;;;;;;;;;;;;;;;;
SantaFe;;;;;;;;;;441,3;;434,5;541,0;;;;;461,5;;;;;;;;;;;;;;;;;;
Denver;;;;;359,2;379,8;;;;449,3;474,1;;;;;390,4;435,5;516,4;;;;;;;;;;;;;;;;;;
ElPaso;;;;;;;;420,5;;490,0;446,6;;;;;;;475,8;987,6;531,6;;;;;;;;;;;;;;;;
Winnipeg;;;291,8;;332,5;;;;;;;;;;379,4;;;;;;;;;280,8;;;;;;;;;;;;
Duluth;;;;;349,8;;;;;;;;;312,9;;;;;;;;;447,1;;396,3;;;;;;;;;;;
Omaha;;;;;345,9;;;;;;;409,4;;;;;;;;;;;430,5;;;;;;;;;;;;;
KansasCity;;;;;;;;;;;;386,2;;;;;;;;;;526,2;;;;;;;;;;;;;;
OklahomaCity;;;;;;;;;;;446,4;396,0;509,4;;;;;;;;617,5;;;;;;;;;;;;;;;
Houston;;;;;;;;;;;;;552,1;;;;;;;;;;;;;;;;;;;;;;982,3;
Dallas;;;;;;;;;;;;;511,1;;;;;;;;645,5;;;;;;;;;;;;;;;
LittleRock;;;;;;;;;;;;;;;;;;511,2;;531,6;;587,1;;;;;;;;;;;;;742,0;673,6
SaintLouis;;;;;;;;;;;;;;;;;435,5;;;;623,8;;403,4;;;;;;491,6;;;;;;;801,6
Chicago;;;;;;;;;;;;;;;412,7;391,3;;;;;;471,7;;;367,5;;;;450,9;;;;;;;
SaultStMarie;;;;;;;;;;;;;;277,9;;;;;;;;;;;393,3;225,1;;;;;;;;;;
Toronto;;;;;;;;;;;;;;;375,1;;;;;;;;461,0;318,3;;307,1;;;499,0;;;;;;;
Montreal;;;;;;;;;;;;;;;;;;;;;;;;171,0;392,6;;214,4;123,4;;;;;;;;
Boston;;;;;;;;;;;;;;;;;;;;;;;;;;186,5;;304,0;;;;;;;;
NewYork;;;;;;;;;;;;;;;;;;;;;;;;;;211,8;231,7;;;432,3;;;;;;
Pittsburgh;;;;;;;;;;;;;;;;;;;;;;516,8;484,0;;339,7;;;;;471,3;530,5;;;;;
Washington;;;;;;;;;;;;;;;;;;;;;;;;;;;;333,7;483,3;;560,9;;;;;
Raleigh;;;;;;;;;;;;;;;;;;;;;;;;;;;;;462,8;479,5;;;718,1;;;
Atlanta;;;;;;;;;;;;;;;;;;;;;;;;;;;;;;;;;1000,0;1000,0;1000,0;1000,0
Charleston;;;;;;;;;;;;;;;;;;;;;;;;;;;;;;;628,8;902,0;;745,7;;
Miami;;;;;;;;;;;;;;;;;;;;;;;;;;;;;;;;905,0;779,1;;759,0;
NewOrleans;;;;;;;;;;;;;;;;;;;675,5;;664,8;;;;;;;;;;;984,0;;788,2;;
Nashville;;;;;;;;;;;;;;;;;;;;;668,0;623,4;;;;;;;;;;901,0;;;;
Step_16000;Vancouver;Seattle;Calgary;Portland;Helena;SaltLakeCity;SanFrancisco;LosAngeles;LasVegas;Phoenix;SantaFe;Denver;ElPaso;Winnipeg;Duluth;Omaha;KansasCity;OklahomaCity;Houston;Dallas;LittleRock;SaintLouis;Chicago;SaultStMarie;Toronto;Montreal;Boston;NewYork;Pittsburgh;Washington;Raleigh;Atlanta;Charleston;Miami;NewOrleans;Nashville
Vancouver;;270,5;292,9;;;;;;;;;;;;;;;;;;;;;;;;;;;;;;;;;
Seattle;265,3;;297,9;331,0;348,6;;;;;;;;;;;;;;;;;;;;;;;;;;;;;;;
Calgary;258,3;290,3;;;365,9;;;;;;;;;314,4;;;;;;;;;;;;;;;;;;;;;;
Portland;;298,3;;;;350,6;474,9;;;;;;;;;;;;;;;;;;;;;;;;;;;;;
Helena;;323,5;306,6;;;360,9;;;;;;402,8;;296,5;326,2;381,2;;;;;;;;;;;;;;;;;;;;
SaltLakeCity;;;;330,2;367,8;;352,9;;380,5;;;437,0;;;;;;;;;;;;;;;;;;;;;;;;
SanFrancisco;;;;349,9;;352,7;;883,4;;;;;;;;;;;;;;;;;;;;;;;;;;;;
LosAngeles;;;;;;;349,9;;366,9;449,4;;;903,6;;;;;;;;;;;;;;;;;;;;;;;
LasVegas;;;;;;317,7;;414,6;;;;;;;;;;;;;;;;;;;;;;;;;;;;
Phoenix;;;;;;;;433,5;;;455,5;404,1;521,6;;;;;;;;;;;;;;;;;;;;;;;
SantaFe;;;;;;;;;;450,6;;423,1;595,5;;;;;502,9;;;;;;;;;;;;;;;;;;
Denver;;;;;350,7;338,1;;;;444,7;438,4;;;;;399,1;465,0;517,3;;;;;;;;;;;;;;;;;;
ElPaso;;;;;;;;440,0;;458,1;458,2;;;;;;;488,9;974,7;542,6;;;;;;;;;;;;;;;;
Winnipeg;;;300,7;;323,5;;;;;;;;;;358,6;;;;;;;;;337,2;;;;;;;;;;;;
Duluth;;;;;352,9;;;;;;;;;306,4;;;;;;;;;429,2;;397,0;;;;;;;;;;;
Omaha;;;;;340,1;;;;;;;386,7;;;;;;;;;;;492,9;;;;;;;;;;;;;
KansasCity;;;;;;;;;;;;443,3;;;;;;;;;;607,2;;;;;;;;;;;;;;
OklahomaCity;;;;;;;;;;;474,2;451,5;560,0;;;;;;;;625,4;;;;;;;;;;;;;;;
Houston;;;;;;;;;;;;;519,2;;;;;;;;;;;;;;;;;;;;;;910,3;
Dallas;;;;;;;;;;;;;527,7;;;;;;;;598,1;;;;;;;;;;;;;;;
LittleRock;;;;;;;;;;;;;;;;;;484,6;;545,3;;533,3;;;;;;;;;;;;;710,5;696,7
SaintLouis;;;;;;;;;;;;;;;;;489,7;;;;652,9;;470,3;;;;;;495,7;;;;;;;759,1
Chicago;;;;;;;;;;;;;;;372,6;385,8;;;;;;560,2;;;410,4;;;;472,1;;;;;;;
SaultStMarie;;;;;;;;;;;;;;322,5;;;;;;;;;;;416,1;310,3;;;;;;;;;;
Toronto;;;;;;;;;;;;;;;365,2;;;;;;;;449,3;319,7;;317,5;;;539,5;;;;;;;
Montreal;;;;;;;;;;;;;;;;;;;;;;;;235,5;367,0;;225,3;123,4;;;;;;;;
Boston;;;;;;;;;;;;;;;;;;;;;;;;;;244,3;;347,3;;;;;;;;
NewYork;;;;;;;;;;;;;;;;;;;;;;;;;;254,7;282,8;;;436,8;;;;;;
Pittsburgh;;;;;;;;;;;;;;;;;;;;;;553,1;455,1;;369,1;;;;;514,5;595,7;;;;;
Washington;;;;;;;;;;;;;;;;;;;;;;;;;;;;304,2;491,3;;628,3;;;;;
Raleigh;;;;;;;;;;;;;;;;;;;;;;;;;;;;;494,6;520,4;;;720,6;;;
Atlanta;;;;;;;;;;;;;;;;;;;;;;;;;;;;;;;;;1000,0;1000,0;1000,0;1000,0
Charleston;;;;;;;;;;;;;;;;;;;;;;;;;;;;;;;549,7;902,0;;780,7;;
Miami;;;;;;;;;;;;;;;;;;;;;;;;;;;;;;;;905,0;718,4;;824,4;
NewOrleans;;;;;;;;;;;;;;;;;;;669,8;;583,9;;;;;;;;;;;984,0;;790,3;;
Nashville;;;;;;;;;;;;;;;;;;;;;643,3;607,2;;;;;;;;;;901,0;;;;
Step_20000;Vancouver;Seattle;Calgary;Portland;Helena;SaltLakeCity;SanFrancisco;LosAngeles;LasVegas;Phoenix;SantaFe;Denver;ElPaso;Winnipeg;Duluth;Omaha;KansasCity;OklahomaCity;Houston;Dallas;LittleRock;SaintLouis;Chicago;SaultStMarie;Toronto;Montreal;Boston;NewYork;Pittsburgh;Washington;Raleigh;Atlanta;Charleston;Miami;NewOrleans;Nashville
Vancouver;;287,8;288,4;;;;;;;;;;;;;;;;;;;;;;;;;;;;;;;;;
Seattle;261,7;;292,0;308,9;326,0;;;;;;;;;;;;;;;;;;;;;;;;;;;;;;;
Calgary;267,4;276,3;;;338,2;;;;;;;;;353,2;;;;;;;;;;;;;;;;;;;;;;
Portland;;269,6;;;;364,1;318,6;;;;;;;;;;;;;;;;;;;;;;;;;;;;;
Helena;;286,7;297,1;;;330,3;;;;;;353,0;;350,9;376,4;375,4;;;;;;;;;;;;;;;;;;;;
SaltLakeCity;;;;319,6;319,9;;338,4;;370,7;;;390,5;;;;;;;;;;;;;;;;;;;;;;;;
SanFrancisco;;;;298,5;;365,9;;1021,0;;;;;;;;;;;;;;;;;;;;;;;;;;;;
LosAngeles;;;;;;;327,7;;368,5;453,0;;;1018,0;;;;;;;;;;;;;;;;;;;;;;;
LasVegas;;;;;;342,5;;430,7;;;;;;;;;;;;;;;;;;;;;;;;;;;;
Phoenix;;;;;;;;437,6;;;421,9;402,1;528,5;;;;;;;;;;;;;;;;;;;;;;;
SantaFe;;;;;;;;;;453,8;;370,7;413,9;;;;;481,9;;;;;;;;;;;;;;;;;;
Denver;;;;;343,3;328,9;;;;428,1;396,7;;;;;400,0;452,7;483,3;;;;;;;;;;;;;;;;;;
ElPaso;;;;;;;;412,0;;444,1;421,3;;;;;;;517,5;1012,0;510,2;;;;;;;;;;;;;;;;
Winnipeg;;;307,9;;351,8;;;;;;;;;;405,8;;;;;;;;;311,5;;;;;;;;;;;;
Duluth;;;;;325,2;;;;;;;;;345,7;;;;;;;;;474,6;;380,6;;;;;;;;;;;
Omaha;;;;;355,9;;;;;;;400,8;;;;;;;;;;;462,6;;;;;;;;;;;;;
KansasCity;;;;;;;;;;;;392,1;;;;;;;;;;581,8;;;;;;;;;;;;;;
OklahomaCity;;;;;;;;;;;410,9;425,5;545,8;;;;;;;;561,5;;;;;;;;;;;;;;;
Houston;;;;;;;;;;;;;489,1;;;;;;;;;;;;;;;;;;;;;;1006,0;
Dallas;;;;;;;;;;;;;511,4;;;;;;;;545,2;;;;;;;;;;;;;;;
LittleRock;;;;;;;;;;;;;;;;;;469,9;;509,8;;578,4;;;;;;;;;;;;;687,7;592,7
SaintLouis;;;;;;;;;;;;;;;;;467,0;;;;597,8;;444,8;;;;;;445,8;;;;;;;735,3
Chicago;;;;;;;;;;;;;;;406,2;376,6;;;;;;578,8;;;386,3;;;;494,3;;;;;;;
SaultStMarie;;;;;;;;;;;;;;321,3;;;;;;;;;;;373,7;290,0;;;;;;;;;;
Toronto;;;;;;;;;;;;;;;388,4;;;;;;;;444,9;321,6;;277,1;;;472,6;;;;;;;
Montreal;;;;;;;;;;;;;;;;;;;;;;;;272,8;328,1;;261,4;282,5;;;;;;;;
Boston;;;;;;;;;;;;;;;;;;;;;;;;;;263,2;;345,3;;;;;;;;
NewYork;;;;;;;;;;;;;;;;;;;;;;;;;;262,0;270,4;;;394,7;;;;;;
Pittsburgh;;;;;;;;;;;;;;;;;;;;;;512,6;441,3;;366,3;;;;;483,4;513,2;;;;;
Washington;;;;;;;;;;;;;;;;;;;;;;;;;;;;381,6;449,9;;570,0;;;;;
Raleigh;;;;;;;;;;;;;;;;;;;;;;;;;;;;;453,5;483,8;;;689,0;;;
Atlanta;;;;;;;;;;;;;;;;;;;;;;;;;;;;;;;;;1000,0;1000,0;1000,0;1000,0
Charleston;;;;;;;;;;;;;;;;;;;;;;;;;;;;;;;612,5;902,0;;748,2;;
Miami;;;;;;;;;;;;;;;;;;;;;;;;;;;;;;;;905,0;705,4;;768,7;
NewOrleans;;;;;;;;;;;;;;;;;;;552,5;;573,3;;;;;;;;;;;1004,0;;739,7;;
Nashville;;;;;;;;;;;;;;;;;;;;;534,1;615,2;;;;;;;;;;901,0;;;;
Step_24000;Vancouver;Seattle;Calgary;Portland;Helena;SaltLakeCity;SanFrancisco;LosAngeles;LasVegas;Phoenix;SantaFe;Denver;ElPaso;Winnipeg;Duluth;Omaha;KansasCity;OklahomaCity;Houston;Dallas;LittleRock;SaintLouis;Chicago;SaultStMarie;Toronto;Montreal;Boston;NewYork;Pittsburgh;Washington;Raleigh;Atlanta;Charleston;Miami;NewOrleans;Nashville
Vancouver;;284,7;294,1;;;;;;;;;;;;;;;;;;;;;;;;;;;;;;;;;
Seattle;263,2;;291,7;309,4;349,4;;;;;;;;;;;;;;;;;;;;;;;;;;;;;;;
Calgary;267,1;302,1;;;325,8;;;;;;;;;332,1;;;;;;;;;;;;;;;;;;;;;;
Portland;;305,9;;;;350,8;331,6;;;;;;;;;;;;;;;;;;;;;;;;;;;;;
Helena;;304,2;294,0;;;363,7;;;;;;426,0;;332,3;367,1;375,5;;;;;;;;;;;;;;;;;;;;
SaltLakeCity;;;;301,0;343,8;;335,4;;356,6;;;381,3;;;;;;;;;;;;;;;;;;;;;;;;
SanFrancisco;;;;304,0;;338,7;;996,2;;;;;;;;;;;;;;;;;;;;;;;;;;;;
LosAngeles;;;;;;;331,7;;353,3;419,5;;;993,4;;;;;;;;;;;;;;;;;;;;;;;
LasVegas;;;;;;352,5;;414,6;;;;;;;;;;;;;;;;;;;;;;;;;;;;
Phoenix;;;;;;;;425,8;;;429,6;392,6;495,3;;;;;;;;;;;;;;;;;;;;;;;
SantaFe;;;;;;;;;;425,9;;440,5;517,7;;;;;491,7;;;;;;;;;;;;;;;;;;
Denver;;;;;320,7;344,7;;;;415,3;464,5;;;;;367,3;456,5;489,1;;;;;;;;;;;;;;;;;;
ElPaso;;;;;;;;407,4;;435,4;457,3;;;;;;;461,7;987,6;507,2;;;;;;;;;;;;;;;;
Winnipeg;;;314,5;;352,2;;;;;;;;;;382,3;;;;;;;;;348,8;;;;;;;;;;;;
Duluth;;;;;357,0;;;;;;;;;336,7;;;;;;;;;477,3;;382,9;;;;;;;;;;;
Omaha;;;;;359,3;;;;;;;423,1;;;;;;;;;;;414,2;;;;;;;;;;;;;
KansasCity;;;;;;;;;;;;396,0;;;;;;;;;;579,8;;;;;;;;;;;;;;
OklahomaCity;;;;;;;;;;;466,3;409,4;491,8;;;;;;;;606,2;;;;;;;;;;;;;;;
Houston;;;;;;;;;;;;;465,4;;;;;;;;;;;;;;;;;;;;;;982,3;
Dallas;;;;;;;;;;;;;501,1;;;;;;;;639,5;;;;;;;;;;;;;;;
LittleRock;;;;;;;;;;;;;;;;;;520,1;;549,5;;620,8;;;;;;;;;;;;;728,1;693,7
SaintLouis;;;;;;;;;;;;;;;;;465,3;;;;627,8;;478,9;;;;;;486,1;;;;;;;700,3
Chicago;;;;;;;;;;;;;;;390,4;369,3;;;;;;583,6;;;406,8;;;;489,1;;;;;;;
SaultStMarie;;;;;;;;;;;;;;325,6;;;;;;;;;;;400,6;294,5;;;;;;;;;;
Toronto;;;;;;;;;;;;;;;372,8;;;;;;;;503,1;327,6;;306,8;;;424,4;;;;;;;
Montreal;;;;;;;;;;;;;;;;;;;;;;;;309,7;357,1;;305,6;312,3;;;;;;;;
Boston;;;;;;;;;;;;;;;;;;;;;;;;;;282,1;;403,2;;;;;;;;
NewYork;;;;;;;;;;;;;;;;;;;;;;;;;;283,8;306,7;;;458,8;;;;;;
Pittsburgh;;;;;;;;;;;;;;;;;;;;;;543,4;446,3;;378,5;;;;;500,7;623,7;;;;;
Washington;;;;;;;;;;;;;;;;;;;;;;;;;;;;365,5;478,5;;622,1;;;;;
Raleigh;;;;;;;;;;;;;;;;;;;;;;;;;;;;;484,9;488,9;;;701,5;;;
Atlanta;;;;;;;;;;;;;;;;;;;;;;;;;;;;;;;;;1000,0;1000,0;1000,0;1000,0
Charleston;;;;;;;;;;;;;;;;;;;;;;;;;;;;;;;592,6;902,0;;733,8;;
Miami;;;;;;;;;;;;;;;;;;;;;;;;;;;;;;;;905,0;698,4;;727,2;
NewOrleans;;;;;;;;;;;;;;;;;;;516,9;;640,2;;;;;;;;;;;984,0;;781,8;;
Nashville;;;;;;;;;;;;;;;;;;;;;618,8;546,2;;;;;;;;;;901,0;;;;
Step_28000;Vancouver;Seattle;Calgary;Portland;Helena;SaltLakeCity;SanFrancisco;LosAngeles;LasVegas;Phoenix;SantaFe;Denver;ElPaso;Winnipeg;Duluth;Omaha;KansasCity;OklahomaCity;Houston;Dallas;LittleRock;SaintLouis;Chicago;SaultStMarie;Toronto;Montreal;Boston;NewYork;Pittsburgh;Washington;Raleigh;Atlanta;Charleston;Miami;NewOrleans;Nashville
Vancouver;;303,3;285,7;;;;;;;;;;;;;;;;;;;;;;;;;;;;;;;;;
Seattle;264,0;;289,0;309,5;349,1;;;;;;;;;;;;;;;;;;;;;;;;;;;;;;;
Calgary;267,6;291,7;;;321,4;;;;;;;;;350,0;;;;;;;;;;;;;;;;;;;;;;
Portland;;294,5;;;;358,6;337,3;;;;;;;;;;;;;;;;;;;;;;;;;;;;;
Helena;;275,4;303,7;;;337,2;;;;;;416,9;;338,9;399,6;375,3;;;;;;;;;;;;;;;;;;;;
SaltLakeCity;;;;322,3;353,8;;348,9;;360,1;;;418,0;;;;;;;;;;;;;;;;;;;;;;;;
SanFrancisco;;;;311,8;;362,5;;1021,0;;;;;;;;;;;;;;;;;;;;;;;;;;;;
LosAngeles;;;;;;;356,1;;342,7;424,0;;;1018,0;;;;;;;;;;;;;;;;;;;;;;;
LasVegas;;;;;;343,3;;389,5;;;;;;;;;;;;;;;;;;;;;;;;;;;;
Phoenix;;;;;;;;422,5;;;440,0;405,3;489,6;;;;;;;;;;;;;;;;;;;;;;;
SantaFe;;;;;;;;;;445,4;;415,0;524,2;;;;;477,2;;;;;;;;;;;;;;;;;;
Denver;;;;;337,5;340,7;;;;433,1;414,3;;;;;391,7;470,5;435,1;;;;;;;;;;;;;;;;;;
ElPaso;;;;;;;;429,2;;433,3;439,4;;;;;;;503,2;1012,0;541,7;;;;;;;;;;;;;;;;
Winnipeg;;;304,3;;339,5;;;;;;;;;;410,9;;;;;;;;;346,6;;;;;;;;;;;;
Duluth;;;;;352,5;;;;;;;;;334,8;;;;;;;;;514,8;;386,1;;;;;;;;;;;
Omaha;;;;;355,2;;;;;;;388,9;;;;;;;;;;;436,4;;;;;;;;;;;;;
KansasCity;;;;;;;;;;;;420,3;;;;;;;;;;579,8;;;;;;;;;;;;;;
OklahomaCity;;;;;;;;;;;410,2;404,0;523,1;;;;;;;;581,3;;;;;;;;;;;;;;;
Houston;;;;;;;;;;;;;483,4;;;;;;;;;;;;;;;;;;;;;;1006,0;
Dallas;;;;;;;;;;;;;506,9;;;;;;;;637,5;;;;;;;;;;;;;;;
LittleRock;;;;;;;;;;;;;;;;;;465,0;;506,2;;452,5;;;;;;;;;;;;;755,4;738,1
SaintLouis;;;;;;;;;;;;;;;;;464,6;;;;593,0;;446,5;;;;;;488,7;;;;;;;696,6
Chicago;;;;;;;;;;;;;;;392,2;389,1;;;;;;531,5;;;391,3;;;;492,7;;;;;;;
SaultStMarie;;;;;;;;;;;;;;339,5;;;;;;;;;;;395,1;334,3;;;;;;;;;;
Toronto;;;;;;;;;;;;;;;393,4;;;;;;;;433,2;346,5;;333,3;;;464,7;;;;;;;
Montreal;;;;;;;;;;;;;;;;;;;;;;;;340,1;421,7;;321,7;380,9;;;;;;;;
Boston;;;;;;;;;;;;;;;;;;;;;;;;;;303,6;;396,0;;;;;;;;
NewYork;;;;;;;;;;;;;;;;;;;;;;;;;;321,3;333,4;;;511,2;;;;;;
Pittsburgh;;;;;;;;;;;;;;;;;;;;;;590,6;491,4;;421,3;;;;;485,2;541,1;;;;;
Washington;;;;;;;;;;;;;;;;;;;;;;;;;;;;393,7;482,6;;675,7;;;;;
Raleigh;;;;;;;;;;;;;;;;;;;;;;;;;;;;;466,2;509,9;;;782,5;;;
Atlanta;;;;;;;;;;;;;;;;;;;;;;;;;;;;;;;;;1000,0;1000,0;1000,0;1000,0
Charleston;;;;;;;;;;;;;;;;;;;;;;;;;;;;;;;541,9;902,0;;769,6;;
Miami;;;;;;;;;;;;;;;;;;;;;;;;;;;;;;;;905,0;736,1;;812,9;
NewOrleans;;;;;;;;;;;;;;;;;;;636,2;;653,5;;;;;;;;;;;1004,0;;778,7;;
Nashville;;;;;;;;;;;;;;;;;;;;;583,9;546,5;;;;;;;;;;901,0;;;;
Step_32000;Vancouver;Seattle;Calgary;Portland;Helena;SaltLakeCity;SanFrancisco;LosAngeles;LasVegas;Phoenix;SantaFe;Denver;ElPaso;Winnipeg;Duluth;Omaha;KansasCity;OklahomaCity;Houston;Dallas;LittleRock;SaintLouis;Chicago;SaultStMarie;Toronto;Montreal;Boston;NewYork;Pittsburgh;Washington;Raleigh;Atlanta;Charleston;Miami;NewOrleans;Nashville
Vancouver;;280,0;282,4;;;;;;;;;;;;;;;;;;;;;;;;;;;;;;;;;
Seattle;262,4;;294,9;298,6;356,3;;;;;;;;;;;;;;;;;;;;;;;;;;;;;;;
Calgary;265,0;297,4;;;335,7;;;;;;;;;323,1;;;;;;;;;;;;;;;;;;;;;;
Portland;;272,5;;;;355,6;337,3;;;;;;;;;;;;;;;;;;;;;;;;;;;;;
Helena;;281,7;288,7;;;335,3;;;;;;426,0;;324,7;384,5;367,5;;;;;;;;;;;;;;;;;;;;
SaltLakeCity;;;;296,6;332,2;;321,6;;355,1;;;394,1;;;;;;;;;;;;;;;;;;;;;;;;
SanFrancisco;;;;293,9;;361,7;;1021,0;;;;;;;;;;;;;;;;;;;;;;;;;;;;
LosAngeles;;;;;;;368,7;;381,1;427,7;;;1018,0;;;;;;;;;;;;;;;;;;;;;;;
LasVegas;;;;;;364,0;;432,7;;;;;;;;;;;;;;;;;;;;;;;;;;;;
Phoenix;;;;;;;;414,1;;;412,4;397,6;608,5;;;;;;;;;;;;;;;;;;;;;;;
SantaFe;;;;;;;;;;433,5;;407,7;527,8;;;;;518,0;;;;;;;;;;;;;;;;;;
Denver;;;;;345,0;352,8;;;;458,9;431,6;;;;;416,4;430,9;468,0;;;;;;;;;;;;;;;;;;
ElPaso;;;;;;;;419,5;;440,2;458,9;;;;;;;486,6;987,6;554,8;;;;;;;;;;;;;;;;
Winnipeg;;;295,4;;353,6;;;;;;;;;;348,3;;;;;;;;;347,3;;;;;;;;;;;;
Duluth;;;;;332,5;;;;;;;;;319,1;;;;;;;;;491,1;;392,6;;;;;;;;;;;
Omaha;;;;;315,0;;;;;;;380,0;;;;;;;;;;;487,7;;;;;;;;;;;;;
KansasCity;;;;;;;;;;;;361,6;;;;;;;;;;601,2;;;;;;;;;;;;;;
OklahomaCity;;;;;;;;;;;439,5;398,4;489,0;;;;;;;;561,1;;;;;;;;;;;;;;;
Houston;;;;;;;;;;;;;520,4;;;;;;;;;;;;;;;;;;;;;;982,3;
Dallas;;;;;;;;;;;;;465,4;;;;;;;;664,9;;;;;;;;;;;;;;;
LittleRock;;;;;;;;;;;;;;;;;;538,6;;490,3;;528,9;;;;;;;;;;;;;760,8;715,4
SaintLouis;;;;;;;;;;;;;;;;;501,4;;;;656,9;;500,8;;;;;;487,0;;;;;;;783,2
Chicago;;;;;;;;;;;;;;;389,1;407,4;;;;;;615,7;;;419,7;;;;505,1;;;;;;;
SaultStMarie;;;;;;;;;;;;;;322,4;;;;;;;;;;;408,4;348,7;;;;;;;;;;
Toronto;;;;;;;;;;;;;;;393,0;;;;;;;;442,0;333,9;;354,4;;;528,1;;;;;;;
Montreal;;;;;;;;;;;;;;;;;;;;;;;;346,9;384,5;;346,6;381,6;;;;;;;;
Boston;;;;;;;;;;;;;;;;;;;;;;;;;;336,5;;395,4;;;;;;;;
NewYork;;;;;;;;;;;;;;;;;;;;;;;;;;363,8;334,0;;;510,6;;;;;;
Pittsburgh;;;;;;;;;;;;;;;;;;;;;;531,0;448,4;;414,2;;;;;526,7;608,2;;;;;
Washington;;;;;;;;;;;;;;;;;;;;;;;;;;;;409,9;537,7;;611,1;;;;;
Raleigh;;;;;;;;;;;;;;;;;;;;;;;;;;;;;503,7;471,9;;;737,5;;;
Atlanta;;;;;;;;;;;;;;;;;;;;;;;;;;;;;;;;;1000,0;1000,0;1000,0;1000,0
Charleston;;;;;;;;;;;;;;;;;;;;;;;;;;;;;;;586,1;902,0;;768,4;;
Miami;;;;;;;;;;;;;;;;;;;;;;;;;;;;;;;;905,0;767,3;;748,0;
NewOrleans;;;;;;;;;;;;;;;;;;;624,8;;627,6;;;;;;;;;;;984,0;;796,4;;
Nashville;;;;;;;;;;;;;;;;;;;;;636,4;599,8;;;;;;;;;;901,0;;;;
Step_36000;Vancouver;Seattle;Calgary;Portland;Helena;SaltLakeCity;SanFrancisco;LosAngeles;LasVegas;Phoenix;SantaFe;Denver;ElPaso;Winnipeg;Duluth;Omaha;KansasCity;OklahomaCity;Houston;Dallas;LittleRock;SaintLouis;Chicago;SaultStMarie;Toronto;Montreal;Boston;NewYork;Pittsburgh;Washington;Raleigh;Atlanta;Charleston;Miami;NewOrleans;Nashville
Vancouver;;282,1;293,8;;;;;;;;;;;;;;;;;;;;;;;;;;;;;;;;;
Seattle;266,4;;310,6;312,6;338,3;;;;;;;;;;;;;;;;;;;;;;;;;;;;;;;
Calgary;273,8;303,1;;;355,4;;;;;;;;;330,5;;;;;;;;;;;;;;;;;;;;;;
Portland;;290,5;;;;365,0;340,6;;;;;;;;;;;;;;;;;;;;;;;;;;;;;
Helena;;306,5;299,0;;;353,1;;;;;;429,6;;324,0;375,6;389,7;;;;;;;;;;;;;;;;;;;;
SaltLakeCity;;;;305,1;372,0;;322,8;;351,6;;;430,3;;;;;;;;;;;;;;;;;;;;;;;;
SanFrancisco;;;;322,7;;347,6;;994,1;;;;;;;;;;;;;;;;;;;;;;;;;;;;
LosAngeles;;;;;;;344,9;;348,0;427,4;;;981,9;;;;;;;;;;;;;;;;;;;;;;;
LasVegas;;;;;;348,6;;401,0;;;;;;;;;;;;;;;;;;;;;;;;;;;;
Phoenix;;;;;;;;380,1;;;440,2;416,8;503,1;;;;;;;;;;;;;;;;;;;;;;;
SantaFe;;;;;;;;;;424,7;;426,4;452,0;;;;;479,5;;;;;;;;;;;;;;;;;;
Denver;;;;;338,4;364,4;;;;410,6;442,3;;;;;404,4;495,0;509,4;;;;;;;;;;;;;;;;;;
ElPaso;;;;;;;;411,8;;400,6;429,8;;;;;;;434,5;923,9;543,3;;;;;;;;;;;;;;;;
Winnipeg;;;313,0;;337,7;;;;;;;;;;391,4;;;;;;;;;366,7;;;;;;;;;;;;
Duluth;;;;;333,2;;;;;;;;;363,1;;;;;;;;;447,7;;405,0;;;;;;;;;;;
Omaha;;;;;348,8;;;;;;;398,6;;;;;;;;;;;461,5;;;;;;;;;;;;;
KansasCity;;;;;;;;;;;;417,2;;;;;;;;;;615,7;;;;;;;;;;;;;;
OklahomaCity;;;;;;;;;;;441,8;440,2;521,9;;;;;;;;584,5;;;;;;;;;;;;;;;
Houston;;;;;;;;;;;;;628,4;;;;;;;;;;;;;;;;;;;;;;982,3;
Dallas;;;;;;;;;;;;;488,9;;;;;;;;653,6;;;;;;;;;;;;;;;
LittleRock;;;;;;;;;;;;;;;;;;524,9;;537,8;;605,1;;;;;;;;;;;;;750,6;682,4
SaintLouis;;;;;;;;;;;;;;;;;503,3;;;;629,4;;479,4;;;;;;530,3;;;;;;;731,8
Chicago;;;;;;;;;;;;;;;387,9;390,4;;;;;;535,4;;;385,1;;;;477,3;;;;;;;
SaultStMarie;;;;;;;;;;;;;;347,4;;;;;;;;;;;419,7;352,1;;;;;;;;;;
Toronto;;;;;;;;;;;;;;;368,8;;;;;;;;452,7;351,0;;359,5;;;483,3;;;;;;;
Montreal;;;;;;;;;;;;;;;;;;;;;;;;344,4;405,0;;352,4;403,3;;;;;;;;
Boston;;;;;;;;;;;;;;;;;;;;;;;;;;347,7;;407,2;;;;;;;;
NewYork;;;;;;;;;;;;;;;;;;;;;;;;;;367,0;342,8;;;481,3;;;;;;
Pittsburgh;;;;;;;;;;;;;;;;;;;;;;553,1;470,7;;390,8;;;;;448,8;631,4;;;;;
Washington;;;;;;;;;;;;;;;;;;;;;;;;;;;;411,1;493,7;;592,1;;;;;
Raleigh;;;;;;;;;;;;;;;;;;;;;;;;;;;;;463,0;502,7;;;747,1;;;
Atlanta;;;;;;;;;;;;;;;;;;;;;;;;;;;;;;;;;1000,0;1000,0;1000,0;1000,0
Charleston;;;;;;;;;;;;;;;;;;;;;;;;;;;;;;;593,2;902,0;;804,6;;
Miami;;;;;;;;;;;;;;;;;;;;;;;;;;;;;;;;905,0;779,1;;698,9;
NewOrleans;;;;;;;;;;;;;;;;;;;606,5;;577,8;;;;;;;;;;;984,0;;769,4;;
Nashville;;;;;;;;;;;;;;;;;;;;;562,1;581,6;;;;;;;;;;901,0;;;;
Step_40000;Vancouver;Seattle;Calgary;Portland;Helena;SaltLakeCity;SanFrancisco;LosAngeles;LasVegas;Phoenix;SantaFe;Denver;ElPaso;Winnipeg;Duluth;Omaha;KansasCity;OklahomaCity;Houston;Dallas;LittleRock;SaintLouis;Chicago;SaultStMarie;Toronto;Montreal;Boston;NewYork;Pittsburgh;Washington;Raleigh;Atlanta;Charleston;Miami;NewOrleans;Nashville
Vancouver;;286,2;313,3;;;;;;;;;;;;;;;;;;;;;;;;;;;;;;;;;
Seattle;271,5;;296,2;296,0;348,4;;;;;;;;;;;;;;;;;;;;;;;;;;;;;;;
Calgary;274,6;303,8;;;343,9;;;;;;;;;313,1;;;;;;;;;;;;;;;;;;;;;;
Portland;;293,2;;;;341,3;331,4;;;;;;;;;;;;;;;;;;;;;;;;;;;;;
Helena;;296,0;287,8;;;355,5;;;;;;407,6;;320,9;341,5;363,9;;;;;;;;;;;;;;;;;;;;
SaltLakeCity;;;;321,3;361,6;;329,9;;355,5;;;415,2;;;;;;;;;;;;;;;;;;;;;;;;
SanFrancisco;;;;310,4;;345,3;;993,5;;;;;;;;;;;;;;;;;;;;;;;;;;;;
LosAngeles;;;;;;;362,7;;379,2;431,6;;;978,3;;;;;;;;;;;;;;;;;;;;;;;
LasVegas;;;;;;356,0;;421,9;;;;;;;;;;;;;;;;;;;;;;;;;;;;
Phoenix;;;;;;;;407,3;;;423,9;406,0;502,0;;;;;;;;;;;;;;;;;;;;;;;
SantaFe;;;;;;;;;;435,0;;429,0;497,3;;;;;480,1;;;;;;;;;;;;;;;;;;
Denver;;;;;370,5;340,1;;;;417,3;426,8;;;;;375,8;473,2;447,4;;;;;;;;;;;;;;;;;;
ElPaso;;;;;;;;416,3;;440,8;424,6;;;;;;;483,1;903,9;529,7;;;;;;;;;;;;;;;;
Winnipeg;;;295,8;;311,4;;;;;;;;;;351,2;;;;;;;;;351,6;;;;;;;;;;;;
Duluth;;;;;346,4;;;;;;;;;318,7;;;;;;;;;408,0;;395,9;;;;;;;;;;;
Omaha;;;;;352,3;;;;;;;402,1;;;;;;;;;;;403,6;;;;;;;;;;;;;
KansasCity;;;;;;;;;;;;426,2;;;;;;;;;;534,9;;;;;;;;;;;;;;
OklahomaCity;;;;;;;;;;;446,6;395,0;516,6;;;;;;;;583,0;;;;;;;;;;;;;;;
Houston;;;;;;;;;;;;;517,3;;;;;;;;;;;;;;;;;;;;;;982,3;
Dallas;;;;;;;;;;;;;488,3;;;;;;;;579,5;;;;;;;;;;;;;;;
LittleRock;;;;;;;;;;;;;;;;;;471,9;;544,3;;565,5;;;;;;;;;;;;;745,9;660,1
SaintLouis;;;;;;;;;;;;;;;;;473,8;;;;606,9;;414,1;;;;;;493,4;;;;;;;699,4
Chicago;;;;;;;;;;;;;;;368,2;385,2;;;;;;512,2;;;424,2;;;;463,7;;;;;;;
SaultStMarie;;;;;;;;;;;;;;336,6;;;;;;;;;;;381,9;357,9;;;;;;;;;;
Toronto;;;;;;;;;;;;;;;354,6;;;;;;;;419,5;347,0;;341,8;;;443,0;;;;;;;
Montreal;;;;;;;;;;;;;;;;;;;;;;;;353,9;380,6;;330,4;374,5;;;;;;;;
Boston;;;;;;;;;;;;;;;;;;;;;;;;;;342,7;;400,9;;;;;;;;
NewYork;;;;;;;;;;;;;;;;;;;;;;;;;;358,8;334,3;;;442,0;;;;;;
Pittsburgh;;;;;;;;;;;;;;;;;;;;;;524,5;418,0;;370,8;;;;;470,9;557,9;;;;;
Washington;;;;;;;;;;;;;;;;;;;;;;;;;;;;366,2;478,2;;587,8;;;;;
Raleigh;;;;;;;;;;;;;;;;;;;;;;;;;;;;;507,5;455,5;;;764,1;;;
Atlanta;;;;;;;;;;;;;;;;;;;;;;;;;;;;;;;;;1000,0;1000,0;1000,0;1000,0
Charleston;;;;;;;;;;;;;;;;;;;;;;;;;;;;;;;624,1;902,0;;795,4;;
Miami;;;;;;;;;;;;;;;;;;;;;;;;;;;;;;;;905,0;790,5;;756,4;
NewOrleans;;;;;;;;;;;;;;;;;;;613,6;;528,4;;;;;;;;;;;984,0;;760,4;;
Nashville;;;;;;;;;;;;;;;;;;;;;628,1;543,6;;;;;;;;;;901,0;;;;
Step_4000;Vancouver;Seattle;Calgary;Portland;Helena;SaltLakeCity;SanFrancisco;LosAngeles;LasVegas;Phoenix;SantaFe;Denver;ElPaso;Winnipeg;Duluth;Omaha;KansasCity;OklahomaCity;Houston;Dallas;LittleRock;SaintLouis;Chicago;SaultStMarie;Toronto;Montreal;Boston;NewYork;Pittsburgh;Washington;Raleigh;Atlanta;Charleston;Miami;NewOrleans;Nashville
Vancouver;;229,2;222,2;;;;;;;;;;;;;;;;;;;;;;;;;;;;;;;;;
Seattle;206,2;;259,3;288,9;257,9;;;;;;;;;;;;;;;;;;;;;;;;;;;;;;;
Calgary;174,8;241,8;;;294,8;;;;;;;;;190,2;;;;;;;;;;;;;;;;;;;;;;
Portland;;236,6;;;;346,8;362,4;;;;;;;;;;;;;;;;;;;;;;;;;;;;;
Helena;;258,6;212,0;;;336,5;;;;;;413,0;;215,6;268,1;333,4;;;;;;;;;;;;;;;;;;;;
SaltLakeCity;;;;291,9;341,8;;353,2;;352,4;;;413,4;;;;;;;;;;;;;;;;;;;;;;;;
SanFrancisco;;;;311,6;;341,2;;895,6;;;;;;;;;;;;;;;;;;;;;;;;;;;;
LosAngeles;;;;;;;434,5;;370,8;431,5;;;897,7;;;;;;;;;;;;;;;;;;;;;;;
LasVegas;;;;;;359,9;;421,5;;;;;;;;;;;;;;;;;;;;;;;;;;;;
Phoenix;;;;;;;;389,4;;;411,0;411,1;521,5;;;;;;;;;;;;;;;;;;;;;;;
SantaFe;;;;;;;;;;408,7;;382,0;455,6;;;;;452,8;;;;;;;;;;;;;;;;;;
Denver;;;;;344,3;336,4;;;;412,1;429,4;;;;;353,1;455,5;490,3;;;;;;;;;;;;;;;;;;
ElPaso;;;;;;;;402,6;;417,5;411,8;;;;;;;456,2;1012,0;553,7;;;;;;;;;;;;;;;;
Winnipeg;;;125,5;;304,6;;;;;;;;;;174,9;;;;;;;;;86,1;;;;;;;;;;;;
Duluth;;;;;338,9;;;;;;;;;100,9;;;;;;;;;330,7;;200,3;;;;;;;;;;;
Omaha;;;;;279,3;;;;;;;392,2;;;;;;;;;;;377,6;;;;;;;;;;;;;
KansasCity;;;;;;;;;;;;354,7;;;;;;;;;;511,6;;;;;;;;;;;;;;
OklahomaCity;;;;;;;;;;;418,2;377,5;496,7;;;;;;;;604,5;;;;;;;;;;;;;;;
Houston;;;;;;;;;;;;;509,4;;;;;;;;;;;;;;;;;;;;;;1006,0;
Dallas;;;;;;;;;;;;;532,3;;;;;;;;597,7;;;;;;;;;;;;;;;
LittleRock;;;;;;;;;;;;;;;;;;495,2;;537,9;;517,5;;;;;;;;;;;;;803,7;684,2
SaintLouis;;;;;;;;;;;;;;;;;445,1;;;;629,9;;350,1;;;;;;427,2;;;;;;;581,9
Chicago;;;;;;;;;;;;;;;270,1;346,4;;;;;;452,1;;;214,6;;;;368,3;;;;;;;
SaultStMarie;;;;;;;;;;;;;;199,7;;;;;;;;;;;48,5;33,7;;;;;;;;;;
Toronto;;;;;;;;;;;;;;;103,1;;;;;;;;367,8;47,3;;15,4;;;356,1;;;;;;;
Montreal;;;;;;;;;;;;;;;;;;;;;;;;6,3;193,9;;6,1;20,2;;;;;;;;
Boston;;;;;;;;;;;;;;;;;;;;;;;;;;23,2;;2,4;;;;;;;;
NewYork;;;;;;;;;;;;;;;;;;;;;;;;;;34,7;2,8;;;192,8;;;;;;
Pittsburgh;;;;;;;;;;;;;;;;;;;;;;536,3;313,9;;100,7;;;;;185,0;414,4;;;;;
Washington;;;;;;;;;;;;;;;;;;;;;;;;;;;;85,9;309,2;;229,8;;;;;
Raleigh;;;;;;;;;;;;;;;;;;;;;;;;;;;;;310,2;145,7;;;703,8;;;
Atlanta;;;;;;;;;;;;;;;;;;;;;;;;;;;;;;;;;1000,0;1000,0;1000,0;1000,0
Charleston;;;;;;;;;;;;;;;;;;;;;;;;;;;;;;;349,5;902,0;;701,6;;
Miami;;;;;;;;;;;;;;;;;;;;;;;;;;;;;;;;905,0;731,6;;781,0;
NewOrleans;;;;;;;;;;;;;;;;;;;651,4;;547,5;;;;;;;;;;;984,0;;805,1;;
Nashville;;;;;;;;;;;;;;;;;;;;;610,0;489,5;;;;;;;;;;901,0;;;;
Step_8000;Vancouver;Seattle;Calgary;Portland;Helena;SaltLakeCity;SanFrancisco;LosAngeles;LasVegas;Phoenix;SantaFe;Denver;ElPaso;Winnipeg;Duluth;Omaha;KansasCity;OklahomaCity;Houston;Dallas;LittleRock;SaintLouis;Chicago;SaultStMarie;Toronto;Montreal;Boston;NewYork;Pittsburgh;Washington;Raleigh;Atlanta;Charleston;Miami;NewOrleans;Nashville
Vancouver;;280,4;265,6;;;;;;;;;;;;;;;;;;;;;;;;;;;;;;;;;
Seattle;244,8;;285,3;309,9;347,1;;;;;;;;;;;;;;;;;;;;;;;;;;;;;;;
Calgary;244,5;282,8;;;335,3;;;;;;;;;302,7;;;;;;;;;;;;;;;;;;;;;;
Portland;;282,7;;;;373,6;343,4;;;;;;;;;;;;;;;;;;;;;;;;;;;;;
Helena;;294,6;269,6;;;322,7;;;;;;387,6;;229,9;361,5;373,3;;;;;;;;;;;;;;;;;;;;
SaltLakeCity;;;;307,1;375,3;;356,7;;370,1;;;1016,0;;;;;;;;;;;;;;;;;;;;;;;;
SanFrancisco;;;;318,8;;1021,0;;385,2;;;;;;;;;;;;;;;;;;;;;;;;;;;;
LosAngeles;;;;;;;348,9;;352,7;419,7;;;511,6;;;;;;;;;;;;;;;;;;;;;;;
LasVegas;;;;;;339,2;;426,9;;;;;;;;;;;;;;;;;;;;;;;;;;;;
Phoenix;;;;;;;;423,2;;;422,0;388,3;452,7;;;;;;;;;;;;;;;;;;;;;;;
SantaFe;;;;;;;;;;390,5;;403,7;460,7;;;;;510,5;;;;;;;;;;;;;;;;;;
Denver;;;;;360,5;366,6;;;;392,7;418,8;;;;;394,1;449,3;973,4;;;;;;;;;;;;;;;;;;
ElPaso;;;;;;;;427,9;;399,3;445,1;;;;;;;501,2;594,6;507,6;;;;;;;;;;;;;;;;
Winnipeg;;;249,0;;336,4;;;;;;;;;;385,7;;;;;;;;;175,8;;;;;;;;;;;;
Duluth;;;;;325,2;;;;;;;;;298,7;;;;;;;;;441,8;;373,2;;;;;;;;;;;
Omaha;;;;;338,1;;;;;;;410,1;;;;;;;;;;;435,1;;;;;;;;;;;;;
KansasCity;;;;;;;;;;;;434,6;;;;;;;;;;518,9;;;;;;;;;;;;;;
OklahomaCity;;;;;;;;;;;443,6;492,5;470,3;;;;;;;;901,2;;;;;;;;;;;;;;;
Houston;;;;;;;;;;;;;459,6;;;;;;;;;;;;;;;;;;;;;;765,1;
Dallas;;;;;;;;;;;;;490,9;;;;;;;;651,9;;;;;;;;;;;;;;;
LittleRock;;;;;;;;;;;;;;;;;;557,2;;520,0;;522,4;;;;;;;;;;;;;913,0;658,9
SaintLouis;;;;;;;;;;;;;;;;;485,5;;;;594,4;;446,9;;;;;;461,1;;;;;;;582,5
Chicago;;;;;;;;;;;;;;;339,1;389,2;;;;;;505,7;;;355,9;;;;418,5;;;;;;;
SaultStMarie;;;;;;;;;;;;;;302,1;;;;;;;;;;;121,4;92,8;;;;;;;;;;
Toronto;;;;;;;;;;;;;;;338,7;;;;;;;;423,8;205,1;;144,1;;;450,5;;;;;;;
Montreal;;;;;;;;;;;;;;;;;;;;;;;;6,3;287,2;;24,3;19,7;;;;;;;;
Boston;;;;;;;;;;;;;;;;;;;;;;;;;;40,7;;44,1;;;;;;;;
NewYork;;;;;;;;;;;;;;;;;;;;;;;;;;79,7;16,2;;;348,2;;;;;;
Pittsburgh;;;;;;;;;;;;;;;;;;;;;;552,2;458,0;;320,8;;;;;268,4;454,7;;;;;
Washington;;;;;;;;;;;;;;;;;;;;;;;;;;;;233,2;423,8;;489,3;;;;;
Raleigh;;;;;;;;;;;;;;;;;;;;;;;;;;;;;434,4;302,4;;;716,8;;;
Atlanta;;;;;;;;;;;;;;;;;;;;;;;;;;;;;;;;;1000,0;1000,0;1000,0;1000,0
Charleston;;;;;;;;;;;;;;;;;;;;;;;;;;;;;;;532,5;902,0;;730,5;;
Miami;;;;;;;;;;;;;;;;;;;;;;;;;;;;;;;;905,0;754,6;;660,2;
NewOrleans;;;;;;;;;;;;;;;;;;;593,2;;600,1;;;;;;;;;;;984,0;;768,1;;
Nashville;;;;;;;;;;;;;;;;;;;;;583,5;549,2;;;;;;;;;;901,0;;;;
Step_12000;Vancouver;Seattle;Calgary;Portland;Helena;SaltLakeCity;SanFrancisco;LosAngeles;LasVegas;Phoenix;SantaFe;Denver;ElPaso;Winnipeg;Duluth;Omaha;KansasCity;OklahomaCity;Houston;Dallas;LittleRock;SaintLouis;Chicago;SaultStMarie;Toronto;Montreal;Boston;NewYork;Pittsburgh;Washington;Raleigh;Atlanta;Charleston;Miami;NewOrleans;Nashville
Vancouver;;293,3;298,3;;;;;;;;;;;;;;;;;;;;;;;;;;;;;;;;;
Seattle;267,5;;278,4;317,5;357,1;;;;;;;;;;;;;;;;;;;;;;;;;;;;;;;
Calgary;260,0;296,1;;;351,2;;;;;;;;;306,1;;;;;;;;;;;;;;;;;;;;;;
Portland;;316,8;;;;364,7;330,7;;;;;;;;;;;;;;;;;;;;;;;;;;;;;
Helena;;288,7;305,9;;;358,5;;;;;;403,3;;303,2;358,1;366,3;;;;;;;;;;;;;;;;;;;;
SaltLakeCity;;;;329,3;349,5;;316,6;;337,3;;;405,5;;;;;;;;;;;;;;;;;;;;;;;;
SanFrancisco;;;;330,4;;358,5;;881,1;;;;;;;;;;;;;;;;;;;;;;;;;;;;
LosAngeles;;;;;;;327,3;;353,6;430,0;;;993,4;;;;;;;;;;;;;;;;;;;;;;;
LasVegas;;;;;;358,3;;480,4;;;;;;;;;;;;;;;;;;;;;;;;;;;;
Phoenix;;;;;;;;383,5;;;414,3;395,1;541,2;;;;;;;;;;;;;;;;;;;;;;;
SantaFe;;;;;;;;;;399,6;;419,6;456,8;;;;;438,7;;;;;;;;;;;;;;;;;;
Denver;;;;;351,3;342,0;;;;450,1;405,6;;;;;388,6;464,2;512,3;;;;;;;;;;;;;;;;;;
ElPaso;;;;;;;;387,2;;392,0;410,5;;;;;;;539,4;987,6;538,0;;;;;;;;;;;;;;;;
Winnipeg;;;289,8;;350,5;;;;;;;;;;324,9;;;;;;;;;241,3;;;;;;;;;;;;
Duluth;;;;;341,7;;;;;;;;;293,9;;;;;;;;;433,6;;379,0;;;;;;;;;;;
Omaha;;;;;350,6;;;;;;;421,0;;;;;;;;;;;458,2;;;;;;;;;;;;;
KansasCity;;;;;;;;;;;;390,5;;;;;;;;;;621,9;;;;;;;;;;;;;;
OklahomaCity;;;;;;;;;;;421,8;448,0;522,6;;;;;;;;619,4;;;;;;;;;;;;;;;
Houston;;;;;;;;;;;;;450,5;;;;;;;;;;;;;;;;;;;;;;982,3;
Dallas;;;;;;;;;;;;;508,0;;;;;;;;623,6;;;;;;;;;;;;;;;
LittleRock;;;;;;;;;;;;;;;;;;459,5;;540,8;;479,7;;;;;;;;;;;;;717,5;769,5
SaintLouis;;;;;;;;;;;;;;;;;436,1;;;;561,8;;452,0;;;;;;473,0;;;;;;;759,8
Chicago;;;;;;;;;;;;;;;337,6;414,5;;;;;;542,0;;;348,0;;;;455,3;;;;;;;
SaultStMarie;;;;;;;;;;;;;;290,5;;;;;;;;;;;385,0;181,2;;;;;;;;;;
Toronto;;;;;;;;;;;;;;;351,4;;;;;;;;460,6;262,1;;180,0;;;406,9;;;;;;;
Montreal;;;;;;;;;;;;;;;;;;;;;;;;6,3;367,5;;76,9;93,4;;;;;;;;
Boston;;;;;;;;;;;;;;;;;;;;;;;;;;162,4;;158,4;;;;;;;;
NewYork;;;;;;;;;;;;;;;;;;;;;;;;;;127,5;124,2;;;422,0;;;;;;
Pittsburgh;;;;;;;;;;;;;;;;;;;;;;457,6;401,3;;352,2;;;;;449,4;574,9;;;;;
Washington;;;;;;;;;;;;;;;;;;;;;;;;;;;;284,9;491,2;;621,6;;;;;
Raleigh;;;;;;;;;;;;;;;;;;;;;;;;;;;;;466,0;423,6;;;651,8;;;
Atlanta;;;;;;;;;;;;;;;;;;;;;;;;;;;;;;;;;1000,0;1000,0;1000,0;1000,0
Charleston;;;;;;;;;;;;;;;;;;;;;;;;;;;;;;;603,9;902,0;;751,5;;
Miami;;;;;;;;;;;;;;;;;;;;;;;;;;;;;;;;905,0;718,8;;744,1;
NewOrleans;;;;;;;;;;;;;;;;;;;547,5;;618,6;;;;;;;;;;;984,0;;761,4;;
Nashville;;;;;;;;;;;;;;;;;;;;;585,5;570,6;;;;;;;;;;901,0;;;;
Step_16000;Vancouver;Seattle;Calgary;Portland;Helena;SaltLakeCity;SanFrancisco;LosAngeles;LasVegas;Phoenix;SantaFe;Denver;ElPaso;Winnipeg;Duluth;Omaha;KansasCity;OklahomaCity;Houston;Dallas;LittleRock;SaintLouis;Chicago;SaultStMarie;Toronto;Montreal;Boston;NewYork;Pittsburgh;Washington;Raleigh;Atlanta;Charleston;Miami;NewOrleans;Nashville
Vancouver;;283,7;287,0;;;;;;;;;;;;;;;;;;;;;;;;;;;;;;;;;
Seattle;260,3;;294,3;297,8;321,7;;;;;;;;;;;;;;;;;;;;;;;;;;;;;;;
Calgary;251,8;277,1;;;318,9;;;;;;;;;313,5;;;;;;;;;;;;;;;;;;;;;;
Portland;;283,8;;;;347,4;302,2;;;;;;;;;;;;;;;;;;;;;;;;;;;;;
Helena;;291,9;280,2;;;333,2;;;;;;365,5;;313,8;353,8;370,6;;;;;;;;;;;;;;;;;;;;
SaltLakeCity;;;;292,0;324,6;;329,2;;347,9;;;400,6;;;;;;;;;;;;;;;;;;;;;;;;
SanFrancisco;;;;302,5;;324,4;;995,8;;;;;;;;;;;;;;;;;;;;;;;;;;;;
LosAngeles;;;;;;;315,9;;344,3;403,0;;;991,2;;;;;;;;;;;;;;;;;;;;;;;
LasVegas;;;;;;326,5;;398,1;;;;;;;;;;;;;;;;;;;;;;;;;;;;
Phoenix;;;;;;;;419,9;;;445,3;391,5;473,1;;;;;;;;;;;;;;;;;;;;;;;
SantaFe;;;;;;;;;;416,1;;399,6;479,6;;;;;497,7;;;;;;;;;;;;;;;;;;
Denver;;;;;340,1;343,2;;;;401,6;439,8;;;;;399,0;442,2;500,0;;;;;;;;;;;;;;;;;;
ElPaso;;;;;;;;385,4;;406,4;418,1;;;;;;;447,2;975,3;521,8;;;;;;;;;;;;;;;;
Winnipeg;;;310,2;;335,5;;;;;;;;;;346,9;;;;;;;;;333,6;;;;;;;;;;;;
Duluth;;;;;325,0;;;;;;;;;316,5;;;;;;;;;414,1;;430,2;;;;;;;;;;;
Omaha;;;;;348,1;;;;;;;422,0;;;;;;;;;;;413,1;;;;;;;;;;;;;
KansasCity;;;;;;;;;;;;425,3;;;;;;;;;;524,4;;;;;;;;;;;;;;
OklahomaCity;;;;;;;;;;;416,8;400,1;483,2;;;;;;;;616,2;;;;;;;;;;;;;;;
Houston;;;;;;;;;;;;;427,6;;;;;;;;;;;;;;;;;;;;;;913,8;
Dallas;;;;;;;;;;;;;495,6;;;;;;;;596,4;;;;;;;;;;;;;;;
LittleRock;;;;;;;;;;;;;;;;;;487,9;;539,8;;558,3;;;;;;;;;;;;;708,0;748,4
SaintLouis;;;;;;;;;;;;;;;;;480,2;;;;619,3;;437,9;;;;;;456,5;;;;;;;682,0
Chicago;;;;;;;;;;;;;;;364,8;381,1;;;;;;527,0;;;376,6;;;;469,0;;;;;;;
SaultStMarie;;;;;;;;;;;;;;305,4;;;;;;;;;;;376,6;238,2;;;;;;;;;;
Toronto;;;;;;;;;;;;;;;354,3;;;;;;;;470,8;318,0;;282,8;;;529,4;;;;;;;
Montreal;;;;;;;;;;;;;;;;;;;;;;;;154,2;373,9;;209,6;258,8;;;;;;;;
Boston;;;;;;;;;;;;;;;;;;;;;;;;;;166,5;;327,6;;;;;;;;
NewYork;;;;;;;;;;;;;;;;;;;;;;;;;;249,2;186,5;;;470,0;;;;;;
Pittsburgh;;;;;;;;;;;;;;;;;;;;;;610,3;447,4;;362,3;;;;;402,3;561,2;;;;;
Washington;;;;;;;;;;;;;;;;;;;;;;;;;;;;345,2;507,4;;609,5;;;;;
Raleigh;;;;;;;;;;;;;;;;;;;;;;;;;;;;;524,7;463,5;;;761,8;;;
Atlanta;;;;;;;;;;;;;;;;;;;;;;;;;;;;;;;;;1000,0;1000,0;1000,0;1000,0
Charleston;;;;;;;;;;;;;;;;;;;;;;;;;;;;;;;601,9;902,0;;792,6;;
Miami;;;;;;;;;;;;;;;;;;;;;;;;;;;;;;;;905,0;758,5;;717,4;
NewOrleans;;;;;;;;;;;;;;;;;;;594,0;;603,6;;;;;;;;;;;1004,0;;771,3;;
Nashville;;;;;;;;;;;;;;;;;;;;;603,6;613,5;;;;;;;;;;901,0;;;;
Step_20000;Vancouver;Seattle;Calgary;Portland;Helena;SaltLakeCity;SanFrancisco;LosAngeles;LasVegas;Phoenix;SantaFe;Denver;ElPaso;Winnipeg;Duluth;Omaha;KansasCity;OklahomaCity;Houston;Dallas;LittleRock;SaintLouis;Chicago;SaultStMarie;Toronto;Montreal;Boston;NewYork;Pittsburgh;Washington;Raleigh;Atlanta;Charleston;Miami;NewOrleans;Nashville
Vancouver;;280,3;308,9;;;;;;;;;;;;;;;;;;;;;;;;;;;;;;;;;
Seattle;266,0;;289,0;307,0;342,2;;;;;;;;;;;;;;;;;;;;;;;;;;;;;;;
Calgary;264,9;295,6;;;353,5;;;;;;;;;326,1;;;;;;;;;;;;;;;;;;;;;;
Portland;;302,3;;;;346,2;318,4;;;;;;;;;;;;;;;;;;;;;;;;;;;;;
Helena;;286,2;288,9;;;348,5;;;;;;383,8;;341,3;343,2;397,0;;;;;;;;;;;;;;;;;;;;
SaltLakeCity;;;;320,7;342,7;;355,8;;365,6;;;377,4;;;;;;;;;;;;;;;;;;;;;;;;
SanFrancisco;;;;309,7;;339,1;;981,8;;;;;;;;;;;;;;;;;;;;;;;;;;;;
LosAngeles;;;;;;;341,2;;370,7;405,1;;;913,2;;;;;;;;;;;;;;;;;;;;;;;
LasVegas;;;;;;340,6;;401,0;;;;;;;;;;;;;;;;;;;;;;;;;;;;
Phoenix;;;;;;;;408,5;;;439,9;344,4;507,2;;;;;;;;;;;;;;;;;;;;;;;
SantaFe;;;;;;;;;;385,8;;389,6;482,7;;;;;521,4;;;;;;;;;;;;;;;;;;
Denver;;;;;316,9;339,9;;;;424,1;430,9;;;;;357,8;415,8;438,7;;;;;;;;;;;;;;;;;;
ElPaso;;;;;;;;388,1;;427,0;433,7;;;;;;;489,2;1012,0;542,1;;;;;;;;;;;;;;;;
Winnipeg;;;288,6;;353,4;;;;;;;;;;380,6;;;;;;;;;321,0;;;;;;;;;;;;
Duluth;;;;;364,5;;;;;;;;;332,6;;;;;;;;;412,6;;370,5;;;;;;;;;;;
Omaha;;;;;354,1;;;;;;;417,9;;;;;;;;;;;442,8;;;;;;;;;;;;;
KansasCity;;;;;;;;;;;;391,1;;;;;;;;;;566,8;;;;;;;;;;;;;;
OklahomaCity;;;;;;;;;;;452,2;387,0;512,5;;;;;;;;600,4;;;;;;;;;;;;;;;
Houston;;;;;;;;;;;;;490,8;;;;;;;;;;;;;;;;;;;;;;1006,0;
Dallas;;;;;;;;;;;;;482,7;;;;;;;;582,8;;;;;;;;;;;;;;;
LittleRock;;;;;;;;;;;;;;;;;;493,6;;553,8;;477,3;;;;;;;;;;;;;783,4;666,0
SaintLouis;;;;;;;;;;;;;;;;;485,8;;;;588,7;;428,9;;;;;;451,2;;;;;;;617,6
Chicago;;;;;;;;;;;;;;;375,4;389,0;;;;;;492,9;;;394,4;;;;425,5;;;;;;;
SaultStMarie;;;;;;;;;;;;;;311,8;;;;;;;;;;;409,1;286,9;;;;;;;;;;
Toronto;;;;;;;;;;;;;;;390,5;;;;;;;;436,2;330,0;;271,6;;;447,9;;;;;;;
Montreal;;;;;;;;;;;;;;;;;;;;;;;;242,2;401,9;;257,7;349,9;;;;;;;;
Boston;;;;;;;;;;;;;;;;;;;;;;;;;;203,7;;324,7;;;;;;;;
NewYork;;;;;;;;;;;;;;;;;;;;;;;;;;312,8;267,2;;;448,2;;;;;;
Pittsburgh;;;;;;;;;;;;;;;;;;;;;;460,5;444,3;;389,6;;;;;426,3;484,2;;;;;
Washington;;;;;;;;;;;;;;;;;;;;;;;;;;;;377,1;447,2;;573,9;;;;;
Raleigh;;;;;;;;;;;;;;;;;;;;;;;;;;;;;461,0;440,5;;;742,6;;;
Atlanta;;;;;;;;;;;;;;;;;;;;;;;;;;;;;;;;;1000,0;1000,0;1000,0;1000,0
Charleston;;;;;;;;;;;;;;;;;;;;;;;;;;;;;;;588,6;902,0;;786,0;;
Miami;;;;;;;;;;;;;;;;;;;;;;;;;;;;;;;;905,0;765,9;;680,9;
NewOrleans;;;;;;;;;;;;;;;;;;;590,3;;631,6;;;;;;;;;;;1004,0;;743,0;;
Nashville;;;;;;;;;;;;;;;;;;;;;561,4;536,7;;;;;;;;;;901,0;;;;
Step_24000;Vancouver;Seattle;Calgary;Portland;Helena;SaltLakeCity;SanFrancisco;LosAngeles;LasVegas;Phoenix;SantaFe;Denver;ElPaso;Winnipeg;Duluth;Omaha;KansasCity;OklahomaCity;Houston;Dallas;LittleRock;SaintLouis;Chicago;SaultStMarie;Toronto;Montreal;Boston;NewYork;Pittsburgh;Washington;Raleigh;Atlanta;Charleston;Miami;NewOrleans;Nashville
Vancouver;;280,1;293,2;;;;;;;;;;;;;;;;;;;;;;;;;;;;;;;;;
Seattle;259,8;;296,5;297,1;349,6;;;;;;;;;;;;;;;;;;;;;;;;;;;;;;;
Calgary;266,2;299,1;;;329,3;;;;;;;;;323,4;;;;;;;;;;;;;;;;;;;;;;
Portland;;261,2;;;;324,2;337,7;;;;;;;;;;;;;;;;;;;;;;;;;;;;;
Helena;;275,8;303,1;;;327,8;;;;;;354,1;;310,6;378,4;363,6;;;;;;;;;;;;;;;;;;;;
SaltLakeCity;;;;293,8;341,6;;332,9;;368,7;;;408,0;;;;;;;;;;;;;;;;;;;;;;;;
SanFrancisco;;;;305,8;;329,8;;899,3;;;;;;;;;;;;;;;;;;;;;;;;;;;;
LosAngeles;;;;;;;342,1;;374,5;455,0;;;1018,0;;;;;;;;;;;;;;;;;;;;;;;
LasVegas;;;;;;337,3;;417,5;;;;;;;;;;;;;;;;;;;;;;;;;;;;
Phoenix;;;;;;;;390,9;;;389,4;397,9;597,8;;;;;;;;;;;;;;;;;;;;;;;
SantaFe;;;;;;;;;;418,9;;368,2;497,9;;;;;537,9;;;;;;;;;;;;;;;;;;
Denver;;;;;340,7;343,5;;;;433,9;407,0;;;;;371,4;498,5;446,4;;;;;;;;;;;;;;;;;;
ElPaso;;;;;;;;416,0;;412,6;453,6;;;;;;;473,2;975,3;528,5;;;;;;;;;;;;;;;;
Winnipeg;;;302,1;;338,3;;;;;;;;;;363,3;;;;;;;;;343,8;;;;;;;;;;;;
Duluth;;;;;338,7;;;;;;;;;320,8;;;;;;;;;402,1;;397,2;;;;;;;;;;;
Omaha;;;;;324,9;;;;;;;405,1;;;;;;;;;;;452,1;;;;;;;;;;;;;
KansasCity;;;;;;;;;;;;413,3;;;;;;;;;;569,2;;;;;;;;;;;;;;
OklahomaCity;;;;;;;;;;;431,7;405,1;533,3;;;;;;;;612,5;;;;;;;;;;;;;;;
Houston;;;;;;;;;;;;;495,5;;;;;;;;;;;;;;;;;;;;;;913,6;
Dallas;;;;;;;;;;;;;496,0;;;;;;;;620,8;;;;;;;;;;;;;;;
LittleRock;;;;;;;;;;;;;;;;;;489,1;;516,0;;561,5;;;;;;;;;;;;;721,5;770,4
SaintLouis;;;;;;;;;;;;;;;;;484,6;;;;591,8;;502,7;;;;;;458,5;;;;;;;760,8
Chicago;;;;;;;;;;;;;;;373,1;382,3;;;;;;652,2;;;392,0;;;;445,2;;;;;;;
SaultStMarie;;;;;;;;;;;;;;322,3;;;;;;;;;;;380,8;322,2;;;;;;;;;;
Toronto;;;;;;;;;;;;;;;417,0;;;;;;;;416,9;346,3;;279,5;;;434,7;;;;;;;
Montreal;;;;;;;;;;;;;;;;;;;;;;;;291,4;384,6;;288,9;353,8;;;;;;;;
Boston;;;;;;;;;;;;;;;;;;;;;;;;;;246,5;;332,2;;;;;;;;
NewYork;;;;;;;;;;;;;;;;;;;;;;;;;;288,4;278,0;;;486,7;;;;;;
Pittsburgh;;;;;;;;;;;;;;;;;;;;;;476,9;513,6;;362,9;;;;;490,3;539,2;;;;;
Washington;;;;;;;;;;;;;;;;;;;;;;;;;;;;338,1;488,3;;611,9;;;;;
Raleigh;;;;;;;;;;;;;;;;;;;;;;;;;;;;;474,0;543,3;;;751,5;;;
Atlanta;;;;;;;;;;;;;;;;;;;;;;;;;;;;;;;;;1000,0;1000,0;1000,0;1000,0
Charleston;;;;;;;;;;;;;;;;;;;;;;;;;;;;;;;607,6;902,0;;788,7;;
Miami;;;;;;;;;;;;;;;;;;;;;;;;;;;;;;;;905,0;767,8;;796,2;
NewOrleans;;;;;;;;;;;;;;;;;;;629,7;;602,3;;;;;;;;;;;1004,0;;729,7;;
Nashville;;;;;;;;;;;;;;;;;;;;;596,0;568,7;;;;;;;;;;901,0;;;;
Step_28000;Vancouver;Seattle;Calgary;Portland;Helena;SaltLakeCity;SanFrancisco;LosAngeles;LasVegas;Phoenix;SantaFe;Denver;ElPaso;Winnipeg;Duluth;Omaha;KansasCity;OklahomaCity;Houston;Dallas;LittleRock;SaintLouis;Chicago;SaultStMarie;Toronto;Montreal;Boston;NewYork;Pittsburgh;Washington;Raleigh;Atlanta;Charleston;Miami;NewOrleans;Nashville
Vancouver;;288,1;302,5;;;;;;;;;;;;;;;;;;;;;;;;;;;;;;;;;
Seattle;268,3;;304,9;324,6;354,8;;;;;;;;;;;;;;;;;;;;;;;;;;;;;;;
Calgary;268,6;301,9;;;358,5;;;;;;;;;329,0;;;;;;;;;;;;;;;;;;;;;;
Portland;;290,0;;;;485,2;329,9;;;;;;;;;;;;;;;;;;;;;;;;;;;;;
Helena;;296,8;300,5;;;354,1;;;;;;433,3;;316,7;382,8;371,4;;;;;;;;;;;;;;;;;;;;
SaltLakeCity;;;;310,2;349,3;;337,7;;355,4;;;989,8;;;;;;;;;;;;;;;;;;;;;;;;
SanFrancisco;;;;305,0;;1021,0;;348,3;;;;;;;;;;;;;;;;;;;;;;;;;;;;
LosAngeles;;;;;;;343,8;;339,3;427,7;;;461,7;;;;;;;;;;;;;;;;;;;;;;;
LasVegas;;;;;;351,0;;399,5;;;;;;;;;;;;;;;;;;;;;;;;;;;;
Phoenix;;;;;;;;426,9;;;436,3;421,7;475,2;;;;;;;;;;;;;;;;;;;;;;;
SantaFe;;;;;;;;;;410,9;;435,1;440,7;;;;;512,8;;;;;;;;;;;;;;;;;;
Denver;;;;;352,6;339,7;;;;422,3;421,2;;;;;372,6;448,6;979,9;;;;;;;;;;;;;;;;;;
ElPaso;;;;;;;;402,8;;435,6;438,3;;;;;;;473,2;556,6;500,2;;;;;;;;;;;;;;;;
Winnipeg;;;299,7;;347,3;;;;;;;;;;382,7;;;;;;;;;338,4;;;;;;;;;;;;
Duluth;;;;;326,6;;;;;;;;;315,3;;;;;;;;;471,4;;407,6;;;;;;;;;;;
Omaha;;;;;351,4;;;;;;;410,3;;;;;;;;;;;440,1;;;;;;;;;;;;;
KansasCity;;;;;;;;;;;;403,4;;;;;;;;;;530,2;;;;;;;;;;;;;;
OklahomaCity;;;;;;;;;;;433,8;424,2;491,1;;;;;;;;936,9;;;;;;;;;;;;;;;
Houston;;;;;;;;;;;;;489,3;;;;;;;;;;;;;;;;;;;;;;714,6;
Dallas;;;;;;;;;;;;;487,9;;;;;;;;608,2;;;;;;;;;;;;;;;
LittleRock;;;;;;;;;;;;;;;;;;521,4;;518,7;;568,6;;;;;;;;;;;;;1007,0;718,6
SaintLouis;;;;;;;;;;;;;;;;;455,4;;;;587,8;;462,4;;;;;;467,6;;;;;;;704,0
Chicago;;;;;;;;;;;;;;;358,0;384,2;;;;;;603,7;;;423,6;;;;482,0;;;;;;;
SaultStMarie;;;;;;;;;;;;;;317,7;;;;;;;;;;;367,8;318,1;;;;;;;;;;
Toronto;;;;;;;;;;;;;;;399,7;;;;;;;;450,4;314,7;;323,2;;;524,3;;;;;;;
Montreal;;;;;;;;;;;;;;;;;;;;;;;;326,2;387,2;;323,6;353,8;;;;;;;;
Boston;;;;;;;;;;;;;;;;;;;;;;;;;;292,4;;398,0;;;;;;;;
NewYork;;;;;;;;;;;;;;;;;;;;;;;;;;283,6;290,8;;;553,5;;;;;;
Pittsburgh;;;;;;;;;;;;;;;;;;;;;;581,4;469,7;;386,0;;;;;544,2;534,6;;;;;
Washington;;;;;;;;;;;;;;;;;;;;;;;;;;;;427,0;492,9;;600,2;;;;;
Raleigh;;;;;;;;;;;;;;;;;;;;;;;;;;;;;479,5;501,8;;;759,8;;;
Atlanta;;;;;;;;;;;;;;;;;;;;;;;;;;;;;;;;;1000,0;1000,0;1000,0;1000,0
Charleston;;;;;;;;;;;;;;;;;;;;;;;;;;;;;;;586,3;902,0;;725,3;;
Miami;;;;;;;;;;;;;;;;;;;;;;;;;;;;;;;;905,0;775,9;;720,7;
NewOrleans;;;;;;;;;;;;;;;;;;;541,4;;567,0;;;;;;;;;;;1004,0;;800,8;;
Nashville;;;;;;;;;;;;;;;;;;;;;552,6;584,5;;;;;;;;;;901,0;;;;
Step_32000;Vancouver;Seattle;Calgary;Portland;Helena;SaltLakeCity;SanFrancisco;LosAngeles;LasVegas;Phoenix;SantaFe;Denver;ElPaso;Winnipeg;Duluth;Omaha;KansasCity;OklahomaCity;Houston;Dallas;LittleRock;SaintLouis;Chicago;SaultStMarie;Toronto;Montreal;Boston;NewYork;Pittsburgh;Washington;Raleigh;Atlanta;Charleston;Miami;NewOrleans;Nashville
Vancouver;;286,0;296,2;;;;;;;;;;;;;;;;;;;;;;;;;;;;;;;;;
Seattle;263,1;;309,6;311,1;371,2;;;;;;;;;;;;;;;;;;;;;;;;;;;;;;;
Calgary;264,8;290,4;;;346,5;;;;;;;;;334,7;;;;;;;;;;;;;;;;;;;;;;
Portland;;290,1;;;;351,9;332,8;;;;;;;;;;;;;;;;;;;;;;;;;;;;;
Helena;;288,8;299,1;;;361,5;;;;;;421,5;;326,4;394,7;385,9;;;;;;;;;;;;;;;;;;;;
SaltLakeCity;;;;307,0;371,9;;344,8;;360,4;;;424,1;;;;;;;;;;;;;;;;;;;;;;;;
SanFrancisco;;;;305,7;;370,9;;1021,0;;;;;;;;;;;;;;;;;;;;;;;;;;;;
LosAngeles;;;;;;;359,3;;359,1;444,0;;;1018,0;;;;;;;;;;;;;;;;;;;;;;;
LasVegas;;;;;;352,3;;421,5;;;;;;;;;;;;;;;;;;;;;;;;;;;;
Phoenix;;;;;;;;417,6;;;420,9;432,7;517,9;;;;;;;;;;;;;;;;;;;;;;;
SantaFe;;;;;;;;;;422,1;;413,0;541,6;;;;;446,1;;;;;;;;;;;;;;;;;;
Denver;;;;;352,7;346,7;;;;429,4;449,8;;;;;387,4;452,0;501,7;;;;;;;;;;;;;;;;;;
ElPaso;;;;;;;;404,9;;401,9;451,4;;;;;;;537,5;1012,0;527,1;;;;;;;;;;;;;;;;
Winnipeg;;;301,1;;332,4;;;;;;;;;;410,3;;;;;;;;;341,2;;;;;;;;;;;;
Duluth;;;;;359,2;;;;;;;;;334,2;;;;;;;;;505,0;;412,9;;;;;;;;;;;
Omaha;;;;;345,8;;;;;;;405,9;;;;;;;;;;;453,0;;;;;;;;;;;;;
KansasCity;;;;;;;;;;;;394,7;;;;;;;;;;521,7;;;;;;;;;;;;;;
OklahomaCity;;;;;;;;;;;425,5;430,9;452,6;;;;;;;;628,0;;;;;;;;;;;;;;;
Houston;;;;;;;;;;;;;532,8;;;;;;;;;;;;;;;;;;;;;;1006,0;
Dallas;;;;;;;;;;;;;532,9;;;;;;;;625,6;;;;;;;;;;;;;;;
LittleRock;;;;;;;;;;;;;;;;;;483,8;;554,7;;635,7;;;;;;;;;;;;;681,5;692,9
SaintLouis;;;;;;;;;;;;;;;;;478,2;;;;609,6;;466,8;;;;;;441,0;;;;;;;752,8
Chicago;;;;;;;;;;;;;;;380,6;408,6;;;;;;548,0;;;410,0;;;;470,2;;;;;;;
SaultStMarie;;;;;;;;;;;;;;324,5;;;;;;;;;;;364,9;320,9;;;;;;;;;;
Toronto;;;;;;;;;;;;;;;414,2;;;;;;;;440,6;329,6;;337,8;;;482,9;;;;;;;
Montreal;;;;;;;;;;;;;;;;;;;;;;;;355,9;368,7;;330,1;364,4;;;;;;;;
Boston;;;;;;;;;;;;;;;;;;;;;;;;;;328,5;;380,9;;;;;;;;
NewYork;;;;;;;;;;;;;;;;;;;;;;;;;;312,0;319,4;;;496,2;;;;;;
Pittsburgh;;;;;;;;;;;;;;;;;;;;;;596,8;489,1;;382,4;;;;;509,1;531,4;;;;;
Washington;;;;;;;;;;;;;;;;;;;;;;;;;;;;434,4;490,1;;585,9;;;;;
Raleigh;;;;;;;;;;;;;;;;;;;;;;;;;;;;;508,0;497,7;;;698,0;;;
Atlanta;;;;;;;;;;;;;;;;;;;;;;;;;;;;;;;;;1000,0;1000,0;1000,0;1000,0
Charleston;;;;;;;;;;;;;;;;;;;;;;;;;;;;;;;658,2;902,0;;783,1;;
Miami;;;;;;;;;;;;;;;;;;;;;;;;;;;;;;;;905,0;772,4;;717,4;
NewOrleans;;;;;;;;;;;;;;;;;;;645,6;;566,8;;;;;;;;;;;1004,0;;759,4;;
Nashville;;;;;;;;;;;;;;;;;;;;;597,8;617,2;;;;;;;;;;901,0;;;;
Step_36000;Vancouver;Seattle;Calgary;Portland;Helena;SaltLakeCity;SanFrancisco;LosAngeles;LasVegas;Phoenix;SantaFe;Denver;ElPaso;Winnipeg;Duluth;Omaha;KansasCity;OklahomaCity;Houston;Dallas;LittleRock;SaintLouis;Chicago;SaultStMarie;Toronto;Montreal;Boston;NewYork;Pittsburgh;Washington;Raleigh;Atlanta;Charleston;Miami;NewOrleans;Nashville
Vancouver;;302,6;270,8;;;;;;;;;;;;;;;;;;;;;;;;;;;;;;;;;
Seattle;267,6;;297,1;290,9;334,1;;;;;;;;;;;;;;;;;;;;;;;;;;;;;;;
Calgary;268,6;309,1;;;339,8;;;;;;;;;319,9;;;;;;;;;;;;;;;;;;;;;;
Portland;;296,0;;;;350,4;319,3;;;;;;;;;;;;;;;;;;;;;;;;;;;;;
Helena;;303,6;285,1;;;352,4;;;;;;400,3;;325,4;360,7;403,0;;;;;;;;;;;;;;;;;;;;
SaltLakeCity;;;;303,9;326,9;;339,2;;335,7;;;450,4;;;;;;;;;;;;;;;;;;;;;;;;
SanFrancisco;;;;306,3;;365,5;;977,1;;;;;;;;;;;;;;;;;;;;;;;;;;;;
LosAngeles;;;;;;;325,1;;312,1;382,5;;;887,0;;;;;;;;;;;;;;;;;;;;;;;
LasVegas;;;;;;336,7;;381,0;;;;;;;;;;;;;;;;;;;;;;;;;;;;
Phoenix;;;;;;;;392,6;;;432,6;398,4;467,8;;;;;;;;;;;;;;;;;;;;;;;
SantaFe;;;;;;;;;;418,2;;409,4;423,8;;;;;507,5;;;;;;;;;;;;;;;;;;
Denver;;;;;357,4;334,6;;;;415,6;441,3;;;;;403,3;501,1;441,2;;;;;;;;;;;;;;;;;;
ElPaso;;;;;;;;483,7;;396,8;415,1;;;;;;;445,1;899,9;495,1;;;;;;;;;;;;;;;;
Winnipeg;;;295,8;;315,3;;;;;;;;;;377,0;;;;;;;;;378,8;;;;;;;;;;;;
Duluth;;;;;325,5;;;;;;;;;327,0;;;;;;;;;461,5;;382,4;;;;;;;;;;;
Omaha;;;;;365,8;;;;;;;370,4;;;;;;;;;;;449,0;;;;;;;;;;;;;
KansasCity;;;;;;;;;;;;445,4;;;;;;;;;;549,6;;;;;;;;;;;;;;
OklahomaCity;;;;;;;;;;;408,9;400,9;443,4;;;;;;;;577,0;;;;;;;;;;;;;;;
Houston;;;;;;;;;;;;;495,1;;;;;;;;;;;;;;;;;;;;;;1006,0;
Dallas;;;;;;;;;;;;;523,5;;;;;;;;566,6;;;;;;;;;;;;;;;
LittleRock;;;;;;;;;;;;;;;;;;509,8;;496,0;;575,0;;;;;;;;;;;;;706,7;623,0
SaintLouis;;;;;;;;;;;;;;;;;477,7;;;;621,8;;466,2;;;;;;503,9;;;;;;;727,7
Chicago;;;;;;;;;;;;;;;381,5;410,8;;;;;;583,1;;;398,6;;;;480,5;;;;;;;
SaultStMarie;;;;;;;;;;;;;;327,9;;;;;;;;;;;468,4;369,3;;;;;;;;;;
Toronto;;;;;;;;;;;;;;;392,0;;;;;;;;422,6;367,7;;371,5;;;526,7;;;;;;;
Montreal;;;;;;;;;;;;;;;;;;;;;;;;357,6;435,1;;332,8;392,5;;;;;;;;
Boston;;;;;;;;;;;;;;;;;;;;;;;;;;325,6;;371,2;;;;;;;;
NewYork;;;;;;;;;;;;;;;;;;;;;;;;;;318,3;328,6;;;503,7;;;;;;
Pittsburgh;;;;;;;;;;;;;;;;;;;;;;515,3;437,7;;460,0;;;;;472,8;626,7;;;;;
Washington;;;;;;;;;;;;;;;;;;;;;;;;;;;;456,4;452,6;;586,4;;;;;
Raleigh;;;;;;;;;;;;;;;;;;;;;;;;;;;;;496,3;480,5;;;788,7;;;
Atlanta;;;;;;;;;;;;;;;;;;;;;;;;;;;;;;;;;1000,0;1000,0;1000,0;1000,0
Charleston;;;;;;;;;;;;;;;;;;;;;;;;;;;;;;;631,5;902,0;;786,7;;
Miami;;;;;;;;;;;;;;;;;;;;;;;;;;;;;;;;905,0;718,0;;757,0;
NewOrleans;;;;;;;;;;;;;;;;;;;650,0;;655,8;;;;;;;;;;;984,0;;752,1;;
Nashville;;;;;;;;;;;;;;;;;;;;;603,3;547,2;;;;;;;;;;901,0;;;;
Step_40000;Vancouver;Seattle;Calgary;Portland;Helena;SaltLakeCity;SanFrancisco;LosAngeles;LasVegas;Phoenix;SantaFe;Denver;ElPaso;Winnipeg;Duluth;Omaha;KansasCity;OklahomaCity;Houston;Dallas;LittleRock;SaintLouis;Chicago;SaultStMarie;Toronto;Montreal;Boston;NewYork;Pittsburgh;Washington;Raleigh;Atlanta;Charleston;Miami;NewOrleans;Nashville
Vancouver;;283,4;283,7;;;;;;;;;;;;;;;;;;;;;;;;;;;;;;;;;
Seattle;262,5;;299,1;295,6;331,3;;;;;;;;;;;;;;;;;;;;;;;;;;;;;;;
Calgary;267,4;287,2;;;329,4;;;;;;;;;332,2;;;;;;;;;;;;;;;;;;;;;;
Portland;;292,4;;;;355,0;307,8;;;;;;;;;;;;;;;;;;;;;;;;;;;;;
Helena;;290,0;295,9;;;366,1;;;;;;380,5;;322,3;351,2;364,1;;;;;;;;;;;;;;;;;;;;
SaltLakeCity;;;;298,5;342,8;;303,2;;334,8;;;424,7;;;;;;;;;;;;;;;;;;;;;;;;
SanFrancisco;;;;293,0;;336,9;;981,4;;;;;;;;;;;;;;;;;;;;;;;;;;;;
LosAngeles;;;;;;;326,0;;328,9;392,4;;;911,2;;;;;;;;;;;;;;;;;;;;;;;
LasVegas;;;;;;355,1;;381,3;;;;;;;;;;;;;;;;;;;;;;;;;;;;
Phoenix;;;;;;;;392,2;;;372,9;389,6;523,5;;;;;;;;;;;;;;;;;;;;;;;
SantaFe;;;;;;;;;;367,2;;420,0;460,9;;;;;462,0;;;;;;;;;;;;;;;;;;
Denver;;;;;333,2;335,3;;;;369,8;412,6;;;;;392,1;449,6;534,8;;;;;;;;;;;;;;;;;;
ElPaso;;;;;;;;408,2;;421,6;394,0;;;;;;;522,6;1012,0;531,0;;;;;;;;;;;;;;;;
Winnipeg;;;286,7;;343,2;;;;;;;;;;366,1;;;;;;;;;354,6;;;;;;;;;;;;
Duluth;;;;;327,3;;;;;;;;;312,1;;;;;;;;;427,6;;386,7;;;;;;;;;;;
Omaha;;;;;333,1;;;;;;;367,6;;;;;;;;;;;449,6;;;;;;;;;;;;;
KansasCity;;;;;;;;;;;;393,2;;;;;;;;;;565,8;;;;;;;;;;;;;;
OklahomaCity;;;;;;;;;;;416,3;393,2;476,3;;;;;;;;624,7;;;;;;;;;;;;;;;
Houston;;;;;;;;;;;;;551,6;;;;;;;;;;;;;;;;;;;;;;1006,0;
Dallas;;;;;;;;;;;;;454,8;;;;;;;;618,9;;;;;;;;;;;;;;;
LittleRock;;;;;;;;;;;;;;;;;;453,4;;508,2;;553,2;;;;;;;;;;;;;650,5;728,5
SaintLouis;;;;;;;;;;;;;;;;;472,8;;;;598,5;;476,9;;;;;;482,1;;;;;;;760,1
Chicago;;;;;;;;;;;;;;;377,5;391,2;;;;;;609,3;;;381,9;;;;489,1;;;;;;;
SaultStMarie;;;;;;;;;;;;;;330,5;;;;;;;;;;;400,1;349,7;;;;;;;;;;
Toronto;;;;;;;;;;;;;;;367,4;;;;;;;;456,7;356,4;;346,1;;;476,9;;;;;;;
Montreal;;;;;;;;;;;;;;;;;;;;;;;;356,6;389,8;;332,8;399,0;;;;;;;;
Boston;;;;;;;;;;;;;;;;;;;;;;;;;;342,4;;372,8;;;;;;;;
NewYork;;;;;;;;;;;;;;;;;;;;;;;;;;342,5;346,4;;;436,1;;;;;;
Pittsburgh;;;;;;;;;;;;;;;;;;;;;;486,6;484,7;;355,4;;;;;473,8;573,5;;;;;
Washington;;;;;;;;;;;;;;;;;;;;;;;;;;;;383,0;485,1;;541,4;;;;;
Raleigh;;;;;;;;;;;;;;;;;;;;;;;;;;;;;460,4;426,3;;;658,5;;;
Atlanta;;;;;;;;;;;;;;;;;;;;;;;;;;;;;;;;;1000,0;1000,0;1000,0;1000,0
Charleston;;;;;;;;;;;;;;;;;;;;;;;;;;;;;;;519,5;902,0;;785,9;;
Miami;;;;;;;;;;;;;;;;;;;;;;;;;;;;;;;;905,0;781,1;;746,1;
NewOrleans;;;;;;;;;;;;;;;;;;;628,1;;579,9;;;;;;;;;;;1004,0;;765,8;;
Nashville;;;;;;;;;;;;;;;;;;;;;610,1;616,9;;;;;;;;;;901,0;;;;
Step_4000;Vancouver;Seattle;Calgary;Portland;Helena;SaltLakeCity;SanFrancisco;LosAngeles;LasVegas;Phoenix;SantaFe;Denver;ElPaso;Winnipeg;Duluth;Omaha;KansasCity;OklahomaCity;Houston;Dallas;LittleRock;SaintLouis;Chicago;SaultStMarie;Toronto;Montreal;Boston;NewYork;Pittsburgh;Washington;Raleigh;Atlanta;Charleston;Miami;NewOrleans;Nashville
Vancouver;;262,2;228,1;;;;;;;;;;;;;;;;;;;;;;;;;;;;;;;;;
Seattle;227,2;;272,3;298,3;320,3;;;;;;;;;;;;;;;;;;;;;;;;;;;;;;;
Calgary;139,0;247,6;;;321,4;;;;;;;;;134,1;;;;;;;;;;;;;;;;;;;;;;
Portland;;275,7;;;;346,2;301,2;;;;;;;;;;;;;;;;;;;;;;;;;;;;;
Helena;;288,8;270,0;;;340,9;;;;;;386,8;;248,9;304,6;364,8;;;;;;;;;;;;;;;;;;;;
SaltLakeCity;;;;297,9;301,7;;344,1;;351,3;;;404,7;;;;;;;;;;;;;;;;;;;;;;;;
SanFrancisco;;;;271,5;;342,2;;1021,0;;;;;;;;;;;;;;;;;;;;;;;;;;;;
LosAngeles;;;;;;;345,8;;340,4;404,3;;;1018,0;;;;;;;;;;;;;;;;;;;;;;;
LasVegas;;;;;;342,9;;392,9;;;;;;;;;;;;;;;;;;;;;;;;;;;;
Phoenix;;;;;;;;406,9;;;407,1;392,9;495,5;;;;;;;;;;;;;;;;;;;;;;;
SantaFe;;;;;;;;;;411,7;;365,3;457,5;;;;;479,2;;;;;;;;;;;;;;;;;;
Denver;;;;;315,5;346,8;;;;421,4;422,0;;;;;364,7;504,2;415,1;;;;;;;;;;;;;;;;;;
ElPaso;;;;;;;;418,0;;424,9;404,9;;;;;;;523,2;1012,0;507,5;;;;;;;;;;;;;;;;
Winnipeg;;;170,0;;318,3;;;;;;;;;;211,4;;;;;;;;;86,9;;;;;;;;;;;;
Duluth;;;;;275,8;;;;;;;;;190,0;;;;;;;;;486,5;;305,6;;;;;;;;;;;
Omaha;;;;;309,2;;;;;;;382,4;;;;;;;;;;;440,9;;;;;;;;;;;;;
KansasCity;;;;;;;;;;;;409,4;;;;;;;;;;592,6;;;;;;;;;;;;;;
OklahomaCity;;;;;;;;;;;414,0;373,2;494,0;;;;;;;;579,7;;;;;;;;;;;;;;;
Houston;;;;;;;;;;;;;538,1;;;;;;;;;;;;;;;;;;;;;;1006,0;
Dallas;;;;;;;;;;;;;522,5;;;;;;;;604,6;;;;;;;;;;;;;;;
LittleRock;;;;;;;;;;;;;;;;;;474,6;;521,4;;563,7;;;;;;;;;;;;;710,3;646,8
SaintLouis;;;;;;;;;;;;;;;;;503,5;;;;630,1;;483,3;;;;;;542,3;;;;;;;763,3
Chicago;;;;;;;;;;;;;;;358,1;380,0;;;;;;596,8;;;403,4;;;;428,6;;;;;;;
SaultStMarie;;;;;;;;;;;;;;199,6;;;;;;;;;;;67,1;45,9;;;;;;;;;;
Toronto;;;;;;;;;;;;;;;197,4;;;;;;;;453,2;60,0;;129,5;;;343,3;;;;;;;
Montreal;;;;;;;;;;;;;;;;;;;;;;;;49,4;252,0;;10,9;2,2;;;;;;;;
Boston;;;;;;;;;;;;;;;;;;;;;;;;;;14,1;;60,4;;;;;;;;
NewYork;;;;;;;;;;;;;;;;;;;;;;;;;;9,5;2,9;;;329,8;;;;;;
Pittsburgh;;;;;;;;;;;;;;;;;;;;;;482,5;400,7;;207,6;;;;;318,8;618,7;;;;;
Washington;;;;;;;;;;;;;;;;;;;;;;;;;;;;100,2;438,7;;502,0;;;;;
Raleigh;;;;;;;;;;;;;;;;;;;;;;;;;;;;;448,5;228,9;;;738,8;;;
Atlanta;;;;;;;;;;;;;;;;;;;;;;;;;;;;;;;;;1000,0;1000,0;1000,0;1000,0
Charleston;;;;;;;;;;;;;;;;;;;;;;;;;;;;;;;609,2;902,0;;789,8;;
Miami;;;;;;;;;;;;;;;;;;;;;;;;;;;;;;;;905,0;778,1;;789,9;
NewOrleans;;;;;;;;;;;;;;;;;;;641,6;;596,7;;;;;;;;;;;1004,0;;778,5;;
Nashville;;;;;;;;;;;;;;;;;;;;;631,0;561,3;;;;;;;;;;901,0;;;;
Step_8000;Vancouver;Seattle;Calgary;Portland;Helena;SaltLakeCity;SanFrancisco;LosAngeles;LasVegas;Phoenix;SantaFe;Denver;ElPaso;Winnipeg;Duluth;Omaha;KansasCity;OklahomaCity;Houston;Dallas;LittleRock;SaintLouis;Chicago;SaultStMarie;Toronto;Montreal;Boston;NewYork;Pittsburgh;Washington;Raleigh;Atlanta;Charleston;Miami;NewOrleans;Nashville
Vancouver;;283,2;258,6;;;;;;;;;;;;;;;;;;;;;;;;;;;;;;;;;
Seattle;244,7;;260,1;317,7;339,5;;;;;;;;;;;;;;;;;;;;;;;;;;;;;;;
Calgary;248,6;278,6;;;361,1;;;;;;;;;280,2;;;;;;;;;;;;;;;;;;;;;;
Portland;;285,2;;;;336,4;346,6;;;;;;;;;;;;;;;;;;;;;;;;;;;;;
Helena;;264,4;286,4;;;358,0;;;;;;405,8;;287,2;391,9;354,1;;;;;;;;;;;;;;;;;;;;
SaltLakeCity;;;;302,4;346,8;;338,5;;362,1;;;363,5;;;;;;;;;;;;;;;;;;;;;;;;
SanFrancisco;;;;318,2;;331,5;;996,2;;;;;;;;;;;;;;;;;;;;;;;;;;;;
LosAngeles;;;;;;;362,9;;361,2;395,8;;;993,4;;;;;;;;;;;;;;;;;;;;;;;
LasVegas;;;;;;356,6;;401,4;;;;;;;;;;;;;;;;;;;;;;;;;;;;
Phoenix;;;;;;;;406,8;;;428,9;408,7;509,5;;;;;;;;;;;;;;;;;;;;;;;
SantaFe;;;;;;;;;;423,2;;426,8;492,3;;;;;506,8;;;;;;;;;;;;;;;;;;
Denver;;;;;329,8;334,4;;;;429,0;447,7;;;;;354,6;462,0;446,4;;;;;;;;;;;;;;;;;;
ElPaso;;;;;;;;415,6;;438,7;442,8;;;;;;;514,4;987,6;536,4;;;;;;;;;;;;;;;;
Winnipeg;;;286,0;;356,4;;;;;;;;;;317,0;;;;;;;;;241,5;;;;;;;;;;;;
Duluth;;;;;363,8;;;;;;;;;266,9;;;;;;;;;485,9;;383,7;;;;;;;;;;;
Omaha;;;;;299,4;;;;;;;379,2;;;;;;;;;;;402,6;;;;;;;;;;;;;
KansasCity;;;;;;;;;;;;394,7;;;;;;;;;;552,4;;;;;;;;;;;;;;
OklahomaCity;;;;;;;;;;;430,3;408,9;468,9;;;;;;;;601,0;;;;;;;;;;;;;;;
Houston;;;;;;;;;;;;;507,9;;;;;;;;;;;;;;;;;;;;;;982,3;
Dallas;;;;;;;;;;;;;490,8;;;;;;;;628,9;;;;;;;;;;;;;;;
LittleRock;;;;;;;;;;;;;;;;;;533,5;;483,4;;592,6;;;;;;;;;;;;;754,4;698,0
SaintLouis;;;;;;;;;;;;;;;;;443,5;;;;617,0;;500,2;;;;;;536,3;;;;;;;668,8
Chicago;;;;;;;;;;;;;;;376,3;389,3;;;;;;591,7;;;354,6;;;;495,6;;;;;;;
SaultStMarie;;;;;;;;;;;;;;285,7;;;;;;;;;;;73,5;75,4;;;;;;;;;;
Toronto;;;;;;;;;;;;;;;332,1;;;;;;;;384,2;204,1;;208,4;;;486,3;;;;;;;
Montreal;;;;;;;;;;;;;;;;;;;;;;;;88,2;314,5;;59,5;64,8;;;;;;;;
Boston;;;;;;;;;;;;;;;;;;;;;;;;;;14,1;;172,8;;;;;;;;
NewYork;;;;;;;;;;;;;;;;;;;;;;;;;;187,3;73,5;;;444,1;;;;;;
Pittsburgh;;;;;;;;;;;;;;;;;;;;;;556,3;469,2;;354,1;;;;;508,3;629,5;;;;;
Washington;;;;;;;;;;;;;;;;;;;;;;;;;;;;368,2;467,3;;589,5;;;;;
Raleigh;;;;;;;;;;;;;;;;;;;;;;;;;;;;;518,4;434,9;;;763,5;;;
Atlanta;;;;;;;;;;;;;;;;;;;;;;;;;;;;;;;;;1000,0;1000,0;1000,0;1000,0
Charleston;;;;;;;;;;;;;;;;;;;;;;;;;;;;;;;570,2;902,0;;801,3;;
Miami;;;;;;;;;;;;;;;;;;;;;;;;;;;;;;;;905,0;787,5;;747,8;
NewOrleans;;;;;;;;;;;;;;;;;;;579,2;;626,4;;;;;;;;;;;984,0;;772,2;;
Nashville;;;;;;;;;;;;;;;;;;;;;598,7;595,3;;;;;;;;;;901,0;;;;
Step_12000;Vancouver;Seattle;Calgary;Portland;Helena;SaltLakeCity;SanFrancisco;LosAngeles;LasVegas;Phoenix;SantaFe;Denver;ElPaso;Winnipeg;Duluth;Omaha;KansasCity;OklahomaCity;Houston;Dallas;LittleRock;SaintLouis;Chicago;SaultStMarie;Toronto;Montreal;Boston;NewYork;Pittsburgh;Washington;Raleigh;Atlanta;Charleston;Miami;NewOrleans;Nashville
Vancouver;;281,4;292,1;;;;;;;;;;;;;;;;;;;;;;;;;;;;;;;;;
Seattle;261,8;;287,7;282,6;348,9;;;;;;;;;;;;;;;;;;;;;;;;;;;;;;;
Calgary;261,6;301,8;;;333,0;;;;;;;;;321,5;;;;;;;;;;;;;;;;;;;;;;
Portland;;274,7;;;;352,8;334,7;;;;;;;;;;;;;;;;;;;;;;;;;;;;;
Helena;;299,0;287,9;;;344,5;;;;;;416,3;;312,5;364,3;347,4;;;;;;;;;;;;;;;;;;;;
SaltLakeCity;;;;299,6;340,6;;342,4;;333,0;;;400,0;;;;;;;;;;;;;;;;;;;;;;;;
SanFrancisco;;;;289,0;;351,8;;1021,0;;;;;;;;;;;;;;;;;;;;;;;;;;;;
LosAngeles;;;;;;;341,8;;344,6;394,6;;;1018,0;;;;;;;;;;;;;;;;;;;;;;;
LasVegas;;;;;;344,8;;400,9;;;;;;;;;;;;;;;;;;;;;;;;;;;;
Phoenix;;;;;;;;411,8;;;419,9;422,2;461,3;;;;;;;;;;;;;;;;;;;;;;;
SantaFe;;;;;;;;;;389,1;;390,2;422,1;;;;;500,1;;;;;;;;;;;;;;;;;;
Denver;;;;;341,0;328,0;;;;387,1;427,2;;;;;367,5;436,5;479,6;;;;;;;;;;;;;;;;;;
ElPaso;;;;;;;;378,5;;407,3;405,2;;;;;;;503,1;1012,0;500,8;;;;;;;;;;;;;;;;
Winnipeg;;;292,0;;329,4;;;;;;;;;;375,6;;;;;;;;;220,9;;;;;;;;;;;;
Duluth;;;;;321,0;;;;;;;;;318,5;;;;;;;;;426,3;;400,2;;;;;;;;;;;
Omaha;;;;;331,5;;;;;;;379,2;;;;;;;;;;;459,6;;;;;;;;;;;;;
KansasCity;;;;;;;;;;;;408,2;;;;;;;;;;515,9;;;;;;;;;;;;;;
OklahomaCity;;;;;;;;;;;410,7;381,5;465,5;;;;;;;;529,8;;;;;;;;;;;;;;;
Houston;;;;;;;;;;;;;473,8;;;;;;;;;;;;;;;;;;;;;;1006,0;
Dallas;;;;;;;;;;;;;464,9;;;;;;;;568,2;;;;;;;;;;;;;;;
LittleRock;;;;;;;;;;;;;;;;;;506,2;;491,0;;538,2;;;;;;;;;;;;;743,3;625,2
SaintLouis;;;;;;;;;;;;;;;;;468,1;;;;557,8;;467,4;;;;;;518,8;;;;;;;662,0
Chicago;;;;;;;;;;;;;;;380,0;383,6;;;;;;540,2;;;390,4;;;;529,5;;;;;;;
SaultStMarie;;;;;;;;;;;;;;289,3;;;;;;;;;;;248,2;190,8;;;;;;;;;;
Toronto;;;;;;;;;;;;;;;355,0;;;;;;;;453,6;223,8;;277,8;;;483,8;;;;;;;
Montreal;;;;;;;;;;;;;;;;;;;;;;;;132,5;389,5;;87,4;187,4;;;;;;;;
Boston;;;;;;;;;;;;;;;;;;;;;;;;;;92,9;;189,0;;;;;;;;
NewYork;;;;;;;;;;;;;;;;;;;;;;;;;;215,5;92,3;;;473,2;;;;;;
Pittsburgh;;;;;;;;;;;;;;;;;;;;;;581,3;465,8;;373,1;;;;;447,6;602,2;;;;;
Washington;;;;;;;;;;;;;;;;;;;;;;;;;;;;327,0;488,2;;585,6;;;;;
Raleigh;;;;;;;;;;;;;;;;;;;;;;;;;;;;;521,0;472,6;;;756,7;;;
Atlanta;;;;;;;;;;;;;;;;;;;;;;;;;;;;;;;;;1000,0;1000,0;1000,0;1000,0
Charleston;;;;;;;;;;;;;;;;;;;;;;;;;;;;;;;602,4;902,0;;731,1;;
Miami;;;;;;;;;;;;;;;;;;;;;;;;;;;;;;;;905,0;771,0;;659,3;
NewOrleans;;;;;;;;;;;;;;;;;;;630,4;;544,1;;;;;;;;;;;1004,0;;710,4;;
Nashville;;;;;;;;;;;;;;;;;;;;;551,4;529,3;;;;;;;;;;901,0;;;;
Step_16000;Vancouver;Seattle;Calgary;Portland;Helena;SaltLakeCity;SanFrancisco;LosAngeles;LasVegas;Phoenix;SantaFe;Denver;ElPaso;Winnipeg;Duluth;Omaha;KansasCity;OklahomaCity;Houston;Dallas;LittleRock;SaintLouis;Chicago;SaultStMarie;Toronto;Montreal;Boston;NewYork;Pittsburgh;Washington;Raleigh;Atlanta;Charleston;Miami;NewOrleans;Nashville
Vancouver;;275,5;279,2;;;;;;;;;;;;;;;;;;;;;;;;;;;;;;;;;
Seattle;256,5;;286,4;302,2;371,1;;;;;;;;;;;;;;;;;;;;;;;;;;;;;;;
Calgary;263,9;293,8;;;349,4;;;;;;;;;321,1;;;;;;;;;;;;;;;;;;;;;;
Portland;;278,1;;;;323,2;325,7;;;;;;;;;;;;;;;;;;;;;;;;;;;;;
Helena;;301,1;299,4;;;360,4;;;;;;413,6;;343,9;407,2;418,8;;;;;;;;;;;;;;;;;;;;
SaltLakeCity;;;;288,4;343,9;;354,2;;364,6;;;435,8;;;;;;;;;;;;;;;;;;;;;;;;
SanFrancisco;;;;287,0;;329,8;;1021,0;;;;;;;;;;;;;;;;;;;;;;;;;;;;
LosAngeles;;;;;;;354,4;;360,7;410,1;;;1018,0;;;;;;;;;;;;;;;;;;;;;;;
LasVegas;;;;;;333,8;;419,3;;;;;;;;;;;;;;;;;;;;;;;;;;;;
Phoenix;;;;;;;;414,8;;;440,3;430,4;481,2;;;;;;;;;;;;;;;;;;;;;;;
SantaFe;;;;;;;;;;430,3;;413,3;519,1;;;;;477,5;;;;;;;;;;;;;;;;;;
Denver;;;;;356,3;351,8;;;;436,0;449,7;;;;;417,7;450,4;544,7;;;;;;;;;;;;;;;;;;
ElPaso;;;;;;;;435,1;;428,0;445,2;;;;;;;491,0;1012,0;498,8;;;;;;;;;;;;;;;;
Winnipeg;;;291,3;;332,1;;;;;;;;;;389,3;;;;;;;;;319,9;;;;;;;;;;;;
Duluth;;;;;335,3;;;;;;;;;332,0;;;;;;;;;483,4;;398,8;;;;;;;;;;;
Omaha;;;;;350,5;;;;;;;440,3;;;;;;;;;;;446,6;;;;;;;;;;;;;
KansasCity;;;;;;;;;;;;421,0;;;;;;;;;;528,0;;;;;;;;;;;;;;
OklahomaCity;;;;;;;;;;;447,6;416,8;491,1;;;;;;;;641,1;;;;;;;;;;;;;;;
Houston;;;;;;;;;;;;;484,3;;;;;;;;;;;;;;;;;;;;;;1006,0;
Dallas;;;;;;;;;;;;;483,4;;;;;;;;544,2;;;;;;;;;;;;;;;
LittleRock;;;;;;;;;;;;;;;;;;450,8;;479,4;;596,7;;;;;;;;;;;;;738,3;700,5
SaintLouis;;;;;;;;;;;;;;;;;455,4;;;;614,8;;459,2;;;;;;470,6;;;;;;;749,6
Chicago;;;;;;;;;;;;;;;405,8;387,4;;;;;;518,1;;;398,8;;;;484,5;;;;;;;
SaultStMarie;;;;;;;;;;;;;;286,0;;;;;;;;;;;389,3;309,0;;;;;;;;;;
Toronto;;;;;;;;;;;;;;;375,0;;;;;;;;461,4;295,0;;312,8;;;506,9;;;;;;;
Montreal;;;;;;;;;;;;;;;;;;;;;;;;256,0;410,4;;138,4;248,8;;;;;;;;
Boston;;;;;;;;;;;;;;;;;;;;;;;;;;236,8;;250,2;;;;;;;;
NewYork;;;;;;;;;;;;;;;;;;;;;;;;;;274,8;189,5;;;402,5;;;;;;
Pittsburgh;;;;;;;;;;;;;;;;;;;;;;558,5;514,1;;393,3;;;;;469,3;553,7;;;;;
Washington;;;;;;;;;;;;;;;;;;;;;;;;;;;;309,7;452,6;;554,7;;;;;
Raleigh;;;;;;;;;;;;;;;;;;;;;;;;;;;;;485,6;436,4;;;762,9;;;
Atlanta;;;;;;;;;;;;;;;;;;;;;;;;;;;;;;;;;1000,0;1000,0;1000,0;1000,0
Charleston;;;;;;;;;;;;;;;;;;;;;;;;;;;;;;;590,7;902,0;;806,1;;
Miami;;;;;;;;;;;;;;;;;;;;;;;;;;;;;;;;905,0;756,9;;794,4;
NewOrleans;;;;;;;;;;;;;;;;;;;642,5;;546,9;;;;;;;;;;;1004,0;;771,2;;
Nashville;;;;;;;;;;;;;;;;;;;;;553,5;620,5;;;;;;;;;;901,0;;;;
Step_20000;Vancouver;Seattle;Calgary;Portland;Helena;SaltLakeCity;SanFrancisco;LosAngeles;LasVegas;Phoenix;SantaFe;Denver;ElPaso;Winnipeg;Duluth;Omaha;KansasCity;OklahomaCity;Houston;Dallas;LittleRock;SaintLouis;Chicago;SaultStMarie;Toronto;Montreal;Boston;NewYork;Pittsburgh;Washington;Raleigh;Atlanta;Charleston;Miami;NewOrleans;Nashville
Vancouver;;274,0;285,5;;;;;;;;;;;;;;;;;;;;;;;;;;;;;;;;;
Seattle;255,0;;284,5;293,0;360,6;;;;;;;;;;;;;;;;;;;;;;;;;;;;;;;
Calgary;260,0;265,2;;;350,5;;;;;;;;;303,5;;;;;;;;;;;;;;;;;;;;;;
Portland;;298,4;;;;353,0;326,4;;;;;;;;;;;;;;;;;;;;;;;;;;;;;
Helena;;298,9;289,5;;;340,8;;;;;;430,0;;301,7;359,3;368,6;;;;;;;;;;;;;;;;;;;;
SaltLakeCity;;;;320,8;330,1;;349,6;;355,8;;;428,7;;;;;;;;;;;;;;;;;;;;;;;;
SanFrancisco;;;;314,2;;373,5;;996,2;;;;;;;;;;;;;;;;;;;;;;;;;;;;
LosAngeles;;;;;;;359,3;;350,2;409,1;;;993,4;;;;;;;;;;;;;;;;;;;;;;;
LasVegas;;;;;;334,9;;403,2;;;;;;;;;;;;;;;;;;;;;;;;;;;;
Phoenix;;;;;;;;403,2;;;404,1;390,5;482,6;;;;;;;;;;;;;;;;;;;;;;;
SantaFe;;;;;;;;;;394,6;;399,5;462,0;;;;;492,7;;;;;;;;;;;;;;;;;;
Denver;;;;;347,9;337,4;;;;413,7;437,6;;;;;390,6;532,6;456,5;;;;;;;;;;;;;;;;;;
ElPaso;;;;;;;;385,7;;397,9;398,3;;;;;;;486,9;987,6;518,8;;;;;;;;;;;;;;;;
Winnipeg;;;281,4;;328,9;;;;;;;;;;363,9;;;;;;;;;322,2;;;;;;;;;;;;
Duluth;;;;;350,1;;;;;;;;;317,0;;;;;;;;;457,1;;364,9;;;;;;;;;;;
Omaha;;;;;356,1;;;;;;;395,4;;;;;;;;;;;439,0;;;;;;;;;;;;;
KansasCity;;;;;;;;;;;;438,4;;;;;;;;;;626,8;;;;;;;;;;;;;;
OklahomaCity;;;;;;;;;;;398,6;444,1;476,5;;;;;;;;573,3;;;;;;;;;;;;;;;
Houston;;;;;;;;;;;;;406,6;;;;;;;;;;;;;;;;;;;;;;982,3;
Dallas;;;;;;;;;;;;;455,6;;;;;;;;589,0;;;;;;;;;;;;;;;
LittleRock;;;;;;;;;;;;;;;;;;506,7;;524,7;;505,2;;;;;;;;;;;;;556,6;651,3
SaintLouis;;;;;;;;;;;;;;;;;446,6;;;;594,5;;441,1;;;;;;512,2;;;;;;;691,1
Chicago;;;;;;;;;;;;;;;413,2;366,7;;;;;;529,4;;;405,0;;;;479,2;;;;;;;
SaultStMarie;;;;;;;;;;;;;;318,1;;;;;;;;;;;363,5;307,8;;;;;;;;;;
Toronto;;;;;;;;;;;;;;;368,2;;;;;;;;487,8;320,9;;294,1;;;441,2;;;;;;;
Montreal;;;;;;;;;;;;;;;;;;;;;;;;283,9;357,9;;243,0;279,7;;;;;;;;
Boston;;;;;;;;;;;;;;;;;;;;;;;;;;281,4;;323,6;;;;;;;;
NewYork;;;;;;;;;;;;;;;;;;;;;;;;;;280,1;267,0;;;425,0;;;;;;
Pittsburgh;;;;;;;;;;;;;;;;;;;;;;559,7;460,7;;347,9;;;;;419,0;650,7;;;;;
Washington;;;;;;;;;;;;;;;;;;;;;;;;;;;;359,1;488,5;;611,6;;;;;
Raleigh;;;;;;;;;;;;;;;;;;;;;;;;;;;;;480,7;495,6;;;776,5;;;
Atlanta;;;;;;;;;;;;;;;;;;;;;;;;;;;;;;;;;1000,0;1000,0;1000,0;1000,0
Charleston;;;;;;;;;;;;;;;;;;;;;;;;;;;;;;;548,7;902,0;;776,4;;
Miami;;;;;;;;;;;;;;;;;;;;;;;;;;;;;;;;905,0;780,4;;784,0;
NewOrleans;;;;;;;;;;;;;;;;;;;582,7;;547,6;;;;;;;;;;;984,0;;812,7;;
Nashville;;;;;;;;;;;;;;;;;;;;;582,4;628,0;;;;;;;;;;901,0;;;;
Step_24000;Vancouver;Seattle;Calgary;Portland;Helena;SaltLakeCity;SanFrancisco;LosAngeles;LasVegas;Phoenix;SantaFe;Denver;ElPaso;Winnipeg;Duluth;Omaha;KansasCity;OklahomaCity;Houston;Dallas;LittleRock;SaintLouis;Chicago;SaultStMarie;Toronto;Montreal;Boston;NewYork;Pittsburgh;Washington;Raleigh;Atlanta;Charleston;Miami;NewOrleans;Nashville
Vancouver;;293,3;280,8;;;;;;;;;;;;;;;;;;;;;;;;;;;;;;;;;
Seattle;264,1;;284,7;311,8;333,9;;;;;;;;;;;;;;;;;;;;;;;;;;;;;;;
Calgary;270,1;291,2;;;323,7;;;;;;;;;328,8;;;;;;;;;;;;;;;;;;;;;;
Portland;;257,4;;;;349,6;341,9;;;;;;;;;;;;;;;;;;;;;;;;;;;;;
Helena;;289,7;302,5;;;344,8;;;;;;367,9;;316,0;409,2;391,8;;;;;;;;;;;;;;;;;;;;
SaltLakeCity;;;;311,9;331,2;;330,6;;326,0;;;409,7;;;;;;;;;;;;;;;;;;;;;;;;
SanFrancisco;;;;292,3;;342,8;;1021,0;;;;;;;;;;;;;;;;;;;;;;;;;;;;
LosAngeles;;;;;;;345,1;;340,7;399,2;;;1018,0;;;;;;;;;;;;;;;;;;;;;;;
LasVegas;;;;;;353,6;;428,0;;;;;;;;;;;;;;;;;;;;;;;;;;;;
Phoenix;;;;;;;;449,8;;;447,9;421,2;499,3;;;;;;;;;;;;;;;;;;;;;;;
SantaFe;;;;;;;;;;448,8;;426,6;519,2;;;;;485,5;;;;;;;;;;;;;;;;;;
Denver;;;;;352,5;357,3;;;;433,7;419,3;;;;;401,7;500,3;481,2;;;;;;;;;;;;;;;;;;
ElPaso;;;;;;;;376,3;;416,6;429,7;;;;;;;508,5;1012,0;500,9;;;;;;;;;;;;;;;;
Winnipeg;;;303,0;;351,8;;;;;;;;;;406,5;;;;;;;;;324,9;;;;;;;;;;;;
Duluth;;;;;348,6;;;;;;;;;338,5;;;;;;;;;489,1;;420,6;;;;;;;;;;;
Omaha;;;;;339,9;;;;;;;408,9;;;;;;;;;;;482,5;;;;;;;;;;;;;
KansasCity;;;;;;;;;;;;424,6;;;;;;;;;;590,6;;;;;;;;;;;;;;
OklahomaCity;;;;;;;;;;;431,2;419,6;496,2;;;;;;;;590,7;;;;;;;;;;;;;;;
Houston;;;;;;;;;;;;;508,9;;;;;;;;;;;;;;;;;;;;;;1006,0;
Dallas;;;;;;;;;;;;;448,4;;;;;;;;574,7;;;;;;;;;;;;;;;
LittleRock;;;;;;;;;;;;;;;;;;492,5;;500,4;;550,0;;;;;;;;;;;;;665,6;684,1
SaintLouis;;;;;;;;;;;;;;;;;480,3;;;;574,9;;470,1;;;;;;482,5;;;;;;;751,7
Chicago;;;;;;;;;;;;;;;397,6;409,3;;;;;;552,6;;;407,3;;;;476,7;;;;;;;
SaultStMarie;;;;;;;;;;;;;;299,5;;;;;;;;;;;379,3;308,9;;;;;;;;;;
Toronto;;;;;;;;;;;;;;;392,1;;;;;;;;454,8;322,0;;342,9;;;462,4;;;;;;;
Montreal;;;;;;;;;;;;;;;;;;;;;;;;292,7;348,1;;273,0;411,0;;;;;;;;
Boston;;;;;;;;;;;;;;;;;;;;;;;;;;274,6;;378,5;;;;;;;;
NewYork;;;;;;;;;;;;;;;;;;;;;;;;;;302,8;288,7;;;445,1;;;;;;
Pittsburgh;;;;;;;;;;;;;;;;;;;;;;555,9;497,3;;397,4;;;;;470,7;547,8;;;;;
Washington;;;;;;;;;;;;;;;;;;;;;;;;;;;;393,2;491,6;;626,6;;;;;
Raleigh;;;;;;;;;;;;;;;;;;;;;;;;;;;;;466,0;423,3;;;777,5;;;
Atlanta;;;;;;;;;;;;;;;;;;;;;;;;;;;;;;;;;1000,0;1000,0;1000,0;1000,0
Charleston;;;;;;;;;;;;;;;;;;;;;;;;;;;;;;;616,9;902,0;;802,1;;
Miami;;;;;;;;;;;;;;;;;;;;;;;;;;;;;;;;905,0;778,9;;690,1;
NewOrleans;;;;;;;;;;;;;;;;;;;628,4;;605,2;;;;;;;;;;;1004,0;;767,8;;
Nashville;;;;;;;;;;;;;;;;;;;;;609,9;565,8;;;;;;;;;;901,0;;;;
Step_28000;Vancouver;Seattle;Calgary;Portland;Helena;SaltLakeCity;SanFrancisco;LosAngeles;LasVegas;Phoenix;SantaFe;Denver;ElPaso;Winnipeg;Duluth;Omaha;KansasCity;OklahomaCity;Houston;Dallas;LittleRock;SaintLouis;Chicago;SaultStMarie;Toronto;Montreal;Boston;NewYork;Pittsburgh;Washington;Raleigh;Atlanta;Charleston;Miami;NewOrleans;Nashville
Vancouver;;300,6;285,1;;;;;;;;;;;;;;;;;;;;;;;;;;;;;;;;;
Seattle;263,7;;285,9;301,4;338,9;;;;;;;;;;;;;;;;;;;;;;;;;;;;;;;
Calgary;265,7;287,3;;;320,5;;;;;;;;;309,5;;;;;;;;;;;;;;;;;;;;;;
Portland;;283,9;;;;372,2;308,0;;;;;;;;;;;;;;;;;;;;;;;;;;;;;
Helena;;295,2;283,1;;;332,3;;;;;;360,5;;324,9;377,9;361,6;;;;;;;;;;;;;;;;;;;;
SaltLakeCity;;;;302,6;324,6;;331,7;;333,5;;;432,9;;;;;;;;;;;;;;;;;;;;;;;;
SanFrancisco;;;;290,0;;329,1;;883,5;;;;;;;;;;;;;;;;;;;;;;;;;;;;
LosAngeles;;;;;;;329,5;;367,0;389,4;;;991,4;;;;;;;;;;;;;;;;;;;;;;;
LasVegas;;;;;;309,3;;494,7;;;;;;;;;;;;;;;;;;;;;;;;;;;;
Phoenix;;;;;;;;417,4;;;418,6;404,1;422,0;;;;;;;;;;;;;;;;;;;;;;;
SantaFe;;;;;;;;;;429,3;;423,7;461,5;;;;;508,1;;;;;;;;;;;;;;;;;;
Denver;;;;;327,4;363,8;;;;407,6;431,6;;;;;358,9;467,6;452,4;;;;;;;;;;;;;;;;;;
ElPaso;;;;;;;;409,8;;396,1;433,7;;;;;;;424,2;976,4;498,3;;;;;;;;;;;;;;;;
Winnipeg;;;284,3;;351,1;;;;;;;;;;353,9;;;;;;;;;334,9;;;;;;;;;;;;
Duluth;;;;;344,9;;;;;;;;;318,6;;;;;;;;;443,0;;367,2;;;;;;;;;;;
Omaha;;;;;333,0;;;;;;;376,8;;;;;;;;;;;377,5;;;;;;;;;;;;;
KansasCity;;;;;;;;;;;;398,7;;;;;;;;;;586,5;;;;;;;;;;;;;;
OklahomaCity;;;;;;;;;;;437,6;392,2;544,1;;;;;;;;586,1;;;;;;;;;;;;;;;
Houston;;;;;;;;;;;;;459,2;;;;;;;;;;;;;;;;;;;;;;920,2;
Dallas;;;;;;;;;;;;;468,5;;;;;;;;575,5;;;;;;;;;;;;;;;
LittleRock;;;;;;;;;;;;;;;;;;501,6;;494,7;;542,2;;;;;;;;;;;;;620,8;708,2
SaintLouis;;;;;;;;;;;;;;;;;457,4;;;;608,6;;438,6;;;;;;496,7;;;;;;;728,9
Chicago;;;;;;;;;;;;;;;368,7;327,7;;;;;;525,6;;;390,3;;;;492,6;;;;;;;
SaultStMarie;;;;;;;;;;;;;;331,1;;;;;;;;;;;405,1;312,9;;;;;;;;;;
Toronto;;;;;;;;;;;;;;;406,1;;;;;;;;474,8;341,9;;323,4;;;466,2;;;;;;;
Montreal;;;;;;;;;;;;;;;;;;;;;;;;319,5;338,6;;305,9;375,4;;;;;;;;
Boston;;;;;;;;;;;;;;;;;;;;;;;;;;297,9;;407,2;;;;;;;;
NewYork;;;;;;;;;;;;;;;;;;;;;;;;;;304,0;346,7;;;431,5;;;;;;
Pittsburgh;;;;;;;;;;;;;;;;;;;;;;590,3;453,9;;415,9;;;;;458,7;572,0;;;;;
Washington;;;;;;;;;;;;;;;;;;;;;;;;;;;;383,7;522,9;;564,5;;;;;
Raleigh;;;;;;;;;;;;;;;;;;;;;;;;;;;;;486,9;496,8;;;778,1;;;
Atlanta;;;;;;;;;;;;;;;;;;;;;;;;;;;;;;;;;1000,0;1000,0;1000,0;1000,0
Charleston;;;;;;;;;;;;;;;;;;;;;;;;;;;;;;;646,0;902,0;;781,4;;
Miami;;;;;;;;;;;;;;;;;;;;;;;;;;;;;;;;905,0;758,5;;692,8;
NewOrleans;;;;;;;;;;;;;;;;;;;638,7;;562,1;;;;;;;;;;;984,0;;736,4;;
Nashville;;;;;;;;;;;;;;;;;;;;;562,8;628,5;;;;;;;;;;901,0;;;;
Step_32000;Vancouver;Seattle;Calgary;Portland;Helena;SaltLakeCity;SanFrancisco;LosAngeles;LasVegas;Phoenix;SantaFe;Denver;ElPaso;Winnipeg;Duluth;Omaha;KansasCity;OklahomaCity;Houston;Dallas;LittleRock;SaintLouis;Chicago;SaultStMarie;Toronto;Montreal;Boston;NewYork;Pittsburgh;Washington;Raleigh;Atlanta;Charleston;Miami;NewOrleans;Nashville
Vancouver;;291,9;288,5;;;;;;;;;;;;;;;;;;;;;;;;;;;;;;;;;
Seattle;269,4;;307,0;317,0;367,0;;;;;;;;;;;;;;;;;;;;;;;;;;;;;;;
Calgary;262,4;295,6;;;316,2;;;;;;;;;326,8;;;;;;;;;;;;;;;;;;;;;;
Portland;;307,8;;;;331,0;331,7;;;;;;;;;;;;;;;;;;;;;;;;;;;;;
Helena;;291,3;288,6;;;333,3;;;;;;417,2;;332,1;387,0;384,4;;;;;;;;;;;;;;;;;;;;
SaltLakeCity;;;;300,2;335,5;;342,9;;344,0;;;443,2;;;;;;;;;;;;;;;;;;;;;;;;
SanFrancisco;;;;308,0;;333,5;;993,3;;;;;;;;;;;;;;;;;;;;;;;;;;;;
LosAngeles;;;;;;;329,9;;345,3;401,2;;;977,1;;;;;;;;;;;;;;;;;;;;;;;
LasVegas;;;;;;353,4;;407,6;;;;;;;;;;;;;;;;;;;;;;;;;;;;
Phoenix;;;;;;;;401,8;;;428,5;415,2;495,0;;;;;;;;;;;;;;;;;;;;;;;
SantaFe;;;;;;;;;;417,9;;372,8;458,3;;;;;473,1;;;;;;;;;;;;;;;;;;
Denver;;;;;341,6;353,1;;;;421,2;440,1;;;;;368,9;467,7;536,2;;;;;;;;;;;;;;;;;;
ElPaso;;;;;;;;387,0;;398,1;421,4;;;;;;;503,6;897,5;482,6;;;;;;;;;;;;;;;;
Winnipeg;;;288,6;;352,1;;;;;;;;;;389,7;;;;;;;;;342,5;;;;;;;;;;;;
Duluth;;;;;351,0;;;;;;;;;345,4;;;;;;;;;467,0;;396,5;;;;;;;;;;;
Omaha;;;;;336,9;;;;;;;417,9;;;;;;;;;;;437,7;;;;;;;;;;;;;
KansasCity;;;;;;;;;;;;419,1;;;;;;;;;;550,5;;;;;;;;;;;;;;
OklahomaCity;;;;;;;;;;;443,0;423,7;474,1;;;;;;;;581,2;;;;;;;;;;;;;;;
Houston;;;;;;;;;;;;;481,5;;;;;;;;;;;;;;;;;;;;;;1006,0;
Dallas;;;;;;;;;;;;;477,4;;;;;;;;543,2;;;;;;;;;;;;;;;
LittleRock;;;;;;;;;;;;;;;;;;451,9;;466,3;;583,5;;;;;;;;;;;;;613,5;668,0
SaintLouis;;;;;;;;;;;;;;;;;478,0;;;;593,4;;481,0;;;;;;516,6;;;;;;;688,1
Chicago;;;;;;;;;;;;;;;393,6;385,8;;;;;;561,9;;;380,0;;;;463,4;;;;;;;
SaultStMarie;;;;;;;;;;;;;;328,3;;;;;;;;;;;373,7;331,7;;;;;;;;;;
Toronto;;;;;;;;;;;;;;;401,1;;;;;;;;432,1;332,7;;342,4;;;453,7;;;;;;;
Montreal;;;;;;;;;;;;;;;;;;;;;;;;314,0;340,0;;328,1;387,2;;;;;;;;
Boston;;;;;;;;;;;;;;;;;;;;;;;;;;317,0;;359,8;;;;;;;;
NewYork;;;;;;;;;;;;;;;;;;;;;;;;;;300,2;340,1;;;438,7;;;;;;
Pittsburgh;;;;;;;;;;;;;;;;;;;;;;569,4;447,3;;351,1;;;;;443,0;523,1;;;;;
Washington;;;;;;;;;;;;;;;;;;;;;;;;;;;;381,1;469,6;;586,1;;;;;
Raleigh;;;;;;;;;;;;;;;;;;;;;;;;;;;;;474,1;473,3;;;729,1;;;
Atlanta;;;;;;;;;;;;;;;;;;;;;;;;;;;;;;;;;1000,0;1000,0;1000,0;1000,0
Charleston;;;;;;;;;;;;;;;;;;;;;;;;;;;;;;;588,6;902,0;;794,0;;
Miami;;;;;;;;;;;;;;;;;;;;;;;;;;;;;;;;905,0;748,9;;701,5;
NewOrleans;;;;;;;;;;;;;;;;;;;573,1;;590,8;;;;;;;;;;;1004,0;;749,2;;
Nashville;;;;;;;;;;;;;;;;;;;;;586,7;508,7;;;;;;;;;;901,0;;;;
Step_36000;Vancouver;Seattle;Calgary;Portland;Helena;SaltLakeCity;SanFrancisco;LosAngeles;LasVegas;Phoenix;SantaFe;Denver;ElPaso;Winnipeg;Duluth;Omaha;KansasCity;OklahomaCity;Houston;Dallas;LittleRock;SaintLouis;Chicago;SaultStMarie;Toronto;Montreal;Boston;NewYork;Pittsburgh;Washington;Raleigh;Atlanta;Charleston;Miami;NewOrleans;Nashville
Vancouver;;295,5;298,8;;;;;;;;;;;;;;;;;;;;;;;;;;;;;;;;;
Seattle;264,3;;302,8;309,5;368,9;;;;;;;;;;;;;;;;;;;;;;;;;;;;;;;
Calgary;267,0;289,9;;;362,0;;;;;;;;;339,6;;;;;;;;;;;;;;;;;;;;;;
Portland;;286,5;;;;360,8;363,7;;;;;;;;;;;;;;;;;;;;;;;;;;;;;
Helena;;280,3;317,1;;;358,2;;;;;;407,7;;336,9;347,1;441,0;;;;;;;;;;;;;;;;;;;;
SaltLakeCity;;;;319,7;354,3;;334,8;;346,3;;;440,5;;;;;;;;;;;;;;;;;;;;;;;;
SanFrancisco;;;;311,0;;334,1;;1021,0;;;;;;;;;;;;;;;;;;;;;;;;;;;;
LosAngeles;;;;;;;370,3;;362,9;429,1;;;1018,0;;;;;;;;;;;;;;;;;;;;;;;
LasVegas;;;;;;356,4;;418,5;;;;;;;;;;;;;;;;;;;;;;;;;;;;
Phoenix;;;;;;;;440,5;;;432,6;417,6;489,8;;;;;;;;;;;;;;;;;;;;;;;
SantaFe;;;;;;;;;;445,5;;410,3;490,1;;;;;473,3;;;;;;;;;;;;;;;;;;
Denver;;;;;336,4;361,2;;;;437,0;440,4;;;;;418,9;425,0;577,7;;;;;;;;;;;;;;;;;;
ElPaso;;;;;;;;423,4;;423,0;429,7;;;;;;;478,7;1012,0;527,1;;;;;;;;;;;;;;;;
Winnipeg;;;310,2;;363,1;;;;;;;;;;391,3;;;;;;;;;329,9;;;;;;;;;;;;
Duluth;;;;;346,3;;;;;;;;;347,2;;;;;;;;;498,8;;388,6;;;;;;;;;;;
Omaha;;;;;348,1;;;;;;;414,9;;;;;;;;;;;506,7;;;;;;;;;;;;;
KansasCity;;;;;;;;;;;;407,1;;;;;;;;;;471,8;;;;;;;;;;;;;;
OklahomaCity;;;;;;;;;;;427,4;388,0;512,4;;;;;;;;626,2;;;;;;;;;;;;;;;
Houston;;;;;;;;;;;;;547,8;;;;;;;;;;;;;;;;;;;;;;1006,0;
Dallas;;;;;;;;;;;;;530,4;;;;;;;;628,2;;;;;;;;;;;;;;;
LittleRock;;;;;;;;;;;;;;;;;;509,6;;505,7;;637,4;;;;;;;;;;;;;760,3;738,6
SaintLouis;;;;;;;;;;;;;;;;;468,8;;;;621,3;;438,9;;;;;;503,4;;;;;;;715,8
Chicago;;;;;;;;;;;;;;;392,7;391,8;;;;;;545,4;;;426,7;;;;520,5;;;;;;;
SaultStMarie;;;;;;;;;;;;;;328,1;;;;;;;;;;;401,6;327,7;;;;;;;;;;
Toronto;;;;;;;;;;;;;;;394,4;;;;;;;;467,8;332,9;;365,8;;;499,1;;;;;;;
Montreal;;;;;;;;;;;;;;;;;;;;;;;;314,0;390,6;;314,6;407,5;;;;;;;;
Boston;;;;;;;;;;;;;;;;;;;;;;;;;;345,6;;341,1;;;;;;;;
NewYork;;;;;;;;;;;;;;;;;;;;;;;;;;337,2;326,4;;;457,8;;;;;;
Pittsburgh;;;;;;;;;;;;;;;;;;;;;;612,6;466,1;;387,5;;;;;470,9;660,6;;;;;
Washington;;;;;;;;;;;;;;;;;;;;;;;;;;;;421,4;497,6;;624,4;;;;;
Raleigh;;;;;;;;;;;;;;;;;;;;;;;;;;;;;481,0;534,7;;;785,4;;;
Atlanta;;;;;;;;;;;;;;;;;;;;;;;;;;;;;;;;;1000,0;1000,0;1000,0;1000,0
Charleston;;;;;;;;;;;;;;;;;;;;;;;;;;;;;;;584,7;902,0;;795,5;;
Miami;;;;;;;;;;;;;;;;;;;;;;;;;;;;;;;;905,0;770,1;;752,6;
NewOrleans;;;;;;;;;;;;;;;;;;;638,9;;623,3;;;;;;;;;;;984,0;;747,0;;
Nashville;;;;;;;;;;;;;;;;;;;;;614,9;570,6;;;;;;;;;;901,0;;;;
Step_40000;Vancouver;Seattle;Calgary;Portland;Helena;SaltLakeCity;SanFrancisco;LosAngeles;LasVegas;Phoenix;SantaFe;Denver;ElPaso;Winnipeg;Duluth;Omaha;KansasCity;OklahomaCity;Houston;Dallas;LittleRock;SaintLouis;Chicago;SaultStMarie;Toronto;Montreal;Boston;NewYork;Pittsburgh;Washington;Raleigh;Atlanta;Charleston;Miami;NewOrleans;Nashville
Vancouver;;277,3;290,8;;;;;;;;;;;;;;;;;;;;;;;;;;;;;;;;;
Seattle;258,4;;298,5;294,1;355,7;;;;;;;;;;;;;;;;;;;;;;;;;;;;;;;
Calgary;263,4;299,9;;;343,4;;;;;;;;;316,1;;;;;;;;;;;;;;;;;;;;;;
Portland;;299,0;;;;340,4;333,7;;;;;;;;;;;;;;;;;;;;;;;;;;;;;
Helena;;284,2;308,7;;;351,1;;;;;;388,4;;316,4;414,9;384,8;;;;;;;;;;;;;;;;;;;;
SaltLakeCity;;;;307,3;319,9;;356,3;;370,0;;;436,6;;;;;;;;;;;;;;;;;;;;;;;;
SanFrancisco;;;;306,4;;349,2;;900,8;;;;;;;;;;;;;;;;;;;;;;;;;;;;
LosAngeles;;;;;;;463,2;;351,4;443,7;;;991,6;;;;;;;;;;;;;;;;;;;;;;;
LasVegas;;;;;;345,4;;387,0;;;;;;;;;;;;;;;;;;;;;;;;;;;;
Phoenix;;;;;;;;431,7;;;430,6;405,4;506,4;;;;;;;;;;;;;;;;;;;;;;;
SantaFe;;;;;;;;;;431,8;;393,5;424,3;;;;;521,6;;;;;;;;;;;;;;;;;;
Denver;;;;;331,0;346,9;;;;424,3;404,5;;;;;421,8;438,6;548,2;;;;;;;;;;;;;;;;;;
ElPaso;;;;;;;;407,9;;421,1;419,1;;;;;;;484,2;978,0;509,6;;;;;;;;;;;;;;;;
Winnipeg;;;284,3;;339,6;;;;;;;;;;361,8;;;;;;;;;323,2;;;;;;;;;;;;
Duluth;;;;;343,5;;;;;;;;;314,8;;;;;;;;;462,8;;407,1;;;;;;;;;;;
Omaha;;;;;333,7;;;;;;;381,1;;;;;;;;;;;446,8;;;;;;;;;;;;;
KansasCity;;;;;;;;;;;;426,0;;;;;;;;;;515,4;;;;;;;;;;;;;;
OklahomaCity;;;;;;;;;;;415,6;400,2;502,3;;;;;;;;603,8;;;;;;;;;;;;;;;
Houston;;;;;;;;;;;;;450,9;;;;;;;;;;;;;;;;;;;;;;928,9;
Dallas;;;;;;;;;;;;;449,3;;;;;;;;592,3;;;;;;;;;;;;;;;
LittleRock;;;;;;;;;;;;;;;;;;496,5;;520,6;;510,6;;;;;;;;;;;;;674,9;750,7
SaintLouis;;;;;;;;;;;;;;;;;451,4;;;;635,6;;482,0;;;;;;529,8;;;;;;;696,1
Chicago;;;;;;;;;;;;;;;406,3;411,1;;;;;;568,3;;;414,3;;;;470,3;;;;;;;
SaultStMarie;;;;;;;;;;;;;;311,1;;;;;;;;;;;391,5;348,2;;;;;;;;;;
Toronto;;;;;;;;;;;;;;;382,9;;;;;;;;454,2;325,2;;361,5;;;483,5;;;;;;;
Montreal;;;;;;;;;;;;;;;;;;;;;;;;331,1;386,9;;317,1;367,4;;;;;;;;
Boston;;;;;;;;;;;;;;;;;;;;;;;;;;360,5;;338,4;;;;;;;;
NewYork;;;;;;;;;;;;;;;;;;;;;;;;;;325,0;315,8;;;496,9;;;;;;
Pittsburgh;;;;;;;;;;;;;;;;;;;;;;653,9;454,8;;402,0;;;;;430,0;534,5;;;;;
Washington;;;;;;;;;;;;;;;;;;;;;;;;;;;;392,2;467,4;;608,2;;;;;
Raleigh;;;;;;;;;;;;;;;;;;;;;;;;;;;;;480,2;455,9;;;785,6;;;
Atlanta;;;;;;;;;;;;;;;;;;;;;;;;;;;;;;;;;1000,0;1000,0;1000,0;1000,0
Charleston;;;;;;;;;;;;;;;;;;;;;;;;;;;;;;;607,7;902,0;;740,8;;
Miami;;;;;;;;;;;;;;;;;;;;;;;;;;;;;;;;905,0;770,2;;705,6;
NewOrleans;;;;;;;;;;;;;;;;;;;687,1;;652,1;;;;;;;;;;;1004,0;;783,0;;
Nashville;;;;;;;;;;;;;;;;;;;;;616,7;563,5;;;;;;;;;;901,0;;;;
Step_4000;Vancouver;Seattle;Calgary;Portland;Helena;SaltLakeCity;SanFrancisco;LosAngeles;LasVegas;Phoenix;SantaFe;Denver;ElPaso;Winnipeg;Duluth;Omaha;KansasCity;OklahomaCity;Houston;Dallas;LittleRock;SaintLouis;Chicago;SaultStMarie;Toronto;Montreal;Boston;NewYork;Pittsburgh;Washington;Raleigh;Atlanta;Charleston;Miami;NewOrleans;Nashville
Vancouver;;260,9;212,4;;;;;;;;;;;;;;;;;;;;;;;;;;;;;;;;;
Seattle;229,0;;238,7;299,7;283,5;;;;;;;;;;;;;;;;;;;;;;;;;;;;;;;
Calgary;205,2;248,1;;;314,3;;;;;;;;;205,4;;;;;;;;;;;;;;;;;;;;;;
Portland;;264,9;;;;330,3;344,5;;;;;;;;;;;;;;;;;;;;;;;;;;;;;
Helena;;274,6;235,3;;;356,3;;;;;;380,0;;199,1;198,5;365,1;;;;;;;;;;;;;;;;;;;;
SaltLakeCity;;;;293,6;305,4;;341,1;;376,0;;;383,5;;;;;;;;;;;;;;;;;;;;;;;;
SanFrancisco;;;;278,7;;353,9;;993,4;;;;;;;;;;;;;;;;;;;;;;;;;;;;
LosAngeles;;;;;;;341,0;;372,1;411,9;;;977,7;;;;;;;;;;;;;;;;;;;;;;;
LasVegas;;;;;;350,2;;428,7;;;;;;;;;;;;;;;;;;;;;;;;;;;;
Phoenix;;;;;;;;410,0;;;454,3;394,8;455,9;;;;;;;;;;;;;;;;;;;;;;;
SantaFe;;;;;;;;;;413,1;;414,8;452,2;;;;;501,0;;;;;;;;;;;;;;;;;;
Denver;;;;;336,3;346,0;;;;385,7;434,0;;;;;391,7;464,1;432,4;;;;;;;;;;;;;;;;;;
ElPaso;;;;;;;;376,2;;417,3;426,3;;;;;;;451,7;900,4;499,6;;;;;;;;;;;;;;;;
Winnipeg;;;204,4;;287,9;;;;;;;;;;159,5;;;;;;;;;33,8;;;;;;;;;;;;
Duluth;;;;;284,5;;;;;;;;;166,1;;;;;;;;;;;260,7;;;;;;;;;;;
Omaha;;;;;335,8;;;;;;;390,9;;;;;;;;;;;447,1;;;;;;;;;;;;;
KansasCity;;;;;;;;;;;;398,9;;;;;;;;;;537,0;;;;;;;;;;;;;;
OklahomaCity;;;;;;;;;;;438,9;372,7;503,3;;;;;;;;566,6;;;;;;;;;;;;;;;
Houston;;;;;;;;;;;;;497,7;;;;;;;;;;;;;;;;;;;;;;1006,0;
Dallas;;;;;;;;;;;;;494,8;;;;;;;;565,9;;;;;;;;;;;;;;;
LittleRock;;;;;;;;;;;;;;;;;;485,2;;504,5;;583,5;;;;;;;;;;;;;728,8;651,9
SaintLouis;;;;;;;;;;;;;;;;;490,0;;;;629,8;;399,2;;;;;;466,5;;;;;;;662,8
Chicago;;;;;;;;;;;;;;;;371,4;;;;;;476,6;;;319,3;;;;385,2;;;;;;;
SaultStMarie;;;;;;;;;;;;;;194,0;;;;;;;;;;;26,8;36,9;;;;;;;;;;
Toronto;;;;;;;;;;;;;;;102,8;;;;;;;;239,4;63,2;;32,5;;;435,0;;;;;;;
Montreal;;;;;;;;;;;;;;;;;;;;;;;;109,5;4,1;;6,9;2,9;;;;;;;;
Boston;;;;;;;;;;;;;;;;;;;;;;;;;;17,0;;0,3;;;;;;;;
NewYork;;;;;;;;;;;;;;;;;;;;;;;;;;18,9;1,2;;;0,1;;;;;;
Pittsburgh;;;;;;;;;;;;;;;;;;;;;;567,4;402,3;;231,6;;;;;397,2;525,5;;;;;
Washington;;;;;;;;;;;;;;;;;;;;;;;;;;;;5,2;89,0;;623,3;;;;;
Raleigh;;;;;;;;;;;;;;;;;;;;;;;;;;;;;383,2;273,4;;;748,6;;;
Atlanta;;;;;;;;;;;;;;;;;;;;;;;;;;;;;;;;;1000,0;1000,0;1000,0;1000,0
Charleston;;;;;;;;;;;;;;;;;;;;;;;;;;;;;;;490,4;902,0;;740,0;;
Miami;;;;;;;;;;;;;;;;;;;;;;;;;;;;;;;;905,0;692,9;;755,6;
NewOrleans;;;;;;;;;;;;;;;;;;;596,0;;627,7;;;;;;;;;;;1004,0;;730,0;;
Nashville;;;;;;;;;;;;;;;;;;;;;631,2;524,8;;;;;;;;;;901,0;;;;
Step_8000;Vancouver;Seattle;Calgary;Portland;Helena;SaltLakeCity;SanFrancisco;LosAngeles;LasVegas;Phoenix;SantaFe;Denver;ElPaso;Winnipeg;Duluth;Omaha;KansasCity;OklahomaCity;Houston;Dallas;LittleRock;SaintLouis;Chicago;SaultStMarie;Toronto;Montreal;Boston;NewYork;Pittsburgh;Washington;Raleigh;Atlanta;Charleston;Miami;NewOrleans;Nashville
Vancouver;;294,6;292,6;;;;;;;;;;;;;;;;;;;;;;;;;;;;;;;;;
Seattle;264,6;;288,7;317,2;318,1;;;;;;;;;;;;;;;;;;;;;;;;;;;;;;;
Calgary;245,1;270,4;;;354,0;;;;;;;;;235,4;;;;;;;;;;;;;;;;;;;;;;
Portland;;278,1;;;;368,4;326,4;;;;;;;;;;;;;;;;;;;;;;;;;;;;;
Helena;;316,3;299,7;;;335,5;;;;;;415,1;;285,7;278,0;377,0;;;;;;;;;;;;;;;;;;;;
SaltLakeCity;;;;317,1;353,1;;321,8;;345,3;;;419,7;;;;;;;;;;;;;;;;;;;;;;;;
SanFrancisco;;;;317,5;;329,4;;876,2;;;;;;;;;;;;;;;;;;;;;;;;;;;;
LosAngeles;;;;;;;434,2;;326,7;407,7;;;993,4;;;;;;;;;;;;;;;;;;;;;;;
LasVegas;;;;;;331,5;;388,5;;;;;;;;;;;;;;;;;;;;;;;;;;;;
Phoenix;;;;;;;;385,9;;;430,6;427,8;479,2;;;;;;;;;;;;;;;;;;;;;;;
SantaFe;;;;;;;;;;423,0;;398,8;411,4;;;;;498,8;;;;;;;;;;;;;;;;;;
Denver;;;;;329,1;324,3;;;;419,8;421,5;;;;;385,4;437,7;467,2;;;;;;;;;;;;;;;;;;
ElPaso;;;;;;;;386,5;;396,9;414,2;;;;;;;467,2;987,6;494,2;;;;;;;;;;;;;;;;
Winnipeg;;;240,4;;356,3;;;;;;;;;;255,4;;;;;;;;;170,5;;;;;;;;;;;;
Duluth;;;;;325,5;;;;;;;;;252,1;;;;;;;;;;;310,3;;;;;;;;;;;
Omaha;;;;;349,6;;;;;;;422,4;;;;;;;;;;;410,9;;;;;;;;;;;;;
KansasCity;;;;;;;;;;;;406,0;;;;;;;;;;516,3;;;;;;;;;;;;;;
OklahomaCity;;;;;;;;;;;417,2;429,5;474,4;;;;;;;;591,8;;;;;;;;;;;;;;;
Houston;;;;;;;;;;;;;415,3;;;;;;;;;;;;;;;;;;;;;;982,3;
Dallas;;;;;;;;;;;;;476,9;;;;;;;;657,4;;;;;;;;;;;;;;;
LittleRock;;;;;;;;;;;;;;;;;;485,6;;494,0;;590,7;;;;;;;;;;;;;735,1;615,3
SaintLouis;;;;;;;;;;;;;;;;;458,6;;;;585,2;;456,6;;;;;;496,5;;;;;;;744,7
Chicago;;;;;;;;;;;;;;;;383,6;;;;;;532,2;;;407,3;;;;499,7;;;;;;;
SaultStMarie;;;;;;;;;;;;;;273,4;;;;;;;;;;;210,3;170,9;;;;;;;;;;
Toronto;;;;;;;;;;;;;;;238,5;;;;;;;;445,2;204,7;;102,5;;;484,0;;;;;;;
Montreal;;;;;;;;;;;;;;;;;;;;;;;;191,4;322,8;;12,6;39,1;;;;;;;;
Boston;;;;;;;;;;;;;;;;;;;;;;;;;;70,8;;3,8;;;;;;;;
NewYork;;;;;;;;;;;;;;;;;;;;;;;;;;74,2;17,5;;;92,4;;;;;;
Pittsburgh;;;;;;;;;;;;;;;;;;;;;;541,5;450,8;;324,9;;;;;462,7;583,5;;;;;
Washington;;;;;;;;;;;;;;;;;;;;;;;;;;;;31,9;510,0;;630,1;;;;;
Raleigh;;;;;;;;;;;;;;;;;;;;;;;;;;;;;491,0;515,0;;;789,0;;;
Atlanta;;;;;;;;;;;;;;;;;;;;;;;;;;;;;;;;;1000,0;1000,0;1000,0;1000,0
Charleston;;;;;;;;;;;;;;;;;;;;;;;;;;;;;;;629,4;902,0;;755,3;;
Miami;;;;;;;;;;;;;;;;;;;;;;;;;;;;;;;;905,0;744,1;;792,0;
NewOrleans;;;;;;;;;;;;;;;;;;;598,4;;659,2;;;;;;;;;;;984,0;;798,9;;
Nashville;;;;;;;;;;;;;;;;;;;;;607,7;608,7;;;;;;;;;;901,0;;;;
Step_12000;Vancouver;Seattle;Calgary;Portland;Helena;SaltLakeCity;SanFrancisco;LosAngeles;LasVegas;Phoenix;SantaFe;Denver;ElPaso;Winnipeg;Duluth;Omaha;KansasCity;OklahomaCity;Houston;Dallas;LittleRock;SaintLouis;Chicago;SaultStMarie;Toronto;Montreal;Boston;NewYork;Pittsburgh;Washington;Raleigh;Atlanta;Charleston;Miami;NewOrleans;Nashville
Vancouver;;301,6;271,9;;;;;;;;;;;;;;;;;;;;;;;;;;;;;;;;;
Seattle;258,5;;273,6;305,6;338,6;;;;;;;;;;;;;;;;;;;;;;;;;;;;;;;
Calgary;258,2;281,3;;;349,3;;;;;;;;;279,2;;;;;;;;;;;;;;;;;;;;;;
Portland;;302,2;;;;333,2;369,2;;;;;;;;;;;;;;;;;;;;;;;;;;;;;
Helena;;304,0;307,1;;;388,4;;;;;;415,6;;305,3;356,6;400,1;;;;;;;;;;;;;;;;;;;;
SaltLakeCity;;;;330,5;339,1;;360,3;;356,1;;;347,5;;;;;;;;;;;;;;;;;;;;;;;;
SanFrancisco;;;;315,1;;329,4;;996,2;;;;;;;;;;;;;;;;;;;;;;;;;;;;
LosAngeles;;;;;;;339,8;;370,6;431,5;;;993,4;;;;;;;;;;;;;;;;;;;;;;;
LasVegas;;;;;;341,7;;408,0;;;;;;;;;;;;;;;;;;;;;;;;;;;;
Phoenix;;;;;;;;410,0;;;431,0;427,7;533,6;;;;;;;;;;;;;;;;;;;;;;;
SantaFe;;;;;;;;;;422,4;;415,9;496,2;;;;;482,7;;;;;;;;;;;;;;;;;;
Denver;;;;;372,0;338,8;;;;426,6;447,1;;;;;403,9;451,9;423,7;;;;;;;;;;;;;;;;;;
ElPaso;;;;;;;;423,5;;438,6;415,8;;;;;;;511,4;987,6;521,0;;;;;;;;;;;;;;;;
Winnipeg;;;275,3;;363,6;;;;;;;;;;336,2;;;;;;;;;227,8;;;;;;;;;;;;
Duluth;;;;;350,8;;;;;;;;;249,4;;;;;;;;;;;425,7;;;;;;;;;;;
Omaha;;;;;339,1;;;;;;;405,2;;;;;;;;;;;500,6;;;;;;;;;;;;;
KansasCity;;;;;;;;;;;;384,0;;;;;;;;;;510,2;;;;;;;;;;;;;;
OklahomaCity;;;;;;;;;;;443,0;408,9;528,8;;;;;;;;604,3;;;;;;;;;;;;;;;
Houston;;;;;;;;;;;;;515,4;;;;;;;;;;;;;;;;;;;;;;982,3;
Dallas;;;;;;;;;;;;;512,4;;;;;;;;675,3;;;;;;;;;;;;;;;
LittleRock;;;;;;;;;;;;;;;;;;511,9;;507,4;;530,1;;;;;;;;;;;;;759,1;725,2
SaintLouis;;;;;;;;;;;;;;;;;450,2;;;;589,8;;486,0;;;;;;508,8;;;;;;;692,2
Chicago;;;;;;;;;;;;;;;;422,5;;;;;;580,0;;;434,9;;;;508,5;;;;;;;
SaultStMarie;;;;;;;;;;;;;;293,1;;;;;;;;;;;347,9;219,3;;;;;;;;;;
Toronto;;;;;;;;;;;;;;;344,6;;;;;;;;474,4;275,7;;259,1;;;508,0;;;;;;;
Montreal;;;;;;;;;;;;;;;;;;;;;;;;240,5;410,0;;106,6;167,1;;;;;;;;
Boston;;;;;;;;;;;;;;;;;;;;;;;;;;193,1;;41,7;;;;;;;;
NewYork;;;;;;;;;;;;;;;;;;;;;;;;;;70,9;80,2;;;483,2;;;;;;
Pittsburgh;;;;;;;;;;;;;;;;;;;;;;559,1;516,7;;383,3;;;;;470,6;588,1;;;;;
Washington;;;;;;;;;;;;;;;;;;;;;;;;;;;;271,9;467,4;;640,2;;;;;
Raleigh;;;;;;;;;;;;;;;;;;;;;;;;;;;;;519,6;491,6;;;716,6;;;
Atlanta;;;;;;;;;;;;;;;;;;;;;;;;;;;;;;;;;1000,0;1000,0;1000,0;1000,0
Charleston;;;;;;;;;;;;;;;;;;;;;;;;;;;;;;;672,1;902,0;;765,0;;
Miami;;;;;;;;;;;;;;;;;;;;;;;;;;;;;;;;905,0;759,5;;796,5;
NewOrleans;;;;;;;;;;;;;;;;;;;546,1;;602,4;;;;;;;;;;;984,0;;769,1;;
Nashville;;;;;;;;;;;;;;;;;;;;;619,7;587,4;;;;;;;;;;901,0;;;;
Step_16000;Vancouver;Seattle;Calgary;Portland;Helena;SaltLakeCity;SanFrancisco;LosAngeles;LasVegas;Phoenix;SantaFe;Denver;ElPaso;Winnipeg;Duluth;Omaha;KansasCity;OklahomaCity;Houston;Dallas;LittleRock;SaintLouis;Chicago;SaultStMarie;Toronto;Montreal;Boston;NewYork;Pittsburgh;Washington;Raleigh;Atlanta;Charleston;Miami;NewOrleans;Nashville
Vancouver;;287,8;297,7;;;;;;;;;;;;;;;;;;;;;;;;;;;;;;;;;
Seattle;258,8;;316,8;300,3;344,0;;;;;;;;;;;;;;;;;;;;;;;;;;;;;;;
Calgary;260,2;296,7;;;349,4;;;;;;;;;298,4;;;;;;;;;;;;;;;;;;;;;;
Portland;;265,8;;;;326,7;335,8;;;;;;;;;;;;;;;;;;;;;;;;;;;;;
Helena;;286,3;305,7;;;349,1;;;;;;399,0;;309,1;340,1;370,2;;;;;;;;;;;;;;;;;;;;
SaltLakeCity;;;;291,3;347,0;;319,1;;352,0;;;395,9;;;;;;;;;;;;;;;;;;;;;;;;
SanFrancisco;;;;297,1;;345,6;;995,9;;;;;;;;;;;;;;;;;;;;;;;;;;;;
LosAngeles;;;;;;;355,2;;342,1;403,5;;;991,4;;;;;;;;;;;;;;;;;;;;;;;
LasVegas;;;;;;358,5;;379,1;;;;;;;;;;;;;;;;;;;;;;;;;;;;
Phoenix;;;;;;;;352,4;;;372,6;421,5;491,3;;;;;;;;;;;;;;;;;;;;;;;
SantaFe;;;;;;;;;;404,4;;372,0;386,0;;;;;496,8;;;;;;;;;;;;;;;;;;
Denver;;;;;342,8;342,9;;;;416,8;374,3;;;;;417,5;497,1;401,9;;;;;;;;;;;;;;;;;;
ElPaso;;;;;;;;372,6;;412,7;395,2;;;;;;;492,9;976,9;506,1;;;;;;;;;;;;;;;;
Winnipeg;;;294,0;;344,2;;;;;;;;;;318,5;;;;;;;;;301,9;;;;;;;;;;;;
Duluth;;;;;306,7;;;;;;;;;296,4;;;;;;;;;;;365,4;;;;;;;;;;;
Omaha;;;;;353,8;;;;;;;407,4;;;;;;;;;;;473,6;;;;;;;;;;;;;
KansasCity;;;;;;;;;;;;411,7;;;;;;;;;;591,7;;;;;;;;;;;;;;
OklahomaCity;;;;;;;;;;;390,4;398,4;474,6;;;;;;;;618,0;;;;;;;;;;;;;;;
Houston;;;;;;;;;;;;;473,1;;;;;;;;;;;;;;;;;;;;;;922,5;
Dallas;;;;;;;;;;;;;479,2;;;;;;;;580,7;;;;;;;;;;;;;;;
LittleRock;;;;;;;;;;;;;;;;;;474,7;;508,6;;647,2;;;;;;;;;;;;;734,3;687,0
SaintLouis;;;;;;;;;;;;;;;;;498,3;;;;619,4;;468,8;;;;;;510,8;;;;;;;705,2
Chicago;;;;;;;;;;;;;;;;409,8;;;;;;576,5;;;348,8;;;;493,0;;;;;;;
SaultStMarie;;;;;;;;;;;;;;309,4;;;;;;;;;;;395,0;320,9;;;;;;;;;;
Toronto;;;;;;;;;;;;;;;345,1;;;;;;;;447,9;315,3;;269,5;;;438,8;;;;;;;
Montreal;;;;;;;;;;;;;;;;;;;;;;;;268,9;381,8;;246,8;253,6;;;;;;;;
Boston;;;;;;;;;;;;;;;;;;;;;;;;;;198,1;;313,0;;;;;;;;
NewYork;;;;;;;;;;;;;;;;;;;;;;;;;;206,4;236,1;;;366,0;;;;;;
Pittsburgh;;;;;;;;;;;;;;;;;;;;;;533,9;503,1;;377,4;;;;;461,0;594,6;;;;;
Washington;;;;;;;;;;;;;;;;;;;;;;;;;;;;258,5;456,1;;603,1;;;;;
Raleigh;;;;;;;;;;;;;;;;;;;;;;;;;;;;;492,6;350,1;;;745,5;;;
Atlanta;;;;;;;;;;;;;;;;;;;;;;;;;;;;;;;;;1000,0;1000,0;1000,0;1000,0
Charleston;;;;;;;;;;;;;;;;;;;;;;;;;;;;;;;653,9;902,0;;725,9;;
Miami;;;;;;;;;;;;;;;;;;;;;;;;;;;;;;;;905,0;761,1;;700,8;
NewOrleans;;;;;;;;;;;;;;;;;;;651,7;;627,1;;;;;;;;;;;984,0;;742,8;;
Nashville;;;;;;;;;;;;;;;;;;;;;642,4;548,2;;;;;;;;;;901,0;;;;
Step_20000;Vancouver;Seattle;Calgary;Portland;Helena;SaltLakeCity;SanFrancisco;LosAngeles;LasVegas;Phoenix;SantaFe;Denver;ElPaso;Winnipeg;Duluth;Omaha;KansasCity;OklahomaCity;Houston;Dallas;LittleRock;SaintLouis;Chicago;SaultStMarie;Toronto;Montreal;Boston;NewYork;Pittsburgh;Washington;Raleigh;Atlanta;Charleston;Miami;NewOrleans;Nashville
Vancouver;;296,1;269,3;;;;;;;;;;;;;;;;;;;;;;;;;;;;;;;;;
Seattle;261,3;;286,2;313,4;372,1;;;;;;;;;;;;;;;;;;;;;;;;;;;;;;;
Calgary;260,8;284,3;;;363,2;;;;;;;;;299,1;;;;;;;;;;;;;;;;;;;;;;
Portland;;295,6;;;;331,9;346,8;;;;;;;;;;;;;;;;;;;;;;;;;;;;;
Helena;;282,7;299,5;;;349,7;;;;;;440,1;;297,7;331,3;379,8;;;;;;;;;;;;;;;;;;;;
SaltLakeCity;;;;298,6;340,0;;344,7;;373,5;;;423,9;;;;;;;;;;;;;;;;;;;;;;;;
SanFrancisco;;;;295,8;;368,8;;996,0;;;;;;;;;;;;;;;;;;;;;;;;;;;;
LosAngeles;;;;;;;352,2;;365,3;400,9;;;992,2;;;;;;;;;;;;;;;;;;;;;;;
LasVegas;;;;;;338,6;;435,2;;;;;;;;;;;;;;;;;;;;;;;;;;;;
Phoenix;;;;;;;;412,3;;;415,3;372,8;473,2;;;;;;;;;;;;;;;;;;;;;;;
SantaFe;;;;;;;;;;433,2;;405,4;472,5;;;;;474,8;;;;;;;;;;;;;;;;;;
Denver;;;;;360,7;337,8;;;;417,3;453,6;;;;;369,3;453,1;527,2;;;;;;;;;;;;;;;;;;
ElPaso;;;;;;;;392,4;;412,5;408,2;;;;;;;499,6;981,1;539,0;;;;;;;;;;;;;;;;
Winnipeg;;;293,6;;308,5;;;;;;;;;;331,0;;;;;;;;;297,2;;;;;;;;;;;;
Duluth;;;;;362,6;;;;;;;;;303,5;;;;;;;;;;;362,2;;;;;;;;;;;
Omaha;;;;;325,1;;;;;;;412,6;;;;;;;;;;;415,8;;;;;;;;;;;;;
KansasCity;;;;;;;;;;;;383,1;;;;;;;;;;560,6;;;;;;;;;;;;;;
OklahomaCity;;;;;;;;;;;447,5;407,7;479,6;;;;;;;;606,6;;;;;;;;;;;;;;;
Houston;;;;;;;;;;;;;561,0;;;;;;;;;;;;;;;;;;;;;;946,2;
Dallas;;;;;;;;;;;;;502,9;;;;;;;;650,8;;;;;;;;;;;;;;;
LittleRock;;;;;;;;;;;;;;;;;;498,2;;517,1;;558,8;;;;;;;;;;;;;707,7;772,1
SaintLouis;;;;;;;;;;;;;;;;;451,7;;;;628,3;;420,2;;;;;;478,7;;;;;;;656,6
Chicago;;;;;;;;;;;;;;;;397,7;;;;;;474,9;;;388,3;;;;453,3;;;;;;;
SaultStMarie;;;;;;;;;;;;;;301,0;;;;;;;;;;;385,5;318,4;;;;;;;;;;
Toronto;;;;;;;;;;;;;;;328,3;;;;;;;;442,8;321,3;;318,3;;;439,7;;;;;;;
Montreal;;;;;;;;;;;;;;;;;;;;;;;;283,5;383,4;;257,1;285,9;;;;;;;;
Boston;;;;;;;;;;;;;;;;;;;;;;;;;;262,4;;310,5;;;;;;;;
NewYork;;;;;;;;;;;;;;;;;;;;;;;;;;270,7;255,9;;;452,6;;;;;;
Pittsburgh;;;;;;;;;;;;;;;;;;;;;;619,7;444,0;;401,6;;;;;464,7;556,4;;;;;
Washington;;;;;;;;;;;;;;;;;;;;;;;;;;;;341,2;454,2;;590,8;;;;;
Raleigh;;;;;;;;;;;;;;;;;;;;;;;;;;;;;458,7;478,0;;;712,7;;;
Atlanta;;;;;;;;;;;;;;;;;;;;;;;;;;;;;;;;;1000,0;1000,0;1000,0;1000,0
Charleston;;;;;;;;;;;;;;;;;;;;;;;;;;;;;;;550,1;902,0;;746,5;;
Miami;;;;;;;;;;;;;;;;;;;;;;;;;;;;;;;;905,0;739,5;;779,8;
NewOrleans;;;;;;;;;;;;;;;;;;;635,5;;676,1;;;;;;;;;;;1004,0;;783,5;;
Nashville;;;;;;;;;;;;;;;;;;;;;590,7;592,8;;;;;;;;;;901,0;;;;
Step_24000;Vancouver;Seattle;Calgary;Portland;Helena;SaltLakeCity;SanFrancisco;LosAngeles;LasVegas;Phoenix;SantaFe;Denver;ElPaso;Winnipeg;Duluth;Omaha;KansasCity;OklahomaCity;Houston;Dallas;LittleRock;SaintLouis;Chicago;SaultStMarie;Toronto;Montreal;Boston;NewYork;Pittsburgh;Washington;Raleigh;Atlanta;Charleston;Miami;NewOrleans;Nashville
Vancouver;;275,8;288,0;;;;;;;;;;;;;;;;;;;;;;;;;;;;;;;;;
Seattle;257,3;;298,4;303,0;329,2;;;;;;;;;;;;;;;;;;;;;;;;;;;;;;;
Calgary;263,0;283,8;;;317,1;;;;;;;;;296,0;;;;;;;;;;;;;;;;;;;;;;
Portland;;276,7;;;;320,8;314,4;;;;;;;;;;;;;;;;;;;;;;;;;;;;;
Helena;;297,5;269,2;;;334,2;;;;;;352,2;;291,9;309,6;376,2;;;;;;;;;;;;;;;;;;;;
SaltLakeCity;;;;303,7;299,1;;326,0;;339,5;;;394,4;;;;;;;;;;;;;;;;;;;;;;;;
SanFrancisco;;;;290,1;;318,8;;1021,0;;;;;;;;;;;;;;;;;;;;;;;;;;;;
LosAngeles;;;;;;;334,9;;319,7;449,1;;;1018,0;;;;;;;;;;;;;;;;;;;;;;;
LasVegas;;;;;;306,1;;427,5;;;;;;;;;;;;;;;;;;;;;;;;;;;;
Phoenix;;;;;;;;442,8;;;423,8;394,1;534,1;;;;;;;;;;;;;;;;;;;;;;;
SantaFe;;;;;;;;;;434,5;;374,6;505,7;;;;;436,3;;;;;;;;;;;;;;;;;;
Denver;;;;;324,9;337,8;;;;443,4;399,7;;;;;351,2;461,3;444,6;;;;;;;;;;;;;;;;;;
ElPaso;;;;;;;;406,3;;464,3;409,8;;;;;;;501,5;1012,0;517,6;;;;;;;;;;;;;;;;
Winnipeg;;;292,1;;327,3;;;;;;;;;;296,5;;;;;;;;;345,7;;;;;;;;;;;;
Duluth;;;;;344,7;;;;;;;;;300,1;;;;;;;;;;;364,1;;;;;;;;;;;
Omaha;;;;;320,9;;;;;;;370,3;;;;;;;;;;;419,8;;;;;;;;;;;;;
KansasCity;;;;;;;;;;;;373,3;;;;;;;;;;532,5;;;;;;;;;;;;;;
OklahomaCity;;;;;;;;;;;424,9;382,7;511,0;;;;;;;;556,4;;;;;;;;;;;;;;;
Houston;;;;;;;;;;;;;540,6;;;;;;;;;;;;;;;;;;;;;;1006,0;
Dallas;;;;;;;;;;;;;486,5;;;;;;;;623,2;;;;;;;;;;;;;;;
LittleRock;;;;;;;;;;;;;;;;;;490,2;;548,4;;582,2;;;;;;;;;;;;;818,5;596,6
SaintLouis;;;;;;;;;;;;;;;;;441,4;;;;655,6;;457,4;;;;;;492,5;;;;;;;773,4
Chicago;;;;;;;;;;;;;;;;373,5;;;;;;571,5;;;378,0;;;;458,6;;;;;;;
SaultStMarie;;;;;;;;;;;;;;302,5;;;;;;;;;;;381,7;335,7;;;;;;;;;;
Toronto;;;;;;;;;;;;;;;330,4;;;;;;;;494,2;337,8;;302,4;;;467,5;;;;;;;
Montreal;;;;;;;;;;;;;;;;;;;;;;;;322,0;406,0;;285,5;339,3;;;;;;;;
Boston;;;;;;;;;;;;;;;;;;;;;;;;;;298,2;;292,6;;;;;;;;
NewYork;;;;;;;;;;;;;;;;;;;;;;;;;;306,3;270,1;;;448,3;;;;;;
Pittsburgh;;;;;;;;;;;;;;;;;;;;;;519,5;491,4;;363,4;;;;;452,5;528,5;;;;;
Washington;;;;;;;;;;;;;;;;;;;;;;;;;;;;363,4;467,5;;602,9;;;;;
Raleigh;;;;;;;;;;;;;;;;;;;;;;;;;;;;;438,8;472,3;;;743,1;;;
Atlanta;;;;;;;;;;;;;;;;;;;;;;;;;;;;;;;;;1000,0;1000,0;1000,0;1000,0
Charleston;;;;;;;;;;;;;;;;;;;;;;;;;;;;;;;642,6;902,0;;743,3;;
Miami;;;;;;;;;;;;;;;;;;;;;;;;;;;;;;;;905,0;736,4;;728,4;
NewOrleans;;;;;;;;;;;;;;;;;;;631,9;;621,4;;;;;;;;;;;984,0;;766,6;;
Nashville;;;;;;;;;;;;;;;;;;;;;679,0;556,7;;;;;;;;;;901,0;;;;
Step_28000;Vancouver;Seattle;Calgary;Portland;Helena;SaltLakeCity;SanFrancisco;LosAngeles;LasVegas;Phoenix;SantaFe;Denver;ElPaso;Winnipeg;Duluth;Omaha;KansasCity;OklahomaCity;Houston;Dallas;LittleRock;SaintLouis;Chicago;SaultStMarie;Toronto;Montreal;Boston;NewYork;Pittsburgh;Washington;Raleigh;Atlanta;Charleston;Miami;NewOrleans;Nashville
Vancouver;;299,8;288,1;;;;;;;;;;;;;;;;;;;;;;;;;;;;;;;;;
Seattle;270,6;;310,9;317,3;343,4;;;;;;;;;;;;;;;;;;;;;;;;;;;;;;;
Calgary;266,7;287,4;;;357,6;;;;;;;;;309,8;;;;;;;;;;;;;;;;;;;;;;
Portland;;306,4;;;;345,5;329,6;;;;;;;;;;;;;;;;;;;;;;;;;;;;;
Helena;;295,1;305,0;;;364,0;;;;;;373,8;;308,5;343,2;414,1;;;;;;;;;;;;;;;;;;;;
SaltLakeCity;;;;309,8;339,2;;361,0;;372,6;;;366,8;;;;;;;;;;;;;;;;;;;;;;;;
SanFrancisco;;;;305,7;;350,3;;875,5;;;;;;;;;;;;;;;;;;;;;;;;;;;;
LosAngeles;;;;;;;322,9;;370,1;450,5;;;894,4;;;;;;;;;;;;;;;;;;;;;;;
LasVegas;;;;;;344,0;;370,9;;;;;;;;;;;;;;;;;;;;;;;;;;;;
Phoenix;;;;;;;;418,8;;;440,0;392,6;478,5;;;;;;;;;;;;;;;;;;;;;;;
SantaFe;;;;;;;;;;429,7;;401,0;542,3;;;;;475,2;;;;;;;;;;;;;;;;;;
Denver;;;;;347,9;343,4;;;;442,9;451,5;;;;;372,1;459,3;478,9;;;;;;;;;;;;;;;;;;
ElPaso;;;;;;;;538,3;;413,7;437,9;;;;;;;481,0;918,0;555,9;;;;;;;;;;;;;;;;
Winnipeg;;;310,8;;332,8;;;;;;;;;;327,8;;;;;;;;;355,7;;;;;;;;;;;;
Duluth;;;;;345,4;;;;;;;;;317,0;;;;;;;;;;;400,9;;;;;;;;;;;
Omaha;;;;;350,0;;;;;;;433,2;;;;;;;;;;;494,9;;;;;;;;;;;;;
KansasCity;;;;;;;;;;;;393,1;;;;;;;;;;578,3;;;;;;;;;;;;;;
OklahomaCity;;;;;;;;;;;457,9;406,7;502,8;;;;;;;;521,7;;;;;;;;;;;;;;;
Houston;;;;;;;;;;;;;595,3;;;;;;;;;;;;;;;;;;;;;;947,7;
Dallas;;;;;;;;;;;;;493,2;;;;;;;;607,2;;;;;;;;;;;;;;;
LittleRock;;;;;;;;;;;;;;;;;;491,0;;511,4;;603,3;;;;;;;;;;;;;685,8;682,9
SaintLouis;;;;;;;;;;;;;;;;;448,0;;;;656,6;;490,8;;;;;;486,4;;;;;;;758,4
Chicago;;;;;;;;;;;;;;;;416,2;;;;;;627,8;;;405,1;;;;511,0;;;;;;;
SaultStMarie;;;;;;;;;;;;;;314,0;;;;;;;;;;;407,5;340,6;;;;;;;;;;
Toronto;;;;;;;;;;;;;;;343,6;;;;;;;;479,5;341,3;;345,6;;;481,6;;;;;;;
Montreal;;;;;;;;;;;;;;;;;;;;;;;;321,5;425,2;;302,0;382,8;;;;;;;;
Boston;;;;;;;;;;;;;;;;;;;;;;;;;;343,0;;353,9;;;;;;;;
NewYork;;;;;;;;;;;;;;;;;;;;;;;;;;310,0;285,5;;;468,3;;;;;;
Pittsburgh;;;;;;;;;;;;;;;;;;;;;;542,2;489,8;;382,9;;;;;469,9;579,5;;;;;
Washington;;;;;;;;;;;;;;;;;;;;;;;;;;;;401,0;462,4;;545,6;;;;;
Raleigh;;;;;;;;;;;;;;;;;;;;;;;;;;;;;501,0;488,9;;;708,7;;;
Atlanta;;;;;;;;;;;;;;;;;;;;;;;;;;;;;;;;;1000,0;1000,0;1000,0;1000,0
Charleston;;;;;;;;;;;;;;;;;;;;;;;;;;;;;;;603,4;902,0;;752,4;;
Miami;;;;;;;;;;;;;;;;;;;;;;;;;;;;;;;;905,0;766,3;;677,7;
NewOrleans;;;;;;;;;;;;;;;;;;;606,2;;624,9;;;;;;;;;;;1004,0;;791,9;;
Nashville;;;;;;;;;;;;;;;;;;;;;630,9;577,5;;;;;;;;;;901,0;;;;
Step_32000;Vancouver;Seattle;Calgary;Portland;Helena;SaltLakeCity;SanFrancisco;LosAngeles;LasVegas;Phoenix;SantaFe;Denver;ElPaso;Winnipeg;Duluth;Omaha;KansasCity;OklahomaCity;Houston;Dallas;LittleRock;SaintLouis;Chicago;SaultStMarie;Toronto;Montreal;Boston;NewYork;Pittsburgh;Washington;Raleigh;Atlanta;Charleston;Miami;NewOrleans;Nashville
Vancouver;;275,9;307,0;;;;;;;;;;;;;;;;;;;;;;;;;;;;;;;;;
Seattle;263,7;;306,4;300,4;346,3;;;;;;;;;;;;;;;;;;;;;;;;;;;;;;;
Calgary;261,9;287,3;;;353,7;;;;;;;;;311,5;;;;;;;;;;;;;;;;;;;;;;
Portland;;293,2;;;;335,7;336,5;;;;;;;;;;;;;;;;;;;;;;;;;;;;;
Helena;;306,2;304,9;;;359,9;;;;;;403,7;;311,1;363,8;376,5;;;;;;;;;;;;;;;;;;;;
SaltLakeCity;;;;314,2;356,0;;350,7;;352,7;;;382,9;;;;;;;;;;;;;;;;;;;;;;;;
SanFrancisco;;;;310,1;;331,3;;996,2;;;;;;;;;;;;;;;;;;;;;;;;;;;;
LosAngeles;;;;;;;349,3;;363,3;406,1;;;993,4;;;;;;;;;;;;;;;;;;;;;;;
LasVegas;;;;;;347,5;;411,4;;;;;;;;;;;;;;;;;;;;;;;;;;;;
Phoenix;;;;;;;;379,1;;;425,7;409,8;502,1;;;;;;;;;;;;;;;;;;;;;;;
SantaFe;;;;;;;;;;393,1;;393,0;467,0;;;;;503,3;;;;;;;;;;;;;;;;;;
Denver;;;;;344,9;348,8;;;;423,3;403,7;;;;;405,6;432,3;532,4;;;;;;;;;;;;;;;;;;
ElPaso;;;;;;;;438,7;;418,6;422,5;;;;;;;462,1;987,6;520,5;;;;;;;;;;;;;;;;
Winnipeg;;;277,1;;332,0;;;;;;;;;;327,5;;;;;;;;;363,3;;;;;;;;;;;;
Duluth;;;;;330,5;;;;;;;;;303,4;;;;;;;;;;;406,0;;;;;;;;;;;
Omaha;;;;;323,2;;;;;;;389,7;;;;;;;;;;;479,1;;;;;;;;;;;;;
KansasCity;;;;;;;;;;;;419,7;;;;;;;;;;488,8;;;;;;;;;;;;;;
OklahomaCity;;;;;;;;;;;422,0;404,9;493,6;;;;;;;;662,8;;;;;;;;;;;;;;;
Houston;;;;;;;;;;;;;507,8;;;;;;;;;;;;;;;;;;;;;;982,3;
Dallas;;;;;;;;;;;;;511,7;;;;;;;;603,8;;;;;;;;;;;;;;;
LittleRock;;;;;;;;;;;;;;;;;;427,2;;524,1;;584,0;;;;;;;;;;;;;761,4;678,4
SaintLouis;;;;;;;;;;;;;;;;;458,6;;;;605,8;;438,9;;;;;;481,7;;;;;;;618,3
Chicago;;;;;;;;;;;;;;;;405,4;;;;;;577,6;;;392,7;;;;444,0;;;;;;;
SaultStMarie;;;;;;;;;;;;;;316,3;;;;;;;;;;;398,6;370,1;;;;;;;;;;
Toronto;;;;;;;;;;;;;;;330,0;;;;;;;;472,7;355,9;;362,4;;;458,0;;;;;;;
Montreal;;;;;;;;;;;;;;;;;;;;;;;;320,6;392,2;;317,8;417,5;;;;;;;;
Boston;;;;;;;;;;;;;;;;;;;;;;;;;;348,2;;404,2;;;;;;;;
NewYork;;;;;;;;;;;;;;;;;;;;;;;;;;350,9;328,8;;;513,6;;;;;;
Pittsburgh;;;;;;;;;;;;;;;;;;;;;;498,3;469,1;;390,6;;;;;520,3;507,0;;;;;
Washington;;;;;;;;;;;;;;;;;;;;;;;;;;;;388,1;479,2;;590,8;;;;;
Raleigh;;;;;;;;;;;;;;;;;;;;;;;;;;;;;504,0;457,1;;;750,8;;;
Atlanta;;;;;;;;;;;;;;;;;;;;;;;;;;;;;;;;;1000,0;1000,0;1000,0;1000,0
Charleston;;;;;;;;;;;;;;;;;;;;;;;;;;;;;;;611,1;902,0;;787,6;;
Miami;;;;;;;;;;;;;;;;;;;;;;;;;;;;;;;;905,0;760,0;;724,7;
NewOrleans;;;;;;;;;;;;;;;;;;;631,2;;663,0;;;;;;;;;;;984,0;;774,1;;
Nashville;;;;;;;;;;;;;;;;;;;;;620,4;564,4;;;;;;;;;;901,0;;;;
Step_36000;Vancouver;Seattle;Calgary;Portland;Helena;SaltLakeCity;SanFrancisco;LosAngeles;LasVegas;Phoenix;SantaFe;Denver;ElPaso;Winnipeg;Duluth;Omaha;KansasCity;OklahomaCity;Houston;Dallas;LittleRock;SaintLouis;Chicago;SaultStMarie;Toronto;Montreal;Boston;NewYork;Pittsburgh;Washington;Raleigh;Atlanta;Charleston;Miami;NewOrleans;Nashville
Vancouver;;308,9;290,2;;;;;;;;;;;;;;;;;;;;;;;;;;;;;;;;;
Seattle;273,8;;289,6;306,4;366,4;;;;;;;;;;;;;;;;;;;;;;;;;;;;;;;
Calgary;262,6;303,8;;;330,1;;;;;;;;;304,1;;;;;;;;;;;;;;;;;;;;;;
Portland;;291,7;;;;350,1;341,8;;;;;;;;;;;;;;;;;;;;;;;;;;;;;
Helena;;320,4;306,8;;;361,2;;;;;;398,9;;316,1;336,6;373,2;;;;;;;;;;;;;;;;;;;;
SaltLakeCity;;;;311,9;319,6;;334,2;;356,4;;;407,6;;;;;;;;;;;;;;;;;;;;;;;;
SanFrancisco;;;;302,4;;344,8;;1021,0;;;;;;;;;;;;;;;;;;;;;;;;;;;;
LosAngeles;;;;;;;357,1;;362,2;426,6;;;1018,0;;;;;;;;;;;;;;;;;;;;;;;
LasVegas;;;;;;338,0;;410,7;;;;;;;;;;;;;;;;;;;;;;;;;;;;
Phoenix;;;;;;;;381,9;;;440,6;379,1;467,1;;;;;;;;;;;;;;;;;;;;;;;
SantaFe;;;;;;;;;;433,7;;415,4;489,4;;;;;459,7;;;;;;;;;;;;;;;;;;
Denver;;;;;358,9;344,7;;;;415,0;437,1;;;;;369,2;461,3;489,3;;;;;;;;;;;;;;;;;;
ElPaso;;;;;;;;434,8;;403,4;441,9;;;;;;;452,1;1012,0;526,5;;;;;;;;;;;;;;;;
Winnipeg;;;297,1;;362,5;;;;;;;;;;331,7;;;;;;;;;326,3;;;;;;;;;;;;
Duluth;;;;;343,1;;;;;;;;;309,0;;;;;;;;;;;375,8;;;;;;;;;;;
Omaha;;;;;346,9;;;;;;;408,9;;;;;;;;;;;456,6;;;;;;;;;;;;;
KansasCity;;;;;;;;;;;;399,2;;;;;;;;;;544,6;;;;;;;;;;;;;;
OklahomaCity;;;;;;;;;;;431,9;394,2;492,6;;;;;;;;624,4;;;;;;;;;;;;;;;
Houston;;;;;;;;;;;;;469,0;;;;;;;;;;;;;;;;;;;;;;1006,0;
Dallas;;;;;;;;;;;;;478,9;;;;;;;;621,6;;;;;;;;;;;;;;;
LittleRock;;;;;;;;;;;;;;;;;;431,8;;505,3;;578,9;;;;;;;;;;;;;794,2;682,8
SaintLouis;;;;;;;;;;;;;;;;;474,4;;;;605,4;;481,2;;;;;;489,8;;;;;;;786,4
Chicago;;;;;;;;;;;;;;;;386,9;;;;;;553,3;;;391,1;;;;470,5;;;;;;;
SaultStMarie;;;;;;;;;;;;;;307,0;;;;;;;;;;;350,3;340,6;;;;;;;;;;
Toronto;;;;;;;;;;;;;;;331,8;;;;;;;;463,4;317,7;;342,5;;;434,3;;;;;;;
Montreal;;;;;;;;;;;;;;;;;;;;;;;;327,4;401,1;;360,3;377,8;;;;;;;;
Boston;;;;;;;;;;;;;;;;;;;;;;;;;;352,3;;448,1;;;;;;;;
NewYork;;;;;;;;;;;;;;;;;;;;;;;;;;332,9;357,8;;;486,6;;;;;;
Pittsburgh;;;;;;;;;;;;;;;;;;;;;;487,5;450,5;;380,0;;;;;446,0;564,9;;;;;
Washington;;;;;;;;;;;;;;;;;;;;;;;;;;;;418,2;491,1;;617,1;;;;;
Raleigh;;;;;;;;;;;;;;;;;;;;;;;;;;;;;420,5;492,7;;;695,9;;;
Atlanta;;;;;;;;;;;;;;;;;;;;;;;;;;;;;;;;;1000,0;1000,0;1000,0;1000,0
Charleston;;;;;;;;;;;;;;;;;;;;;;;;;;;;;;;611,2;902,0;;781,1;;
Miami;;;;;;;;;;;;;;;;;;;;;;;;;;;;;;;;905,0;792,7;;713,6;
NewOrleans;;;;;;;;;;;;;;;;;;;607,1;;537,8;;;;;;;;;;;984,0;;741,6;;
Nashville;;;;;;;;;;;;;;;;;;;;;607,9;561,4;;;;;;;;;;901,0;;;;
Step_40000;Vancouver;Seattle;Calgary;Portland;Helena;SaltLakeCity;SanFrancisco;LosAngeles;LasVegas;Phoenix;SantaFe;Denver;ElPaso;Winnipeg;Duluth;Omaha;KansasCity;OklahomaCity;Houston;Dallas;LittleRock;SaintLouis;Chicago;SaultStMarie;Toronto;Montreal;Boston;NewYork;Pittsburgh;Washington;Raleigh;Atlanta;Charleston;Miami;NewOrleans;Nashville
Vancouver;;298,9;286,2;;;;;;;;;;;;;;;;;;;;;;;;;;;;;;;;;
Seattle;266,6;;297,1;315,8;324,6;;;;;;;;;;;;;;;;;;;;;;;;;;;;;;;
Calgary;262,6;304,2;;;347,1;;;;;;;;;306,5;;;;;;;;;;;;;;;;;;;;;;
Portland;;290,7;;;;329,8;353,6;;;;;;;;;;;;;;;;;;;;;;;;;;;;;
Helena;;285,9;298,0;;;336,2;;;;;;376,5;;311,1;322,8;364,6;;;;;;;;;;;;;;;;;;;;
SaltLakeCity;;;;310,3;307,2;;343,5;;342,7;;;371,1;;;;;;;;;;;;;;;;;;;;;;;;
SanFrancisco;;;;316,5;;319,6;;981,2;;;;;;;;;;;;;;;;;;;;;;;;;;;;
LosAngeles;;;;;;;320,4;;366,3;421,5;;;909,7;;;;;;;;;;;;;;;;;;;;;;;
LasVegas;;;;;;318,6;;430,1;;;;;;;;;;;;;;;;;;;;;;;;;;;;
Phoenix;;;;;;;;421,0;;;409,2;379,9;476,5;;;;;;;;;;;;;;;;;;;;;;;
SantaFe;;;;;;;;;;434,9;;384,2;481,6;;;;;470,7;;;;;;;;;;;;;;;;;;
Denver;;;;;344,5;334,3;;;;433,6;429,2;;;;;402,6;476,1;430,2;;;;;;;;;;;;;;;;;;
ElPaso;;;;;;;;430,7;;420,1;440,1;;;;;;;523,0;1012,0;549,4;;;;;;;;;;;;;;;;
Winnipeg;;;290,5;;335,8;;;;;;;;;;351,2;;;;;;;;;332,1;;;;;;;;;;;;
Duluth;;;;;335,2;;;;;;;;;292,6;;;;;;;;;;;393,4;;;;;;;;;;;
Omaha;;;;;347,8;;;;;;;391,2;;;;;;;;;;;480,5;;;;;;;;;;;;;
KansasCity;;;;;;;;;;;;399,3;;;;;;;;;;574,2;;;;;;;;;;;;;;
OklahomaCity;;;;;;;;;;;433,9;356,8;517,4;;;;;;;;597,4;;;;;;;;;;;;;;;
Houston;;;;;;;;;;;;;541,1;;;;;;;;;;;;;;;;;;;;;;1006,0;
Dallas;;;;;;;;;;;;;484,6;;;;;;;;628,8;;;;;;;;;;;;;;;
LittleRock;;;;;;;;;;;;;;;;;;478,9;;518,7;;588,4;;;;;;;;;;;;;687,9;686,8
SaintLouis;;;;;;;;;;;;;;;;;468,2;;;;530,8;;481,1;;;;;;478,5;;;;;;;698,6
Chicago;;;;;;;;;;;;;;;;397,8;;;;;;622,7;;;395,7;;;;506,7;;;;;;;
SaultStMarie;;;;;;;;;;;;;;304,9;;;;;;;;;;;365,7;342,6;;;;;;;;;;
Toronto;;;;;;;;;;;;;;;341,4;;;;;;;;471,4;303,6;;350,6;;;481,0;;;;;;;
Montreal;;;;;;;;;;;;;;;;;;;;;;;;334,6;401,2;;382,5;377,8;;;;;;;;
Boston;;;;;;;;;;;;;;;;;;;;;;;;;;365,3;;433,4;;;;;;;;
NewYork;;;;;;;;;;;;;;;;;;;;;;;;;;353,5;378,3;;;470,1;;;;;;
Pittsburgh;;;;;;;;;;;;;;;;;;;;;;523,1;466,8;;389,2;;;;;445,9;617,5;;;;;
Washington;;;;;;;;;;;;;;;;;;;;;;;;;;;;396,4;459,0;;619,7;;;;;
Raleigh;;;;;;;;;;;;;;;;;;;;;;;;;;;;;467,5;435,4;;;764,3;;;
Atlanta;;;;;;;;;;;;;;;;;;;;;;;;;;;;;;;;;1000,0;1000,0;1000,0;1000,0
Charleston;;;;;;;;;;;;;;;;;;;;;;;;;;;;;;;677,6;902,0;;766,6;;
Miami;;;;;;;;;;;;;;;;;;;;;;;;;;;;;;;;905,0;764,1;;647,5;
NewOrleans;;;;;;;;;;;;;;;;;;;660,5;;619,9;;;;;;;;;;;1004,0;;780,4;;
Nashville;;;;;;;;;;;;;;;;;;;;;631,8;571,8;;;;;;;;;;901,0;;;;
Step_4000;Vancouver;Seattle;Calgary;Portland;Helena;SaltLakeCity;SanFrancisco;LosAngeles;LasVegas;Phoenix;SantaFe;Denver;ElPaso;Winnipeg;Duluth;Omaha;KansasCity;OklahomaCity;Houston;Dallas;LittleRock;SaintLouis;Chicago;SaultStMarie;Toronto;Montreal;Boston;NewYork;Pittsburgh;Washington;Raleigh;Atlanta;Charleston;Miami;NewOrleans;Nashville
Vancouver;;255,7;173,0;;;;;;;;;;;;;;;;;;;;;;;;;;;;;;;;;
Seattle;207,0;;231,0;300,0;263,4;;;;;;;;;;;;;;;;;;;;;;;;;;;;;;;
Calgary;184,3;207,3;;;266,6;;;;;;;;;239,2;;;;;;;;;;;;;;;;;;;;;;
Portland;;230,8;;;;340,6;314,2;;;;;;;;;;;;;;;;;;;;;;;;;;;;;
Helena;;250,9;263,2;;;355,2;;;;;;405,1;;242,7;185,7;372,6;;;;;;;;;;;;;;;;;;;;
SaltLakeCity;;;;302,9;352,9;;342,1;;355,2;;;386,1;;;;;;;;;;;;;;;;;;;;;;;;
SanFrancisco;;;;293,9;;340,8;;979,1;;;;;;;;;;;;;;;;;;;;;;;;;;;;
LosAngeles;;;;;;;315,0;;336,0;406,4;;;898,2;;;;;;;;;;;;;;;;;;;;;;;
LasVegas;;;;;;327,9;;382,0;;;;;;;;;;;;;;;;;;;;;;;;;;;;
Phoenix;;;;;;;;403,2;;;406,2;390,5;486,0;;;;;;;;;;;;;;;;;;;;;;;
SantaFe;;;;;;;;;;426,5;;419,4;454,5;;;;;517,2;;;;;;;;;;;;;;;;;;
Denver;;;;;347,7;345,8;;;;405,7;427,8;;;;;349,6;465,4;453,3;;;;;;;;;;;;;;;;;;
ElPaso;;;;;;;;391,1;;399,2;420,4;;;;;;;458,9;1012,0;514,2;;;;;;;;;;;;;;;;
Winnipeg;;;187,7;;326,2;;;;;;;;;;168,2;;;;;;;;;197,5;;;;;;;;;;;;
Duluth;;;;;187,8;;;;;;;;;143,4;;;;;;;;;;;285,4;;;;;;;;;;;
Omaha;;;;;241,9;;;;;;;418,5;;;;;;;;;;;410,6;;;;;;;;;;;;;
KansasCity;;;;;;;;;;;;415,9;;;;;;;;;;497,7;;;;;;;;;;;;;;
OklahomaCity;;;;;;;;;;;423,2;418,2;464,9;;;;;;;;600,8;;;;;;;;;;;;;;;
Houston;;;;;;;;;;;;;450,7;;;;;;;;;;;;;;;;;;;;;;1006,0;
Dallas;;;;;;;;;;;;;412,5;;;;;;;;575,9;;;;;;;;;;;;;;;
LittleRock;;;;;;;;;;;;;;;;;;514,7;;521,0;;549,0;;;;;;;;;;;;;697,2;651,6
SaintLouis;;;;;;;;;;;;;;;;;481,4;;;;553,5;;428,1;;;;;;456,9;;;;;;;755,0
Chicago;;;;;;;;;;;;;;;;363,8;;;;;;519,9;;;269,6;;;;477,1;;;;;;;
SaultStMarie;;;;;;;;;;;;;;144,4;;;;;;;;;;;321,5;100,8;;;;;;;;;;
Toronto;;;;;;;;;;;;;;;207,0;;;;;;;;411,4;165,9;;121,0;;;429,6;;;;;;;
Montreal;;;;;;;;;;;;;;;;;;;;;;;;131,8;113,4;;114,8;203,1;;;;;;;;
Boston;;;;;;;;;;;;;;;;;;;;;;;;;;122,6;;261,0;;;;;;;;
NewYork;;;;;;;;;;;;;;;;;;;;;;;;;;99,7;146,8;;;452,8;;;;;;
Pittsburgh;;;;;;;;;;;;;;;;;;;;;;519,2;415,2;;305,8;;;;;369,0;579,8;;;;;
Washington;;;;;;;;;;;;;;;;;;;;;;;;;;;;292,4;390,4;;512,6;;;;;
Raleigh;;;;;;;;;;;;;;;;;;;;;;;;;;;;;490,6;419,8;;;671,3;;;
Atlanta;;;;;;;;;;;;;;;;;;;;;;;;;;;;;;;;;1000,0;1000,0;1000,0;1000,0
Charleston;;;;;;;;;;;;;;;;;;;;;;;;;;;;;;;536,7;902,0;;727,2;;
Miami;;;;;;;;;;;;;;;;;;;;;;;;;;;;;;;;905,0;725,4;;675,3;
NewOrleans;;;;;;;;;;;;;;;;;;;580,0;;598,5;;;;;;;;;;;1004,0;;747,8;;
Nashville;;;;;;;;;;;;;;;;;;;;;579,2;541,9;;;;;;;;;;901,0;;;;
Step_8000;Vancouver;Seattle;Calgary;Portland;Helena;SaltLakeCity;SanFrancisco;LosAngeles;LasVegas;Phoenix;SantaFe;Denver;ElPaso;Winnipeg;Duluth;Omaha;KansasCity;OklahomaCity;Houston;Dallas;LittleRock;SaintLouis;Chicago;SaultStMarie;Toronto;Montreal;Boston;NewYork;Pittsburgh;Washington;Raleigh;Atlanta;Charleston;Miami;NewOrleans;Nashville
Vancouver;;289,3;293,3;;;;;;;;;;;;;;;;;;;;;;;;;;;;;;;;;
Seattle;257,4;;282,9;296,6;338,7;;;;;;;;;;;;;;;;;;;;;;;;;;;;;;;
Calgary;243,8;276,7;;;340,9;;;;;;;;;296,5;;;;;;;;;;;;;;;;;;;;;;
Portland;;309,7;;;;359,1;335,8;;;;;;;;;;;;;;;;;;;;;;;;;;;;;
Helena;;295,7;292,7;;;349,9;;;;;;392,6;;316,8;307,2;415,7;;;;;;;;;;;;;;;;;;;;
SaltLakeCity;;;;318,2;358,5;;338,7;;359,7;;;417,2;;;;;;;;;;;;;;;;;;;;;;;;
SanFrancisco;;;;298,9;;368,0;;995,9;;;;;;;;;;;;;;;;;;;;;;;;;;;;
LosAngeles;;;;;;;352,3;;370,3;372,7;;;991,5;;;;;;;;;;;;;;;;;;;;;;;
LasVegas;;;;;;331,6;;406,1;;;;;;;;;;;;;;;;;;;;;;;;;;;;
Phoenix;;;;;;;;374,5;;;412,3;403,6;427,2;;;;;;;;;;;;;;;;;;;;;;;
SantaFe;;;;;;;;;;388,9;;414,9;462,9;;;;;527,2;;;;;;;;;;;;;;;;;;
Denver;;;;;343,5;341,1;;;;392,5;434,6;;;;;399,5;436,9;448,0;;;;;;;;;;;;;;;;;;
ElPaso;;;;;;;;407,8;;379,1;440,1;;;;;;;480,7;977,0;536,1;;;;;;;;;;;;;;;;
Winnipeg;;;204,2;;373,6;;;;;;;;;;321,5;;;;;;;;;266,8;;;;;;;;;;;;
Duluth;;;;;337,8;;;;;;;;;279,9;;;;;;;;;;;369,5;;;;;;;;;;;
Omaha;;;;;299,2;;;;;;;435,3;;;;;;;;;;;481,1;;;;;;;;;;;;;
KansasCity;;;;;;;;;;;;409,3;;;;;;;;;;544,7;;;;;;;;;;;;;;
OklahomaCity;;;;;;;;;;;427,0;394,3;466,5;;;;;;;;637,8;;;;;;;;;;;;;;;
Houston;;;;;;;;;;;;;494,4;;;;;;;;;;;;;;;;;;;;;;923,2;
Dallas;;;;;;;;;;;;;497,0;;;;;;;;626,4;;;;;;;;;;;;;;;
LittleRock;;;;;;;;;;;;;;;;;;520,6;;542,3;;566,8;;;;;;;;;;;;;687,3;737,6
SaintLouis;;;;;;;;;;;;;;;;;479,3;;;;608,0;;511,6;;;;;;527,5;;;;;;;713,1
Chicago;;;;;;;;;;;;;;;;375,9;;;;;;583,6;;;368,4;;;;465,3;;;;;;;
SaultStMarie;;;;;;;;;;;;;;248,3;;;;;;;;;;;329,8;180,5;;;;;;;;;;
Toronto;;;;;;;;;;;;;;;316,3;;;;;;;;445,7;284,7;;196,5;;;483,7;;;;;;;
Montreal;;;;;;;;;;;;;;;;;;;;;;;;204,8;154,3;;177,3;325,5;;;;;;;;
Boston;;;;;;;;;;;;;;;;;;;;;;;;;;195,2;;263,4;;;;;;;;
NewYork;;;;;;;;;;;;;;;;;;;;;;;;;;168,1;218,6;;;510,2;;;;;;
Pittsburgh;;;;;;;;;;;;;;;;;;;;;;611,1;506,0;;409,0;;;;;499,3;585,0;;;;;
Washington;;;;;;;;;;;;;;;;;;;;;;;;;;;;359,4;494,9;;649,9;;;;;
Raleigh;;;;;;;;;;;;;;;;;;;;;;;;;;;;;532,7;447,3;;;698,0;;;
Atlanta;;;;;;;;;;;;;;;;;;;;;;;;;;;;;;;;;1000,0;1000,0;1000,0;1000,0
Charleston;;;;;;;;;;;;;;;;;;;;;;;;;;;;;;;513,7;902,0;;793,1;;
Miami;;;;;;;;;;;;;;;;;;;;;;;;;;;;;;;;905,0;795,8;;765,8;
NewOrleans;;;;;;;;;;;;;;;;;;;655,6;;637,9;;;;;;;;;;;984,0;;757,4;;
Nashville;;;;;;;;;;;;;;;;;;;;;641,9;501,6;;;;;;;;;;901,0;;;;
Step_12000;Vancouver;Seattle;Calgary;Portland;Helena;SaltLakeCity;SanFrancisco;LosAngeles;LasVegas;Phoenix;SantaFe;Denver;ElPaso;Winnipeg;Duluth;Omaha;KansasCity;OklahomaCity;Houston;Dallas;LittleRock;SaintLouis;Chicago;SaultStMarie;Toronto;Montreal;Boston;NewYork;Pittsburgh;Washington;Raleigh;Atlanta;Charleston;Miami;NewOrleans;Nashville
Vancouver;;277,7;294,3;;;;;;;;;;;;;;;;;;;;;;;;;;;;;;;;;
Seattle;258,6;;307,8;302,4;310,2;;;;;;;;;;;;;;;;;;;;;;;;;;;;;;;
Calgary;253,8;303,7;;;348,5;;;;;;;;;294,9;;;;;;;;;;;;;;;;;;;;;;
Portland;;281,3;;;;342,9;309,4;;;;;;;;;;;;;;;;;;;;;;;;;;;;;
Helena;;293,9;287,2;;;367,5;;;;;;375,8;;282,8;346,3;403,4;;;;;;;;;;;;;;;;;;;;
SaltLakeCity;;;;313,5;342,7;;340,9;;350,5;;;441,6;;;;;;;;;;;;;;;;;;;;;;;;
SanFrancisco;;;;294,5;;331,6;;1021,0;;;;;;;;;;;;;;;;;;;;;;;;;;;;
LosAngeles;;;;;;;337,1;;365,1;417,5;;;1018,0;;;;;;;;;;;;;;;;;;;;;;;
LasVegas;;;;;;366,1;;408,3;;;;;;;;;;;;;;;;;;;;;;;;;;;;
Phoenix;;;;;;;;390,7;;;414,6;382,3;492,2;;;;;;;;;;;;;;;;;;;;;;;
SantaFe;;;;;;;;;;409,8;;437,7;490,3;;;;;490,6;;;;;;;;;;;;;;;;;;
Denver;;;;;343,3;364,4;;;;399,4;425,7;;;;;408,9;519,7;408,2;;;;;;;;;;;;;;;;;;
ElPaso;;;;;;;;418,0;;402,3;401,1;;;;;;;479,4;987,6;523,9;;;;;;;;;;;;;;;;
Winnipeg;;;287,9;;300,0;;;;;;;;;;305,0;;;;;;;;;307,7;;;;;;;;;;;;
Duluth;;;;;319,9;;;;;;;;;296,0;;;;;;;;;;;389,1;;;;;;;;;;;
Omaha;;;;;355,0;;;;;;;423,9;;;;;;;;;;;465,5;;;;;;;;;;;;;
KansasCity;;;;;;;;;;;;397,1;;;;;;;;;;581,0;;;;;;;;;;;;;;
OklahomaCity;;;;;;;;;;;427,2;378,3;472,9;;;;;;;;623,0;;;;;;;;;;;;;;;
Houston;;;;;;;;;;;;;488,7;;;;;;;;;;;;;;;;;;;;;;982,3;
Dallas;;;;;;;;;;;;;598,1;;;;;;;;622,9;;;;;;;;;;;;;;;
LittleRock;;;;;;;;;;;;;;;;;;463,6;;511,2;;563,1;;;;;;;;;;;;;738,3;642,0
SaintLouis;;;;;;;;;;;;;;;;;526,6;;;;588,4;;459,3;;;;;;472,9;;;;;;;601,0
Chicago;;;;;;;;;;;;;;;;396,1;;;;;;534,3;;;382,2;;;;507,2;;;;;;;
SaultStMarie;;;;;;;;;;;;;;285,9;;;;;;;;;;;411,0;208,7;;;;;;;;;;
Toronto;;;;;;;;;;;;;;;344,8;;;;;;;;407,7;266,2;;270,9;;;423,5;;;;;;;
Montreal;;;;;;;;;;;;;;;;;;;;;;;;299,1;355,5;;190,7;318,8;;;;;;;;
Boston;;;;;;;;;;;;;;;;;;;;;;;;;;226,1;;313,7;;;;;;;;
NewYork;;;;;;;;;;;;;;;;;;;;;;;;;;248,3;255,7;;;420,1;;;;;;
Pittsburgh;;;;;;;;;;;;;;;;;;;;;;592,1;419,0;;386,3;;;;;449,2;551,4;;;;;
Washington;;;;;;;;;;;;;;;;;;;;;;;;;;;;334,0;528,5;;577,5;;;;;
Raleigh;;;;;;;;;;;;;;;;;;;;;;;;;;;;;465,8;483,1;;;702,7;;;
Atlanta;;;;;;;;;;;;;;;;;;;;;;;;;;;;;;;;;1000,0;1000,0;1000,0;1000,0
Charleston;;;;;;;;;;;;;;;;;;;;;;;;;;;;;;;568,2;902,0;;799,9;;
Miami;;;;;;;;;;;;;;;;;;;;;;;;;;;;;;;;905,0;757,3;;740,0;
NewOrleans;;;;;;;;;;;;;;;;;;;549,0;;599,9;;;;;;;;;;;984,0;;786,3;;
Nashville;;;;;;;;;;;;;;;;;;;;;593,5;517,8;;;;;;;;;;901,0;;;;
Step_16000;Vancouver;Seattle;Calgary;Portland;Helena;SaltLakeCity;SanFrancisco;LosAngeles;LasVegas;Phoenix;SantaFe;Denver;ElPaso;Winnipeg;Duluth;Omaha;KansasCity;OklahomaCity;Houston;Dallas;LittleRock;SaintLouis;Chicago;SaultStMarie;Toronto;Montreal;Boston;NewYork;Pittsburgh;Washington;Raleigh;Atlanta;Charleston;Miami;NewOrleans;Nashville
Vancouver;;272,1;267,7;;;;;;;;;;;;;;;;;;;;;;;;;;;;;;;;;
Seattle;244,8;;281,7;293,3;333,3;;;;;;;;;;;;;;;;;;;;;;;;;;;;;;;
Calgary;249,6;277,6;;;333,7;;;;;;;;;302,0;;;;;;;;;;;;;;;;;;;;;;
Portland;;283,4;;;;343,5;356,8;;;;;;;;;;;;;;;;;;;;;;;;;;;;;
Helena;;282,2;275,7;;;340,4;;;;;;410,3;;312,2;352,3;383,2;;;;;;;;;;;;;;;;;;;;
SaltLakeCity;;;;290,2;334,4;;432,3;;344,3;;;380,2;;;;;;;;;;;;;;;;;;;;;;;;
SanFrancisco;;;;302,9;;345,4;;897,9;;;;;;;;;;;;;;;;;;;;;;;;;;;;
LosAngeles;;;;;;;447,2;;358,0;449,6;;;907,7;;;;;;;;;;;;;;;;;;;;;;;
LasVegas;;;;;;360,4;;413,2;;;;;;;;;;;;;;;;;;;;;;;;;;;;
Phoenix;;;;;;;;400,7;;;420,8;409,3;546,2;;;;;;;;;;;;;;;;;;;;;;;
SantaFe;;;;;;;;;;447,7;;420,7;537,0;;;;;494,1;;;;;;;;;;;;;;;;;;
Denver;;;;;341,9;350,6;;;;420,3;446,8;;;;;434,7;430,2;520,9;;;;;;;;;;;;;;;;;;
ElPaso;;;;;;;;406,2;;435,4;429,8;;;;;;;533,2;1012,0;511,9;;;;;;;;;;;;;;;;
Winnipeg;;;297,1;;321,7;;;;;;;;;;353,7;;;;;;;;;343,5;;;;;;;;;;;;
Duluth;;;;;335,0;;;;;;;;;291,7;;;;;;;;;;;411,1;;;;;;;;;;;
Omaha;;;;;342,8;;;;;;;401,1;;;;;;;;;;;519,9;;;;;;;;;;;;;
KansasCity;;;;;;;;;;;;425,6;;;;;;;;;;480,0;;;;;;;;;;;;;;
OklahomaCity;;;;;;;;;;;443,3;422,4;545,2;;;;;;;;619,2;;;;;;;;;;;;;;;
Houston;;;;;;;;;;;;;491,6;;;;;;;;;;;;;;;;;;;;;;1006,0;
Dallas;;;;;;;;;;;;;471,2;;;;;;;;571,3;;;;;;;;;;;;;;;
LittleRock;;;;;;;;;;;;;;;;;;491,4;;539,0;;554,3;;;;;;;;;;;;;794,5;599,2
SaintLouis;;;;;;;;;;;;;;;;;448,0;;;;581,7;;464,6;;;;;;538,2;;;;;;;610,8
Chicago;;;;;;;;;;;;;;;;409,8;;;;;;581,9;;;368,2;;;;515,2;;;;;;;
SaultStMarie;;;;;;;;;;;;;;292,8;;;;;;;;;;;405,8;293,5;;;;;;;;;;
Toronto;;;;;;;;;;;;;;;331,9;;;;;;;;463,3;306,5;;283,1;;;479,2;;;;;;;
Montreal;;;;;;;;;;;;;;;;;;;;;;;;302,5;380,0;;250,3;374,7;;;;;;;;
Boston;;;;;;;;;;;;;;;;;;;;;;;;;;226,1;;359,0;;;;;;;;
NewYork;;;;;;;;;;;;;;;;;;;;;;;;;;288,5;302,6;;;526,2;;;;;;
Pittsburgh;;;;;;;;;;;;;;;;;;;;;;554,8;485,9;;410,8;;;;;504,3;580,6;;;;;
Washington;;;;;;;;;;;;;;;;;;;;;;;;;;;;384,9;506,4;;672,6;;;;;
Raleigh;;;;;;;;;;;;;;;;;;;;;;;;;;;;;475,0;421,3;;;708,6;;;
Atlanta;;;;;;;;;;;;;;;;;;;;;;;;;;;;;;;;;1000,0;1000,0;1000,0;1000,0
Charleston;;;;;;;;;;;;;;;;;;;;;;;;;;;;;;;616,2;902,0;;713,6;;
Miami;;;;;;;;;;;;;;;;;;;;;;;;;;;;;;;;905,0;763,8;;720,6;
NewOrleans;;;;;;;;;;;;;;;;;;;532,6;;605,6;;;;;;;;;;;984,0;;789,7;;
Nashville;;;;;;;;;;;;;;;;;;;;;518,3;481,1;;;;;;;;;;901,0;;;;
Step_20000;Vancouver;Seattle;Calgary;Portland;Helena;SaltLakeCity;SanFrancisco;LosAngeles;LasVegas;Phoenix;SantaFe;Denver;ElPaso;Winnipeg;Duluth;Omaha;KansasCity;OklahomaCity;Houston;Dallas;LittleRock;SaintLouis;Chicago;SaultStMarie;Toronto;Montreal;Boston;NewYork;Pittsburgh;Washington;Raleigh;Atlanta;Charleston;Miami;NewOrleans;Nashville
Vancouver;;287,7;282,6;;;;;;;;;;;;;;;;;;;;;;;;;;;;;;;;;
Seattle;261,2;;292,2;302,9;321,5;;;;;;;;;;;;;;;;;;;;;;;;;;;;;;;
Calgary;263,7;287,7;;;330,8;;;;;;;;;307,0;;;;;;;;;;;;;;;;;;;;;;
Portland;;281,3;;;;351,5;310,2;;;;;;;;;;;;;;;;;;;;;;;;;;;;;
Helena;;292,0;296,6;;;345,3;;;;;;439,2;;295,7;343,5;377,9;;;;;;;;;;;;;;;;;;;;
SaltLakeCity;;;;292,4;330,6;;311,8;;320,6;;;428,1;;;;;;;;;;;;;;;;;;;;;;;;
SanFrancisco;;;;299,3;;330,6;;1021,0;;;;;;;;;;;;;;;;;;;;;;;;;;;;
LosAngeles;;;;;;;312,9;;322,7;411,1;;;1018,0;;;;;;;;;;;;;;;;;;;;;;;
LasVegas;;;;;;340,3;;331,5;;;;;;;;;;;;;;;;;;;;;;;;;;;;
Phoenix;;;;;;;;432,5;;;423,2;398,6;460,8;;;;;;;;;;;;;;;;;;;;;;;
SantaFe;;;;;;;;;;421,5;;426,8;471,4;;;;;443,7;;;;;;;;;;;;;;;;;;
Denver;;;;;369,2;348,7;;;;424,9;404,7;;;;;423,9;519,5;473,9;;;;;;;;;;;;;;;;;;
ElPaso;;;;;;;;435,1;;394,8;401,9;;;;;;;496,4;1012,0;462,1;;;;;;;;;;;;;;;;
Winnipeg;;;286,8;;338,7;;;;;;;;;;308,7;;;;;;;;;351,7;;;;;;;;;;;;
Duluth;;;;;338,6;;;;;;;;;309,3;;;;;;;;;;;408,7;;;;;;;;;;;
Omaha;;;;;352,0;;;;;;;417,2;;;;;;;;;;;528,3;;;;;;;;;;;;;
KansasCity;;;;;;;;;;;;436,3;;;;;;;;;;560,3;;;;;;;;;;;;;;
OklahomaCity;;;;;;;;;;;398,6;411,5;440,8;;;;;;;;578,0;;;;;;;;;;;;;;;
Houston;;;;;;;;;;;;;475,1;;;;;;;;;;;;;;;;;;;;;;1006,0;
Dallas;;;;;;;;;;;;;450,3;;;;;;;;557,5;;;;;;;;;;;;;;;
LittleRock;;;;;;;;;;;;;;;;;;477,3;;442,7;;587,8;;;;;;;;;;;;;692,0;612,9
SaintLouis;;;;;;;;;;;;;;;;;475,9;;;;588,1;;482,3;;;;;;461,9;;;;;;;782,6
Chicago;;;;;;;;;;;;;;;;386,2;;;;;;570,4;;;336,6;;;;478,1;;;;;;;
SaultStMarie;;;;;;;;;;;;;;304,1;;;;;;;;;;;410,8;336,4;;;;;;;;;;
Toronto;;;;;;;;;;;;;;;339,5;;;;;;;;427,7;317,9;;324,5;;;479,0;;;;;;;
Montreal;;;;;;;;;;;;;;;;;;;;;;;;298,8;353,1;;298,7;336,9;;;;;;;;
Boston;;;;;;;;;;;;;;;;;;;;;;;;;;277,6;;358,4;;;;;;;;
NewYork;;;;;;;;;;;;;;;;;;;;;;;;;;296,6;304,5;;;457,1;;;;;;
Pittsburgh;;;;;;;;;;;;;;;;;;;;;;534,0;431,7;;368,5;;;;;396,8;517,0;;;;;
Washington;;;;;;;;;;;;;;;;;;;;;;;;;;;;332,3;448,5;;602,4;;;;;
Raleigh;;;;;;;;;;;;;;;;;;;;;;;;;;;;;424,4;483,1;;;729,7;;;
Atlanta;;;;;;;;;;;;;;;;;;;;;;;;;;;;;;;;;1000,0;1000,0;1000,0;1000,0
Charleston;;;;;;;;;;;;;;;;;;;;;;;;;;;;;;;630,2;902,0;;804,0;;
Miami;;;;;;;;;;;;;;;;;;;;;;;;;;;;;;;;905,0;763,6;;779,9;
NewOrleans;;;;;;;;;;;;;;;;;;;641,6;;585,7;;;;;;;;;;;1004,0;;769,7;;
Nashville;;;;;;;;;;;;;;;;;;;;;618,5;576,4;;;;;;;;;;901,0;;;;
Step_24000;Vancouver;Seattle;Calgary;Portland;Helena;SaltLakeCity;SanFrancisco;LosAngeles;LasVegas;Phoenix;SantaFe;Denver;ElPaso;Winnipeg;Duluth;Omaha;KansasCity;OklahomaCity;Houston;Dallas;LittleRock;SaintLouis;Chicago;SaultStMarie;Toronto;Montreal;Boston;NewYork;Pittsburgh;Washington;Raleigh;Atlanta;Charleston;Miami;NewOrleans;Nashville
Vancouver;;278,4;284,2;;;;;;;;;;;;;;;;;;;;;;;;;;;;;;;;;
Seattle;258,1;;294,1;304,7;331,9;;;;;;;;;;;;;;;;;;;;;;;;;;;;;;;
Calgary;265,1;285,5;;;328,4;;;;;;;;;298,9;;;;;;;;;;;;;;;;;;;;;;
Portland;;281,7;;;;363,6;359,1;;;;;;;;;;;;;;;;;;;;;;;;;;;;;
Helena;;287,5;276,3;;;365,6;;;;;;383,1;;301,3;318,1;372,7;;;;;;;;;;;;;;;;;;;;
SaltLakeCity;;;;308,6;293,4;;377,0;;360,9;;;400,9;;;;;;;;;;;;;;;;;;;;;;;;
SanFrancisco;;;;313,9;;358,2;;978,8;;;;;;;;;;;;;;;;;;;;;;;;;;;;
LosAngeles;;;;;;;326,8;;362,9;427,0;;;896,6;;;;;;;;;;;;;;;;;;;;;;;
LasVegas;;;;;;360,7;;417,4;;;;;;;;;;;;;;;;;;;;;;;;;;;;
Phoenix;;;;;;;;434,4;;;414,9;378,4;483,0;;;;;;;;;;;;;;;;;;;;;;;
SantaFe;;;;;;;;;;429,6;;416,2;480,3;;;;;483,3;;;;;;;;;;;;;;;;;;
Denver;;;;;338,4;365,4;;;;439,0;442,4;;;;;364,2;453,1;475,0;;;;;;;;;;;;;;;;;;
ElPaso;;;;;;;;391,4;;432,0;449,8;;;;;;;549,9;916,5;490,3;;;;;;;;;;;;;;;;
Winnipeg;;;294,7;;317,6;;;;;;;;;;328,7;;;;;;;;;348,7;;;;;;;;;;;;
Duluth;;;;;331,7;;;;;;;;;301,5;;;;;;;;;;;336,7;;;;;;;;;;;
Omaha;;;;;297,8;;;;;;;403,8;;;;;;;;;;;397,5;;;;;;;;;;;;;
KansasCity;;;;;;;;;;;;416,6;;;;;;;;;;514,8;;;;;;;;;;;;;;
OklahomaCity;;;;;;;;;;;399,5;418,8;521,6;;;;;;;;590,4;;;;;;;;;;;;;;;
Houston;;;;;;;;;;;;;587,4;;;;;;;;;;;;;;;;;;;;;;982,3;
Dallas;;;;;;;;;;;;;521,6;;;;;;;;633,9;;;;;;;;;;;;;;;
LittleRock;;;;;;;;;;;;;;;;;;517,4;;533,2;;553,2;;;;;;;;;;;;;678,3;720,5
SaintLouis;;;;;;;;;;;;;;;;;457,9;;;;622,6;;412,6;;;;;;475,4;;;;;;;683,9
Chicago;;;;;;;;;;;;;;;;371,8;;;;;;469,3;;;411,8;;;;457,1;;;;;;;
SaultStMarie;;;;;;;;;;;;;;301,3;;;;;;;;;;;375,6;334,5;;;;;;;;;;
Toronto;;;;;;;;;;;;;;;332,6;;;;;;;;431,8;319,1;;332,2;;;497,4;;;;;;;
Montreal;;;;;;;;;;;;;;;;;;;;;;;;338,9;375,1;;326,9;426,6;;;;;;;;
Boston;;;;;;;;;;;;;;;;;;;;;;;;;;305,7;;388,0;;;;;;;;
NewYork;;;;;;;;;;;;;;;;;;;;;;;;;;321,6;324,2;;;536,9;;;;;;
Pittsburgh;;;;;;;;;;;;;;;;;;;;;;524,7;473,7;;359,5;;;;;445,8;558,3;;;;;
Washington;;;;;;;;;;;;;;;;;;;;;;;;;;;;380,3;449,1;;626,5;;;;;
Raleigh;;;;;;;;;;;;;;;;;;;;;;;;;;;;;514,2;456,8;;;781,1;;;
Atlanta;;;;;;;;;;;;;;;;;;;;;;;;;;;;;;;;;1000,0;1000,0;1000,0;1000,0
Charleston;;;;;;;;;;;;;;;;;;;;;;;;;;;;;;;535,0;902,0;;751,1;;
Miami;;;;;;;;;;;;;;;;;;;;;;;;;;;;;;;;905,0;746,1;;780,1;
NewOrleans;;;;;;;;;;;;;;;;;;;602,8;;612,2;;;;;;;;;;;984,0;;808,1;;
Nashville;;;;;;;;;;;;;;;;;;;;;582,2;553,1;;;;;;;;;;901,0;;;;
Step_28000;Vancouver;Seattle;Calgary;Portland;Helena;SaltLakeCity;SanFrancisco;LosAngeles;LasVegas;Phoenix;SantaFe;Denver;ElPaso;Winnipeg;Duluth;Omaha;KansasCity;OklahomaCity;Houston;Dallas;LittleRock;SaintLouis;Chicago;SaultStMarie;Toronto;Montreal;Boston;NewYork;Pittsburgh;Washington;Raleigh;Atlanta;Charleston;Miami;NewOrleans;Nashville
Vancouver;;280,8;287,0;;;;;;;;;;;;;;;;;;;;;;;;;;;;;;;;;
Seattle;261,9;;289,8;295,1;354,2;;;;;;;;;;;;;;;;;;;;;;;;;;;;;;;
Calgary;261,7;292,6;;;349,1;;;;;;;;;297,4;;;;;;;;;;;;;;;;;;;;;;
Portland;;293,9;;;;358,6;350,2;;;;;;;;;;;;;;;;;;;;;;;;;;;;;
Helena;;301,4;301,2;;;364,9;;;;;;432,4;;300,0;350,6;381,4;;;;;;;;;;;;;;;;;;;;
SaltLakeCity;;;;301,1;323,5;;367,3;;339,6;;;404,1;;;;;;;;;;;;;;;;;;;;;;;;
SanFrancisco;;;;315,4;;354,9;;995,8;;;;;;;;;;;;;;;;;;;;;;;;;;;;
LosAngeles;;;;;;;364,8;;356,0;428,3;;;991,1;;;;;;;;;;;;;;;;;;;;;;;
LasVegas;;;;;;347,6;;422,1;;;;;;;;;;;;;;;;;;;;;;;;;;;;
Phoenix;;;;;;;;405,5;;;429,1;431,3;550,7;;;;;;;;;;;;;;;;;;;;;;;
SantaFe;;;;;;;;;;411,8;;376,8;519,6;;;;;499,1;;;;;;;;;;;;;;;;;;
Denver;;;;;317,5;351,9;;;;437,7;416,9;;;;;413,7;425,1;541,3;;;;;;;;;;;;;;;;;;
ElPaso;;;;;;;;451,3;;420,5;442,2;;;;;;;488,1;975,2;583,3;;;;;;;;;;;;;;;;
Winnipeg;;;295,9;;340,5;;;;;;;;;;320,3;;;;;;;;;335,0;;;;;;;;;;;;
Duluth;;;;;354,5;;;;;;;;;291,2;;;;;;;;;;;413,4;;;;;;;;;;;
Omaha;;;;;348,9;;;;;;;388,7;;;;;;;;;;;478,1;;;;;;;;;;;;;
KansasCity;;;;;;;;;;;;422,9;;;;;;;;;;485,5;;;;;;;;;;;;;;
OklahomaCity;;;;;;;;;;;448,7;451,7;511,1;;;;;;;;621,0;;;;;;;;;;;;;;;
Houston;;;;;;;;;;;;;537,4;;;;;;;;;;;;;;;;;;;;;;913,3;
Dallas;;;;;;;;;;;;;547,2;;;;;;;;650,3;;;;;;;;;;;;;;;
LittleRock;;;;;;;;;;;;;;;;;;490,2;;588,7;;563,2;;;;;;;;;;;;;723,8;741,1
SaintLouis;;;;;;;;;;;;;;;;;434,8;;;;545,5;;432,0;;;;;;525,3;;;;;;;763,1
Chicago;;;;;;;;;;;;;;;;409,2;;;;;;531,8;;;425,9;;;;527,0;;;;;;;
SaultStMarie;;;;;;;;;;;;;;307,1;;;;;;;;;;;414,5;355,6;;;;;;;;;;
Toronto;;;;;;;;;;;;;;;338,6;;;;;;;;425,9;321,5;;354,4;;;482,2;;;;;;;
Montreal;;;;;;;;;;;;;;;;;;;;;;;;343,2;411,0;;331,5;371,9;;;;;;;;
Boston;;;;;;;;;;;;;;;;;;;;;;;;;;325,7;;373,2;;;;;;;;
NewYork;;;;;;;;;;;;;;;;;;;;;;;;;;347,2;333,2;;;436,0;;;;;;
Pittsburgh;;;;;;;;;;;;;;;;;;;;;;508,4;448,9;;414,8;;;;;413,4;643,8;;;;;
Washington;;;;;;;;;;;;;;;;;;;;;;;;;;;;357,6;497,2;;557,2;;;;;
Raleigh;;;;;;;;;;;;;;;;;;;;;;;;;;;;;530,6;448,1;;;768,9;;;
Atlanta;;;;;;;;;;;;;;;;;;;;;;;;;;;;;;;;;1000,0;1000,0;1000,0;1000,0
Charleston;;;;;;;;;;;;;;;;;;;;;;;;;;;;;;;642,7;902,0;;785,1;;
Miami;;;;;;;;;;;;;;;;;;;;;;;;;;;;;;;;905,0;753,4;;671,6;
NewOrleans;;;;;;;;;;;;;;;;;;;621,2;;600,7;;;;;;;;;;;1004,0;;782,4;;
Nashville;;;;;;;;;;;;;;;;;;;;;637,6;510,0;;;;;;;;;;901,0;;;;
Step_32000;Vancouver;Seattle;Calgary;Portland;Helena;SaltLakeCity;SanFrancisco;LosAngeles;LasVegas;Phoenix;SantaFe;Denver;ElPaso;Winnipeg;Duluth;Omaha;KansasCity;OklahomaCity;Houston;Dallas;LittleRock;SaintLouis;Chicago;SaultStMarie;Toronto;Montreal;Boston;NewYork;Pittsburgh;Washington;Raleigh;Atlanta;Charleston;Miami;NewOrleans;Nashville
Vancouver;;281,5;285,7;;;;;;;;;;;;;;;;;;;;;;;;;;;;;;;;;
Seattle;259,4;;287,4;303,9;321,9;;;;;;;;;;;;;;;;;;;;;;;;;;;;;;;
Calgary;256,4;296,4;;;323,4;;;;;;;;;296,9;;;;;;;;;;;;;;;;;;;;;;
Portland;;281,4;;;;360,7;328,3;;;;;;;;;;;;;;;;;;;;;;;;;;;;;
Helena;;292,5;273,0;;;320,2;;;;;;385,4;;311,5;342,1;409,3;;;;;;;;;;;;;;;;;;;;
SaltLakeCity;;;;289,6;338,9;;451,8;;351,5;;;407,9;;;;;;;;;;;;;;;;;;;;;;;;
SanFrancisco;;;;310,8;;333,5;;978,6;;;;;;;;;;;;;;;;;;;;;;;;;;;;
LosAngeles;;;;;;;312,5;;352,6;414,1;;;895,7;;;;;;;;;;;;;;;;;;;;;;;
LasVegas;;;;;;334,5;;382,7;;;;;;;;;;;;;;;;;;;;;;;;;;;;
Phoenix;;;;;;;;374,3;;;415,4;405,9;496,6;;;;;;;;;;;;;;;;;;;;;;;
SantaFe;;;;;;;;;;421,1;;396,3;456,2;;;;;431,1;;;;;;;;;;;;;;;;;;
Denver;;;;;321,4;332,8;;;;440,4;400,7;;;;;392,2;471,8;490,1;;;;;;;;;;;;;;;;;;
ElPaso;;;;;;;;366,6;;423,7;394,9;;;;;;;455,8;1012,0;445,0;;;;;;;;;;;;;;;;
Winnipeg;;;278,8;;333,8;;;;;;;;;;333,1;;;;;;;;;350,6;;;;;;;;;;;;
Duluth;;;;;342,4;;;;;;;;;311,5;;;;;;;;;;;396,2;;;;;;;;;;;
Omaha;;;;;334,9;;;;;;;393,6;;;;;;;;;;;479,3;;;;;;;;;;;;;
KansasCity;;;;;;;;;;;;408,6;;;;;;;;;;566,2;;;;;;;;;;;;;;
OklahomaCity;;;;;;;;;;;410,1;397,8;451,1;;;;;;;;553,6;;;;;;;;;;;;;;;
Houston;;;;;;;;;;;;;447,4;;;;;;;;;;;;;;;;;;;;;;1006,0;
Dallas;;;;;;;;;;;;;442,4;;;;;;;;563,2;;;;;;;;;;;;;;;
LittleRock;;;;;;;;;;;;;;;;;;438,6;;477,5;;568,3;;;;;;;;;;;;;602,9;743,6
SaintLouis;;;;;;;;;;;;;;;;;483,5;;;;544,1;;474,6;;;;;;519,5;;;;;;;750,7
Chicago;;;;;;;;;;;;;;;;389,8;;;;;;545,2;;;445,0;;;;478,5;;;;;;;
SaultStMarie;;;;;;;;;;;;;;327,5;;;;;;;;;;;402,4;366,2;;;;;;;;;;
Toronto;;;;;;;;;;;;;;;350,8;;;;;;;;462,5;358,0;;361,4;;;527,4;;;;;;;
Montreal;;;;;;;;;;;;;;;;;;;;;;;;349,9;400,0;;331,1;400,2;;;;;;;;
Boston;;;;;;;;;;;;;;;;;;;;;;;;;;328,6;;379,0;;;;;;;;
NewYork;;;;;;;;;;;;;;;;;;;;;;;;;;346,1;325,0;;;479,9;;;;;;
Pittsburgh;;;;;;;;;;;;;;;;;;;;;;521,9;487,6;;427,6;;;;;486,3;641,3;;;;;
Washington;;;;;;;;;;;;;;;;;;;;;;;;;;;;420,0;509,7;;620,4;;;;;
Raleigh;;;;;;;;;;;;;;;;;;;;;;;;;;;;;491,8;477,6;;;787,6;;;
Atlanta;;;;;;;;;;;;;;;;;;;;;;;;;;;;;;;;;1000,0;1000,0;1000,0;1000,0
Charleston;;;;;;;;;;;;;;;;;;;;;;;;;;;;;;;607,5;902,0;;779,0;;
Miami;;;;;;;;;;;;;;;;;;;;;;;;;;;;;;;;905,0;764,4;;757,6;
NewOrleans;;;;;;;;;;;;;;;;;;;603,2;;550,8;;;;;;;;;;;1004,0;;772,2;;
Nashville;;;;;;;;;;;;;;;;;;;;;508,9;631,6;;;;;;;;;;901,0;;;;
Step_36000;Vancouver;Seattle;Calgary;Portland;Helena;SaltLakeCity;SanFrancisco;LosAngeles;LasVegas;Phoenix;SantaFe;Denver;ElPaso;Winnipeg;Duluth;Omaha;KansasCity;OklahomaCity;Houston;Dallas;LittleRock;SaintLouis;Chicago;SaultStMarie;Toronto;Montreal;Boston;NewYork;Pittsburgh;Washington;Raleigh;Atlanta;Charleston;Miami;NewOrleans;Nashville
Vancouver;;293,2;275,6;;;;;;;;;;;;;;;;;;;;;;;;;;;;;;;;;
Seattle;264,7;;281,7;321,8;341,6;;;;;;;;;;;;;;;;;;;;;;;;;;;;;;;
Calgary;271,6;301,6;;;341,9;;;;;;;;;312,0;;;;;;;;;;;;;;;;;;;;;;
Portland;;280,6;;;;353,7;431,8;;;;;;;;;;;;;;;;;;;;;;;;;;;;;
Helena;;308,2;293,3;;;348,3;;;;;;396,8;;303,5;353,2;383,1;;;;;;;;;;;;;;;;;;;;
SaltLakeCity;;;;303,0;345,8;;363,6;;359,8;;;403,8;;;;;;;;;;;;;;;;;;;;;;;;
SanFrancisco;;;;309,4;;354,7;;883,8;;;;;;;;;;;;;;;;;;;;;;;;;;;;
LosAngeles;;;;;;;363,7;;369,1;433,1;;;1018,0;;;;;;;;;;;;;;;;;;;;;;;
LasVegas;;;;;;363,8;;413,2;;;;;;;;;;;;;;;;;;;;;;;;;;;;
Phoenix;;;;;;;;378,8;;;418,1;427,8;491,5;;;;;;;;;;;;;;;;;;;;;;;
SantaFe;;;;;;;;;;412,1;;387,7;544,2;;;;;509,7;;;;;;;;;;;;;;;;;;
Denver;;;;;361,1;330,5;;;;433,3;411,9;;;;;386,7;486,1;532,2;;;;;;;;;;;;;;;;;;
ElPaso;;;;;;;;459,6;;443,7;435,0;;;;;;;487,7;987,6;527,0;;;;;;;;;;;;;;;;
Winnipeg;;;288,0;;345,7;;;;;;;;;;357,3;;;;;;;;;333,0;;;;;;;;;;;;
Duluth;;;;;335,8;;;;;;;;;300,7;;;;;;;;;;;414,0;;;;;;;;;;;
Omaha;;;;;366,6;;;;;;;425,7;;;;;;;;;;;487,4;;;;;;;;;;;;;
KansasCity;;;;;;;;;;;;415,1;;;;;;;;;;594,0;;;;;;;;;;;;;;
OklahomaCity;;;;;;;;;;;427,1;380,1;551,3;;;;;;;;582,0;;;;;;;;;;;;;;;
Houston;;;;;;;;;;;;;543,3;;;;;;;;;;;;;;;;;;;;;;982,3;
Dallas;;;;;;;;;;;;;589,6;;;;;;;;624,2;;;;;;;;;;;;;;;
LittleRock;;;;;;;;;;;;;;;;;;486,6;;539,6;;581,4;;;;;;;;;;;;;663,6;796,3
SaintLouis;;;;;;;;;;;;;;;;;495,0;;;;606,7;;396,6;;;;;;460,3;;;;;;;780,8
Chicago;;;;;;;;;;;;;;;;395,7;;;;;;539,7;;;392,8;;;;503,0;;;;;;;
SaultStMarie;;;;;;;;;;;;;;311,1;;;;;;;;;;;430,9;365,4;;;;;;;;;;
Toronto;;;;;;;;;;;;;;;351,8;;;;;;;;441,9;355,8;;373,5;;;482,2;;;;;;;
Montreal;;;;;;;;;;;;;;;;;;;;;;;;351,0;414,3;;348,8;397,2;;;;;;;;
Boston;;;;;;;;;;;;;;;;;;;;;;;;;;359,2;;414,6;;;;;;;;
NewYork;;;;;;;;;;;;;;;;;;;;;;;;;;364,8;347,4;;;507,5;;;;;;
Pittsburgh;;;;;;;;;;;;;;;;;;;;;;490,6;461,8;;409,2;;;;;492,9;524,6;;;;;
Washington;;;;;;;;;;;;;;;;;;;;;;;;;;;;381,9;538,8;;654,7;;;;;
Raleigh;;;;;;;;;;;;;;;;;;;;;;;;;;;;;529,3;539,2;;;780,0;;;
Atlanta;;;;;;;;;;;;;;;;;;;;;;;;;;;;;;;;;1000,0;1000,0;1000,0;1000,0
Charleston;;;;;;;;;;;;;;;;;;;;;;;;;;;;;;;679,3;902,0;;778,8;;
Miami;;;;;;;;;;;;;;;;;;;;;;;;;;;;;;;;905,0;787,3;;722,3;
NewOrleans;;;;;;;;;;;;;;;;;;;633,1;;600,3;;;;;;;;;;;984,0;;792,2;;
Nashville;;;;;;;;;;;;;;;;;;;;;561,3;591,2;;;;;;;;;;901,0;;;;
Step_40000;Vancouver;Seattle;Calgary;Portland;Helena;SaltLakeCity;SanFrancisco;LosAngeles;LasVegas;Phoenix;SantaFe;Denver;ElPaso;Winnipeg;Duluth;Omaha;KansasCity;OklahomaCity;Houston;Dallas;LittleRock;SaintLouis;Chicago;SaultStMarie;Toronto;Montreal;Boston;NewYork;Pittsburgh;Washington;Raleigh;Atlanta;Charleston;Miami;NewOrleans;Nashville
Vancouver;;281,9;261,4;;;;;;;;;;;;;;;;;;;;;;;;;;;;;;;;;
Seattle;247,0;;312,0;281,9;341,9;;;;;;;;;;;;;;;;;;;;;;;;;;;;;;;
Calgary;254,1;294,1;;;344,6;;;;;;;;;300,6;;;;;;;;;;;;;;;;;;;;;;
Portland;;292,6;;;;346,9;324,3;;;;;;;;;;;;;;;;;;;;;;;;;;;;;
Helena;;300,4;291,4;;;362,6;;;;;;388,3;;312,2;314,6;407,9;;;;;;;;;;;;;;;;;;;;
SaltLakeCity;;;;307,4;336,3;;355,4;;357,6;;;401,3;;;;;;;;;;;;;;;;;;;;;;;;
SanFrancisco;;;;300,9;;349,8;;1021,0;;;;;;;;;;;;;;;;;;;;;;;;;;;;
LosAngeles;;;;;;;328,6;;360,6;437,0;;;1018,0;;;;;;;;;;;;;;;;;;;;;;;
LasVegas;;;;;;359,2;;389,0;;;;;;;;;;;;;;;;;;;;;;;;;;;;
Phoenix;;;;;;;;428,2;;;438,0;453,6;535,9;;;;;;;;;;;;;;;;;;;;;;;
SantaFe;;;;;;;;;;414,2;;431,1;570,8;;;;;492,2;;;;;;;;;;;;;;;;;;
Denver;;;;;367,8;345,2;;;;423,0;446,3;;;;;373,3;458,3;483,6;;;;;;;;;;;;;;;;;;
ElPaso;;;;;;;;393,7;;464,3;462,8;;;;;;;483,3;1012,0;524,7;;;;;;;;;;;;;;;;
Winnipeg;;;297,4;;319,8;;;;;;;;;;331,5;;;;;;;;;355,8;;;;;;;;;;;;
Duluth;;;;;347,2;;;;;;;;;315,6;;;;;;;;;;;402,0;;;;;;;;;;;
Omaha;;;;;330,0;;;;;;;446,5;;;;;;;;;;;459,7;;;;;;;;;;;;;
KansasCity;;;;;;;;;;;;406,6;;;;;;;;;;519,3;;;;;;;;;;;;;;
OklahomaCity;;;;;;;;;;;457,7;422,2;547,0;;;;;;;;591,9;;;;;;;;;;;;;;;
Houston;;;;;;;;;;;;;542,6;;;;;;;;;;;;;;;;;;;;;;1006,0;
Dallas;;;;;;;;;;;;;544,1;;;;;;;;599,6;;;;;;;;;;;;;;;
LittleRock;;;;;;;;;;;;;;;;;;521,4;;512,6;;555,0;;;;;;;;;;;;;787,0;646,1
SaintLouis;;;;;;;;;;;;;;;;;471,6;;;;574,1;;467,6;;;;;;513,5;;;;;;;572,3
Chicago;;;;;;;;;;;;;;;;422,7;;;;;;530,5;;;384,9;;;;520,0;;;;;;;
SaultStMarie;;;;;;;;;;;;;;297,9;;;;;;;;;;;435,0;360,2;;;;;;;;;;
Toronto;;;;;;;;;;;;;;;338,3;;;;;;;;476,8;332,6;;340,8;;;517,5;;;;;;;
Montreal;;;;;;;;;;;;;;;;;;;;;;;;350,5;366,0;;353,9;413,3;;;;;;;;
Boston;;;;;;;;;;;;;;;;;;;;;;;;;;351,7;;374,0;;;;;;;;
NewYork;;;;;;;;;;;;;;;;;;;;;;;;;;359,2;352,0;;;505,5;;;;;;
Pittsburgh;;;;;;;;;;;;;;;;;;;;;;521,5;471,0;;436,7;;;;;510,3;595,4;;;;;
Washington;;;;;;;;;;;;;;;;;;;;;;;;;;;;383,7;469,0;;581,0;;;;;
Raleigh;;;;;;;;;;;;;;;;;;;;;;;;;;;;;507,8;491,8;;;730,4;;;
Atlanta;;;;;;;;;;;;;;;;;;;;;;;;;;;;;;;;;1000,0;1000,0;1000,0;1000,0
Charleston;;;;;;;;;;;;;;;;;;;;;;;;;;;;;;;561,0;902,0;;787,5;;
Miami;;;;;;;;;;;;;;;;;;;;;;;;;;;;;;;;905,0;755,9;;767,0;
NewOrleans;;;;;;;;;;;;;;;;;;;652,6;;609,9;;;;;;;;;;;984,0;;810,0;;
Nashville;;;;;;;;;;;;;;;;;;;;;580,9;470,8;;;;;;;;;;901,0;;;;
Step_4000;Vancouver;Seattle;Calgary;Portland;Helena;SaltLakeCity;SanFrancisco;LosAngeles;LasVegas;Phoenix;SantaFe;Denver;ElPaso;Winnipeg;Duluth;Omaha;KansasCity;OklahomaCity;Houston;Dallas;LittleRock;SaintLouis;Chicago;SaultStMarie;Toronto;Montreal;Boston;NewYork;Pittsburgh;Washington;Raleigh;Atlanta;Charleston;Miami;NewOrleans;Nashville
Vancouver;;244,0;234,9;;;;;;;;;;;;;;;;;;;;;;;;;;;;;;;;;
Seattle;231,7;;246,8;303,6;336,6;;;;;;;;;;;;;;;;;;;;;;;;;;;;;;;
Calgary;214,0;249,5;;;312,6;;;;;;;;;223,5;;;;;;;;;;;;;;;;;;;;;;
Portland;;288,4;;;;313,9;325,1;;;;;;;;;;;;;;;;;;;;;;;;;;;;;
Helena;;263,6;232,5;;;351,0;;;;;;420,2;;215,9;242,5;354,0;;;;;;;;;;;;;;;;;;;;
SaltLakeCity;;;;304,0;265,5;;441,3;;343,0;;;384,5;;;;;;;;;;;;;;;;;;;;;;;;
SanFrancisco;;;;293,7;;329,9;;995,9;;;;;;;;;;;;;;;;;;;;;;;;;;;;
LosAngeles;;;;;;;328,6;;332,6;438,4;;;991,7;;;;;;;;;;;;;;;;;;;;;;;
LasVegas;;;;;;353,9;;360,8;;;;;;;;;;;;;;;;;;;;;;;;;;;;
Phoenix;;;;;;;;405,1;;;424,5;404,2;492,8;;;;;;;;;;;;;;;;;;;;;;;
SantaFe;;;;;;;;;;419,7;;415,8;504,6;;;;;453,9;;;;;;;;;;;;;;;;;;
Denver;;;;;346,1;331,0;;;;422,8;430,5;;;;;350,2;417,1;505,3;;;;;;;;;;;;;;;;;;
ElPaso;;;;;;;;377,5;;395,6;427,6;;;;;;;484,8;978,2;510,2;;;;;;;;;;;;;;;;
Winnipeg;;;199,3;;308,0;;;;;;;;;;193,3;;;;;;;;;70,7;;;;;;;;;;;;
Duluth;;;;;343,1;;;;;;;;;214,5;;;;;;;;;;;242,1;;;;;;;;;;;
Omaha;;;;;282,9;;;;;;;376,7;;;;;;;;;;;449,9;;;;;;;;;;;;;
KansasCity;;;;;;;;;;;;407,8;;;;;;;;;;500,4;;;;;;;;;;;;;;
OklahomaCity;;;;;;;;;;;457,3;390,0;499,3;;;;;;;;647,9;;;;;;;;;;;;;;;
Houston;;;;;;;;;;;;;465,7;;;;;;;;;;;;;;;;;;;;;;930,1;
Dallas;;;;;;;;;;;;;489,8;;;;;;;;602,2;;;;;;;;;;;;;;;
LittleRock;;;;;;;;;;;;;;;;;;478,4;;496,5;;513,5;;;;;;;;;;;;;793,1;699,0
SaintLouis;;;;;;;;;;;;;;;;;433,5;;;;554,2;;474,3;;;;;;397,7;;;;;;;697,8
Chicago;;;;;;;;;;;;;;;;388,5;;;;;;504,6;;;371,5;;;;394,0;;;;;;;
SaultStMarie;;;;;;;;;;;;;;86,6;;;;;;;;;;;245,7;24,1;;;;;;;;;;
Toronto;;;;;;;;;;;;;;;183,6;;;;;;;;321,2;79,7;;19,9;;;468,0;;;;;;;
Montreal;;;;;;;;;;;;;;;;;;;;;;;;81,9;49,5;;20,1;16,3;;;;;;;;
Boston;;;;;;;;;;;;;;;;;;;;;;;;;;29,5;;30,9;;;;;;;;
NewYork;;;;;;;;;;;;;;;;;;;;;;;;;;23,8;14,2;;;154,2;;;;;;
Pittsburgh;;;;;;;;;;;;;;;;;;;;;;542,3;434,6;;270,9;;;;;204,5;519,8;;;;;
Washington;;;;;;;;;;;;;;;;;;;;;;;;;;;;24,2;400,4;;125,3;;;;;
Raleigh;;;;;;;;;;;;;;;;;;;;;;;;;;;;;350,1;148,9;;;661,2;;;
Atlanta;;;;;;;;;;;;;;;;;;;;;;;;;;;;;;;;;1000,0;1000,0;1000,0;1000,0
Charleston;;;;;;;;;;;;;;;;;;;;;;;;;;;;;;;502,2;902,0;;789,6;;
Miami;;;;;;;;;;;;;;;;;;;;;;;;;;;;;;;;905,0;789,7;;723,3;
NewOrleans;;;;;;;;;;;;;;;;;;;693,9;;589,7;;;;;;;;;;;984,0;;753,3;;
Nashville;;;;;;;;;;;;;;;;;;;;;590,2;492,7;;;;;;;;;;901,0;;;;
Step_8000;Vancouver;Seattle;Calgary;Portland;Helena;SaltLakeCity;SanFrancisco;LosAngeles;LasVegas;Phoenix;SantaFe;Denver;ElPaso;Winnipeg;Duluth;Omaha;KansasCity;OklahomaCity;Houston;Dallas;LittleRock;SaintLouis;Chicago;SaultStMarie;Toronto;Montreal;Boston;NewYork;Pittsburgh;Washington;Raleigh;Atlanta;Charleston;Miami;NewOrleans;Nashville
Vancouver;;273,0;268,5;;;;;;;;;;;;;;;;;;;;;;;;;;;;;;;;;
Seattle;244,4;;280,1;300,9;285,7;;;;;;;;;;;;;;;;;;;;;;;;;;;;;;;
Calgary;241,3;265,0;;;342,9;;;;;;;;;245,1;;;;;;;;;;;;;;;;;;;;;;
Portland;;254,1;;;;353,4;335,8;;;;;;;;;;;;;;;;;;;;;;;;;;;;;
Helena;;250,7;303,3;;;332,1;;;;;;438,5;;286,0;272,2;353,9;;;;;;;;;;;;;;;;;;;;
SaltLakeCity;;;;299,4;308,5;;329,4;;368,2;;;400,1;;;;;;;;;;;;;;;;;;;;;;;;
SanFrancisco;;;;305,9;;342,1;;1021,0;;;;;;;;;;;;;;;;;;;;;;;;;;;;
LosAngeles;;;;;;;317,5;;354,3;412,1;;;1018,0;;;;;;;;;;;;;;;;;;;;;;;
LasVegas;;;;;;352,5;;427,2;;;;;;;;;;;;;;;;;;;;;;;;;;;;
Phoenix;;;;;;;;388,3;;;422,8;398,3;490,0;;;;;;;;;;;;;;;;;;;;;;;
SantaFe;;;;;;;;;;437,2;;422,9;464,9;;;;;484,2;;;;;;;;;;;;;;;;;;
Denver;;;;;371,1;339,3;;;;411,7;419,4;;;;;413,8;542,1;493,3;;;;;;;;;;;;;;;;;;
ElPaso;;;;;;;;424,5;;431,7;414,1;;;;;;;499,1;1012,0;561,8;;;;;;;;;;;;;;;;
Winnipeg;;;280,4;;338,5;;;;;;;;;;260,1;;;;;;;;;261,8;;;;;;;;;;;;
Duluth;;;;;320,1;;;;;;;;;246,1;;;;;;;;;;;324,5;;;;;;;;;;;
Omaha;;;;;320,1;;;;;;;419,1;;;;;;;;;;;476,8;;;;;;;;;;;;;
KansasCity;;;;;;;;;;;;400,8;;;;;;;;;;650,7;;;;;;;;;;;;;;
OklahomaCity;;;;;;;;;;;427,6;425,1;548,3;;;;;;;;639,2;;;;;;;;;;;;;;;
Houston;;;;;;;;;;;;;455,6;;;;;;;;;;;;;;;;;;;;;;1006,0;
Dallas;;;;;;;;;;;;;467,6;;;;;;;;635,9;;;;;;;;;;;;;;;
LittleRock;;;;;;;;;;;;;;;;;;463,1;;555,6;;554,9;;;;;;;;;;;;;798,9;719,0
SaintLouis;;;;;;;;;;;;;;;;;431,6;;;;542,8;;462,0;;;;;;448,2;;;;;;;792,3
Chicago;;;;;;;;;;;;;;;;359,3;;;;;;623,4;;;401,2;;;;452,9;;;;;;;
SaultStMarie;;;;;;;;;;;;;;247,8;;;;;;;;;;;340,5;74,5;;;;;;;;;;
Toronto;;;;;;;;;;;;;;;282,6;;;;;;;;440,2;208,6;;99,8;;;496,0;;;;;;;
Montreal;;;;;;;;;;;;;;;;;;;;;;;;261,8;142,9;;80,1;20,2;;;;;;;;
Boston;;;;;;;;;;;;;;;;;;;;;;;;;;129,0;;72,9;;;;;;;;
NewYork;;;;;;;;;;;;;;;;;;;;;;;;;;134,3;36,6;;;265,4;;;;;;
Pittsburgh;;;;;;;;;;;;;;;;;;;;;;548,1;432,6;;257,6;;;;;325,4;600,6;;;;;
Washington;;;;;;;;;;;;;;;;;;;;;;;;;;;;130,8;449,7;;377,5;;;;;
Raleigh;;;;;;;;;;;;;;;;;;;;;;;;;;;;;474,8;304,4;;;737,8;;;
Atlanta;;;;;;;;;;;;;;;;;;;;;;;;;;;;;;;;;1000,0;1000,0;1000,0;1000,0
Charleston;;;;;;;;;;;;;;;;;;;;;;;;;;;;;;;410,3;902,0;;760,6;;
Miami;;;;;;;;;;;;;;;;;;;;;;;;;;;;;;;;905,0;749,4;;748,1;
NewOrleans;;;;;;;;;;;;;;;;;;;572,1;;639,1;;;;;;;;;;;1004,0;;797,8;;
Nashville;;;;;;;;;;;;;;;;;;;;;554,4;538,1;;;;;;;;;;901,0;;;;
Step_12000;Vancouver;Seattle;Calgary;Portland;Helena;SaltLakeCity;SanFrancisco;LosAngeles;LasVegas;Phoenix;SantaFe;Denver;ElPaso;Winnipeg;Duluth;Omaha;KansasCity;OklahomaCity;Houston;Dallas;LittleRock;SaintLouis;Chicago;SaultStMarie;Toronto;Montreal;Boston;NewYork;Pittsburgh;Washington;Raleigh;Atlanta;Charleston;Miami;NewOrleans;Nashville
Vancouver;;263,5;279,2;;;;;;;;;;;;;;;;;;;;;;;;;;;;;;;;;
Seattle;248,5;;271,9;303,6;325,5;;;;;;;;;;;;;;;;;;;;;;;;;;;;;;;
Calgary;250,9;269,0;;;333,1;;;;;;;;;288,0;;;;;;;;;;;;;;;;;;;;;;
Portland;;288,7;;;;341,2;331,1;;;;;;;;;;;;;;;;;;;;;;;;;;;;;
Helena;;291,1;283,8;;;346,2;;;;;;365,9;;296,6;289,1;402,4;;;;;;;;;;;;;;;;;;;;
SaltLakeCity;;;;294,2;335,2;;322,1;;345,7;;;377,1;;;;;;;;;;;;;;;;;;;;;;;;
SanFrancisco;;;;302,6;;326,7;;904,2;;;;;;;;;;;;;;;;;;;;;;;;;;;;
LosAngeles;;;;;;;344,3;;330,5;1018,0;;;482,5;;;;;;;;;;;;;;;;;;;;;;;
LasVegas;;;;;;321,6;;378,3;;;;;;;;;;;;;;;;;;;;;;;;;;;;
Phoenix;;;;;;;;425,9;;;406,1;403,2;1015,0;;;;;;;;;;;;;;;;;;;;;;;
SantaFe;;;;;;;;;;388,6;;388,9;537,0;;;;;448,5;;;;;;;;;;;;;;;;;;
Denver;;;;;336,4;336,3;;;;409,6;416,2;;;;;379,2;438,0;428,4;;;;;;;;;;;;;;;;;;
ElPaso;;;;;;;;393,3;;398,1;429,9;;;;;;;509,8;896,6;493,0;;;;;;;;;;;;;;;;
Winnipeg;;;288,3;;351,2;;;;;;;;;;284,0;;;;;;;;;261,6;;;;;;;;;;;;
Duluth;;;;;335,3;;;;;;;;;289,8;;;;;;;;;;;301,5;;;;;;;;;;;
Omaha;;;;;318,6;;;;;;;383,6;;;;;;;;;;;489,7;;;;;;;;;;;;;
KansasCity;;;;;;;;;;;;391,3;;;;;;;;;;647,1;;;;;;;;;;;;;;
OklahomaCity;;;;;;;;;;;399,8;416,9;489,7;;;;;;;;613,6;;;;;;;;;;;;;;;
Houston;;;;;;;;;;;;;476,6;;;;;;;;;;;;;;;;;;;;;;982,3;
Dallas;;;;;;;;;;;;;466,4;;;;;;;;559,8;;;;;;;;;;;;;;;
LittleRock;;;;;;;;;;;;;;;;;;481,7;;509,4;;592,4;;;;;;;;;;;;;715,5;681,2
SaintLouis;;;;;;;;;;;;;;;;;498,2;;;;571,6;;436,7;;;;;;434,9;;;;;;;768,7
Chicago;;;;;;;;;;;;;;;;401,8;;;;;;635,6;;;376,0;;;;456,5;;;;;;;
SaultStMarie;;;;;;;;;;;;;;290,3;;;;;;;;;;;332,8;206,5;;;;;;;;;;
Toronto;;;;;;;;;;;;;;;293,5;;;;;;;;433,1;271,2;;171,7;;;438,5;;;;;;;
Montreal;;;;;;;;;;;;;;;;;;;;;;;;298,2;146,0;;86,1;179,4;;;;;;;;
Boston;;;;;;;;;;;;;;;;;;;;;;;;;;144,2;;210,4;;;;;;;;
NewYork;;;;;;;;;;;;;;;;;;;;;;;;;;213,1;111,0;;;460,0;;;;;;
Pittsburgh;;;;;;;;;;;;;;;;;;;;;;552,0;447,0;;370,3;;;;;481,3;557,2;;;;;
Washington;;;;;;;;;;;;;;;;;;;;;;;;;;;;221,7;463,5;;598,8;;;;;
Raleigh;;;;;;;;;;;;;;;;;;;;;;;;;;;;;457,6;428,3;;;761,5;;;
Atlanta;;;;;;;;;;;;;;;;;;;;;;;;;;;;;;;;;1000,0;1000,0;1000,0;1000,0
Charleston;;;;;;;;;;;;;;;;;;;;;;;;;;;;;;;585,2;902,0;;792,8;;
Miami;;;;;;;;;;;;;;;;;;;;;;;;;;;;;;;;905,0;798,3;;732,2;
NewOrleans;;;;;;;;;;;;;;;;;;;605,9;;609,7;;;;;;;;;;;984,0;;767,9;;
Nashville;;;;;;;;;;;;;;;;;;;;;582,9;529,2;;;;;;;;;;901,0;;;;
Step_16000;Vancouver;Seattle;Calgary;Portland;Helena;SaltLakeCity;SanFrancisco;LosAngeles;LasVegas;Phoenix;SantaFe;Denver;ElPaso;Winnipeg;Duluth;Omaha;KansasCity;OklahomaCity;Houston;Dallas;LittleRock;SaintLouis;Chicago;SaultStMarie;Toronto;Montreal;Boston;NewYork;Pittsburgh;Washington;Raleigh;Atlanta;Charleston;Miami;NewOrleans;Nashville
Vancouver;;294,8;265,8;;;;;;;;;;;;;;;;;;;;;;;;;;;;;;;;;
Seattle;257,7;;272,2;312,5;319,1;;;;;;;;;;;;;;;;;;;;;;;;;;;;;;;
Calgary;248,7;273,1;;;301,7;;;;;;;;;283,0;;;;;;;;;;;;;;;;;;;;;;
Portland;;283,9;;;;356,9;348,5;;;;;;;;;;;;;;;;;;;;;;;;;;;;;
Helena;;281,1;270,4;;;347,5;;;;;;402,8;;298,7;326,9;367,0;;;;;;;;;;;;;;;;;;;;
SaltLakeCity;;;;303,8;339,1;;323,9;;343,2;;;423,8;;;;;;;;;;;;;;;;;;;;;;;;
SanFrancisco;;;;316,5;;373,0;;884,8;;;;;;;;;;;;;;;;;;;;;;;;;;;;
LosAngeles;;;;;;;347,9;;374,5;406,1;;;993,4;;;;;;;;;;;;;;;;;;;;;;;
LasVegas;;;;;;360,5;;500,3;;;;;;;;;;;;;;;;;;;;;;;;;;;;
Phoenix;;;;;;;;398,0;;;397,5;434,3;507,2;;;;;;;;;;;;;;;;;;;;;;;
SantaFe;;;;;;;;;;436,4;;414,0;513,5;;;;;479,4;;;;;;;;;;;;;;;;;;
Denver;;;;;354,5;362,0;;;;432,3;430,3;;;;;423,6;482,1;488,4;;;;;;;;;;;;;;;;;;
ElPaso;;;;;;;;408,0;;432,1;434,2;;;;;;;501,4;987,6;478,0;;;;;;;;;;;;;;;;
Winnipeg;;;275,0;;330,4;;;;;;;;;;311,5;;;;;;;;;251,1;;;;;;;;;;;;
Duluth;;;;;334,4;;;;;;;;;283,7;;;;;;;;;;;359,2;;;;;;;;;;;
Omaha;;;;;353,6;;;;;;;393,5;;;;;;;;;;;487,9;;;;;;;;;;;;;
KansasCity;;;;;;;;;;;;410,9;;;;;;;;;;600,4;;;;;;;;;;;;;;
OklahomaCity;;;;;;;;;;;429,2;418,2;454,2;;;;;;;;637,1;;;;;;;;;;;;;;;
Houston;;;;;;;;;;;;;483,1;;;;;;;;;;;;;;;;;;;;;;982,3;
Dallas;;;;;;;;;;;;;514,0;;;;;;;;526,4;;;;;;;;;;;;;;;
LittleRock;;;;;;;;;;;;;;;;;;511,0;;491,5;;611,2;;;;;;;;;;;;;669,1;739,7
SaintLouis;;;;;;;;;;;;;;;;;451,4;;;;590,2;;413,3;;;;;;513,0;;;;;;;772,9
Chicago;;;;;;;;;;;;;;;;386,3;;;;;;607,2;;;346,4;;;;459,1;;;;;;;
SaultStMarie;;;;;;;;;;;;;;289,9;;;;;;;;;;;354,4;225,0;;;;;;;;;;
Toronto;;;;;;;;;;;;;;;297,5;;;;;;;;439,1;277,8;;217,8;;;415,9;;;;;;;
Montreal;;;;;;;;;;;;;;;;;;;;;;;;311,5;217,0;;164,9;254,3;;;;;;;;
Boston;;;;;;;;;;;;;;;;;;;;;;;;;;189,8;;333,1;;;;;;;;
NewYork;;;;;;;;;;;;;;;;;;;;;;;;;;222,9;211,9;;;479,4;;;;;;
Pittsburgh;;;;;;;;;;;;;;;;;;;;;;565,6;442,8;;374,7;;;;;411,5;622,5;;;;;
Washington;;;;;;;;;;;;;;;;;;;;;;;;;;;;282,5;458,7;;567,5;;;;;
Raleigh;;;;;;;;;;;;;;;;;;;;;;;;;;;;;493,9;499,3;;;719,3;;;
Atlanta;;;;;;;;;;;;;;;;;;;;;;;;;;;;;;;;;1000,0;1000,0;1000,0;1000,0
Charleston;;;;;;;;;;;;;;;;;;;;;;;;;;;;;;;568,1;902,0;;752,9;;
Miami;;;;;;;;;;;;;;;;;;;;;;;;;;;;;;;;905,0;738,3;;710,6;
NewOrleans;;;;;;;;;;;;;;;;;;;617,3;;621,9;;;;;;;;;;;984,0;;771,7;;
Nashville;;;;;;;;;;;;;;;;;;;;;603,1;600,8;;;;;;;;;;901,0;;;;
Step_20000;Vancouver;Seattle;Calgary;Portland;Helena;SaltLakeCity;SanFrancisco;LosAngeles;LasVegas;Phoenix;SantaFe;Denver;ElPaso;Winnipeg;Duluth;Omaha;KansasCity;OklahomaCity;Houston;Dallas;LittleRock;SaintLouis;Chicago;SaultStMarie;Toronto;Montreal;Boston;NewYork;Pittsburgh;Washington;Raleigh;Atlanta;Charleston;Miami;NewOrleans;Nashville
Vancouver;;285,2;300,8;;;;;;;;;;;;;;;;;;;;;;;;;;;;;;;;;
Seattle;261,4;;279,9;320,4;387,2;;;;;;;;;;;;;;;;;;;;;;;;;;;;;;;
Calgary;265,6;290,7;;;373,3;;;;;;;;;313,0;;;;;;;;;;;;;;;;;;;;;;
Portland;;311,1;;;;357,6;445,9;;;;;;;;;;;;;;;;;;;;;;;;;;;;;
Helena;;303,5;295,9;;;352,4;;;;;;453,7;;312,6;341,3;390,7;;;;;;;;;;;;;;;;;;;;
SaltLakeCity;;;;328,6;332,7;;376,1;;360,2;;;422,2;;;;;;;;;;;;;;;;;;;;;;;;
SanFrancisco;;;;341,0;;356,3;;996,2;;;;;;;;;;;;;;;;;;;;;;;;;;;;
LosAngeles;;;;;;;340,2;;355,8;429,5;;;993,4;;;;;;;;;;;;;;;;;;;;;;;
LasVegas;;;;;;357,0;;412,4;;;;;;;;;;;;;;;;;;;;;;;;;;;;
Phoenix;;;;;;;;409,4;;;426,2;454,4;519,7;;;;;;;;;;;;;;;;;;;;;;;
SantaFe;;;;;;;;;;431,0;;414,4;512,2;;;;;444,0;;;;;;;;;;;;;;;;;;
Denver;;;;;373,5;378,6;;;;451,5;427,2;;;;;367,8;478,6;495,1;;;;;;;;;;;;;;;;;;
ElPaso;;;;;;;;376,6;;463,6;431,1;;;;;;;509,0;987,6;533,0;;;;;;;;;;;;;;;;
Winnipeg;;;304,8;;362,0;;;;;;;;;;324,6;;;;;;;;;304,4;;;;;;;;;;;;
Duluth;;;;;345,1;;;;;;;;;296,7;;;;;;;;;;;426,7;;;;;;;;;;;
Omaha;;;;;329,1;;;;;;;411,5;;;;;;;;;;;447,8;;;;;;;;;;;;;
KansasCity;;;;;;;;;;;;432,8;;;;;;;;;;550,3;;;;;;;;;;;;;;
OklahomaCity;;;;;;;;;;;437,1;413,1;531,7;;;;;;;;581,3;;;;;;;;;;;;;;;
Houston;;;;;;;;;;;;;536,4;;;;;;;;;;;;;;;;;;;;;;982,3;
Dallas;;;;;;;;;;;;;543,2;;;;;;;;601,2;;;;;;;;;;;;;;;
LittleRock;;;;;;;;;;;;;;;;;;504,2;;538,4;;608,6;;;;;;;;;;;;;631,7;696,1
SaintLouis;;;;;;;;;;;;;;;;;407,7;;;;590,8;;423,1;;;;;;493,3;;;;;;;725,6
Chicago;;;;;;;;;;;;;;;;414,5;;;;;;547,3;;;394,5;;;;464,7;;;;;;;
SaultStMarie;;;;;;;;;;;;;;303,1;;;;;;;;;;;387,7;285,8;;;;;;;;;;
Toronto;;;;;;;;;;;;;;;302,2;;;;;;;;441,8;302,2;;270,5;;;460,0;;;;;;;
Montreal;;;;;;;;;;;;;;;;;;;;;;;;303,5;284,5;;256,8;304,6;;;;;;;;
Boston;;;;;;;;;;;;;;;;;;;;;;;;;;229,3;;337,2;;;;;;;;
NewYork;;;;;;;;;;;;;;;;;;;;;;;;;;252,4;270,2;;;412,1;;;;;;
Pittsburgh;;;;;;;;;;;;;;;;;;;;;;504,2;450,0;;419,2;;;;;434,1;544,0;;;;;
Washington;;;;;;;;;;;;;;;;;;;;;;;;;;;;380,4;500,9;;599,3;;;;;
Raleigh;;;;;;;;;;;;;;;;;;;;;;;;;;;;;501,8;495,8;;;752,2;;;
Atlanta;;;;;;;;;;;;;;;;;;;;;;;;;;;;;;;;;1000,0;1000,0;1000,0;1000,0
Charleston;;;;;;;;;;;;;;;;;;;;;;;;;;;;;;;608,8;902,0;;769,2;;
Miami;;;;;;;;;;;;;;;;;;;;;;;;;;;;;;;;905,0;719,9;;775,0;
NewOrleans;;;;;;;;;;;;;;;;;;;557,2;;616,7;;;;;;;;;;;984,0;;760,8;;
Nashville;;;;;;;;;;;;;;;;;;;;;610,5;546,0;;;;;;;;;;901,0;;;;
Step_24000;Vancouver;Seattle;Calgary;Portland;Helena;SaltLakeCity;SanFrancisco;LosAngeles;LasVegas;Phoenix;SantaFe;Denver;ElPaso;Winnipeg;Duluth;Omaha;KansasCity;OklahomaCity;Houston;Dallas;LittleRock;SaintLouis;Chicago;SaultStMarie;Toronto;Montreal;Boston;NewYork;Pittsburgh;Washington;Raleigh;Atlanta;Charleston;Miami;NewOrleans;Nashville
Vancouver;;284,5;274,9;;;;;;;;;;;;;;;;;;;;;;;;;;;;;;;;;
Seattle;254,7;;284,2;295,9;341,6;;;;;;;;;;;;;;;;;;;;;;;;;;;;;;;
Calgary;258,3;293,5;;;338,9;;;;;;;;;302,7;;;;;;;;;;;;;;;;;;;;;;
Portland;;296,0;;;;377,6;348,4;;;;;;;;;;;;;;;;;;;;;;;;;;;;;
Helena;;294,7;291,3;;;325,2;;;;;;380,2;;312,6;318,7;377,7;;;;;;;;;;;;;;;;;;;;
SaltLakeCity;;;;316,1;344,9;;327,4;;357,7;;;434,9;;;;;;;;;;;;;;;;;;;;;;;;
SanFrancisco;;;;322,6;;372,1;;1021,0;;;;;;;;;;;;;;;;;;;;;;;;;;;;
LosAngeles;;;;;;;356,5;;345,9;434,6;;;1018,0;;;;;;;;;;;;;;;;;;;;;;;
LasVegas;;;;;;350,5;;398,8;;;;;;;;;;;;;;;;;;;;;;;;;;;;
Phoenix;;;;;;;;418,1;;;450,1;399,4;449,4;;;;;;;;;;;;;;;;;;;;;;;
SantaFe;;;;;;;;;;433,8;;403,8;467,2;;;;;458,9;;;;;;;;;;;;;;;;;;
Denver;;;;;329,5;367,8;;;;430,5;433,0;;;;;402,2;445,5;475,0;;;;;;;;;;;;;;;;;;
ElPaso;;;;;;;;413,2;;428,7;411,4;;;;;;;475,3;987,6;498,6;;;;;;;;;;;;;;;;
Winnipeg;;;303,4;;337,7;;;;;;;;;;315,0;;;;;;;;;371,0;;;;;;;;;;;;
Duluth;;;;;338,2;;;;;;;;;313,4;;;;;;;;;;;390,8;;;;;;;;;;;
Omaha;;;;;320,6;;;;;;;410,8;;;;;;;;;;;505,1;;;;;;;;;;;;;
KansasCity;;;;;;;;;;;;426,7;;;;;;;;;;609,9;;;;;;;;;;;;;;
OklahomaCity;;;;;;;;;;;429,5;414,5;555,5;;;;;;;;535,3;;;;;;;;;;;;;;;
Houston;;;;;;;;;;;;;458,0;;;;;;;;;;;;;;;;;;;;;;982,3;
Dallas;;;;;;;;;;;;;521,6;;;;;;;;554,0;;;;;;;;;;;;;;;
LittleRock;;;;;;;;;;;;;;;;;;517,4;;495,6;;543,3;;;;;;;;;;;;;726,6;625,7
SaintLouis;;;;;;;;;;;;;;;;;476,5;;;;603,1;;510,8;;;;;;457,2;;;;;;;745,3
Chicago;;;;;;;;;;;;;;;;390,9;;;;;;585,4;;;398,0;;;;481,1;;;;;;;
SaultStMarie;;;;;;;;;;;;;;301,2;;;;;;;;;;;406,6;347,8;;;;;;;;;;
Toronto;;;;;;;;;;;;;;;333,1;;;;;;;;472,4;315,4;;351,4;;;499,0;;;;;;;
Montreal;;;;;;;;;;;;;;;;;;;;;;;;311,2;396,2;;333,8;379,5;;;;;;;;
Boston;;;;;;;;;;;;;;;;;;;;;;;;;;274,7;;396,9;;;;;;;;
NewYork;;;;;;;;;;;;;;;;;;;;;;;;;;262,6;311,5;;;468,6;;;;;;
Pittsburgh;;;;;;;;;;;;;;;;;;;;;;538,1;491,5;;402,1;;;;;460,2;595,4;;;;;
Washington;;;;;;;;;;;;;;;;;;;;;;;;;;;;361,4;467,9;;589,9;;;;;
Raleigh;;;;;;;;;;;;;;;;;;;;;;;;;;;;;496,2;488,8;;;742,3;;;
Atlanta;;;;;;;;;;;;;;;;;;;;;;;;;;;;;;;;;1000,0;1000,0;1000,0;1000,0
Charleston;;;;;;;;;;;;;;;;;;;;;;;;;;;;;;;590,2;902,0;;734,2;;
Miami;;;;;;;;;;;;;;;;;;;;;;;;;;;;;;;;905,0;709,5;;733,4;
NewOrleans;;;;;;;;;;;;;;;;;;;597,0;;596,8;;;;;;;;;;;984,0;;752,4;;
Nashville;;;;;;;;;;;;;;;;;;;;;610,8;613,9;;;;;;;;;;901,0;;;;
Step_28000;Vancouver;Seattle;Calgary;Portland;Helena;SaltLakeCity;SanFrancisco;LosAngeles;LasVegas;Phoenix;SantaFe;Denver;ElPaso;Winnipeg;Duluth;Omaha;KansasCity;OklahomaCity;Houston;Dallas;LittleRock;SaintLouis;Chicago;SaultStMarie;Toronto;Montreal;Boston;NewYork;Pittsburgh;Washington;Raleigh;Atlanta;Charleston;Miami;NewOrleans;Nashville
Vancouver;;270,2;274,4;;;;;;;;;;;;;;;;;;;;;;;;;;;;;;;;;
Seattle;252,0;;275,8;279,4;357,7;;;;;;;;;;;;;;;;;;;;;;;;;;;;;;;
Calgary;258,9;283,7;;;301,6;;;;;;;;;308,7;;;;;;;;;;;;;;;;;;;;;;
Portland;;295,4;;;;359,9;346,2;;;;;;;;;;;;;;;;;;;;;;;;;;;;;
Helena;;297,2;282,5;;;344,1;;;;;;400,7;;301,7;365,4;392,5;;;;;;;;;;;;;;;;;;;;
SaltLakeCity;;;;318,7;359,2;;345,0;;373,3;;;1016,0;;;;;;;;;;;;;;;;;;;;;;;;
SanFrancisco;;;;304,7;;882,5;;369,3;;;;;;;;;;;;;;;;;;;;;;;;;;;;
LosAngeles;;;;;;;331,7;;364,8;398,6;;;512,8;;;;;;;;;;;;;;;;;;;;;;;
LasVegas;;;;;;377,3;;412,7;;;;;;;;;;;;;;;;;;;;;;;;;;;;
Phoenix;;;;;;;;420,0;;;448,8;419,9;423,7;;;;;;;;;;;;;;;;;;;;;;;
SantaFe;;;;;;;;;;401,9;;423,9;505,4;;;;;532,3;;;;;;;;;;;;;;;;;;
Denver;;;;;344,2;351,5;;;;441,1;457,8;;;;;417,3;475,0;1013,0;;;;;;;;;;;;;;;;;;
ElPaso;;;;;;;;406,2;;413,3;411,1;;;;;;;521,0;605,4;522,1;;;;;;;;;;;;;;;;
Winnipeg;;;303,4;;316,0;;;;;;;;;;345,8;;;;;;;;;317,6;;;;;;;;;;;;
Duluth;;;;;329,7;;;;;;;;;304,3;;;;;;;;;;;427,4;;;;;;;;;;;
Omaha;;;;;366,8;;;;;;;415,4;;;;;;;;;;;492,6;;;;;;;;;;;;;
KansasCity;;;;;;;;;;;;459,0;;;;;;;;;;563,1;;;;;;;;;;;;;;
OklahomaCity;;;;;;;;;;;447,9;427,7;527,2;;;;;;;;1009,0;;;;;;;;;;;;;;;
Houston;;;;;;;;;;;;;458,4;;;;;;;;;;;;;;;;;;;;;;748,1;
Dallas;;;;;;;;;;;;;475,1;;;;;;;;656,1;;;;;;;;;;;;;;;
LittleRock;;;;;;;;;;;;;;;;;;522,9;;525,5;;559,6;;;;;;;;;;;;;1007,0;732,8
SaintLouis;;;;;;;;;;;;;;;;;460,5;;;;563,2;;471,5;;;;;;519,8;;;;;;;680,5
Chicago;;;;;;;;;;;;;;;;430,5;;;;;;553,9;;;410,8;;;;505,0;;;;;;;
SaultStMarie;;;;;;;;;;;;;;307,9;;;;;;;;;;;426,7;332,0;;;;;;;;;;
Toronto;;;;;;;;;;;;;;;325,8;;;;;;;;484,2;333,9;;322,9;;;523,7;;;;;;;
Montreal;;;;;;;;;;;;;;;;;;;;;;;;331,7;358,5;;335,2;396,3;;;;;;;;
Boston;;;;;;;;;;;;;;;;;;;;;;;;;;310,2;;365,8;;;;;;;;
NewYork;;;;;;;;;;;;;;;;;;;;;;;;;;338,8;342,0;;;509,0;;;;;;
Pittsburgh;;;;;;;;;;;;;;;;;;;;;;529,2;484,3;;434,1;;;;;513,6;637,3;;;;;
Washington;;;;;;;;;;;;;;;;;;;;;;;;;;;;401,5;463,0;;538,2;;;;;
Raleigh;;;;;;;;;;;;;;;;;;;;;;;;;;;;;514,5;488,3;;;790,7;;;
Atlanta;;;;;;;;;;;;;;;;;;;;;;;;;;;;;;;;;1000,0;1000,0;1000,0;1000,0
Charleston;;;;;;;;;;;;;;;;;;;;;;;;;;;;;;;616,0;902,0;;775,1;;
Miami;;;;;;;;;;;;;;;;;;;;;;;;;;;;;;;;905,0;786,1;;739,7;
NewOrleans;;;;;;;;;;;;;;;;;;;641,6;;602,6;;;;;;;;;;;1004,0;;786,9;;
Nashville;;;;;;;;;;;;;;;;;;;;;589,4;565,6;;;;;;;;;;901,0;;;;
Step_32000;Vancouver;Seattle;Calgary;Portland;Helena;SaltLakeCity;SanFrancisco;LosAngeles;LasVegas;Phoenix;SantaFe;Denver;ElPaso;Winnipeg;Duluth;Omaha;KansasCity;OklahomaCity;Houston;Dallas;LittleRock;SaintLouis;Chicago;SaultStMarie;Toronto;Montreal;Boston;NewYork;Pittsburgh;Washington;Raleigh;Atlanta;Charleston;Miami;NewOrleans;Nashville
Vancouver;;286,9;310,6;;;;;;;;;;;;;;;;;;;;;;;;;;;;;;;;;
Seattle;274,3;;294,4;314,1;345,2;;;;;;;;;;;;;;;;;;;;;;;;;;;;;;;
Calgary;265,1;298,3;;;363,3;;;;;;;;;320,2;;;;;;;;;;;;;;;;;;;;;;
Portland;;289,9;;;;363,9;341,3;;;;;;;;;;;;;;;;;;;;;;;;;;;;;
Helena;;300,2;286,5;;;341,9;;;;;;383,4;;307,1;348,8;413,0;;;;;;;;;;;;;;;;;;;;
SaltLakeCity;;;;310,6;348,6;;349,1;;366,6;;;407,4;;;;;;;;;;;;;;;;;;;;;;;;
SanFrancisco;;;;308,1;;353,3;;995,8;;;;;;;;;;;;;;;;;;;;;;;;;;;;
LosAngeles;;;;;;;336,8;;346,9;408,0;;;991,3;;;;;;;;;;;;;;;;;;;;;;;
LasVegas;;;;;;352,4;;390,4;;;;;;;;;;;;;;;;;;;;;;;;;;;;
Phoenix;;;;;;;;426,5;;;423,2;434,0;525,3;;;;;;;;;;;;;;;;;;;;;;;
SantaFe;;;;;;;;;;400,0;;408,2;522,7;;;;;483,5;;;;;;;;;;;;;;;;;;
Denver;;;;;360,9;358,0;;;;416,8;428,9;;;;;416,2;461,7;447,3;;;;;;;;;;;;;;;;;;
ElPaso;;;;;;;;427,1;;440,0;450,2;;;;;;;413,7;975,8;480,5;;;;;;;;;;;;;;;;
Winnipeg;;;295,7;;343,1;;;;;;;;;;348,9;;;;;;;;;347,0;;;;;;;;;;;;
Duluth;;;;;359,5;;;;;;;;;317,9;;;;;;;;;;;390,6;;;;;;;;;;;
Omaha;;;;;359,0;;;;;;;415,7;;;;;;;;;;;504,0;;;;;;;;;;;;;
KansasCity;;;;;;;;;;;;418,8;;;;;;;;;;540,5;;;;;;;;;;;;;;
OklahomaCity;;;;;;;;;;;426,3;396,1;481,8;;;;;;;;584,6;;;;;;;;;;;;;;;
Houston;;;;;;;;;;;;;474,2;;;;;;;;;;;;;;;;;;;;;;916,9;
Dallas;;;;;;;;;;;;;498,5;;;;;;;;538,4;;;;;;;;;;;;;;;
LittleRock;;;;;;;;;;;;;;;;;;520,8;;472,0;;504,7;;;;;;;;;;;;;721,6;696,0
SaintLouis;;;;;;;;;;;;;;;;;460,4;;;;614,9;;465,6;;;;;;510,5;;;;;;;736,3
Chicago;;;;;;;;;;;;;;;;423,3;;;;;;513,3;;;390,9;;;;527,9;;;;;;;
SaultStMarie;;;;;;;;;;;;;;308,3;;;;;;;;;;;417,7;345,2;;;;;;;;;;
Toronto;;;;;;;;;;;;;;;349,7;;;;;;;;484,6;334,5;;347,5;;;478,2;;;;;;;
Montreal;;;;;;;;;;;;;;;;;;;;;;;;356,5;368,3;;359,4;373,8;;;;;;;;
Boston;;;;;;;;;;;;;;;;;;;;;;;;;;333,3;;383,8;;;;;;;;
NewYork;;;;;;;;;;;;;;;;;;;;;;;;;;334,8;333,3;;;488,1;;;;;;
Pittsburgh;;;;;;;;;;;;;;;;;;;;;;484,6;485,0;;361,7;;;;;464,5;638,5;;;;;
Washington;;;;;;;;;;;;;;;;;;;;;;;;;;;;399,8;463,8;;620,9;;;;;
Raleigh;;;;;;;;;;;;;;;;;;;;;;;;;;;;;473,4;478,3;;;671,7;;;
Atlanta;;;;;;;;;;;;;;;;;;;;;;;;;;;;;;;;;1000,0;1000,0;1000,0;1000,0
Charleston;;;;;;;;;;;;;;;;;;;;;;;;;;;;;;;580,8;902,0;;802,8;;
Miami;;;;;;;;;;;;;;;;;;;;;;;;;;;;;;;;905,0;805,5;;649,4;
NewOrleans;;;;;;;;;;;;;;;;;;;620,5;;534,0;;;;;;;;;;;984,0;;748,0;;
Nashville;;;;;;;;;;;;;;;;;;;;;611,2;621,9;;;;;;;;;;901,0;;;;
Step_36000;Vancouver;Seattle;Calgary;Portland;Helena;SaltLakeCity;SanFrancisco;LosAngeles;LasVegas;Phoenix;SantaFe;Denver;ElPaso;Winnipeg;Duluth;Omaha;KansasCity;OklahomaCity;Houston;Dallas;LittleRock;SaintLouis;Chicago;SaultStMarie;Toronto;Montreal;Boston;NewYork;Pittsburgh;Washington;Raleigh;Atlanta;Charleston;Miami;NewOrleans;Nashville
Vancouver;;279,5;297,3;;;;;;;;;;;;;;;;;;;;;;;;;;;;;;;;;
Seattle;256,4;;281,8;307,8;330,6;;;;;;;;;;;;;;;;;;;;;;;;;;;;;;;
Calgary;263,2;287,1;;;326,0;;;;;;;;;307,0;;;;;;;;;;;;;;;;;;;;;;
Portland;;290,7;;;;330,0;327,5;;;;;;;;;;;;;;;;;;;;;;;;;;;;;
Helena;;287,1;281,8;;;337,0;;;;;;375,8;;306,2;357,0;401,6;;;;;;;;;;;;;;;;;;;;
SaltLakeCity;;;;302,7;331,2;;446,6;;336,5;;;368,4;;;;;;;;;;;;;;;;;;;;;;;;
SanFrancisco;;;;288,8;;334,8;;996,2;;;;;;;;;;;;;;;;;;;;;;;;;;;;
LosAngeles;;;;;;;312,9;;350,8;410,8;;;993,4;;;;;;;;;;;;;;;;;;;;;;;
LasVegas;;;;;;321,2;;397,3;;;;;;;;;;;;;;;;;;;;;;;;;;;;
Phoenix;;;;;;;;379,7;;;410,2;411,3;474,7;;;;;;;;;;;;;;;;;;;;;;;
SantaFe;;;;;;;;;;395,7;;403,0;455,4;;;;;476,4;;;;;;;;;;;;;;;;;;
Denver;;;;;315,7;339,3;;;;395,0;407,2;;;;;382,3;471,0;425,9;;;;;;;;;;;;;;;;;;
ElPaso;;;;;;;;398,3;;408,3;396,5;;;;;;;465,3;987,6;513,6;;;;;;;;;;;;;;;;
Winnipeg;;;278,3;;337,1;;;;;;;;;;335,3;;;;;;;;;332,4;;;;;;;;;;;;
Duluth;;;;;352,5;;;;;;;;;300,9;;;;;;;;;;;421,4;;;;;;;;;;;
Omaha;;;;;334,1;;;;;;;404,9;;;;;;;;;;;444,9;;;;;;;;;;;;;
KansasCity;;;;;;;;;;;;400,6;;;;;;;;;;552,6;;;;;;;;;;;;;;
OklahomaCity;;;;;;;;;;;407,5;377,9;471,2;;;;;;;;647,8;;;;;;;;;;;;;;;
Houston;;;;;;;;;;;;;475,5;;;;;;;;;;;;;;;;;;;;;;982,3;
Dallas;;;;;;;;;;;;;473,2;;;;;;;;599,3;;;;;;;;;;;;;;;
LittleRock;;;;;;;;;;;;;;;;;;536,4;;498,7;;610,7;;;;;;;;;;;;;677,6;662,4
SaintLouis;;;;;;;;;;;;;;;;;463,9;;;;611,7;;441,5;;;;;;479,9;;;;;;;799,6
Chicago;;;;;;;;;;;;;;;;416,3;;;;;;566,3;;;399,5;;;;453,2;;;;;;;
SaultStMarie;;;;;;;;;;;;;;308,5;;;;;;;;;;;423,3;337,0;;;;;;;;;;
Toronto;;;;;;;;;;;;;;;338,2;;;;;;;;461,1;327,0;;363,0;;;493,1;;;;;;;
Montreal;;;;;;;;;;;;;;;;;;;;;;;;344,2;431,0;;345,4;379,0;;;;;;;;
Boston;;;;;;;;;;;;;;;;;;;;;;;;;;327,3;;381,3;;;;;;;;
NewYork;;;;;;;;;;;;;;;;;;;;;;;;;;350,3;348,1;;;486,9;;;;;;
Pittsburgh;;;;;;;;;;;;;;;;;;;;;;486,6;474,4;;428,0;;;;;469,5;483,7;;;;;
Washington;;;;;;;;;;;;;;;;;;;;;;;;;;;;393,3;518,5;;590,3;;;;;
Raleigh;;;;;;;;;;;;;;;;;;;;;;;;;;;;;493,6;468,0;;;711,9;;;
Atlanta;;;;;;;;;;;;;;;;;;;;;;;;;;;;;;;;;1000,0;1000,0;1000,0;1000,0
Charleston;;;;;;;;;;;;;;;;;;;;;;;;;;;;;;;621,0;902,0;;785,2;;
Miami;;;;;;;;;;;;;;;;;;;;;;;;;;;;;;;;905,0;800,7;;748,6;
NewOrleans;;;;;;;;;;;;;;;;;;;591,8;;575,4;;;;;;;;;;;984,0;;768,3;;
Nashville;;;;;;;;;;;;;;;;;;;;;630,8;577,3;;;;;;;;;;901,0;;;;
Step_40000;Vancouver;Seattle;Calgary;Portland;Helena;SaltLakeCity;SanFrancisco;LosAngeles;LasVegas;Phoenix;SantaFe;Denver;ElPaso;Winnipeg;Duluth;Omaha;KansasCity;OklahomaCity;Houston;Dallas;LittleRock;SaintLouis;Chicago;SaultStMarie;Toronto;Montreal;Boston;NewYork;Pittsburgh;Washington;Raleigh;Atlanta;Charleston;Miami;NewOrleans;Nashville
Vancouver;;282,0;280,4;;;;;;;;;;;;;;;;;;;;;;;;;;;;;;;;;
Seattle;254,7;;308,6;319,5;350,7;;;;;;;;;;;;;;;;;;;;;;;;;;;;;;;
Calgary;254,4;290,7;;;347,7;;;;;;;;;308,1;;;;;;;;;;;;;;;;;;;;;;
Portland;;294,8;;;;342,6;352,7;;;;;;;;;;;;;;;;;;;;;;;;;;;;;
Helena;;288,9;291,0;;;337,7;;;;;;409,8;;293,2;358,0;373,9;;;;;;;;;;;;;;;;;;;;
SaltLakeCity;;;;316,7;300,3;;349,2;;359,8;;;386,4;;;;;;;;;;;;;;;;;;;;;;;;
SanFrancisco;;;;315,7;;350,5;;993,4;;;;;;;;;;;;;;;;;;;;;;;;;;;;
LosAngeles;;;;;;;355,0;;391,2;467,0;;;978,0;;;;;;;;;;;;;;;;;;;;;;;
LasVegas;;;;;;352,9;;449,3;;;;;;;;;;;;;;;;;;;;;;;;;;;;
Phoenix;;;;;;;;394,7;;;428,3;403,4;510,5;;;;;;;;;;;;;;;;;;;;;;;
SantaFe;;;;;;;;;;415,8;;402,6;521,6;;;;;469,6;;;;;;;;;;;;;;;;;;
Denver;;;;;318,4;354,1;;;;437,8;393,7;;;;;400,9;449,8;431,7;;;;;;;;;;;;;;;;;;
ElPaso;;;;;;;;418,4;;431,4;457,8;;;;;;;471,5;902,1;506,4;;;;;;;;;;;;;;;;
Winnipeg;;;296,7;;305,7;;;;;;;;;;331,0;;;;;;;;;321,1;;;;;;;;;;;;
Duluth;;;;;339,6;;;;;;;;;304,6;;;;;;;;;;;416,7;;;;;;;;;;;
Omaha;;;;;354,1;;;;;;;396,3;;;;;;;;;;;455,8;;;;;;;;;;;;;
KansasCity;;;;;;;;;;;;423,0;;;;;;;;;;545,9;;;;;;;;;;;;;;
OklahomaCity;;;;;;;;;;;440,3;382,3;488,0;;;;;;;;646,9;;;;;;;;;;;;;;;
Houston;;;;;;;;;;;;;507,4;;;;;;;;;;;;;;;;;;;;;;1006,0;
Dallas;;;;;;;;;;;;;539,1;;;;;;;;575,2;;;;;;;;;;;;;;;
LittleRock;;;;;;;;;;;;;;;;;;486,4;;523,6;;526,1;;;;;;;;;;;;;770,4;758,7
SaintLouis;;;;;;;;;;;;;;;;;487,0;;;;548,3;;458,0;;;;;;460,6;;;;;;;596,8
Chicago;;;;;;;;;;;;;;;;401,6;;;;;;515,3;;;383,2;;;;460,5;;;;;;;
SaultStMarie;;;;;;;;;;;;;;296,5;;;;;;;;;;;353,0;357,0;;;;;;;;;;
Toronto;;;;;;;;;;;;;;;357,1;;;;;;;;447,3;325,7;;354,5;;;484,2;;;;;;;
Montreal;;;;;;;;;;;;;;;;;;;;;;;;333,0;422,9;;346,7;362,3;;;;;;;;
Boston;;;;;;;;;;;;;;;;;;;;;;;;;;333,1;;416,5;;;;;;;;
NewYork;;;;;;;;;;;;;;;;;;;;;;;;;;339,2;330,0;;;504,0;;;;;;
Pittsburgh;;;;;;;;;;;;;;;;;;;;;;451,1;450,4;;394,4;;;;;418,0;605,6;;;;;
Washington;;;;;;;;;;;;;;;;;;;;;;;;;;;;392,1;480,8;;615,0;;;;;
Raleigh;;;;;;;;;;;;;;;;;;;;;;;;;;;;;537,1;467,6;;;753,8;;;
Atlanta;;;;;;;;;;;;;;;;;;;;;;;;;;;;;;;;;1000,0;1000,0;1000,0;1000,0
Charleston;;;;;;;;;;;;;;;;;;;;;;;;;;;;;;;669,5;902,0;;803,3;;
Miami;;;;;;;;;;;;;;;;;;;;;;;;;;;;;;;;905,0;766,0;;765,0;
NewOrleans;;;;;;;;;;;;;;;;;;;572,3;;555,1;;;;;;;;;;;984,0;;772,6;;
Nashville;;;;;;;;;;;;;;;;;;;;;590,6;542,6;;;;;;;;;;901,0;;;;
Step_4000;Vancouver;Seattle;Calgary;Portland;Helena;SaltLakeCity;SanFrancisco;LosAngeles;LasVegas;Phoenix;SantaFe;Denver;ElPaso;Winnipeg;Duluth;Omaha;KansasCity;OklahomaCity;Houston;Dallas;LittleRock;SaintLouis;Chicago;SaultStMarie;Toronto;Montreal;Boston;NewYork;Pittsburgh;Washington;Raleigh;Atlanta;Charleston;Miami;NewOrleans;Nashville
Vancouver;;303,3;260,1;;;;;;;;;;;;;;;;;;;;;;;;;;;;;;;;;
Seattle;263,8;;307,5;310,2;320,3;;;;;;;;;;;;;;;;;;;;;;;;;;;;;;;
Calgary;232,9;241,4;;;330,1;;;;;;;;;240,6;;;;;;;;;;;;;;;;;;;;;;
Portland;;289,9;;;;378,8;349,1;;;;;;;;;;;;;;;;;;;;;;;;;;;;;
Helena;;284,9;248,9;;;340,0;;;;;;431,3;;278,7;355,2;385,8;;;;;;;;;;;;;;;;;;;;
SaltLakeCity;;;;323,3;340,1;;357,7;;358,8;;;425,7;;;;;;;;;;;;;;;;;;;;;;;;
SanFrancisco;;;;322,3;;370,3;;880,5;;;;;;;;;;;;;;;;;;;;;;;;;;;;
LosAngeles;;;;;;;350,7;;360,9;463,2;;;1018,0;;;;;;;;;;;;;;;;;;;;;;;
LasVegas;;;;;;366,5;;436,5;;;;;;;;;;;;;;;;;;;;;;;;;;;;
Phoenix;;;;;;;;396,0;;;;419,4;541,2;;;;;;;;;;;;;;;;;;;;;;;
SantaFe;;;;;;;;;;;;387,9;521,0;;;;;505,2;;;;;;;;;;;;;;;;;;
Denver;;;;;355,3;360,1;;;;440,7;445,9;;;;;370,0;478,0;466,3;;;;;;;;;;;;;;;;;;
ElPaso;;;;;;;;459,2;;419,4;445,6;;;;;;;499,6;1012,0;573,9;;;;;;;;;;;;;;;;
Winnipeg;;;232,9;;342,0;;;;;;;;;;247,1;;;;;;;;;207,6;;;;;;;;;;;;
Duluth;;;;;341,3;;;;;;;;;224,3;;;;;;;;;;;400,6;;;;;;;;;;;
Omaha;;;;;320,9;;;;;;;430,0;;;;;;;;;;;489,4;;;;;;;;;;;;;
KansasCity;;;;;;;;;;;;406,3;;;;;;;;;;567,8;;;;;;;;;;;;;;
OklahomaCity;;;;;;;;;;;448,7;418,9;505,3;;;;;;;;547,1;;;;;;;;;;;;;;;
Houston;;;;;;;;;;;;;538,9;;;;;;;;;;;;;;;;;;;;;;1006,0;
Dallas;;;;;;;;;;;;;471,3;;;;;;;;677,8;;;;;;;;;;;;;;;
LittleRock;;;;;;;;;;;;;;;;;;448,0;;519,8;;491,2;;;;;;;;;;;;;779,2;693,9
SaintLouis;;;;;;;;;;;;;;;;;439,2;;;;606,1;;423,4;;;;;;393,3;;;;;;;721,5
Chicago;;;;;;;;;;;;;;;;385,9;;;;;;562,0;;;374,9;;;;414,1;;;;;;;
SaultStMarie;;;;;;;;;;;;;;158,4;;;;;;;;;;;374,6;167,8;;;;;;;;;;
Toronto;;;;;;;;;;;;;;;321,5;;;;;;;;421,4;274,8;;217,6;;;420,3;;;;;;;
Montreal;;;;;;;;;;;;;;;;;;;;;;;;174,1;312,3;;90,9;75,7;;;;;;;;
Boston;;;;;;;;;;;;;;;;;;;;;;;;;;145,9;;13,9;;;;;;;;
NewYork;;;;;;;;;;;;;;;;;;;;;;;;;;186,4;49,0;;;145,7;;;;;;
Pittsburgh;;;;;;;;;;;;;;;;;;;;;;531,7;413,8;;328,1;;;;;352,7;431,8;;;;;
Washington;;;;;;;;;;;;;;;;;;;;;;;;;;;;121,9;449,7;;383,3;;;;;
Raleigh;;;;;;;;;;;;;;;;;;;;;;;;;;;;;366,2;251,4;;;609,9;;;
Atlanta;;;;;;;;;;;;;;;;;;;;;;;;;;;;;;;;;1000,0;1000,0;1000,0;1000,0
Charleston;;;;;;;;;;;;;;;;;;;;;;;;;;;;;;;471,8;902,0;;723,5;;
Miami;;;;;;;;;;;;;;;;;;;;;;;;;;;;;;;;905,0;592,1;;732,8;
NewOrleans;;;;;;;;;;;;;;;;;;;629,3;;619,5;;;;;;;;;;;1004,0;;750,1;;
Nashville;;;;;;;;;;;;;;;;;;;;;635,1;541,8;;;;;;;;;;901,0;;;;
Step_8000;Vancouver;Seattle;Calgary;Portland;Helena;SaltLakeCity;SanFrancisco;LosAngeles;LasVegas;Phoenix;SantaFe;Denver;ElPaso;Winnipeg;Duluth;Omaha;KansasCity;OklahomaCity;Houston;Dallas;LittleRock;SaintLouis;Chicago;SaultStMarie;Toronto;Montreal;Boston;NewYork;Pittsburgh;Washington;Raleigh;Atlanta;Charleston;Miami;NewOrleans;Nashville
Vancouver;;268,8;295,5;;;;;;;;;;;;;;;;;;;;;;;;;;;;;;;;;
Seattle;263,6;;293,3;276,9;332,8;;;;;;;;;;;;;;;;;;;;;;;;;;;;;;;
Calgary;251,2;275,6;;;309,9;;;;;;;;;296,3;;;;;;;;;;;;;;;;;;;;;;
Portland;;291,8;;;;329,8;322,9;;;;;;;;;;;;;;;;;;;;;;;;;;;;;
Helena;;297,3;286,1;;;357,6;;;;;;361,9;;283,0;353,7;373,4;;;;;;;;;;;;;;;;;;;;
SaltLakeCity;;;;295,6;336,2;;319,6;;345,0;;;375,8;;;;;;;;;;;;;;;;;;;;;;;;
SanFrancisco;;;;294,2;;332,1;;892,8;;;;;;;;;;;;;;;;;;;;;;;;;;;;
LosAngeles;;;;;;;326,3;;335,4;418,7;;;1018,0;;;;;;;;;;;;;;;;;;;;;;;
LasVegas;;;;;;335,8;;367,4;;;;;;;;;;;;;;;;;;;;;;;;;;;;
Phoenix;;;;;;;;383,4;;;;406,0;508,8;;;;;;;;;;;;;;;;;;;;;;;
SantaFe;;;;;;;;;;;;397,2;459,7;;;;;455,5;;;;;;;;;;;;;;;;;;
Denver;;;;;300,0;336,9;;;;421,7;423,2;;;;;408,6;443,5;461,7;;;;;;;;;;;;;;;;;;
ElPaso;;;;;;;;406,2;;415,5;405,2;;;;;;;503,7;909,3;476,9;;;;;;;;;;;;;;;;
Winnipeg;;;291,9;;325,9;;;;;;;;;;325,3;;;;;;;;;272,8;;;;;;;;;;;;
Duluth;;;;;327,5;;;;;;;;;287,0;;;;;;;;;;;417,6;;;;;;;;;;;
Omaha;;;;;320,9;;;;;;;379,1;;;;;;;;;;;448,2;;;;;;;;;;;;;
KansasCity;;;;;;;;;;;;395,1;;;;;;;;;;567,4;;;;;;;;;;;;;;
OklahomaCity;;;;;;;;;;;428,2;410,9;467,2;;;;;;;;600,8;;;;;;;;;;;;;;;
Houston;;;;;;;;;;;;;547,3;;;;;;;;;;;;;;;;;;;;;;923,5;
Dallas;;;;;;;;;;;;;428,8;;;;;;;;543,6;;;;;;;;;;;;;;;
LittleRock;;;;;;;;;;;;;;;;;;503,6;;483,6;;569,9;;;;;;;;;;;;;659,2;638,2
SaintLouis;;;;;;;;;;;;;;;;;447,3;;;;635,3;;478,3;;;;;;511,7;;;;;;;757,9
Chicago;;;;;;;;;;;;;;;;399,5;;;;;;605,4;;;351,3;;;;481,8;;;;;;;
SaultStMarie;;;;;;;;;;;;;;284,2;;;;;;;;;;;332,0;248,7;;;;;;;;;;
Toronto;;;;;;;;;;;;;;;323,2;;;;;;;;451,2;292,2;;178,3;;;440,3;;;;;;;
Montreal;;;;;;;;;;;;;;;;;;;;;;;;230,1;359,5;;134,0;104,7;;;;;;;;
Boston;;;;;;;;;;;;;;;;;;;;;;;;;;224,1;;115,4;;;;;;;;
NewYork;;;;;;;;;;;;;;;;;;;;;;;;;;252,9;74,0;;;237,8;;;;;;
Pittsburgh;;;;;;;;;;;;;;;;;;;;;;469,9;469,5;;335,4;;;;;422,9;521,7;;;;;
Washington;;;;;;;;;;;;;;;;;;;;;;;;;;;;181,2;519,0;;403,0;;;;;
Raleigh;;;;;;;;;;;;;;;;;;;;;;;;;;;;;438,1;322,3;;;765,8;;;
Atlanta;;;;;;;;;;;;;;;;;;;;;;;;;;;;;;;;;1000,0;1000,0;1000,0;1000,0
Charleston;;;;;;;;;;;;;;;;;;;;;;;;;;;;;;;576,1;902,0;;767,9;;
Miami;;;;;;;;;;;;;;;;;;;;;;;;;;;;;;;;905,0;721,8;;655,6;
NewOrleans;;;;;;;;;;;;;;;;;;;657,5;;616,4;;;;;;;;;;;984,0;;704,4;;
Nashville;;;;;;;;;;;;;;;;;;;;;587,7;592,1;;;;;;;;;;901,0;;;;
Step_12000;Vancouver;Seattle;Calgary;Portland;Helena;SaltLakeCity;SanFrancisco;LosAngeles;LasVegas;Phoenix;SantaFe;Denver;ElPaso;Winnipeg;Duluth;Omaha;KansasCity;OklahomaCity;Houston;Dallas;LittleRock;SaintLouis;Chicago;SaultStMarie;Toronto;Montreal;Boston;NewYork;Pittsburgh;Washington;Raleigh;Atlanta;Charleston;Miami;NewOrleans;Nashville
Vancouver;;287,2;300,0;;;;;;;;;;;;;;;;;;;;;;;;;;;;;;;;;
Seattle;261,8;;292,1;286,1;321,8;;;;;;;;;;;;;;;;;;;;;;;;;;;;;;;
Calgary;264,5;289,5;;;323,0;;;;;;;;;297,8;;;;;;;;;;;;;;;;;;;;;;
Portland;;277,1;;;;327,5;348,5;;;;;;;;;;;;;;;;;;;;;;;;;;;;;
Helena;;290,3;294,5;;;349,1;;;;;;407,4;;284,0;339,1;393,1;;;;;;;;;;;;;;;;;;;;
SaltLakeCity;;;;308,6;334,1;;319,1;;360,1;;;390,5;;;;;;;;;;;;;;;;;;;;;;;;
SanFrancisco;;;;315,2;;340,6;;996,9;;;;;;;;;;;;;;;;;;;;;;;;;;;;
LosAngeles;;;;;;;355,9;;356,2;430,8;;;992,9;;;;;;;;;;;;;;;;;;;;;;;
LasVegas;;;;;;344,3;;421,2;;;;;;;;;;;;;;;;;;;;;;;;;;;;
Phoenix;;;;;;;;377,4;;;;418,2;465,1;;;;;;;;;;;;;;;;;;;;;;;
SantaFe;;;;;;;;;;;;410,6;509,6;;;;;465,6;;;;;;;;;;;;;;;;;;
Denver;;;;;360,1;350,5;;;;412,7;424,3;;;;;395,9;448,7;471,7;;;;;;;;;;;;;;;;;;
ElPaso;;;;;;;;446,0;;419,4;438,7;;;;;;;497,5;587,7;980,4;;;;;;;;;;;;;;;;
Winnipeg;;;278,3;;305,2;;;;;;;;;;304,6;;;;;;;;;282,7;;;;;;;;;;;;
Duluth;;;;;323,9;;;;;;;;;295,9;;;;;;;;;;;393,4;;;;;;;;;;;
Omaha;;;;;354,8;;;;;;;396,0;;;;;;;;;;;455,4;;;;;;;;;;;;;
KansasCity;;;;;;;;;;;;427,9;;;;;;;;;;615,9;;;;;;;;;;;;;;
OklahomaCity;;;;;;;;;;;446,5;434,8;499,9;;;;;;;;611,7;;;;;;;;;;;;;;;
Houston;;;;;;;;;;;;;550,7;;;;;;;;;;;;;;;;;;;;;;782,5;
Dallas;;;;;;;;;;;;;540,1;;;;;;;;939,9;;;;;;;;;;;;;;;
LittleRock;;;;;;;;;;;;;;;;;;454,6;;545,9;;560,9;;;;;;;;;;;;;1007,0;734,7
SaintLouis;;;;;;;;;;;;;;;;;508,0;;;;629,9;;420,5;;;;;;429,6;;;;;;;761,2
Chicago;;;;;;;;;;;;;;;;398,2;;;;;;555,8;;;369,5;;;;439,5;;;;;;;
SaultStMarie;;;;;;;;;;;;;;299,9;;;;;;;;;;;405,5;290,6;;;;;;;;;;
Toronto;;;;;;;;;;;;;;;318,5;;;;;;;;424,8;341,5;;299,6;;;464,8;;;;;;;
Montreal;;;;;;;;;;;;;;;;;;;;;;;;280,7;359,8;;182,7;150,1;;;;;;;;
Boston;;;;;;;;;;;;;;;;;;;;;;;;;;222,4;;212,9;;;;;;;;
NewYork;;;;;;;;;;;;;;;;;;;;;;;;;;232,2;141,9;;;461,7;;;;;;
Pittsburgh;;;;;;;;;;;;;;;;;;;;;;512,8;426,6;;357,0;;;;;414,2;516,0;;;;;
Washington;;;;;;;;;;;;;;;;;;;;;;;;;;;;355,4;468,1;;591,1;;;;;
Raleigh;;;;;;;;;;;;;;;;;;;;;;;;;;;;;460,5;477,5;;;726,7;;;
Atlanta;;;;;;;;;;;;;;;;;;;;;;;;;;;;;;;;;1000,0;1000,0;1000,0;1000,0
Charleston;;;;;;;;;;;;;;;;;;;;;;;;;;;;;;;602,3;902,0;;781,3;;
Miami;;;;;;;;;;;;;;;;;;;;;;;;;;;;;;;;905,0;755,1;;715,2;
NewOrleans;;;;;;;;;;;;;;;;;;;610,1;;572,3;;;;;;;;;;;1004,0;;789,8;;
Nashville;;;;;;;;;;;;;;;;;;;;;585,5;561,2;;;;;;;;;;901,0;;;;
Step_16000;Vancouver;Seattle;Calgary;Portland;Helena;SaltLakeCity;SanFrancisco;LosAngeles;LasVegas;Phoenix;SantaFe;Denver;ElPaso;Winnipeg;Duluth;Omaha;KansasCity;OklahomaCity;Houston;Dallas;LittleRock;SaintLouis;Chicago;SaultStMarie;Toronto;Montreal;Boston;NewYork;Pittsburgh;Washington;Raleigh;Atlanta;Charleston;Miami;NewOrleans;Nashville
Vancouver;;290,4;298,8;;;;;;;;;;;;;;;;;;;;;;;;;;;;;;;;;
Seattle;265,5;;306,6;302,9;355,9;;;;;;;;;;;;;;;;;;;;;;;;;;;;;;;
Calgary;263,9;286,7;;;351,9;;;;;;;;;292,4;;;;;;;;;;;;;;;;;;;;;;
Portland;;278,1;;;;322,7;306,8;;;;;;;;;;;;;;;;;;;;;;;;;;;;;
Helena;;306,4;314,0;;;349,8;;;;;;384,8;;322,8;342,0;393,2;;;;;;;;;;;;;;;;;;;;
SaltLakeCity;;;;299,2;350,6;;322,9;;359,1;;;379,9;;;;;;;;;;;;;;;;;;;;;;;;
SanFrancisco;;;;274,1;;313,7;;1021,0;;;;;;;;;;;;;;;;;;;;;;;;;;;;
LosAngeles;;;;;;;304,8;;329,5;416,9;;;991,2;;;;;;;;;;;;;;;;;;;;;;;
LasVegas;;;;;;337,9;;489,0;;;;;;;;;;;;;;;;;;;;;;;;;;;;
Phoenix;;;;;;;;412,0;;;;412,7;525,9;;;;;;;;;;;;;;;;;;;;;;;
SantaFe;;;;;;;;;;;;412,2;488,6;;;;;523,9;;;;;;;;;;;;;;;;;;
Denver;;;;;346,5;329,8;;;;418,3;435,7;;;;;382,8;502,7;440,2;;;;;;;;;;;;;;;;;;
ElPaso;;;;;;;;400,7;;438,4;427,4;;;;;;;482,0;975,4;496,9;;;;;;;;;;;;;;;;
Winnipeg;;;287,5;;360,9;;;;;;;;;;346,0;;;;;;;;;351,1;;;;;;;;;;;;
Duluth;;;;;351,8;;;;;;;;;322,1;;;;;;;;;;;385,2;;;;;;;;;;;
Omaha;;;;;359,5;;;;;;;395,8;;;;;;;;;;;473,5;;;;;;;;;;;;;
KansasCity;;;;;;;;;;;;384,4;;;;;;;;;;592,9;;;;;;;;;;;;;;
OklahomaCity;;;;;;;;;;;462,7;422,5;476,9;;;;;;;;600,1;;;;;;;;;;;;;;;
Houston;;;;;;;;;;;;;602,5;;;;;;;;;;;;;;;;;;;;;;914,5;
Dallas;;;;;;;;;;;;;506,8;;;;;;;;632,4;;;;;;;;;;;;;;;
LittleRock;;;;;;;;;;;;;;;;;;441,0;;523,9;;495,7;;;;;;;;;;;;;720,4;658,5
SaintLouis;;;;;;;;;;;;;;;;;502,7;;;;562,8;;476,3;;;;;;501,6;;;;;;;741,1
Chicago;;;;;;;;;;;;;;;;395,1;;;;;;610,8;;;446,6;;;;495,6;;;;;;;
SaultStMarie;;;;;;;;;;;;;;324,1;;;;;;;;;;;395,1;313,1;;;;;;;;;;
Toronto;;;;;;;;;;;;;;;362,2;;;;;;;;469,5;341,3;;276,5;;;494,8;;;;;;;
Montreal;;;;;;;;;;;;;;;;;;;;;;;;279,8;416,7;;242,3;245,0;;;;;;;;
Boston;;;;;;;;;;;;;;;;;;;;;;;;;;218,3;;370,3;;;;;;;;
NewYork;;;;;;;;;;;;;;;;;;;;;;;;;;278,3;276,1;;;469,8;;;;;;
Pittsburgh;;;;;;;;;;;;;;;;;;;;;;581,5;460,1;;376,7;;;;;486,7;517,7;;;;;
Washington;;;;;;;;;;;;;;;;;;;;;;;;;;;;347,2;533,7;;565,7;;;;;
Raleigh;;;;;;;;;;;;;;;;;;;;;;;;;;;;;488,6;467,8;;;664,9;;;
Atlanta;;;;;;;;;;;;;;;;;;;;;;;;;;;;;;;;;1000,0;1000,0;1000,0;1000,0
Charleston;;;;;;;;;;;;;;;;;;;;;;;;;;;;;;;537,2;902,0;;776,5;;
Miami;;;;;;;;;;;;;;;;;;;;;;;;;;;;;;;;905,0;704,4;;755,1;
NewOrleans;;;;;;;;;;;;;;;;;;;603,2;;607,2;;;;;;;;;;;984,0;;754,2;;
Nashville;;;;;;;;;;;;;;;;;;;;;642,5;523,0;;;;;;;;;;901,0;;;;
Step_20000;Vancouver;Seattle;Calgary;Portland;Helena;SaltLakeCity;SanFrancisco;LosAngeles;LasVegas;Phoenix;SantaFe;Denver;ElPaso;Winnipeg;Duluth;Omaha;KansasCity;OklahomaCity;Houston;Dallas;LittleRock;SaintLouis;Chicago;SaultStMarie;Toronto;Montreal;Boston;NewYork;Pittsburgh;Washington;Raleigh;Atlanta;Charleston;Miami;NewOrleans;Nashville
Vancouver;;278,7;274,2;;;;;;;;;;;;;;;;;;;;;;;;;;;;;;;;;
Seattle;254,1;;299,3;291,8;352,8;;;;;;;;;;;;;;;;;;;;;;;;;;;;;;;
Calgary;261,8;282,8;;;337,1;;;;;;;;;318,7;;;;;;;;;;;;;;;;;;;;;;
Portland;;288,0;;;;347,0;335,1;;;;;;;;;;;;;;;;;;;;;;;;;;;;;
Helena;;265,4;292,8;;;334,5;;;;;;402,1;;306,8;344,4;363,1;;;;;;;;;;;;;;;;;;;;
SaltLakeCity;;;;301,4;344,0;;328,2;;348,5;;;413,8;;;;;;;;;;;;;;;;;;;;;;;;
SanFrancisco;;;;309,2;;345,0;;880,9;;;;;;;;;;;;;;;;;;;;;;;;;;;;
LosAngeles;;;;;;;298,8;;352,6;430,7;;;887,7;;;;;;;;;;;;;;;;;;;;;;;
LasVegas;;;;;;350,1;;392,1;;;;;;;;;;;;;;;;;;;;;;;;;;;;
Phoenix;;;;;;;;400,0;;;;387,9;580,7;;;;;;;;;;;;;;;;;;;;;;;
SantaFe;;;;;;;;;;;;404,0;463,9;;;;;497,0;;;;;;;;;;;;;;;;;;
Denver;;;;;324,5;314,9;;;;420,1;418,9;;;;;421,7;497,9;466,3;;;;;;;;;;;;;;;;;;
ElPaso;;;;;;;;426,2;;400,6;448,9;;;;;;;513,1;981,2;531,1;;;;;;;;;;;;;;;;
Winnipeg;;;300,4;;333,1;;;;;;;;;;343,5;;;;;;;;;339,9;;;;;;;;;;;;
Duluth;;;;;344,6;;;;;;;;;316,1;;;;;;;;;;;404,0;;;;;;;;;;;
Omaha;;;;;325,0;;;;;;;411,2;;;;;;;;;;;508,0;;;;;;;;;;;;;
KansasCity;;;;;;;;;;;;429,9;;;;;;;;;;565,3;;;;;;;;;;;;;;
OklahomaCity;;;;;;;;;;;441,1;404,2;481,8;;;;;;;;621,9;;;;;;;;;;;;;;;
Houston;;;;;;;;;;;;;513,6;;;;;;;;;;;;;;;;;;;;;;946,5;
Dallas;;;;;;;;;;;;;510,2;;;;;;;;613,2;;;;;;;;;;;;;;;
LittleRock;;;;;;;;;;;;;;;;;;472,2;;488,4;;527,1;;;;;;;;;;;;;712,2;772,9
SaintLouis;;;;;;;;;;;;;;;;;491,7;;;;515,4;;484,3;;;;;;480,0;;;;;;;680,3
Chicago;;;;;;;;;;;;;;;;413,3;;;;;;607,6;;;372,7;;;;476,7;;;;;;;
SaultStMarie;;;;;;;;;;;;;;299,3;;;;;;;;;;;418,2;319,1;;;;;;;;;;
Toronto;;;;;;;;;;;;;;;337,8;;;;;;;;476,8;336,5;;309,7;;;459,8;;;;;;;
Montreal;;;;;;;;;;;;;;;;;;;;;;;;320,3;378,5;;272,6;330,8;;;;;;;;
Boston;;;;;;;;;;;;;;;;;;;;;;;;;;298,6;;360,5;;;;;;;;
NewYork;;;;;;;;;;;;;;;;;;;;;;;;;;270,8;269,4;;;441,5;;;;;;
Pittsburgh;;;;;;;;;;;;;;;;;;;;;;494,5;429,8;;405,2;;;;;511,6;600,4;;;;;
Washington;;;;;;;;;;;;;;;;;;;;;;;;;;;;373,1;498,1;;587,3;;;;;
Raleigh;;;;;;;;;;;;;;;;;;;;;;;;;;;;;480,1;465,3;;;769,0;;;
Atlanta;;;;;;;;;;;;;;;;;;;;;;;;;;;;;;;;;1000,0;1000,0;1000,0;1000,0
Charleston;;;;;;;;;;;;;;;;;;;;;;;;;;;;;;;561,7;902,0;;792,8;;
Miami;;;;;;;;;;;;;;;;;;;;;;;;;;;;;;;;905,0;784,0;;719,3;
NewOrleans;;;;;;;;;;;;;;;;;;;613,5;;574,2;;;;;;;;;;;1004,0;;785,1;;
Nashville;;;;;;;;;;;;;;;;;;;;;573,6;652,9;;;;;;;;;;901,0;;;;
Step_24000;Vancouver;Seattle;Calgary;Portland;Helena;SaltLakeCity;SanFrancisco;LosAngeles;LasVegas;Phoenix;SantaFe;Denver;ElPaso;Winnipeg;Duluth;Omaha;KansasCity;OklahomaCity;Houston;Dallas;LittleRock;SaintLouis;Chicago;SaultStMarie;Toronto;Montreal;Boston;NewYork;Pittsburgh;Washington;Raleigh;Atlanta;Charleston;Miami;NewOrleans;Nashville
Vancouver;;297,3;259,0;;;;;;;;;;;;;;;;;;;;;;;;;;;;;;;;;
Seattle;262,4;;290,1;315,5;349,3;;;;;;;;;;;;;;;;;;;;;;;;;;;;;;;
Calgary;258,8;284,3;;;344,4;;;;;;;;;312,0;;;;;;;;;;;;;;;;;;;;;;
Portland;;293,1;;;;359,9;337,9;;;;;;;;;;;;;;;;;;;;;;;;;;;;;
Helena;;307,4;279,5;;;337,2;;;;;;393,5;;302,9;325,0;434,1;;;;;;;;;;;;;;;;;;;;
SaltLakeCity;;;;301,7;359,0;;369,9;;355,6;;;409,2;;;;;;;;;;;;;;;;;;;;;;;;
SanFrancisco;;;;309,6;;357,4;;996,2;;;;;;;;;;;;;;;;;;;;;;;;;;;;
LosAngeles;;;;;;;338,3;;368,7;422,6;;;993,4;;;;;;;;;;;;;;;;;;;;;;;
LasVegas;;;;;;357,4;;425,9;;;;;;;;;;;;;;;;;;;;;;;;;;;;
Phoenix;;;;;;;;384,2;;;;423,4;519,1;;;;;;;;;;;;;;;;;;;;;;;
SantaFe;;;;;;;;;;;;436,9;468,8;;;;;457,7;;;;;;;;;;;;;;;;;;
Denver;;;;;339,1;342,9;;;;448,2;420,2;;;;;417,0;475,1;530,8;;;;;;;;;;;;;;;;;;
ElPaso;;;;;;;;456,3;;455,9;418,6;;;;;;;550,6;987,6;531,2;;;;;;;;;;;;;;;;
Winnipeg;;;287,8;;344,5;;;;;;;;;;325,4;;;;;;;;;306,3;;;;;;;;;;;;
Duluth;;;;;319,6;;;;;;;;;306,5;;;;;;;;;;;384,4;;;;;;;;;;;
Omaha;;;;;326,5;;;;;;;403,0;;;;;;;;;;;492,2;;;;;;;;;;;;;
KansasCity;;;;;;;;;;;;404,8;;;;;;;;;;536,2;;;;;;;;;;;;;;
OklahomaCity;;;;;;;;;;;421,4;411,1;478,7;;;;;;;;637,3;;;;;;;;;;;;;;;
Houston;;;;;;;;;;;;;531,5;;;;;;;;;;;;;;;;;;;;;;982,3;
Dallas;;;;;;;;;;;;;466,5;;;;;;;;598,9;;;;;;;;;;;;;;;
LittleRock;;;;;;;;;;;;;;;;;;460,1;;523,7;;536,5;;;;;;;;;;;;;722,6;633,5
SaintLouis;;;;;;;;;;;;;;;;;484,5;;;;575,7;;502,6;;;;;;482,6;;;;;;;704,8
Chicago;;;;;;;;;;;;;;;;344,3;;;;;;603,5;;;392,8;;;;470,8;;;;;;;
SaultStMarie;;;;;;;;;;;;;;311,0;;;;;;;;;;;372,1;309,4;;;;;;;;;;
Toronto;;;;;;;;;;;;;;;314,5;;;;;;;;445,0;345,7;;312,0;;;481,2;;;;;;;
Montreal;;;;;;;;;;;;;;;;;;;;;;;;321,3;384,3;;320,3;377,2;;;;;;;;
Boston;;;;;;;;;;;;;;;;;;;;;;;;;;317,3;;375,0;;;;;;;;
NewYork;;;;;;;;;;;;;;;;;;;;;;;;;;317,3;309,0;;;461,6;;;;;;
Pittsburgh;;;;;;;;;;;;;;;;;;;;;;519,6;451,3;;364,9;;;;;503,9;579,6;;;;;
Washington;;;;;;;;;;;;;;;;;;;;;;;;;;;;353,3;466,5;;621,7;;;;;
Raleigh;;;;;;;;;;;;;;;;;;;;;;;;;;;;;487,6;534,7;;;730,8;;;
Atlanta;;;;;;;;;;;;;;;;;;;;;;;;;;;;;;;;;1000,0;1000,0;1000,0;1000,0
Charleston;;;;;;;;;;;;;;;;;;;;;;;;;;;;;;;561,8;902,0;;724,5;;
Miami;;;;;;;;;;;;;;;;;;;;;;;;;;;;;;;;905,0;668,1;;741,8;
NewOrleans;;;;;;;;;;;;;;;;;;;615,3;;606,6;;;;;;;;;;;984,0;;769,9;;
Nashville;;;;;;;;;;;;;;;;;;;;;652,1;568,3;;;;;;;;;;901,0;;;;
Step_28000;Vancouver;Seattle;Calgary;Portland;Helena;SaltLakeCity;SanFrancisco;LosAngeles;LasVegas;Phoenix;SantaFe;Denver;ElPaso;Winnipeg;Duluth;Omaha;KansasCity;OklahomaCity;Houston;Dallas;LittleRock;SaintLouis;Chicago;SaultStMarie;Toronto;Montreal;Boston;NewYork;Pittsburgh;Washington;Raleigh;Atlanta;Charleston;Miami;NewOrleans;Nashville
Vancouver;;281,8;286,1;;;;;;;;;;;;;;;;;;;;;;;;;;;;;;;;;
Seattle;258,1;;284,8;307,7;357,0;;;;;;;;;;;;;;;;;;;;;;;;;;;;;;;
Calgary;257,7;276,2;;;306,1;;;;;;;;;311,1;;;;;;;;;;;;;;;;;;;;;;
Portland;;291,8;;;;317,2;367,3;;;;;;;;;;;;;;;;;;;;;;;;;;;;;
Helena;;307,9;284,7;;;318,2;;;;;;369,6;;303,6;344,0;404,3;;;;;;;;;;;;;;;;;;;;
SaltLakeCity;;;;291,4;321,1;;442,4;;355,7;;;461,4;;;;;;;;;;;;;;;;;;;;;;;;
SanFrancisco;;;;307,2;;400,0;;993,2;;;;;;;;;;;;;;;;;;;;;;;;;;;;
LosAngeles;;;;;;;346,1;;329,5;413,1;;;976,6;;;;;;;;;;;;;;;;;;;;;;;
LasVegas;;;;;;353,6;;392,1;;;;;;;;;;;;;;;;;;;;;;;;;;;;
Phoenix;;;;;;;;397,0;;;;413,2;500,6;;;;;;;;;;;;;;;;;;;;;;;
SantaFe;;;;;;;;;;;;408,1;454,2;;;;;468,6;;;;;;;;;;;;;;;;;;
Denver;;;;;338,3;330,2;;;;395,0;426,9;;;;;381,8;514,1;419,8;;;;;;;;;;;;;;;;;;
ElPaso;;;;;;;;379,1;;380,9;415,4;;;;;;;527,9;894,5;537,2;;;;;;;;;;;;;;;;
Winnipeg;;;294,6;;329,8;;;;;;;;;;333,5;;;;;;;;;330,5;;;;;;;;;;;;
Duluth;;;;;323,3;;;;;;;;;300,3;;;;;;;;;;;421,0;;;;;;;;;;;
Omaha;;;;;365,5;;;;;;;387,1;;;;;;;;;;;461,2;;;;;;;;;;;;;
KansasCity;;;;;;;;;;;;439,7;;;;;;;;;;567,7;;;;;;;;;;;;;;
OklahomaCity;;;;;;;;;;;418,8;422,2;464,0;;;;;;;;607,2;;;;;;;;;;;;;;;
Houston;;;;;;;;;;;;;464,8;;;;;;;;;;;;;;;;;;;;;;1006,0;
Dallas;;;;;;;;;;;;;457,6;;;;;;;;618,3;;;;;;;;;;;;;;;
LittleRock;;;;;;;;;;;;;;;;;;458,0;;502,3;;524,2;;;;;;;;;;;;;680,1;744,9
SaintLouis;;;;;;;;;;;;;;;;;467,8;;;;576,9;;458,8;;;;;;505,7;;;;;;;684,5
Chicago;;;;;;;;;;;;;;;;402,5;;;;;;579,7;;;388,3;;;;507,5;;;;;;;
SaultStMarie;;;;;;;;;;;;;;316,4;;;;;;;;;;;416,1;336,3;;;;;;;;;;
Toronto;;;;;;;;;;;;;;;344,9;;;;;;;;482,0;332,6;;345,7;;;464,8;;;;;;;
Montreal;;;;;;;;;;;;;;;;;;;;;;;;333,7;386,1;;332,5;379,0;;;;;;;;
Boston;;;;;;;;;;;;;;;;;;;;;;;;;;317,6;;388,2;;;;;;;;
NewYork;;;;;;;;;;;;;;;;;;;;;;;;;;322,2;360,6;;;461,6;;;;;;
Pittsburgh;;;;;;;;;;;;;;;;;;;;;;509,4;471,5;;436,2;;;;;447,5;635,9;;;;;
Washington;;;;;;;;;;;;;;;;;;;;;;;;;;;;362,9;473,1;;591,8;;;;;
Raleigh;;;;;;;;;;;;;;;;;;;;;;;;;;;;;453,7;503,6;;;766,9;;;
Atlanta;;;;;;;;;;;;;;;;;;;;;;;;;;;;;;;;;1000,0;1000,0;1000,0;1000,0
Charleston;;;;;;;;;;;;;;;;;;;;;;;;;;;;;;;537,1;902,0;;789,0;;
Miami;;;;;;;;;;;;;;;;;;;;;;;;;;;;;;;;905,0;648,9;;719,5;
NewOrleans;;;;;;;;;;;;;;;;;;;650,2;;627,5;;;;;;;;;;;1004,0;;773,9;;
Nashville;;;;;;;;;;;;;;;;;;;;;630,4;646,8;;;;;;;;;;901,0;;;;
Step_32000;Vancouver;Seattle;Calgary;Portland;Helena;SaltLakeCity;SanFrancisco;LosAngeles;LasVegas;Phoenix;SantaFe;Denver;ElPaso;Winnipeg;Duluth;Omaha;KansasCity;OklahomaCity;Houston;Dallas;LittleRock;SaintLouis;Chicago;SaultStMarie;Toronto;Montreal;Boston;NewYork;Pittsburgh;Washington;Raleigh;Atlanta;Charleston;Miami;NewOrleans;Nashville
Vancouver;;275,9;276,9;;;;;;;;;;;;;;;;;;;;;;;;;;;;;;;;;
Seattle;254,3;;271,4;298,6;342,0;;;;;;;;;;;;;;;;;;;;;;;;;;;;;;;
Calgary;254,5;271,4;;;300,4;;;;;;;;;296,5;;;;;;;;;;;;;;;;;;;;;;
Portland;;281,7;;;;324,7;350,2;;;;;;;;;;;;;;;;;;;;;;;;;;;;;
Helena;;281,7;271,5;;;360,2;;;;;;416,6;;302,8;355,6;362,6;;;;;;;;;;;;;;;;;;;;
SaltLakeCity;;;;304,3;333,7;;338,1;;340,4;;;401,6;;;;;;;;;;;;;;;;;;;;;;;;
SanFrancisco;;;;305,5;;352,8;;904,3;;;;;;;;;;;;;;;;;;;;;;;;;;;;
LosAngeles;;;;;;;337,3;;336,4;482,5;;;1018,0;;;;;;;;;;;;;;;;;;;;;;;
LasVegas;;;;;;344,8;;406,3;;;;;;;;;;;;;;;;;;;;;;;;;;;;
Phoenix;;;;;;;;412,6;;;;344,7;630,0;;;;;;;;;;;;;;;;;;;;;;;
SantaFe;;;;;;;;;;;;411,0;451,7;;;;;449,1;;;;;;;;;;;;;;;;;;
Denver;;;;;327,2;349,9;;;;413,3;421,8;;;;;376,1;434,1;514,8;;;;;;;;;;;;;;;;;;
ElPaso;;;;;;;;422,3;;438,1;424,8;;;;;;;556,1;987,6;492,5;;;;;;;;;;;;;;;;
Winnipeg;;;278,5;;342,4;;;;;;;;;;328,3;;;;;;;;;344,0;;;;;;;;;;;;
Duluth;;;;;326,2;;;;;;;;;308,4;;;;;;;;;;;405,0;;;;;;;;;;;
Omaha;;;;;336,8;;;;;;;425,9;;;;;;;;;;;410,8;;;;;;;;;;;;;
KansasCity;;;;;;;;;;;;391,6;;;;;;;;;;572,5;;;;;;;;;;;;;;
OklahomaCity;;;;;;;;;;;443,8;416,5;522,7;;;;;;;;640,3;;;;;;;;;;;;;;;
Houston;;;;;;;;;;;;;506,3;;;;;;;;;;;;;;;;;;;;;;982,3;
Dallas;;;;;;;;;;;;;483,7;;;;;;;;599,5;;;;;;;;;;;;;;;
LittleRock;;;;;;;;;;;;;;;;;;461,5;;502,2;;529,5;;;;;;;;;;;;;714,9;756,9
SaintLouis;;;;;;;;;;;;;;;;;446,9;;;;566,0;;483,8;;;;;;450,8;;;;;;;792,3
Chicago;;;;;;;;;;;;;;;;391,7;;;;;;612,7;;;380,9;;;;431,9;;;;;;;
SaultStMarie;;;;;;;;;;;;;;308,5;;;;;;;;;;;399,7;359,3;;;;;;;;;;
Toronto;;;;;;;;;;;;;;;335,1;;;;;;;;468,4;331,3;;367,0;;;444,4;;;;;;;
Montreal;;;;;;;;;;;;;;;;;;;;;;;;346,5;423,8;;334,1;364,8;;;;;;;;
Boston;;;;;;;;;;;;;;;;;;;;;;;;;;339,6;;395,0;;;;;;;;
NewYork;;;;;;;;;;;;;;;;;;;;;;;;;;342,0;347,6;;;464,4;;;;;;
Pittsburgh;;;;;;;;;;;;;;;;;;;;;;493,7;471,4;;372,0;;;;;519,0;481,5;;;;;
Washington;;;;;;;;;;;;;;;;;;;;;;;;;;;;371,8;495,4;;621,1;;;;;
Raleigh;;;;;;;;;;;;;;;;;;;;;;;;;;;;;490,7;425,9;;;707,3;;;
Atlanta;;;;;;;;;;;;;;;;;;;;;;;;;;;;;;;;;1000,0;1000,0;1000,0;1000,0
Charleston;;;;;;;;;;;;;;;;;;;;;;;;;;;;;;;578,7;902,0;;771,8;;
Miami;;;;;;;;;;;;;;;;;;;;;;;;;;;;;;;;905,0;770,7;;798,0;
NewOrleans;;;;;;;;;;;;;;;;;;;654,3;;627,0;;;;;;;;;;;984,0;;778,7;;
Nashville;;;;;;;;;;;;;;;;;;;;;583,4;474,9;;;;;;;;;;901,0;;;;
Step_36000;Vancouver;Seattle;Calgary;Portland;Helena;SaltLakeCity;SanFrancisco;LosAngeles;LasVegas;Phoenix;SantaFe;Denver;ElPaso;Winnipeg;Duluth;Omaha;KansasCity;OklahomaCity;Houston;Dallas;LittleRock;SaintLouis;Chicago;SaultStMarie;Toronto;Montreal;Boston;NewYork;Pittsburgh;Washington;Raleigh;Atlanta;Charleston;Miami;NewOrleans;Nashville
Vancouver;;271,9;294,1;;;;;;;;;;;;;;;;;;;;;;;;;;;;;;;;;
Seattle;256,2;;304,9;299,6;328,8;;;;;;;;;;;;;;;;;;;;;;;;;;;;;;;
Calgary;259,2;281,0;;;332,6;;;;;;;;;319,6;;;;;;;;;;;;;;;;;;;;;;
Portland;;265,6;;;;336,7;342,3;;;;;;;;;;;;;;;;;;;;;;;;;;;;;
Helena;;292,1;284,5;;;335,6;;;;;;419,9;;311,4;342,8;369,3;;;;;;;;;;;;;;;;;;;;
SaltLakeCity;;;;313,0;333,9;;342,9;;364,5;;;414,0;;;;;;;;;;;;;;;;;;;;;;;;
SanFrancisco;;;;288,9;;373,0;;1021,0;;;;;;;;;;;;;;;;;;;;;;;;;;;;
LosAngeles;;;;;;;336,0;;338,1;432,5;;;1018,0;;;;;;;;;;;;;;;;;;;;;;;
LasVegas;;;;;;352,5;;394,5;;;;;;;;;;;;;;;;;;;;;;;;;;;;
Phoenix;;;;;;;;420,1;;;;451,0;527,0;;;;;;;;;;;;;;;;;;;;;;;
SantaFe;;;;;;;;;;;;449,8;555,0;;;;;443,2;;;;;;;;;;;;;;;;;;
Denver;;;;;330,4;336,3;;;;412,1;434,5;;;;;427,3;433,5;521,1;;;;;;;;;;;;;;;;;;
ElPaso;;;;;;;;446,4;;407,0;414,0;;;;;;;536,0;900,1;537,4;;;;;;;;;;;;;;;;
Winnipeg;;;283,0;;338,0;;;;;;;;;;350,4;;;;;;;;;346,8;;;;;;;;;;;;
Duluth;;;;;337,6;;;;;;;;;321,6;;;;;;;;;;;378,5;;;;;;;;;;;
Omaha;;;;;324,5;;;;;;;404,0;;;;;;;;;;;467,4;;;;;;;;;;;;;
KansasCity;;;;;;;;;;;;372,8;;;;;;;;;;540,1;;;;;;;;;;;;;;
OklahomaCity;;;;;;;;;;;426,3;432,9;466,6;;;;;;;;648,1;;;;;;;;;;;;;;;
Houston;;;;;;;;;;;;;496,1;;;;;;;;;;;;;;;;;;;;;;907,3;
Dallas;;;;;;;;;;;;;486,3;;;;;;;;626,8;;;;;;;;;;;;;;;
LittleRock;;;;;;;;;;;;;;;;;;487,8;;524,1;;599,4;;;;;;;;;;;;;768,4;684,2
SaintLouis;;;;;;;;;;;;;;;;;482,4;;;;576,6;;492,6;;;;;;481,1;;;;;;;700,7
Chicago;;;;;;;;;;;;;;;;394,6;;;;;;595,7;;;373,4;;;;489,6;;;;;;;
SaultStMarie;;;;;;;;;;;;;;317,1;;;;;;;;;;;388,2;356,8;;;;;;;;;;
Toronto;;;;;;;;;;;;;;;360,6;;;;;;;;487,0;333,9;;354,5;;;459,7;;;;;;;
Montreal;;;;;;;;;;;;;;;;;;;;;;;;350,7;404,4;;352,7;395,0;;;;;;;;
Boston;;;;;;;;;;;;;;;;;;;;;;;;;;339,2;;423,5;;;;;;;;
NewYork;;;;;;;;;;;;;;;;;;;;;;;;;;348,0;341,8;;;479,1;;;;;;
Pittsburgh;;;;;;;;;;;;;;;;;;;;;;494,9;427,5;;410,0;;;;;488,6;531,5;;;;;
Washington;;;;;;;;;;;;;;;;;;;;;;;;;;;;405,9;481,2;;607,3;;;;;
Raleigh;;;;;;;;;;;;;;;;;;;;;;;;;;;;;475,2;513,9;;;697,7;;;
Atlanta;;;;;;;;;;;;;;;;;;;;;;;;;;;;;;;;;1000,0;1000,0;1000,0;1000,0
Charleston;;;;;;;;;;;;;;;;;;;;;;;;;;;;;;;533,0;902,0;;775,5;;
Miami;;;;;;;;;;;;;;;;;;;;;;;;;;;;;;;;905,0;729,9;;782,2;
NewOrleans;;;;;;;;;;;;;;;;;;;655,8;;567,5;;;;;;;;;;;1004,0;;796,6;;
Nashville;;;;;;;;;;;;;;;;;;;;;610,7;609,4;;;;;;;;;;901,0;;;;
Step_40000;Vancouver;Seattle;Calgary;Portland;Helena;SaltLakeCity;SanFrancisco;LosAngeles;LasVegas;Phoenix;SantaFe;Denver;ElPaso;Winnipeg;Duluth;Omaha;KansasCity;OklahomaCity;Houston;Dallas;LittleRock;SaintLouis;Chicago;SaultStMarie;Toronto;Montreal;Boston;NewYork;Pittsburgh;Washington;Raleigh;Atlanta;Charleston;Miami;NewOrleans;Nashville
Vancouver;;286,5;273,0;;;;;;;;;;;;;;;;;;;;;;;;;;;;;;;;;
Seattle;252,1;;270,1;292,0;339,8;;;;;;;;;;;;;;;;;;;;;;;;;;;;;;;
Calgary;259,8;293,8;;;301,2;;;;;;;;;302,2;;;;;;;;;;;;;;;;;;;;;;
Portland;;279,9;;;;338,0;334,9;;;;;;;;;;;;;;;;;;;;;;;;;;;;;
Helena;;302,3;283,3;;;331,8;;;;;;387,0;;300,1;347,0;404,0;;;;;;;;;;;;;;;;;;;;
SaltLakeCity;;;;285,6;339,8;;308,3;;351,2;;;376,1;;;;;;;;;;;;;;;;;;;;;;;;
SanFrancisco;;;;305,4;;307,5;;993,2;;;;;;;;;;;;;;;;;;;;;;;;;;;;
LosAngeles;;;;;;;301,6;;346,3;418,8;;;976,7;;;;;;;;;;;;;;;;;;;;;;;
LasVegas;;;;;;344,7;;403,7;;;;;;;;;;;;;;;;;;;;;;;;;;;;
Phoenix;;;;;;;;420,1;;;;417,4;492,5;;;;;;;;;;;;;;;;;;;;;;;
SantaFe;;;;;;;;;;;;406,1;486,2;;;;;431,6;;;;;;;;;;;;;;;;;;
Denver;;;;;337,5;341,7;;;;397,9;417,8;;;;;401,6;404,5;427,5;;;;;;;;;;;;;;;;;;
ElPaso;;;;;;;;381,5;;405,2;420,0;;;;;;;505,5;895,1;497,5;;;;;;;;;;;;;;;;
Winnipeg;;;276,6;;317,1;;;;;;;;;;324,5;;;;;;;;;336,9;;;;;;;;;;;;
Duluth;;;;;331,2;;;;;;;;;306,1;;;;;;;;;;;433,8;;;;;;;;;;;
Omaha;;;;;350,7;;;;;;;374,7;;;;;;;;;;;478,8;;;;;;;;;;;;;
KansasCity;;;;;;;;;;;;397,4;;;;;;;;;;471,7;;;;;;;;;;;;;;
OklahomaCity;;;;;;;;;;;421,5;361,1;435,7;;;;;;;;571,6;;;;;;;;;;;;;;;
Houston;;;;;;;;;;;;;468,1;;;;;;;;;;;;;;;;;;;;;;1006,0;
Dallas;;;;;;;;;;;;;464,9;;;;;;;;581,2;;;;;;;;;;;;;;;
LittleRock;;;;;;;;;;;;;;;;;;468,3;;482,1;;540,8;;;;;;;;;;;;;734,9;612,0
SaintLouis;;;;;;;;;;;;;;;;;424,1;;;;560,2;;440,8;;;;;;503,8;;;;;;;620,9
Chicago;;;;;;;;;;;;;;;;408,2;;;;;;564,0;;;388,4;;;;472,6;;;;;;;
SaultStMarie;;;;;;;;;;;;;;308,2;;;;;;;;;;;381,8;350,4;;;;;;;;;;
Toronto;;;;;;;;;;;;;;;323,5;;;;;;;;474,2;335,1;;350,3;;;478,9;;;;;;;
Montreal;;;;;;;;;;;;;;;;;;;;;;;;348,7;360,6;;351,2;395,0;;;;;;;;
Boston;;;;;;;;;;;;;;;;;;;;;;;;;;358,1;;418,4;;;;;;;;
NewYork;;;;;;;;;;;;;;;;;;;;;;;;;;352,0;360,5;;;501,3;;;;;;
Pittsburgh;;;;;;;;;;;;;;;;;;;;;;544,5;472,1;;393,0;;;;;461,3;532,6;;;;;
Washington;;;;;;;;;;;;;;;;;;;;;;;;;;;;409,5;435,7;;555,5;;;;;
Raleigh;;;;;;;;;;;;;;;;;;;;;;;;;;;;;487,6;494,4;;;746,9;;;
Atlanta;;;;;;;;;;;;;;;;;;;;;;;;;;;;;;;;;1000,0;1000,0;1000,0;1000,0
Charleston;;;;;;;;;;;;;;;;;;;;;;;;;;;;;;;668,7;902,0;;787,4;;
Miami;;;;;;;;;;;;;;;;;;;;;;;;;;;;;;;;905,0;741,7;;773,8;
NewOrleans;;;;;;;;;;;;;;;;;;;584,6;;644,0;;;;;;;;;;;984,0;;760,2;;
Nashville;;;;;;;;;;;;;;;;;;;;;571,1;581,6;;;;;;;;;;901,0;;;;
Step_4000;Vancouver;Seattle;Calgary;Portland;Helena;SaltLakeCity;SanFrancisco;LosAngeles;LasVegas;Phoenix;SantaFe;Denver;ElPaso;Winnipeg;Duluth;Omaha;KansasCity;OklahomaCity;Houston;Dallas;LittleRock;SaintLouis;Chicago;SaultStMarie;Toronto;Montreal;Boston;NewYork;Pittsburgh;Washington;Raleigh;Atlanta;Charleston;Miami;NewOrleans;Nashville
Vancouver;;267,5;243,7;;;;;;;;;;;;;;;;;;;;;;;;;;;;;;;;;
Seattle;229,4;;252,4;297,7;324,4;;;;;;;;;;;;;;;;;;;;;;;;;;;;;;;
Calgary;212,4;225,3;;;324,3;;;;;;;;;246,1;;;;;;;;;;;;;;;;;;;;;;
Portland;;254,9;;;;332,8;372,6;;;;;;;;;;;;;;;;;;;;;;;;;;;;;
Helena;;276,3;271,6;;;330,5;;;;;;429,5;;254,6;232,1;395,5;;;;;;;;;;;;;;;;;;;;
SaltLakeCity;;;;273,4;340,2;;321,1;;353,0;;;377,2;;;;;;;;;;;;;;;;;;;;;;;;
SanFrancisco;;;;302,3;;333,9;;996,0;;;;;;;;;;;;;;;;;;;;;;;;;;;;
LosAngeles;;;;;;;365,2;;344,2;434,2;;;992,1;;;;;;;;;;;;;;;;;;;;;;;
LasVegas;;;;;;337,1;;420,8;;;;;;;;;;;;;;;;;;;;;;;;;;;;
Phoenix;;;;;;;;402,4;;;;365,2;537,9;;;;;;;;;;;;;;;;;;;;;;;
SantaFe;;;;;;;;;;;;394,0;522,2;;;;;431,3;;;;;;;;;;;;;;;;;;
Denver;;;;;328,7;346,6;;;;397,5;403,1;;;;;421,0;479,4;512,6;;;;;;;;;;;;;;;;;;
ElPaso;;;;;;;;441,4;;427,3;438,7;;;;;;;528,9;980,8;519,1;;;;;;;;;;;;;;;;
Winnipeg;;;207,4;;347,9;;;;;;;;;;188,5;;;;;;;;;194,5;;;;;;;;;;;;
Duluth;;;;;289,7;;;;;;;;;230,6;;;;;;;;;;;346,2;;;;;;;;;;;
Omaha;;;;;327,0;;;;;;;389,4;;;;;;;;;;;489,2;;;;;;;;;;;;;
KansasCity;;;;;;;;;;;;358,0;;;;;;;;;;566,1;;;;;;;;;;;;;;
OklahomaCity;;;;;;;;;;;419,6;409,7;481,8;;;;;;;;642,2;;;;;;;;;;;;;;;
Houston;;;;;;;;;;;;;509,1;;;;;;;;;;;;;;;;;;;;;;944,3;
Dallas;;;;;;;;;;;;;482,5;;;;;;;;596,3;;;;;;;;;;;;;;;
LittleRock;;;;;;;;;;;;;;;;;;543,3;;528,4;;473,5;;;;;;;;;;;;;713,8;760,0
SaintLouis;;;;;;;;;;;;;;;;;475,9;;;;602,9;;476,4;;;;;;357,0;;;;;;;731,4
Chicago;;;;;;;;;;;;;;;;385,1;;;;;;634,3;;;335,1;;;;392,8;;;;;;;
SaultStMarie;;;;;;;;;;;;;;75,4;;;;;;;;;;;338,4;114,2;;;;;;;;;;
Toronto;;;;;;;;;;;;;;;273,0;;;;;;;;433,1;162,2;;164,0;;;405,5;;;;;;;
Montreal;;;;;;;;;;;;;;;;;;;;;;;;24,1;342,1;;51,5;20,7;;;;;;;;
Boston;;;;;;;;;;;;;;;;;;;;;;;;;;158,4;;10,5;;;;;;;;
NewYork;;;;;;;;;;;;;;;;;;;;;;;;;;187,2;29,1;;;28,6;;;;;;
Pittsburgh;;;;;;;;;;;;;;;;;;;;;;619,3;502,5;;386,3;;;;;305,0;433,1;;;;;
Washington;;;;;;;;;;;;;;;;;;;;;;;;;;;;96,2;440,3;;278,1;;;;;
Raleigh;;;;;;;;;;;;;;;;;;;;;;;;;;;;;349,0;150,0;;;662,5;;;
Atlanta;;;;;;;;;;;;;;;;;;;;;;;;;;;;;;;;;1000,0;1000,0;1000,0;1000,0
Charleston;;;;;;;;;;;;;;;;;;;;;;;;;;;;;;;443,5;902,0;;645,9;;
Miami;;;;;;;;;;;;;;;;;;;;;;;;;;;;;;;;905,0;706,6;;751,1;
NewOrleans;;;;;;;;;;;;;;;;;;;589,6;;643,5;;;;;;;;;;;1004,0;;772,6;;
Nashville;;;;;;;;;;;;;;;;;;;;;622,3;525,3;;;;;;;;;;901,0;;;;
Step_8000;Vancouver;Seattle;Calgary;Portland;Helena;SaltLakeCity;SanFrancisco;LosAngeles;LasVegas;Phoenix;SantaFe;Denver;ElPaso;Winnipeg;Duluth;Omaha;KansasCity;OklahomaCity;Houston;Dallas;LittleRock;SaintLouis;Chicago;SaultStMarie;Toronto;Montreal;Boston;NewYork;Pittsburgh;Washington;Raleigh;Atlanta;Charleston;Miami;NewOrleans;Nashville
Vancouver;;286,1;263,4;;;;;;;;;;;;;;;;;;;;;;;;;;;;;;;;;
Seattle;250,8;;277,2;287,2;317,1;;;;;;;;;;;;;;;;;;;;;;;;;;;;;;;
Calgary;251,9;273,4;;;353,7;;;;;;;;;270,9;;;;;;;;;;;;;;;;;;;;;;
Portland;;268,9;;;;352,7;328,3;;;;;;;;;;;;;;;;;;;;;;;;;;;;;
Helena;;269,1;302,7;;;350,1;;;;;;413,8;;271,1;319,0;364,1;;;;;;;;;;;;;;;;;;;;
SaltLakeCity;;;;306,4;332,7;;348,0;;355,1;;;410,3;;;;;;;;;;;;;;;;;;;;;;;;
SanFrancisco;;;;303,7;;343,3;;980,9;;;;;;;;;;;;;;;;;;;;;;;;;;;;
LosAngeles;;;;;;;328,6;;351,8;410,6;;;908,2;;;;;;;;;;;;;;;;;;;;;;;
LasVegas;;;;;;341,6;;425,6;;;;;;;;;;;;;;;;;;;;;;;;;;;;
Phoenix;;;;;;;;409,4;;;;397,3;473,7;;;;;;;;;;;;;;;;;;;;;;;
SantaFe;;;;;;;;;;;;394,4;519,6;;;;;443,7;;;;;;;;;;;;;;;;;;
Denver;;;;;315,6;345,0;;;;413,5;388,4;;;;;402,7;443,5;492,2;;;;;;;;;;;;;;;;;;
ElPaso;;;;;;;;414,4;;409,1;388,9;;;;;;;513,8;987,6;514,3;;;;;;;;;;;;;;;;
Winnipeg;;;266,4;;323,2;;;;;;;;;;308,7;;;;;;;;;276,9;;;;;;;;;;;;
Duluth;;;;;329,2;;;;;;;;;258,8;;;;;;;;;;;378,4;;;;;;;;;;;
Omaha;;;;;320,0;;;;;;;416,9;;;;;;;;;;;457,6;;;;;;;;;;;;;
KansasCity;;;;;;;;;;;;394,0;;;;;;;;;;480,8;;;;;;;;;;;;;;
OklahomaCity;;;;;;;;;;;458,4;390,3;606,5;;;;;;;;593,2;;;;;;;;;;;;;;;
Houston;;;;;;;;;;;;;477,8;;;;;;;;;;;;;;;;;;;;;;982,3;
Dallas;;;;;;;;;;;;;501,2;;;;;;;;568,8;;;;;;;;;;;;;;;
LittleRock;;;;;;;;;;;;;;;;;;471,5;;520,0;;509,5;;;;;;;;;;;;;703,1;669,2
SaintLouis;;;;;;;;;;;;;;;;;452,4;;;;591,2;;438,7;;;;;;471,3;;;;;;;758,1
Chicago;;;;;;;;;;;;;;;;368,8;;;;;;468,0;;;393,0;;;;496,1;;;;;;;
SaultStMarie;;;;;;;;;;;;;;169,6;;;;;;;;;;;361,9;236,3;;;;;;;;;;
Toronto;;;;;;;;;;;;;;;277,2;;;;;;;;437,5;274,6;;237,2;;;413,6;;;;;;;
Montreal;;;;;;;;;;;;;;;;;;;;;;;;50,8;406,8;;121,1;128,3;;;;;;;;
Boston;;;;;;;;;;;;;;;;;;;;;;;;;;203,9;;51,6;;;;;;;;
NewYork;;;;;;;;;;;;;;;;;;;;;;;;;;209,5;93,5;;;262,5;;;;;;
Pittsburgh;;;;;;;;;;;;;;;;;;;;;;513,0;455,8;;373,2;;;;;368,6;574,9;;;;;
Washington;;;;;;;;;;;;;;;;;;;;;;;;;;;;248,6;448,4;;447,9;;;;;
Raleigh;;;;;;;;;;;;;;;;;;;;;;;;;;;;;460,4;352,0;;;758,5;;;
Atlanta;;;;;;;;;;;;;;;;;;;;;;;;;;;;;;;;;1000,0;1000,0;1000,0;1000,0
Charleston;;;;;;;;;;;;;;;;;;;;;;;;;;;;;;;433,3;902,0;;796,0;;
Miami;;;;;;;;;;;;;;;;;;;;;;;;;;;;;;;;905,0;781,8;;775,4;
NewOrleans;;;;;;;;;;;;;;;;;;;648,0;;618,7;;;;;;;;;;;984,0;;781,2;;
Nashville;;;;;;;;;;;;;;;;;;;;;562,4;579,5;;;;;;;;;;901,0;;;;
Step_12000;Vancouver;Seattle;Calgary;Portland;Helena;SaltLakeCity;SanFrancisco;LosAngeles;LasVegas;Phoenix;SantaFe;Denver;ElPaso;Winnipeg;Duluth;Omaha;KansasCity;OklahomaCity;Houston;Dallas;LittleRock;SaintLouis;Chicago;SaultStMarie;Toronto;Montreal;Boston;NewYork;Pittsburgh;Washington;Raleigh;Atlanta;Charleston;Miami;NewOrleans;Nashville
Vancouver;;274,9;279,4;;;;;;;;;;;;;;;;;;;;;;;;;;;;;;;;;
Seattle;257,1;;287,8;306,1;318,7;;;;;;;;;;;;;;;;;;;;;;;;;;;;;;;
Calgary;261,9;287,0;;;337,7;;;;;;;;;300,6;;;;;;;;;;;;;;;;;;;;;;
Portland;;273,8;;;;328,2;329,3;;;;;;;;;;;;;;;;;;;;;;;;;;;;;
Helena;;296,5;290,3;;;357,4;;;;;;417,6;;300,7;304,2;408,1;;;;;;;;;;;;;;;;;;;;
SaltLakeCity;;;;322,4;352,8;;443,2;;350,3;;;413,6;;;;;;;;;;;;;;;;;;;;;;;;
SanFrancisco;;;;297,4;;361,2;;995,8;;;;;;;;;;;;;;;;;;;;;;;;;;;;
LosAngeles;;;;;;;343,0;;344,5;418,1;;;991,1;;;;;;;;;;;;;;;;;;;;;;;
LasVegas;;;;;;368,3;;399,2;;;;;;;;;;;;;;;;;;;;;;;;;;;;
Phoenix;;;;;;;;390,5;;;;425,1;482,3;;;;;;;;;;;;;;;;;;;;;;;
SantaFe;;;;;;;;;;;;398,9;508,0;;;;;499,8;;;;;;;;;;;;;;;;;;
Denver;;;;;355,0;343,1;;;;424,2;449,0;;;;;403,3;458,6;440,7;;;;;;;;;;;;;;;;;;
ElPaso;;;;;;;;407,3;;422,8;448,2;;;;;;;486,0;974,8;490,8;;;;;;;;;;;;;;;;
Winnipeg;;;300,7;;324,0;;;;;;;;;;308,5;;;;;;;;;282,2;;;;;;;;;;;;
Duluth;;;;;312,7;;;;;;;;;305,6;;;;;;;;;;;341,3;;;;;;;;;;;
Omaha;;;;;354,3;;;;;;;417,0;;;;;;;;;;;465,3;;;;;;;;;;;;;
KansasCity;;;;;;;;;;;;428,6;;;;;;;;;;477,8;;;;;;;;;;;;;;
OklahomaCity;;;;;;;;;;;442,6;409,1;484,7;;;;;;;;535,9;;;;;;;;;;;;;;;
Houston;;;;;;;;;;;;;517,4;;;;;;;;;;;;;;;;;;;;;;911,2;
Dallas;;;;;;;;;;;;;437,5;;;;;;;;502,0;;;;;;;;;;;;;;;
LittleRock;;;;;;;;;;;;;;;;;;449,0;;468,0;;550,2;;;;;;;;;;;;;604,5;740,6
SaintLouis;;;;;;;;;;;;;;;;;451,8;;;;628,1;;496,3;;;;;;487,8;;;;;;;606,3
Chicago;;;;;;;;;;;;;;;;430,7;;;;;;561,8;;;389,2;;;;459,9;;;;;;;
SaultStMarie;;;;;;;;;;;;;;288,8;;;;;;;;;;;356,2;268,0;;;;;;;;;;
Toronto;;;;;;;;;;;;;;;303,2;;;;;;;;408,2;272,1;;269,7;;;405,8;;;;;;;
Montreal;;;;;;;;;;;;;;;;;;;;;;;;164,0;326,4;;173,3;372,8;;;;;;;;
Boston;;;;;;;;;;;;;;;;;;;;;;;;;;231,6;;138,8;;;;;;;;
NewYork;;;;;;;;;;;;;;;;;;;;;;;;;;257,1;147,9;;;495,4;;;;;;
Pittsburgh;;;;;;;;;;;;;;;;;;;;;;510,8;451,6;;346,4;;;;;455,7;577,2;;;;;
Washington;;;;;;;;;;;;;;;;;;;;;;;;;;;;348,7;496,7;;630,0;;;;;
Raleigh;;;;;;;;;;;;;;;;;;;;;;;;;;;;;519,5;476,4;;;760,1;;;
Atlanta;;;;;;;;;;;;;;;;;;;;;;;;;;;;;;;;;1000,0;1000,0;1000,0;1000,0
Charleston;;;;;;;;;;;;;;;;;;;;;;;;;;;;;;;635,3;902,0;;779,4;;
Miami;;;;;;;;;;;;;;;;;;;;;;;;;;;;;;;;905,0;797,8;;765,2;
NewOrleans;;;;;;;;;;;;;;;;;;;575,5;;588,8;;;;;;;;;;;1004,0;;773,4;;
Nashville;;;;;;;;;;;;;;;;;;;;;602,9;513,4;;;;;;;;;;901,0;;;;
Step_16000;Vancouver;Seattle;Calgary;Portland;Helena;SaltLakeCity;SanFrancisco;LosAngeles;LasVegas;Phoenix;SantaFe;Denver;ElPaso;Winnipeg;Duluth;Omaha;KansasCity;OklahomaCity;Houston;Dallas;LittleRock;SaintLouis;Chicago;SaultStMarie;Toronto;Montreal;Boston;NewYork;Pittsburgh;Washington;Raleigh;Atlanta;Charleston;Miami;NewOrleans;Nashville
Vancouver;;271,1;290,9;;;;;;;;;;;;;;;;;;;;;;;;;;;;;;;;;
Seattle;258,0;;299,5;306,3;345,8;;;;;;;;;;;;;;;;;;;;;;;;;;;;;;;
Calgary;263,6;289,7;;;339,4;;;;;;;;;300,8;;;;;;;;;;;;;;;;;;;;;;
Portland;;284,9;;;;373,6;340,7;;;;;;;;;;;;;;;;;;;;;;;;;;;;;
Helena;;280,9;272,3;;;343,5;;;;;;438,5;;305,4;361,7;383,7;;;;;;;;;;;;;;;;;;;;
SaltLakeCity;;;;317,4;338,3;;344,1;;355,8;;;436,5;;;;;;;;;;;;;;;;;;;;;;;;
SanFrancisco;;;;324,9;;349,5;;880,5;;;;;;;;;;;;;;;;;;;;;;;;;;;;
LosAngeles;;;;;;;339,2;;350,3;1018,0;;;434,6;;;;;;;;;;;;;;;;;;;;;;;
LasVegas;;;;;;321,2;;411,9;;;;;;;;;;;;;;;;;;;;;;;;;;;;
Phoenix;;;;;;;;352,1;;;;395,4;1015,0;;;;;;;;;;;;;;;;;;;;;;;
SantaFe;;;;;;;;;;;;407,2;494,4;;;;;429,4;;;;;;;;;;;;;;;;;;
Denver;;;;;342,9;332,4;;;;382,0;432,1;;;;;356,6;439,4;510,6;;;;;;;;;;;;;;;;;;
ElPaso;;;;;;;;412,0;;440,7;430,8;;;;;;;465,2;977,3;480,5;;;;;;;;;;;;;;;;
Winnipeg;;;300,2;;328,7;;;;;;;;;;329,5;;;;;;;;;295,0;;;;;;;;;;;;
Duluth;;;;;331,4;;;;;;;;;283,6;;;;;;;;;;;445,6;;;;;;;;;;;
Omaha;;;;;319,9;;;;;;;407,3;;;;;;;;;;;451,9;;;;;;;;;;;;;
KansasCity;;;;;;;;;;;;397,4;;;;;;;;;;564,6;;;;;;;;;;;;;;
OklahomaCity;;;;;;;;;;;441,3;412,0;433,3;;;;;;;;574,1;;;;;;;;;;;;;;;
Houston;;;;;;;;;;;;;477,7;;;;;;;;;;;;;;;;;;;;;;925,2;
Dallas;;;;;;;;;;;;;569,5;;;;;;;;575,4;;;;;;;;;;;;;;;
LittleRock;;;;;;;;;;;;;;;;;;479,7;;499,3;;592,4;;;;;;;;;;;;;757,3;705,1
SaintLouis;;;;;;;;;;;;;;;;;523,4;;;;549,9;;520,1;;;;;;506,6;;;;;;;804,7
Chicago;;;;;;;;;;;;;;;;395,5;;;;;;613,1;;;400,7;;;;518,8;;;;;;;
SaultStMarie;;;;;;;;;;;;;;298,9;;;;;;;;;;;394,3;261,0;;;;;;;;;;
Toronto;;;;;;;;;;;;;;;317,1;;;;;;;;445,7;323,4;;251,5;;;512,2;;;;;;;
Montreal;;;;;;;;;;;;;;;;;;;;;;;;263,5;294,4;;201,7;364,9;;;;;;;;
Boston;;;;;;;;;;;;;;;;;;;;;;;;;;282,3;;283,3;;;;;;;;
NewYork;;;;;;;;;;;;;;;;;;;;;;;;;;292,5;221,4;;;513,7;;;;;;
Pittsburgh;;;;;;;;;;;;;;;;;;;;;;488,5;461,0;;423,6;;;;;531,8;634,4;;;;;
Washington;;;;;;;;;;;;;;;;;;;;;;;;;;;;368,2;498,3;;540,3;;;;;
Raleigh;;;;;;;;;;;;;;;;;;;;;;;;;;;;;462,8;477,7;;;742,6;;;
Atlanta;;;;;;;;;;;;;;;;;;;;;;;;;;;;;;;;;1000,0;1000,0;1000,0;1000,0
Charleston;;;;;;;;;;;;;;;;;;;;;;;;;;;;;;;599,0;902,0;;780,9;;
Miami;;;;;;;;;;;;;;;;;;;;;;;;;;;;;;;;905,0;685,4;;807,8;
NewOrleans;;;;;;;;;;;;;;;;;;;666,7;;634,7;;;;;;;;;;;984,0;;777,1;;
Nashville;;;;;;;;;;;;;;;;;;;;;564,5;541,9;;;;;;;;;;901,0;;;;
Step_20000;Vancouver;Seattle;Calgary;Portland;Helena;SaltLakeCity;SanFrancisco;LosAngeles;LasVegas;Phoenix;SantaFe;Denver;ElPaso;Winnipeg;Duluth;Omaha;KansasCity;OklahomaCity;Houston;Dallas;LittleRock;SaintLouis;Chicago;SaultStMarie;Toronto;Montreal;Boston;NewYork;Pittsburgh;Washington;Raleigh;Atlanta;Charleston;Miami;NewOrleans;Nashville
Vancouver;;269,4;286,5;;;;;;;;;;;;;;;;;;;;;;;;;;;;;;;;;
Seattle;251,4;;286,1;262,6;346,5;;;;;;;;;;;;;;;;;;;;;;;;;;;;;;;
Calgary;260,9;294,1;;;335,6;;;;;;;;;300,5;;;;;;;;;;;;;;;;;;;;;;
Portland;;292,3;;;;326,0;331,1;;;;;;;;;;;;;;;;;;;;;;;;;;;;;
Helena;;272,3;297,4;;;344,4;;;;;;418,4;;292,1;344,8;395,9;;;;;;;;;;;;;;;;;;;;
SaltLakeCity;;;;314,1;352,0;;312,7;;363,9;;;390,0;;;;;;;;;;;;;;;;;;;;;;;;
SanFrancisco;;;;302,2;;327,0;;995,8;;;;;;;;;;;;;;;;;;;;;;;;;;;;
LosAngeles;;;;;;;347,5;;354,1;460,4;;;991,3;;;;;;;;;;;;;;;;;;;;;;;
LasVegas;;;;;;329,8;;388,3;;;;;;;;;;;;;;;;;;;;;;;;;;;;
Phoenix;;;;;;;;364,1;;;;394,9;534,8;;;;;;;;;;;;;;;;;;;;;;;
SantaFe;;;;;;;;;;;;408,2;450,7;;;;;453,0;;;;;;;;;;;;;;;;;;
Denver;;;;;327,2;341,8;;;;416,6;422,3;;;;;384,2;496,0;419,7;;;;;;;;;;;;;;;;;;
ElPaso;;;;;;;;442,6;;428,9;416,2;;;;;;;492,9;976,0;503,7;;;;;;;;;;;;;;;;
Winnipeg;;;301,9;;336,3;;;;;;;;;;309,9;;;;;;;;;311,5;;;;;;;;;;;;
Duluth;;;;;348,4;;;;;;;;;297,4;;;;;;;;;;;412,1;;;;;;;;;;;
Omaha;;;;;309,3;;;;;;;416,9;;;;;;;;;;;469,2;;;;;;;;;;;;;
KansasCity;;;;;;;;;;;;394,2;;;;;;;;;;529,1;;;;;;;;;;;;;;
OklahomaCity;;;;;;;;;;;427,6;386,1;443,5;;;;;;;;613,3;;;;;;;;;;;;;;;
Houston;;;;;;;;;;;;;524,7;;;;;;;;;;;;;;;;;;;;;;917,6;
Dallas;;;;;;;;;;;;;444,6;;;;;;;;582,1;;;;;;;;;;;;;;;
LittleRock;;;;;;;;;;;;;;;;;;513,6;;511,0;;537,6;;;;;;;;;;;;;757,9;680,7
SaintLouis;;;;;;;;;;;;;;;;;430,7;;;;597,6;;451,8;;;;;;467,8;;;;;;;743,3
Chicago;;;;;;;;;;;;;;;;385,5;;;;;;548,1;;;384,8;;;;501,4;;;;;;;
SaultStMarie;;;;;;;;;;;;;;297,3;;;;;;;;;;;408,4;327,6;;;;;;;;;;
Toronto;;;;;;;;;;;;;;;319,1;;;;;;;;446,0;326,6;;343,1;;;473,3;;;;;;;
Montreal;;;;;;;;;;;;;;;;;;;;;;;;290,9;287,0;;295,7;410,7;;;;;;;;
Boston;;;;;;;;;;;;;;;;;;;;;;;;;;326,8;;360,4;;;;;;;;
NewYork;;;;;;;;;;;;;;;;;;;;;;;;;;300,1;312,0;;;441,2;;;;;;
Pittsburgh;;;;;;;;;;;;;;;;;;;;;;537,9;462,7;;381,4;;;;;471,7;514,9;;;;;
Washington;;;;;;;;;;;;;;;;;;;;;;;;;;;;375,2;492,2;;596,4;;;;;
Raleigh;;;;;;;;;;;;;;;;;;;;;;;;;;;;;499,1;435,8;;;764,0;;;
Atlanta;;;;;;;;;;;;;;;;;;;;;;;;;;;;;;;;;1000,0;1000,0;1000,0;1000,0
Charleston;;;;;;;;;;;;;;;;;;;;;;;;;;;;;;;488,9;902,0;;798,5;;
Miami;;;;;;;;;;;;;;;;;;;;;;;;;;;;;;;;905,0;710,9;;757,7;
NewOrleans;;;;;;;;;;;;;;;;;;;585,6;;624,6;;;;;;;;;;;984,0;;793,7;;
Nashville;;;;;;;;;;;;;;;;;;;;;633,3;507,1;;;;;;;;;;901,0;;;;
Step_24000;Vancouver;Seattle;Calgary;Portland;Helena;SaltLakeCity;SanFrancisco;LosAngeles;LasVegas;Phoenix;SantaFe;Denver;ElPaso;Winnipeg;Duluth;Omaha;KansasCity;OklahomaCity;Houston;Dallas;LittleRock;SaintLouis;Chicago;SaultStMarie;Toronto;Montreal;Boston;NewYork;Pittsburgh;Washington;Raleigh;Atlanta;Charleston;Miami;NewOrleans;Nashville
Vancouver;;274,0;298,3;;;;;;;;;;;;;;;;;;;;;;;;;;;;;;;;;
Seattle;251,0;;282,4;309,7;349,0;;;;;;;;;;;;;;;;;;;;;;;;;;;;;;;
Calgary;258,8;298,9;;;352,1;;;;;;;;;306,5;;;;;;;;;;;;;;;;;;;;;;
Portland;;299,2;;;;337,7;447,7;;;;;;;;;;;;;;;;;;;;;;;;;;;;;
Helena;;303,4;307,5;;;343,4;;;;;;398,1;;329,5;358,7;382,4;;;;;;;;;;;;;;;;;;;;
SaltLakeCity;;;;318,7;348,6;;332,9;;355,2;;;415,4;;;;;;;;;;;;;;;;;;;;;;;;
SanFrancisco;;;;318,1;;307,2;;976,6;;;;;;;;;;;;;;;;;;;;;;;;;;;;
LosAngeles;;;;;;;337,4;;354,1;377,3;;;884,6;;;;;;;;;;;;;;;;;;;;;;;
LasVegas;;;;;;343,7;;434,1;;;;;;;;;;;;;;;;;;;;;;;;;;;;
Phoenix;;;;;;;;371,0;;;;411,1;432,3;;;;;;;;;;;;;;;;;;;;;;;
SantaFe;;;;;;;;;;;;403,1;494,0;;;;;477,0;;;;;;;;;;;;;;;;;;
Denver;;;;;351,1;348,8;;;;412,8;449,9;;;;;378,4;513,0;424,3;;;;;;;;;;;;;;;;;;
ElPaso;;;;;;;;410,1;;383,4;427,8;;;;;;;506,2;1012,0;508,7;;;;;;;;;;;;;;;;
Winnipeg;;;297,8;;356,1;;;;;;;;;;348,4;;;;;;;;;379,0;;;;;;;;;;;;
Duluth;;;;;323,0;;;;;;;;;315,7;;;;;;;;;;;414,3;;;;;;;;;;;
Omaha;;;;;339,0;;;;;;;408,8;;;;;;;;;;;522,9;;;;;;;;;;;;;
KansasCity;;;;;;;;;;;;439,8;;;;;;;;;;561,9;;;;;;;;;;;;;;
OklahomaCity;;;;;;;;;;;430,2;377,4;472,5;;;;;;;;605,5;;;;;;;;;;;;;;;
Houston;;;;;;;;;;;;;471,5;;;;;;;;;;;;;;;;;;;;;;1006,0;
Dallas;;;;;;;;;;;;;544,9;;;;;;;;589,4;;;;;;;;;;;;;;;
LittleRock;;;;;;;;;;;;;;;;;;494,2;;546,7;;548,5;;;;;;;;;;;;;732,9;634,4
SaintLouis;;;;;;;;;;;;;;;;;489,3;;;;577,4;;465,2;;;;;;512,7;;;;;;;778,9
Chicago;;;;;;;;;;;;;;;;443,4;;;;;;603,9;;;401,2;;;;503,3;;;;;;;
SaultStMarie;;;;;;;;;;;;;;315,9;;;;;;;;;;;384,3;339,4;;;;;;;;;;
Toronto;;;;;;;;;;;;;;;341,5;;;;;;;;467,6;352,3;;338,4;;;503,9;;;;;;;
Montreal;;;;;;;;;;;;;;;;;;;;;;;;358,0;316,2;;320,3;411,9;;;;;;;;
Boston;;;;;;;;;;;;;;;;;;;;;;;;;;316,4;;414,8;;;;;;;;
NewYork;;;;;;;;;;;;;;;;;;;;;;;;;;322,0;353,1;;;491,9;;;;;;
Pittsburgh;;;;;;;;;;;;;;;;;;;;;;505,6;461,8;;370,8;;;;;485,7;595,2;;;;;
Washington;;;;;;;;;;;;;;;;;;;;;;;;;;;;415,4;469,4;;617,3;;;;;
Raleigh;;;;;;;;;;;;;;;;;;;;;;;;;;;;;537,9;476,8;;;778,4;;;
Atlanta;;;;;;;;;;;;;;;;;;;;;;;;;;;;;;;;;1000,0;1000,0;1000,0;1000,0
Charleston;;;;;;;;;;;;;;;;;;;;;;;;;;;;;;;621,0;902,0;;721,2;;
Miami;;;;;;;;;;;;;;;;;;;;;;;;;;;;;;;;905,0;786,9;;661,0;
NewOrleans;;;;;;;;;;;;;;;;;;;648,0;;593,0;;;;;;;;;;;1004,0;;735,7;;
Nashville;;;;;;;;;;;;;;;;;;;;;604,4;513,6;;;;;;;;;;901,0;;;;
Step_28000;Vancouver;Seattle;Calgary;Portland;Helena;SaltLakeCity;SanFrancisco;LosAngeles;LasVegas;Phoenix;SantaFe;Denver;ElPaso;Winnipeg;Duluth;Omaha;KansasCity;OklahomaCity;Houston;Dallas;LittleRock;SaintLouis;Chicago;SaultStMarie;Toronto;Montreal;Boston;NewYork;Pittsburgh;Washington;Raleigh;Atlanta;Charleston;Miami;NewOrleans;Nashville
Vancouver;;279,5;279,2;;;;;;;;;;;;;;;;;;;;;;;;;;;;;;;;;
Seattle;259,2;;295,9;292,5;338,7;;;;;;;;;;;;;;;;;;;;;;;;;;;;;;;
Calgary;258,9;296,4;;;350,8;;;;;;;;;289,3;;;;;;;;;;;;;;;;;;;;;;
Portland;;289,9;;;;349,7;325,4;;;;;;;;;;;;;;;;;;;;;;;;;;;;;
Helena;;289,1;283,8;;;357,6;;;;;;402,6;;299,7;359,3;428,5;;;;;;;;;;;;;;;;;;;;
SaltLakeCity;;;;301,7;369,6;;324,7;;336,8;;;401,8;;;;;;;;;;;;;;;;;;;;;;;;
SanFrancisco;;;;298,0;;335,7;;996,0;;;;;;;;;;;;;;;;;;;;;;;;;;;;
LosAngeles;;;;;;;327,8;;339,9;405,9;;;992,2;;;;;;;;;;;;;;;;;;;;;;;
LasVegas;;;;;;340,4;;400,8;;;;;;;;;;;;;;;;;;;;;;;;;;;;
Phoenix;;;;;;;;376,1;;;;386,7;500,2;;;;;;;;;;;;;;;;;;;;;;;
SantaFe;;;;;;;;;;;;420,4;452,8;;;;;514,6;;;;;;;;;;;;;;;;;;
Denver;;;;;376,7;354,2;;;;421,0;434,6;;;;;434,6;439,9;478,3;;;;;;;;;;;;;;;;;;
ElPaso;;;;;;;;366,8;;385,7;435,7;;;;;;;458,9;981,1;468,7;;;;;;;;;;;;;;;;
Winnipeg;;;273,0;;330,7;;;;;;;;;;346,6;;;;;;;;;325,5;;;;;;;;;;;;
Duluth;;;;;351,9;;;;;;;;;309,5;;;;;;;;;;;407,4;;;;;;;;;;;
Omaha;;;;;351,3;;;;;;;399,1;;;;;;;;;;;515,6;;;;;;;;;;;;;
KansasCity;;;;;;;;;;;;400,5;;;;;;;;;;609,2;;;;;;;;;;;;;;
OklahomaCity;;;;;;;;;;;422,0;419,5;439,1;;;;;;;;621,8;;;;;;;;;;;;;;;
Houston;;;;;;;;;;;;;484,4;;;;;;;;;;;;;;;;;;;;;;946,0;
Dallas;;;;;;;;;;;;;468,4;;;;;;;;560,7;;;;;;;;;;;;;;;
LittleRock;;;;;;;;;;;;;;;;;;433,5;;455,4;;561,3;;;;;;;;;;;;;777,7;680,1
SaintLouis;;;;;;;;;;;;;;;;;469,0;;;;597,5;;501,3;;;;;;541,9;;;;;;;712,0
Chicago;;;;;;;;;;;;;;;;411,2;;;;;;597,8;;;396,3;;;;516,1;;;;;;;
SaultStMarie;;;;;;;;;;;;;;305,2;;;;;;;;;;;358,9;328,9;;;;;;;;;;
Toronto;;;;;;;;;;;;;;;354,4;;;;;;;;475,0;325,6;;327,5;;;434,8;;;;;;;
Montreal;;;;;;;;;;;;;;;;;;;;;;;;338,2;369,1;;337,2;362,6;;;;;;;;
Boston;;;;;;;;;;;;;;;;;;;;;;;;;;334,5;;391,6;;;;;;;;
NewYork;;;;;;;;;;;;;;;;;;;;;;;;;;342,9;327,9;;;474,4;;;;;;
Pittsburgh;;;;;;;;;;;;;;;;;;;;;;506,3;462,3;;391,5;;;;;444,5;649,2;;;;;
Washington;;;;;;;;;;;;;;;;;;;;;;;;;;;;373,0;469,8;;602,7;;;;;
Raleigh;;;;;;;;;;;;;;;;;;;;;;;;;;;;;519,5;464,9;;;775,7;;;
Atlanta;;;;;;;;;;;;;;;;;;;;;;;;;;;;;;;;;1000,0;1000,0;1000,0;1000,0
Charleston;;;;;;;;;;;;;;;;;;;;;;;;;;;;;;;570,7;902,0;;765,2;;
Miami;;;;;;;;;;;;;;;;;;;;;;;;;;;;;;;;905,0;771,3;;727,8;
NewOrleans;;;;;;;;;;;;;;;;;;;620,0;;603,0;;;;;;;;;;;1004,0;;782,2;;
Nashville;;;;;;;;;;;;;;;;;;;;;593,0;503,1;;;;;;;;;;901,0;;;;
Step_32000;Vancouver;Seattle;Calgary;Portland;Helena;SaltLakeCity;SanFrancisco;LosAngeles;LasVegas;Phoenix;SantaFe;Denver;ElPaso;Winnipeg;Duluth;Omaha;KansasCity;OklahomaCity;Houston;Dallas;LittleRock;SaintLouis;Chicago;SaultStMarie;Toronto;Montreal;Boston;NewYork;Pittsburgh;Washington;Raleigh;Atlanta;Charleston;Miami;NewOrleans;Nashville
Vancouver;;277,5;290,2;;;;;;;;;;;;;;;;;;;;;;;;;;;;;;;;;
Seattle;254,3;;296,5;312,2;310,2;;;;;;;;;;;;;;;;;;;;;;;;;;;;;;;
Calgary;255,2;293,3;;;358,1;;;;;;;;;315,0;;;;;;;;;;;;;;;;;;;;;;
Portland;;279,4;;;;359,9;357,3;;;;;;;;;;;;;;;;;;;;;;;;;;;;;
Helena;;268,1;290,0;;;361,0;;;;;;397,9;;311,0;336,9;392,0;;;;;;;;;;;;;;;;;;;;
SaltLakeCity;;;;321,9;351,1;;376,1;;358,2;;;410,5;;;;;;;;;;;;;;;;;;;;;;;;
SanFrancisco;;;;320,4;;348,4;;901,6;;;;;;;;;;;;;;;;;;;;;;;;;;;;
LosAngeles;;;;;;;341,7;;369,1;467,7;;;1018,0;;;;;;;;;;;;;;;;;;;;;;;
LasVegas;;;;;;343,7;;441,8;;;;;;;;;;;;;;;;;;;;;;;;;;;;
Phoenix;;;;;;;;386,1;;;;432,3;610,7;;;;;;;;;;;;;;;;;;;;;;;
SantaFe;;;;;;;;;;;;412,6;493,8;;;;;487,4;;;;;;;;;;;;;;;;;;
Denver;;;;;318,3;349,7;;;;443,2;419,3;;;;;392,8;504,0;468,7;;;;;;;;;;;;;;;;;;
ElPaso;;;;;;;;452,4;;453,7;435,4;;;;;;;498,0;987,6;505,6;;;;;;;;;;;;;;;;
Winnipeg;;;289,0;;328,0;;;;;;;;;;333,9;;;;;;;;;326,8;;;;;;;;;;;;
Duluth;;;;;334,2;;;;;;;;;302,7;;;;;;;;;;;391,5;;;;;;;;;;;
Omaha;;;;;333,2;;;;;;;401,9;;;;;;;;;;;486,5;;;;;;;;;;;;;
KansasCity;;;;;;;;;;;;383,4;;;;;;;;;;590,0;;;;;;;;;;;;;;
OklahomaCity;;;;;;;;;;;450,2;427,1;477,7;;;;;;;;633,4;;;;;;;;;;;;;;;
Houston;;;;;;;;;;;;;557,0;;;;;;;;;;;;;;;;;;;;;;982,3;
Dallas;;;;;;;;;;;;;486,1;;;;;;;;625,7;;;;;;;;;;;;;;;
LittleRock;;;;;;;;;;;;;;;;;;509,7;;497,2;;532,9;;;;;;;;;;;;;790,5;726,9
SaintLouis;;;;;;;;;;;;;;;;;517,2;;;;622,4;;497,0;;;;;;498,0;;;;;;;737,4
Chicago;;;;;;;;;;;;;;;;429,5;;;;;;583,3;;;426,6;;;;510,4;;;;;;;
SaultStMarie;;;;;;;;;;;;;;316,5;;;;;;;;;;;382,8;335,6;;;;;;;;;;
Toronto;;;;;;;;;;;;;;;368,8;;;;;;;;448,7;339,2;;369,5;;;474,3;;;;;;;
Montreal;;;;;;;;;;;;;;;;;;;;;;;;330,5;441,9;;358,4;359,5;;;;;;;;
Boston;;;;;;;;;;;;;;;;;;;;;;;;;;351,6;;424,8;;;;;;;;
NewYork;;;;;;;;;;;;;;;;;;;;;;;;;;355,1;358,2;;;480,1;;;;;;
Pittsburgh;;;;;;;;;;;;;;;;;;;;;;549,5;443,3;;369,5;;;;;539,9;630,8;;;;;
Washington;;;;;;;;;;;;;;;;;;;;;;;;;;;;401,9;502,5;;619,0;;;;;
Raleigh;;;;;;;;;;;;;;;;;;;;;;;;;;;;;511,6;495,2;;;790,2;;;
Atlanta;;;;;;;;;;;;;;;;;;;;;;;;;;;;;;;;;1000,0;1000,0;1000,0;1000,0
Charleston;;;;;;;;;;;;;;;;;;;;;;;;;;;;;;;633,1;902,0;;781,8;;
Miami;;;;;;;;;;;;;;;;;;;;;;;;;;;;;;;;905,0;725,8;;754,0;
NewOrleans;;;;;;;;;;;;;;;;;;;588,0;;621,5;;;;;;;;;;;984,0;;752,9;;
Nashville;;;;;;;;;;;;;;;;;;;;;608,9;551,9;;;;;;;;;;901,0;;;;
Step_36000;Vancouver;Seattle;Calgary;Portland;Helena;SaltLakeCity;SanFrancisco;LosAngeles;LasVegas;Phoenix;SantaFe;Denver;ElPaso;Winnipeg;Duluth;Omaha;KansasCity;OklahomaCity;Houston;Dallas;LittleRock;SaintLouis;Chicago;SaultStMarie;Toronto;Montreal;Boston;NewYork;Pittsburgh;Washington;Raleigh;Atlanta;Charleston;Miami;NewOrleans;Nashville
Vancouver;;283,1;267,8;;;;;;;;;;;;;;;;;;;;;;;;;;;;;;;;;
Seattle;245,8;;285,5;309,7;342,3;;;;;;;;;;;;;;;;;;;;;;;;;;;;;;;
Calgary;258,7;282,7;;;305,1;;;;;;;;;303,1;;;;;;;;;;;;;;;;;;;;;;
Portland;;290,9;;;;333,6;428,3;;;;;;;;;;;;;;;;;;;;;;;;;;;;;
Helena;;292,9;257,0;;;329,3;;;;;;357,1;;304,8;345,0;395,6;;;;;;;;;;;;;;;;;;;;
SaltLakeCity;;;;288,2;331,5;;352,1;;358,6;;;369,9;;;;;;;;;;;;;;;;;;;;;;;;
SanFrancisco;;;;321,9;;352,3;;880,8;;;;;;;;;;;;;;;;;;;;;;;;;;;;
LosAngeles;;;;;;;355,5;;352,0;389,6;;;1018,0;;;;;;;;;;;;;;;;;;;;;;;
LasVegas;;;;;;340,2;;434,9;;;;;;;;;;;;;;;;;;;;;;;;;;;;
Phoenix;;;;;;;;411,8;;;;413,5;440,5;;;;;;;;;;;;;;;;;;;;;;;
SantaFe;;;;;;;;;;;;422,1;480,0;;;;;467,9;;;;;;;;;;;;;;;;;;
Denver;;;;;299,5;334,4;;;;437,3;427,8;;;;;358,5;376,4;503,9;;;;;;;;;;;;;;;;;;
ElPaso;;;;;;;;421,0;;390,9;435,0;;;;;;;498,7;987,6;525,7;;;;;;;;;;;;;;;;
Winnipeg;;;282,2;;356,2;;;;;;;;;;318,1;;;;;;;;;346,9;;;;;;;;;;;;
Duluth;;;;;338,1;;;;;;;;;308,7;;;;;;;;;;;386,3;;;;;;;;;;;
Omaha;;;;;328,8;;;;;;;421,0;;;;;;;;;;;459,6;;;;;;;;;;;;;
KansasCity;;;;;;;;;;;;351,8;;;;;;;;;;544,0;;;;;;;;;;;;;;
OklahomaCity;;;;;;;;;;;422,5;411,5;574,5;;;;;;;;593,4;;;;;;;;;;;;;;;
Houston;;;;;;;;;;;;;437,8;;;;;;;;;;;;;;;;;;;;;;982,3;
Dallas;;;;;;;;;;;;;483,2;;;;;;;;557,2;;;;;;;;;;;;;;;
LittleRock;;;;;;;;;;;;;;;;;;496,0;;524,0;;501,1;;;;;;;;;;;;;744,5;627,3
SaintLouis;;;;;;;;;;;;;;;;;391,7;;;;563,1;;457,5;;;;;;468,1;;;;;;;730,4
Chicago;;;;;;;;;;;;;;;;378,5;;;;;;507,8;;;396,1;;;;483,8;;;;;;;
SaultStMarie;;;;;;;;;;;;;;299,1;;;;;;;;;;;402,6;361,6;;;;;;;;;;
Toronto;;;;;;;;;;;;;;;329,5;;;;;;;;431,6;351,2;;355,4;;;442,0;;;;;;;
Montreal;;;;;;;;;;;;;;;;;;;;;;;;337,0;396,9;;355,3;378,2;;;;;;;;
Boston;;;;;;;;;;;;;;;;;;;;;;;;;;351,6;;414,5;;;;;;;;
NewYork;;;;;;;;;;;;;;;;;;;;;;;;;;355,9;363,1;;;534,1;;;;;;
Pittsburgh;;;;;;;;;;;;;;;;;;;;;;557,7;411,9;;412,4;;;;;466,3;537,6;;;;;
Washington;;;;;;;;;;;;;;;;;;;;;;;;;;;;408,7;459,7;;648,9;;;;;
Raleigh;;;;;;;;;;;;;;;;;;;;;;;;;;;;;476,7;489,1;;;762,7;;;
Atlanta;;;;;;;;;;;;;;;;;;;;;;;;;;;;;;;;;1000,0;1000,0;1000,0;1000,0
Charleston;;;;;;;;;;;;;;;;;;;;;;;;;;;;;;;581,3;902,0;;797,5;;
Miami;;;;;;;;;;;;;;;;;;;;;;;;;;;;;;;;905,0;742,1;;779,2;
NewOrleans;;;;;;;;;;;;;;;;;;;619,4;;590,8;;;;;;;;;;;984,0;;807,5;;
Nashville;;;;;;;;;;;;;;;;;;;;;595,8;572,2;;;;;;;;;;901,0;;;;
Step_40000;Vancouver;Seattle;Calgary;Portland;Helena;SaltLakeCity;SanFrancisco;LosAngeles;LasVegas;Phoenix;SantaFe;Denver;ElPaso;Winnipeg;Duluth;Omaha;KansasCity;OklahomaCity;Houston;Dallas;LittleRock;SaintLouis;Chicago;SaultStMarie;Toronto;Montreal;Boston;NewYork;Pittsburgh;Washington;Raleigh;Atlanta;Charleston;Miami;NewOrleans;Nashville
Vancouver;;282,9;297,7;;;;;;;;;;;;;;;;;;;;;;;;;;;;;;;;;
Seattle;260,7;;286,5;301,8;333,5;;;;;;;;;;;;;;;;;;;;;;;;;;;;;;;
Calgary;263,9;297,4;;;350,7;;;;;;;;;304,7;;;;;;;;;;;;;;;;;;;;;;
Portland;;266,3;;;;343,9;293,7;;;;;;;;;;;;;;;;;;;;;;;;;;;;;
Helena;;299,4;308,1;;;350,5;;;;;;380,0;;302,9;346,8;388,6;;;;;;;;;;;;;;;;;;;;
SaltLakeCity;;;;278,0;359,9;;354,0;;394,5;;;376,8;;;;;;;;;;;;;;;;;;;;;;;;
SanFrancisco;;;;282,6;;350,7;;896,7;;;;;;;;;;;;;;;;;;;;;;;;;;;;
LosAngeles;;;;;;;352,2;;374,6;440,7;;;1018,0;;;;;;;;;;;;;;;;;;;;;;;
LasVegas;;;;;;340,7;;425,3;;;;;;;;;;;;;;;;;;;;;;;;;;;;
Phoenix;;;;;;;;447,1;;;;405,8;577,7;;;;;;;;;;;;;;;;;;;;;;;
SantaFe;;;;;;;;;;;;366,5;517,4;;;;;466,3;;;;;;;;;;;;;;;;;;
Denver;;;;;346,8;350,6;;;;413,8;451,0;;;;;397,9;457,4;484,5;;;;;;;;;;;;;;;;;;
ElPaso;;;;;;;;416,6;;426,8;416,1;;;;;;;489,0;901,4;557,2;;;;;;;;;;;;;;;;
Winnipeg;;;301,4;;317,0;;;;;;;;;;294,2;;;;;;;;;356,7;;;;;;;;;;;;
Duluth;;;;;330,9;;;;;;;;;305,1;;;;;;;;;;;398,5;;;;;;;;;;;
Omaha;;;;;344,7;;;;;;;408,1;;;;;;;;;;;454,4;;;;;;;;;;;;;
KansasCity;;;;;;;;;;;;404,2;;;;;;;;;;572,2;;;;;;;;;;;;;;
OklahomaCity;;;;;;;;;;;454,1;407,7;510,9;;;;;;;;591,2;;;;;;;;;;;;;;;
Houston;;;;;;;;;;;;;503,6;;;;;;;;;;;;;;;;;;;;;;1006,0;
Dallas;;;;;;;;;;;;;518,3;;;;;;;;636,9;;;;;;;;;;;;;;;
LittleRock;;;;;;;;;;;;;;;;;;496,9;;543,7;;598,8;;;;;;;;;;;;;615,1;721,1
SaintLouis;;;;;;;;;;;;;;;;;483,1;;;;596,4;;452,4;;;;;;492,2;;;;;;;672,2
Chicago;;;;;;;;;;;;;;;;417,5;;;;;;544,0;;;426,2;;;;506,6;;;;;;;
SaultStMarie;;;;;;;;;;;;;;307,3;;;;;;;;;;;401,0;357,3;;;;;;;;;;
Toronto;;;;;;;;;;;;;;;329,7;;;;;;;;471,7;337,3;;354,4;;;455,9;;;;;;;
Montreal;;;;;;;;;;;;;;;;;;;;;;;;337,5;393,9;;353,4;372,7;;;;;;;;
Boston;;;;;;;;;;;;;;;;;;;;;;;;;;362,2;;418,6;;;;;;;;
NewYork;;;;;;;;;;;;;;;;;;;;;;;;;;351,0;365,9;;;482,7;;;;;;
Pittsburgh;;;;;;;;;;;;;;;;;;;;;;540,0;461,4;;378,9;;;;;440,5;664,9;;;;;
Washington;;;;;;;;;;;;;;;;;;;;;;;;;;;;404,6;531,3;;572,1;;;;;
Raleigh;;;;;;;;;;;;;;;;;;;;;;;;;;;;;514,6;502,7;;;784,3;;;
Atlanta;;;;;;;;;;;;;;;;;;;;;;;;;;;;;;;;;1000,0;1000,0;1000,0;1000,0
Charleston;;;;;;;;;;;;;;;;;;;;;;;;;;;;;;;648,6;902,0;;776,1;;
Miami;;;;;;;;;;;;;;;;;;;;;;;;;;;;;;;;905,0;783,4;;719,8;
NewOrleans;;;;;;;;;;;;;;;;;;;592,1;;562,7;;;;;;;;;;;1004,0;;774,8;;
Nashville;;;;;;;;;;;;;;;;;;;;;600,6;562,9;;;;;;;;;;901,0;;;;
Step_4000;Vancouver;Seattle;Calgary;Portland;Helena;SaltLakeCity;SanFrancisco;LosAngeles;LasVegas;Phoenix;SantaFe;Denver;ElPaso;Winnipeg;Duluth;Omaha;KansasCity;OklahomaCity;Houston;Dallas;LittleRock;SaintLouis;Chicago;SaultStMarie;Toronto;Montreal;Boston;NewYork;Pittsburgh;Washington;Raleigh;Atlanta;Charleston;Miami;NewOrleans;Nashville
Vancouver;;276,3;200,2;;;;;;;;;;;;;;;;;;;;;;;;;;;;;;;;;
Seattle;218,1;;186,8;304,8;305,7;;;;;;;;;;;;;;;;;;;;;;;;;;;;;;;
Calgary;184,8;229,3;;;267,3;;;;;;;;;173,9;;;;;;;;;;;;;;;;;;;;;;
Portland;;278,3;;;;318,3;355,5;;;;;;;;;;;;;;;;;;;;;;;;;;;;;
Helena;;261,7;214,8;;;354,8;;;;;;383,5;;242,3;233,3;376,5;;;;;;;;;;;;;;;;;;;;
SaltLakeCity;;;;315,4;336,4;;336,4;;341,5;;;412,9;;;;;;;;;;;;;;;;;;;;;;;;
SanFrancisco;;;;316,8;;325,6;;996,2;;;;;;;;;;;;;;;;;;;;;;;;;;;;
LosAngeles;;;;;;;330,7;;362,4;435,0;;;993,4;;;;;;;;;;;;;;;;;;;;;;;
LasVegas;;;;;;323,2;;389,8;;;;;;;;;;;;;;;;;;;;;;;;;;;;
Phoenix;;;;;;;;436,0;;;;430,8;479,9;;;;;;;;;;;;;;;;;;;;;;;
SantaFe;;;;;;;;;;;;400,0;492,9;;;;;489,2;;;;;;;;;;;;;;;;;;
Denver;;;;;330,3;354,6;;;;401,3;452,8;;;;;420,6;445,3;503,1;;;;;;;;;;;;;;;;;;
ElPaso;;;;;;;;413,8;;421,5;434,6;;;;;;;495,7;987,6;529,0;;;;;;;;;;;;;;;;
Winnipeg;;;192,2;;329,4;;;;;;;;;;179,3;;;;;;;;;97,9;;;;;;;;;;;;
Duluth;;;;;296,0;;;;;;;;;187,9;;;;;;;;;;;130,6;;;;;;;;;;;
Omaha;;;;;304,6;;;;;;;415,8;;;;;;;;;;;511,1;;;;;;;;;;;;;
KansasCity;;;;;;;;;;;;393,3;;;;;;;;;;484,1;;;;;;;;;;;;;;
OklahomaCity;;;;;;;;;;;445,5;379,5;540,1;;;;;;;;574,1;;;;;;;;;;;;;;;
Houston;;;;;;;;;;;;;519,0;;;;;;;;;;;;;;;;;;;;;;982,3;
Dallas;;;;;;;;;;;;;572,7;;;;;;;;586,3;;;;;;;;;;;;;;;
LittleRock;;;;;;;;;;;;;;;;;;481,2;;542,8;;556,7;;;;;;;;;;;;;661,4;690,2
SaintLouis;;;;;;;;;;;;;;;;;435,9;;;;562,2;;499,3;;;;;;416,7;;;;;;;699,6
Chicago;;;;;;;;;;;;;;;;405,4;;;;;;542,3;;;293,4;;;;451,2;;;;;;;
SaultStMarie;;;;;;;;;;;;;;147,8;;;;;;;;;;;108,1;63,4;;;;;;;;;;
Toronto;;;;;;;;;;;;;;;123,3;;;;;;;;464,3;60,4;;43,3;;;206,4;;;;;;;
Montreal;;;;;;;;;;;;;;;;;;;;;;;;82,2;172,2;;22,3;4,0;;;;;;;;
Boston;;;;;;;;;;;;;;;;;;;;;;;;;;44,8;;11,7;;;;;;;;
NewYork;;;;;;;;;;;;;;;;;;;;;;;;;;9,4;22,3;;;34,1;;;;;;
Pittsburgh;;;;;;;;;;;;;;;;;;;;;;587,1;478,2;;238,0;;;;;253,0;392,6;;;;;
Washington;;;;;;;;;;;;;;;;;;;;;;;;;;;;21,1;145,5;;494,4;;;;;
Raleigh;;;;;;;;;;;;;;;;;;;;;;;;;;;;;286,7;210,6;;;739,5;;;
Atlanta;;;;;;;;;;;;;;;;;;;;;;;;;;;;;;;;;1000,0;1000,0;1000,0;1000,0
Charleston;;;;;;;;;;;;;;;;;;;;;;;;;;;;;;;331,7;902,0;;762,3;;
Miami;;;;;;;;;;;;;;;;;;;;;;;;;;;;;;;;905,0;723,8;;717,8;
NewOrleans;;;;;;;;;;;;;;;;;;;602,5;;610,7;;;;;;;;;;;984,0;;759,8;;
Nashville;;;;;;;;;;;;;;;;;;;;;619,7;477,3;;;;;;;;;;901,0;;;;
Step_8000;Vancouver;Seattle;Calgary;Portland;Helena;SaltLakeCity;SanFrancisco;LosAngeles;LasVegas;Phoenix;SantaFe;Denver;ElPaso;Winnipeg;Duluth;Omaha;KansasCity;OklahomaCity;Houston;Dallas;LittleRock;SaintLouis;Chicago;SaultStMarie;Toronto;Montreal;Boston;NewYork;Pittsburgh;Washington;Raleigh;Atlanta;Charleston;Miami;NewOrleans;Nashville
Vancouver;;284,7;245,9;;;;;;;;;;;;;;;;;;;;;;;;;;;;;;;;;
Seattle;242,3;;294,0;300,3;329,4;;;;;;;;;;;;;;;;;;;;;;;;;;;;;;;
Calgary;238,8;275,1;;;317,1;;;;;;;;;253,6;;;;;;;;;;;;;;;;;;;;;;
Portland;;288,2;;;;350,6;331,4;;;;;;;;;;;;;;;;;;;;;;;;;;;;;
Helena;;293,5;275,6;;;344,6;;;;;;423,5;;274,6;309,7;363,1;;;;;;;;;;;;;;;;;;;;
SaltLakeCity;;;;309,5;328,0;;352,6;;364,3;;;372,1;;;;;;;;;;;;;;;;;;;;;;;;
SanFrancisco;;;;296,1;;337,9;;1021,0;;;;;;;;;;;;;;;;;;;;;;;;;;;;
LosAngeles;;;;;;;356,7;;354,6;439,7;;;1018,0;;;;;;;;;;;;;;;;;;;;;;;
LasVegas;;;;;;358,4;;405,6;;;;;;;;;;;;;;;;;;;;;;;;;;;;
Phoenix;;;;;;;;422,3;;;;394,0;490,5;;;;;;;;;;;;;;;;;;;;;;;
SantaFe;;;;;;;;;;;;393,4;490,8;;;;;480,4;;;;;;;;;;;;;;;;;;
Denver;;;;;331,6;341,3;;;;453,7;443,9;;;;;363,6;458,3;529,9;;;;;;;;;;;;;;;;;;
ElPaso;;;;;;;;439,2;;403,0;449,4;;;;;;;454,4;1012,0;491,5;;;;;;;;;;;;;;;;
Winnipeg;;;259,0;;358,1;;;;;;;;;;284,7;;;;;;;;;218,3;;;;;;;;;;;;
Duluth;;;;;330,2;;;;;;;;;240,8;;;;;;;;;;;303,2;;;;;;;;;;;
Omaha;;;;;329,2;;;;;;;386,1;;;;;;;;;;;401,7;;;;;;;;;;;;;
KansasCity;;;;;;;;;;;;417,9;;;;;;;;;;553,7;;;;;;;;;;;;;;
OklahomaCity;;;;;;;;;;;436,9;438,4;458,7;;;;;;;;588,1;;;;;;;;;;;;;;;
Houston;;;;;;;;;;;;;532,5;;;;;;;;;;;;;;;;;;;;;;1006,0;
Dallas;;;;;;;;;;;;;469,0;;;;;;;;609,0;;;;;;;;;;;;;;;
LittleRock;;;;;;;;;;;;;;;;;;485,5;;533,2;;538,7;;;;;;;;;;;;;659,7;693,9
SaintLouis;;;;;;;;;;;;;;;;;464,8;;;;596,5;;423,8;;;;;;446,9;;;;;;;703,8
Chicago;;;;;;;;;;;;;;;;384,5;;;;;;533,4;;;344,2;;;;452,9;;;;;;;
SaultStMarie;;;;;;;;;;;;;;274,8;;;;;;;;;;;117,2;138,3;;;;;;;;;;
Toronto;;;;;;;;;;;;;;;260,7;;;;;;;;481,6;220,7;;189,9;;;428,2;;;;;;;
Montreal;;;;;;;;;;;;;;;;;;;;;;;;96,0;369,1;;63,2;39,7;;;;;;;;
Boston;;;;;;;;;;;;;;;;;;;;;;;;;;159,4;;67,7;;;;;;;;
NewYork;;;;;;;;;;;;;;;;;;;;;;;;;;54,3;31,6;;;279,5;;;;;;
Pittsburgh;;;;;;;;;;;;;;;;;;;;;;528,4;458,6;;334,6;;;;;459,1;580,1;;;;;
Washington;;;;;;;;;;;;;;;;;;;;;;;;;;;;168,5;373,9;;596,7;;;;;
Raleigh;;;;;;;;;;;;;;;;;;;;;;;;;;;;;495,1;421,7;;;783,3;;;
Atlanta;;;;;;;;;;;;;;;;;;;;;;;;;;;;;;;;;1000,0;1000,0;1000,0;1000,0
Charleston;;;;;;;;;;;;;;;;;;;;;;;;;;;;;;;515,3;902,0;;799,1;;
Miami;;;;;;;;;;;;;;;;;;;;;;;;;;;;;;;;905,0;785,5;;801,5;
NewOrleans;;;;;;;;;;;;;;;;;;;659,5;;579,6;;;;;;;;;;;1004,0;;776,4;;
Nashville;;;;;;;;;;;;;;;;;;;;;604,4;585,7;;;;;;;;;;901,0;;;;
Step_12000;Vancouver;Seattle;Calgary;Portland;Helena;SaltLakeCity;SanFrancisco;LosAngeles;LasVegas;Phoenix;SantaFe;Denver;ElPaso;Winnipeg;Duluth;Omaha;KansasCity;OklahomaCity;Houston;Dallas;LittleRock;SaintLouis;Chicago;SaultStMarie;Toronto;Montreal;Boston;NewYork;Pittsburgh;Washington;Raleigh;Atlanta;Charleston;Miami;NewOrleans;Nashville
Vancouver;;271,8;297,3;;;;;;;;;;;;;;;;;;;;;;;;;;;;;;;;;
Seattle;257,5;;282,2;308,4;348,6;;;;;;;;;;;;;;;;;;;;;;;;;;;;;;;
Calgary;261,8;278,7;;;351,2;;;;;;;;;280,4;;;;;;;;;;;;;;;;;;;;;;
Portland;;304,9;;;;332,8;370,0;;;;;;;;;;;;;;;;;;;;;;;;;;;;;
Helena;;298,0;282,1;;;341,6;;;;;;413,7;;279,8;308,5;364,1;;;;;;;;;;;;;;;;;;;;
SaltLakeCity;;;;314,7;358,8;;325,2;;339,1;;;398,3;;;;;;;;;;;;;;;;;;;;;;;;
SanFrancisco;;;;321,2;;336,5;;996,2;;;;;;;;;;;;;;;;;;;;;;;;;;;;
LosAngeles;;;;;;;349,6;;326,5;439,7;;;993,4;;;;;;;;;;;;;;;;;;;;;;;
LasVegas;;;;;;322,8;;380,5;;;;;;;;;;;;;;;;;;;;;;;;;;;;
Phoenix;;;;;;;;358,8;;;;384,4;501,2;;;;;;;;;;;;;;;;;;;;;;;
SantaFe;;;;;;;;;;;;405,4;454,2;;;;;474,6;;;;;;;;;;;;;;;;;;
Denver;;;;;356,2;321,9;;;;437,7;444,9;;;;;387,4;450,8;487,3;;;;;;;;;;;;;;;;;;
ElPaso;;;;;;;;429,5;;412,6;423,1;;;;;;;487,6;987,6;524,3;;;;;;;;;;;;;;;;
Winnipeg;;;270,5;;348,7;;;;;;;;;;299,1;;;;;;;;;261,0;;;;;;;;;;;;
Duluth;;;;;329,3;;;;;;;;;270,4;;;;;;;;;;;303,9;;;;;;;;;;;
Omaha;;;;;362,7;;;;;;;403,5;;;;;;;;;;;460,9;;;;;;;;;;;;;
KansasCity;;;;;;;;;;;;409,3;;;;;;;;;;502,6;;;;;;;;;;;;;;
OklahomaCity;;;;;;;;;;;441,4;423,7;492,7;;;;;;;;616,9;;;;;;;;;;;;;;;
Houston;;;;;;;;;;;;;469,9;;;;;;;;;;;;;;;;;;;;;;982,3;
Dallas;;;;;;;;;;;;;510,4;;;;;;;;638,3;;;;;;;;;;;;;;;
LittleRock;;;;;;;;;;;;;;;;;;465,0;;511,1;;541,8;;;;;;;;;;;;;767,1;649,5
SaintLouis;;;;;;;;;;;;;;;;;436,5;;;;616,2;;469,7;;;;;;423,9;;;;;;;695,8
Chicago;;;;;;;;;;;;;;;;415,4;;;;;;543,3;;;309,0;;;;502,7;;;;;;;
SaultStMarie;;;;;;;;;;;;;;300,0;;;;;;;;;;;239,5;259,8;;;;;;;;;;
Toronto;;;;;;;;;;;;;;;297,6;;;;;;;;457,2;249,1;;206,8;;;409,3;;;;;;;
Montreal;;;;;;;;;;;;;;;;;;;;;;;;120,9;398,6;;135,7;155,8;;;;;;;;
Boston;;;;;;;;;;;;;;;;;;;;;;;;;;229,3;;154,1;;;;;;;;
NewYork;;;;;;;;;;;;;;;;;;;;;;;;;;54,3;145,6;;;442,5;;;;;;
Pittsburgh;;;;;;;;;;;;;;;;;;;;;;486,7;461,6;;307,7;;;;;390,0;556,9;;;;;
Washington;;;;;;;;;;;;;;;;;;;;;;;;;;;;360,3;463,1;;536,0;;;;;
Raleigh;;;;;;;;;;;;;;;;;;;;;;;;;;;;;539,7;469,8;;;697,5;;;
Atlanta;;;;;;;;;;;;;;;;;;;;;;;;;;;;;;;;;1000,0;1000,0;1000,0;1000,0
Charleston;;;;;;;;;;;;;;;;;;;;;;;;;;;;;;;587,6;902,0;;720,1;;
Miami;;;;;;;;;;;;;;;;;;;;;;;;;;;;;;;;905,0;742,5;;718,3;
NewOrleans;;;;;;;;;;;;;;;;;;;620,1;;627,3;;;;;;;;;;;984,0;;794,1;;
Nashville;;;;;;;;;;;;;;;;;;;;;561,4;570,3;;;;;;;;;;901,0;;;;
Step_16000;Vancouver;Seattle;Calgary;Portland;Helena;SaltLakeCity;SanFrancisco;LosAngeles;LasVegas;Phoenix;SantaFe;Denver;ElPaso;Winnipeg;Duluth;Omaha;KansasCity;OklahomaCity;Houston;Dallas;LittleRock;SaintLouis;Chicago;SaultStMarie;Toronto;Montreal;Boston;NewYork;Pittsburgh;Washington;Raleigh;Atlanta;Charleston;Miami;NewOrleans;Nashville
Vancouver;;295,2;282,2;;;;;;;;;;;;;;;;;;;;;;;;;;;;;;;;;
Seattle;258,1;;282,6;310,9;330,1;;;;;;;;;;;;;;;;;;;;;;;;;;;;;;;
Calgary;254,6;272,0;;;335,4;;;;;;;;;302,8;;;;;;;;;;;;;;;;;;;;;;
Portland;;285,4;;;;348,5;368,7;;;;;;;;;;;;;;;;;;;;;;;;;;;;;
Helena;;290,6;274,6;;;328,9;;;;;;397,8;;310,4;326,4;381,0;;;;;;;;;;;;;;;;;;;;
SaltLakeCity;;;;298,2;311,6;;372,7;;338,2;;;379,5;;;;;;;;;;;;;;;;;;;;;;;;
SanFrancisco;;;;315,0;;324,0;;1021,0;;;;;;;;;;;;;;;;;;;;;;;;;;;;
LosAngeles;;;;;;;346,7;;343,5;434,2;;;1018,0;;;;;;;;;;;;;;;;;;;;;;;
LasVegas;;;;;;346,3;;407,5;;;;;;;;;;;;;;;;;;;;;;;;;;;;
Phoenix;;;;;;;;428,3;;;;382,2;486,6;;;;;;;;;;;;;;;;;;;;;;;
SantaFe;;;;;;;;;;;;381,4;415,2;;;;;451,9;;;;;;;;;;;;;;;;;;
Denver;;;;;341,6;349,0;;;;416,7;410,6;;;;;398,0;434,6;439,0;;;;;;;;;;;;;;;;;;
ElPaso;;;;;;;;412,1;;414,2;415,3;;;;;;;498,4;1012,0;496,9;;;;;;;;;;;;;;;;
Winnipeg;;;288,2;;339,3;;;;;;;;;;321,2;;;;;;;;;328,6;;;;;;;;;;;;
Duluth;;;;;356,0;;;;;;;;;294,2;;;;;;;;;;;392,2;;;;;;;;;;;
Omaha;;;;;343,1;;;;;;;397,5;;;;;;;;;;;448,9;;;;;;;;;;;;;
KansasCity;;;;;;;;;;;;419,9;;;;;;;;;;555,8;;;;;;;;;;;;;;
OklahomaCity;;;;;;;;;;;397,3;395,2;461,0;;;;;;;;607,0;;;;;;;;;;;;;;;
Houston;;;;;;;;;;;;;469,5;;;;;;;;;;;;;;;;;;;;;;1006,0;
Dallas;;;;;;;;;;;;;479,0;;;;;;;;605,6;;;;;;;;;;;;;;;
LittleRock;;;;;;;;;;;;;;;;;;443,0;;476,1;;492,7;;;;;;;;;;;;;678,9;748,2
SaintLouis;;;;;;;;;;;;;;;;;464,5;;;;519,8;;468,8;;;;;;490,8;;;;;;;616,2
Chicago;;;;;;;;;;;;;;;;388,1;;;;;;491,0;;;413,4;;;;487,9;;;;;;;
SaultStMarie;;;;;;;;;;;;;;286,7;;;;;;;;;;;421,1;245,7;;;;;;;;;;
Toronto;;;;;;;;;;;;;;;327,5;;;;;;;;442,7;284,5;;318,4;;;524,7;;;;;;;
Montreal;;;;;;;;;;;;;;;;;;;;;;;;147,9;413,0;;184,6;159,7;;;;;;;;
Boston;;;;;;;;;;;;;;;;;;;;;;;;;;297,4;;222,4;;;;;;;;
NewYork;;;;;;;;;;;;;;;;;;;;;;;;;;115,0;217,6;;;476,9;;;;;;
Pittsburgh;;;;;;;;;;;;;;;;;;;;;;546,3;463,9;;388,0;;;;;519,3;656,9;;;;;
Washington;;;;;;;;;;;;;;;;;;;;;;;;;;;;343,7;498,4;;653,3;;;;;
Raleigh;;;;;;;;;;;;;;;;;;;;;;;;;;;;;500,3;517,1;;;720,1;;;
Atlanta;;;;;;;;;;;;;;;;;;;;;;;;;;;;;;;;;1000,0;1000,0;1000,0;1000,0
Charleston;;;;;;;;;;;;;;;;;;;;;;;;;;;;;;;534,9;902,0;;718,9;;
Miami;;;;;;;;;;;;;;;;;;;;;;;;;;;;;;;;905,0;713,0;;754,5;
NewOrleans;;;;;;;;;;;;;;;;;;;588,7;;600,4;;;;;;;;;;;1004,0;;788,7;;
Nashville;;;;;;;;;;;;;;;;;;;;;575,7;558,8;;;;;;;;;;901,0;;;;
Step_20000;Vancouver;Seattle;Calgary;Portland;Helena;SaltLakeCity;SanFrancisco;LosAngeles;LasVegas;Phoenix;SantaFe;Denver;ElPaso;Winnipeg;Duluth;Omaha;KansasCity;OklahomaCity;Houston;Dallas;LittleRock;SaintLouis;Chicago;SaultStMarie;Toronto;Montreal;Boston;NewYork;Pittsburgh;Washington;Raleigh;Atlanta;Charleston;Miami;NewOrleans;Nashville
Vancouver;;284,3;277,6;;;;;;;;;;;;;;;;;;;;;;;;;;;;;;;;;
Seattle;255,3;;282,4;294,2;306,7;;;;;;;;;;;;;;;;;;;;;;;;;;;;;;;
Calgary;253,0;289,5;;;296,4;;;;;;;;;302,3;;;;;;;;;;;;;;;;;;;;;;
Portland;;264,8;;;;314,5;330,0;;;;;;;;;;;;;;;;;;;;;;;;;;;;;
Helena;;274,3;283,2;;;318,4;;;;;;393,9;;285,8;330,6;387,7;;;;;;;;;;;;;;;;;;;;
SaltLakeCity;;;;297,7;330,7;;327,4;;337,1;;;400,6;;;;;;;;;;;;;;;;;;;;;;;;
SanFrancisco;;;;299,5;;335,4;;1021,0;;;;;;;;;;;;;;;;;;;;;;;;;;;;
LosAngeles;;;;;;;307,5;;364,4;416,2;;;1018,0;;;;;;;;;;;;;;;;;;;;;;;
LasVegas;;;;;;342,0;;420,3;;;;;;;;;;;;;;;;;;;;;;;;;;;;
Phoenix;;;;;;;;375,7;;;;403,8;470,7;;;;;;;;;;;;;;;;;;;;;;;
SantaFe;;;;;;;;;;;;407,5;468,3;;;;;513,4;;;;;;;;;;;;;;;;;;
Denver;;;;;352,6;306,2;;;;376,9;434,9;;;;;382,1;425,2;463,5;;;;;;;;;;;;;;;;;;
ElPaso;;;;;;;;401,4;;434,6;431,9;;;;;;;510,6;1012,0;527,3;;;;;;;;;;;;;;;;
Winnipeg;;;273,9;;307,6;;;;;;;;;;332,5;;;;;;;;;322,6;;;;;;;;;;;;
Duluth;;;;;328,7;;;;;;;;;296,2;;;;;;;;;;;407,8;;;;;;;;;;;
Omaha;;;;;334,2;;;;;;;384,4;;;;;;;;;;;469,8;;;;;;;;;;;;;
KansasCity;;;;;;;;;;;;366,2;;;;;;;;;;550,3;;;;;;;;;;;;;;
OklahomaCity;;;;;;;;;;;416,1;383,8;469,2;;;;;;;;649,8;;;;;;;;;;;;;;;
Houston;;;;;;;;;;;;;485,1;;;;;;;;;;;;;;;;;;;;;;1006,0;
Dallas;;;;;;;;;;;;;448,6;;;;;;;;574,3;;;;;;;;;;;;;;;
LittleRock;;;;;;;;;;;;;;;;;;505,3;;523,7;;552,5;;;;;;;;;;;;;769,0;703,1
SaintLouis;;;;;;;;;;;;;;;;;456,4;;;;564,2;;473,8;;;;;;502,8;;;;;;;669,5
Chicago;;;;;;;;;;;;;;;;360,8;;;;;;565,5;;;364,7;;;;519,8;;;;;;;
SaultStMarie;;;;;;;;;;;;;;305,7;;;;;;;;;;;369,4;273,4;;;;;;;;;;
Toronto;;;;;;;;;;;;;;;332,2;;;;;;;;459,1;344,3;;328,9;;;496,3;;;;;;;
Montreal;;;;;;;;;;;;;;;;;;;;;;;;273,3;383,0;;253,3;262,1;;;;;;;;
Boston;;;;;;;;;;;;;;;;;;;;;;;;;;309,8;;290,5;;;;;;;;
NewYork;;;;;;;;;;;;;;;;;;;;;;;;;;191,0;241,5;;;507,6;;;;;;
Pittsburgh;;;;;;;;;;;;;;;;;;;;;;539,5;466,1;;406,5;;;;;524,9;639,8;;;;;
Washington;;;;;;;;;;;;;;;;;;;;;;;;;;;;346,2;491,2;;654,5;;;;;
Raleigh;;;;;;;;;;;;;;;;;;;;;;;;;;;;;465,0;452,5;;;804,2;;;
Atlanta;;;;;;;;;;;;;;;;;;;;;;;;;;;;;;;;;1000,0;1000,0;1000,0;1000,0
Charleston;;;;;;;;;;;;;;;;;;;;;;;;;;;;;;;627,1;902,0;;792,5;;
Miami;;;;;;;;;;;;;;;;;;;;;;;;;;;;;;;;905,0;725,7;;809,3;
NewOrleans;;;;;;;;;;;;;;;;;;;582,0;;623,4;;;;;;;;;;;1004,0;;770,9;;
Nashville;;;;;;;;;;;;;;;;;;;;;627,2;599,8;;;;;;;;;;901,0;;;;
Step_24000;Vancouver;Seattle;Calgary;Portland;Helena;SaltLakeCity;SanFrancisco;LosAngeles;LasVegas;Phoenix;SantaFe;Denver;ElPaso;Winnipeg;Duluth;Omaha;KansasCity;OklahomaCity;Houston;Dallas;LittleRock;SaintLouis;Chicago;SaultStMarie;Toronto;Montreal;Boston;NewYork;Pittsburgh;Washington;Raleigh;Atlanta;Charleston;Miami;NewOrleans;Nashville
Vancouver;;288,8;263,8;;;;;;;;;;;;;;;;;;;;;;;;;;;;;;;;;
Seattle;258,5;;281,3;301,7;307,0;;;;;;;;;;;;;;;;;;;;;;;;;;;;;;;
Calgary;258,8;291,1;;;325,9;;;;;;;;;311,8;;;;;;;;;;;;;;;;;;;;;;
Portland;;272,1;;;;327,9;356,1;;;;;;;;;;;;;;;;;;;;;;;;;;;;;
Helena;;296,9;276,7;;;346,9;;;;;;407,1;;289,6;343,0;368,4;;;;;;;;;;;;;;;;;;;;
SaltLakeCity;;;;310,0;319,3;;336,8;;346,9;;;404,1;;;;;;;;;;;;;;;;;;;;;;;;
SanFrancisco;;;;299,0;;318,9;;996,2;;;;;;;;;;;;;;;;;;;;;;;;;;;;
LosAngeles;;;;;;;373,1;;360,6;430,0;;;993,4;;;;;;;;;;;;;;;;;;;;;;;
LasVegas;;;;;;319,7;;406,1;;;;;;;;;;;;;;;;;;;;;;;;;;;;
Phoenix;;;;;;;;380,2;;;;379,9;495,9;;;;;;;;;;;;;;;;;;;;;;;
SantaFe;;;;;;;;;;;;401,5;486,5;;;;;464,5;;;;;;;;;;;;;;;;;;
Denver;;;;;331,1;330,4;;;;422,7;414,5;;;;;376,1;475,2;519,3;;;;;;;;;;;;;;;;;;
ElPaso;;;;;;;;391,1;;435,9;441,1;;;;;;;529,5;987,6;514,7;;;;;;;;;;;;;;;;
Winnipeg;;;276,3;;316,8;;;;;;;;;;323,6;;;;;;;;;350,7;;;;;;;;;;;;
Duluth;;;;;335,3;;;;;;;;;289,4;;;;;;;;;;;390,7;;;;;;;;;;;
Omaha;;;;;327,4;;;;;;;420,3;;;;;;;;;;;435,5;;;;;;;;;;;;;
KansasCity;;;;;;;;;;;;371,5;;;;;;;;;;626,4;;;;;;;;;;;;;;
OklahomaCity;;;;;;;;;;;395,4;418,3;495,8;;;;;;;;616,9;;;;;;;;;;;;;;;
Houston;;;;;;;;;;;;;538,6;;;;;;;;;;;;;;;;;;;;;;982,3;
Dallas;;;;;;;;;;;;;544,6;;;;;;;;557,8;;;;;;;;;;;;;;;
LittleRock;;;;;;;;;;;;;;;;;;440,6;;526,6;;608,6;;;;;;;;;;;;;645,9;743,3
SaintLouis;;;;;;;;;;;;;;;;;489,0;;;;633,5;;434,5;;;;;;481,8;;;;;;;797,9
Chicago;;;;;;;;;;;;;;;;406,0;;;;;;526,7;;;369,4;;;;499,0;;;;;;;
SaultStMarie;;;;;;;;;;;;;;299,5;;;;;;;;;;;402,0;314,3;;;;;;;;;;
Toronto;;;;;;;;;;;;;;;354,1;;;;;;;;462,5;343,2;;302,1;;;488,1;;;;;;;
Montreal;;;;;;;;;;;;;;;;;;;;;;;;328,3;413,2;;310,2;284,6;;;;;;;;
Boston;;;;;;;;;;;;;;;;;;;;;;;;;;344,1;;336,0;;;;;;;;
NewYork;;;;;;;;;;;;;;;;;;;;;;;;;;284,4;306,8;;;408,7;;;;;;
Pittsburgh;;;;;;;;;;;;;;;;;;;;;;548,5;469,1;;376,3;;;;;453,9;543,4;;;;;
Washington;;;;;;;;;;;;;;;;;;;;;;;;;;;;355,1;482,5;;528,4;;;;;
Raleigh;;;;;;;;;;;;;;;;;;;;;;;;;;;;;498,8;464,9;;;659,4;;;
Atlanta;;;;;;;;;;;;;;;;;;;;;;;;;;;;;;;;;1000,0;1000,0;1000,0;1000,0
Charleston;;;;;;;;;;;;;;;;;;;;;;;;;;;;;;;537,1;902,0;;706,8;;
Miami;;;;;;;;;;;;;;;;;;;;;;;;;;;;;;;;905,0;709,6;;672,6;
NewOrleans;;;;;;;;;;;;;;;;;;;602,0;;631,9;;;;;;;;;;;984,0;;743,1;;
Nashville;;;;;;;;;;;;;;;;;;;;;630,5;530,1;;;;;;;;;;901,0;;;;
Step_28000;Vancouver;Seattle;Calgary;Portland;Helena;SaltLakeCity;SanFrancisco;LosAngeles;LasVegas;Phoenix;SantaFe;Denver;ElPaso;Winnipeg;Duluth;Omaha;KansasCity;OklahomaCity;Houston;Dallas;LittleRock;SaintLouis;Chicago;SaultStMarie;Toronto;Montreal;Boston;NewYork;Pittsburgh;Washington;Raleigh;Atlanta;Charleston;Miami;NewOrleans;Nashville
Vancouver;;295,8;285,4;;;;;;;;;;;;;;;;;;;;;;;;;;;;;;;;;
Seattle;263,7;;276,7;310,9;320,8;;;;;;;;;;;;;;;;;;;;;;;;;;;;;;;
Calgary;259,9;297,6;;;298,1;;;;;;;;;312,4;;;;;;;;;;;;;;;;;;;;;;
Portland;;271,0;;;;339,9;342,2;;;;;;;;;;;;;;;;;;;;;;;;;;;;;
Helena;;275,5;284,4;;;321,8;;;;;;396,1;;305,2;344,5;376,8;;;;;;;;;;;;;;;;;;;;
SaltLakeCity;;;;310,3;340,0;;337,8;;353,1;;;363,6;;;;;;;;;;;;;;;;;;;;;;;;
SanFrancisco;;;;304,8;;335,9;;894,1;;;;;;;;;;;;;;;;;;;;;;;;;;;;
LosAngeles;;;;;;;340,8;;380,9;425,9;;;1018,0;;;;;;;;;;;;;;;;;;;;;;;
LasVegas;;;;;;331,7;;444,6;;;;;;;;;;;;;;;;;;;;;;;;;;;;
Phoenix;;;;;;;;411,0;;;;414,9;556,6;;;;;;;;;;;;;;;;;;;;;;;
SantaFe;;;;;;;;;;;;378,2;461,4;;;;;481,5;;;;;;;;;;;;;;;;;;
Denver;;;;;331,7;332,2;;;;401,4;431,4;;;;;400,5;406,6;473,4;;;;;;;;;;;;;;;;;;
ElPaso;;;;;;;;402,8;;406,8;427,7;;;;;;;456,8;974,3;505,1;;;;;;;;;;;;;;;;
Winnipeg;;;286,8;;325,9;;;;;;;;;;310,2;;;;;;;;;326,8;;;;;;;;;;;;
Duluth;;;;;322,6;;;;;;;;;296,4;;;;;;;;;;;410,7;;;;;;;;;;;
Omaha;;;;;322,0;;;;;;;408,1;;;;;;;;;;;462,7;;;;;;;;;;;;;
KansasCity;;;;;;;;;;;;388,8;;;;;;;;;;468,2;;;;;;;;;;;;;;
OklahomaCity;;;;;;;;;;;423,7;393,3;470,8;;;;;;;;649,6;;;;;;;;;;;;;;;
Houston;;;;;;;;;;;;;459,9;;;;;;;;;;;;;;;;;;;;;;908,4;
Dallas;;;;;;;;;;;;;480,5;;;;;;;;638,1;;;;;;;;;;;;;;;
LittleRock;;;;;;;;;;;;;;;;;;405,7;;479,0;;519,2;;;;;;;;;;;;;696,7;682,6
SaintLouis;;;;;;;;;;;;;;;;;448,8;;;;637,4;;464,9;;;;;;473,1;;;;;;;629,1
Chicago;;;;;;;;;;;;;;;;364,6;;;;;;544,7;;;413,8;;;;510,3;;;;;;;
SaultStMarie;;;;;;;;;;;;;;305,2;;;;;;;;;;;423,2;360,7;;;;;;;;;;
Toronto;;;;;;;;;;;;;;;320,2;;;;;;;;461,6;343,0;;349,3;;;476,8;;;;;;;
Montreal;;;;;;;;;;;;;;;;;;;;;;;;328,1;416,9;;318,2;305,5;;;;;;;;
Boston;;;;;;;;;;;;;;;;;;;;;;;;;;365,6;;343,1;;;;;;;;
NewYork;;;;;;;;;;;;;;;;;;;;;;;;;;328,6;316,9;;;434,5;;;;;;
Pittsburgh;;;;;;;;;;;;;;;;;;;;;;582,6;455,4;;407,0;;;;;445,2;510,7;;;;;
Washington;;;;;;;;;;;;;;;;;;;;;;;;;;;;367,3;457,5;;547,1;;;;;
Raleigh;;;;;;;;;;;;;;;;;;;;;;;;;;;;;480,4;464,9;;;694,9;;;
Atlanta;;;;;;;;;;;;;;;;;;;;;;;;;;;;;;;;;1000,0;1000,0;1000,0;1000,0
Charleston;;;;;;;;;;;;;;;;;;;;;;;;;;;;;;;571,5;902,0;;740,4;;
Miami;;;;;;;;;;;;;;;;;;;;;;;;;;;;;;;;905,0;750,0;;789,3;
NewOrleans;;;;;;;;;;;;;;;;;;;549,7;;573,5;;;;;;;;;;;1004,0;;753,7;;
Nashville;;;;;;;;;;;;;;;;;;;;;633,2;588,9;;;;;;;;;;901,0;;;;
Step_32000;Vancouver;Seattle;Calgary;Portland;Helena;SaltLakeCity;SanFrancisco;LosAngeles;LasVegas;Phoenix;SantaFe;Denver;ElPaso;Winnipeg;Duluth;Omaha;KansasCity;OklahomaCity;Houston;Dallas;LittleRock;SaintLouis;Chicago;SaultStMarie;Toronto;Montreal;Boston;NewYork;Pittsburgh;Washington;Raleigh;Atlanta;Charleston;Miami;NewOrleans;Nashville
Vancouver;;262,8;288,9;;;;;;;;;;;;;;;;;;;;;;;;;;;;;;;;;
Seattle;255,6;;298,0;311,6;338,5;;;;;;;;;;;;;;;;;;;;;;;;;;;;;;;
Calgary;250,3;301,0;;;365,2;;;;;;;;;287,7;;;;;;;;;;;;;;;;;;;;;;
Portland;;286,2;;;;330,1;334,5;;;;;;;;;;;;;;;;;;;;;;;;;;;;;
Helena;;296,1;287,4;;;342,8;;;;;;382,6;;291,7;325,2;401,9;;;;;;;;;;;;;;;;;;;;
SaltLakeCity;;;;301,4;330,9;;310,6;;354,1;;;393,0;;;;;;;;;;;;;;;;;;;;;;;;
SanFrancisco;;;;305,1;;346,2;;1021,0;;;;;;;;;;;;;;;;;;;;;;;;;;;;
LosAngeles;;;;;;;328,6;;349,1;401,1;;;1018,0;;;;;;;;;;;;;;;;;;;;;;;
LasVegas;;;;;;330,7;;396,2;;;;;;;;;;;;;;;;;;;;;;;;;;;;
Phoenix;;;;;;;;376,9;;;;390,7;447,3;;;;;;;;;;;;;;;;;;;;;;;
SantaFe;;;;;;;;;;;;380,7;436,3;;;;;461,2;;;;;;;;;;;;;;;;;;
Denver;;;;;317,9;346,4;;;;409,2;408,3;;;;;362,3;427,1;498,3;;;;;;;;;;;;;;;;;;
ElPaso;;;;;;;;371,7;;387,5;413,4;;;;;;;430,6;980,6;491,7;;;;;;;;;;;;;;;;
Winnipeg;;;286,3;;310,5;;;;;;;;;;320,2;;;;;;;;;314,0;;;;;;;;;;;;
Duluth;;;;;311,2;;;;;;;;;284,4;;;;;;;;;;;366,3;;;;;;;;;;;
Omaha;;;;;311,5;;;;;;;410,9;;;;;;;;;;;494,3;;;;;;;;;;;;;
KansasCity;;;;;;;;;;;;373,0;;;;;;;;;;538,1;;;;;;;;;;;;;;
OklahomaCity;;;;;;;;;;;422,5;396,9;552,3;;;;;;;;604,5;;;;;;;;;;;;;;;
Houston;;;;;;;;;;;;;429,5;;;;;;;;;;;;;;;;;;;;;;943,2;
Dallas;;;;;;;;;;;;;446,3;;;;;;;;544,0;;;;;;;;;;;;;;;
LittleRock;;;;;;;;;;;;;;;;;;449,3;;461,1;;602,1;;;;;;;;;;;;;739,2;592,8
SaintLouis;;;;;;;;;;;;;;;;;458,0;;;;549,2;;482,4;;;;;;482,0;;;;;;;741,1
Chicago;;;;;;;;;;;;;;;;423,1;;;;;;588,6;;;393,2;;;;471,9;;;;;;;
SaultStMarie;;;;;;;;;;;;;;305,3;;;;;;;;;;;389,8;322,4;;;;;;;;;;
Toronto;;;;;;;;;;;;;;;320,7;;;;;;;;475,1;325,7;;321,1;;;439,5;;;;;;;
Montreal;;;;;;;;;;;;;;;;;;;;;;;;332,9;340,1;;372,9;312,4;;;;;;;;
Boston;;;;;;;;;;;;;;;;;;;;;;;;;;340,0;;410,5;;;;;;;;
NewYork;;;;;;;;;;;;;;;;;;;;;;;;;;330,2;343,5;;;464,8;;;;;;
Pittsburgh;;;;;;;;;;;;;;;;;;;;;;510,9;489,3;;355,0;;;;;485,0;516,8;;;;;
Washington;;;;;;;;;;;;;;;;;;;;;;;;;;;;444,7;441,6;;609,7;;;;;
Raleigh;;;;;;;;;;;;;;;;;;;;;;;;;;;;;464,2;487,0;;;769,4;;;
Atlanta;;;;;;;;;;;;;;;;;;;;;;;;;;;;;;;;;1000,0;1000,0;1000,0;1000,0
Charleston;;;;;;;;;;;;;;;;;;;;;;;;;;;;;;;598,3;902,0;;778,2;;
Miami;;;;;;;;;;;;;;;;;;;;;;;;;;;;;;;;905,0;792,3;;744,3;
NewOrleans;;;;;;;;;;;;;;;;;;;599,4;;564,1;;;;;;;;;;;1004,0;;766,4;;
Nashville;;;;;;;;;;;;;;;;;;;;;617,5;575,7;;;;;;;;;;901,0;;;;
Step_36000;Vancouver;Seattle;Calgary;Portland;Helena;SaltLakeCity;SanFrancisco;LosAngeles;LasVegas;Phoenix;SantaFe;Denver;ElPaso;Winnipeg;Duluth;Omaha;KansasCity;OklahomaCity;Houston;Dallas;LittleRock;SaintLouis;Chicago;SaultStMarie;Toronto;Montreal;Boston;NewYork;Pittsburgh;Washington;Raleigh;Atlanta;Charleston;Miami;NewOrleans;Nashville
Vancouver;;293,1;281,6;;;;;;;;;;;;;;;;;;;;;;;;;;;;;;;;;
Seattle;263,1;;278,0;295,9;350,1;;;;;;;;;;;;;;;;;;;;;;;;;;;;;;;
Calgary;263,1;280,2;;;343,0;;;;;;;;;298,2;;;;;;;;;;;;;;;;;;;;;;
Portland;;280,9;;;;325,9;340,7;;;;;;;;;;;;;;;;;;;;;;;;;;;;;
Helena;;312,6;274,9;;;336,7;;;;;;445,5;;307,6;360,6;367,0;;;;;;;;;;;;;;;;;;;;
SaltLakeCity;;;;309,9;325,7;;326,7;;356,7;;;449,2;;;;;;;;;;;;;;;;;;;;;;;;
SanFrancisco;;;;298,0;;383,8;;1021,0;;;;;;;;;;;;;;;;;;;;;;;;;;;;
LosAngeles;;;;;;;348,0;;334,6;409,2;;;1018,0;;;;;;;;;;;;;;;;;;;;;;;
LasVegas;;;;;;339,0;;409,7;;;;;;;;;;;;;;;;;;;;;;;;;;;;
Phoenix;;;;;;;;404,8;;;;444,0;437,1;;;;;;;;;;;;;;;;;;;;;;;
SantaFe;;;;;;;;;;;;430,7;495,0;;;;;486,5;;;;;;;;;;;;;;;;;;
Denver;;;;;369,1;356,8;;;;408,4;467,7;;;;;413,6;506,6;453,9;;;;;;;;;;;;;;;;;;
ElPaso;;;;;;;;380,9;;403,2;457,6;;;;;;;471,8;1012,0;516,4;;;;;;;;;;;;;;;;
Winnipeg;;;293,8;;308,4;;;;;;;;;;331,7;;;;;;;;;348,1;;;;;;;;;;;;
Duluth;;;;;339,0;;;;;;;;;297,1;;;;;;;;;;;423,9;;;;;;;;;;;
Omaha;;;;;340,0;;;;;;;428,8;;;;;;;;;;;472,0;;;;;;;;;;;;;
KansasCity;;;;;;;;;;;;399,8;;;;;;;;;;532,1;;;;;;;;;;;;;;
OklahomaCity;;;;;;;;;;;454,3;445,6;487,3;;;;;;;;604,0;;;;;;;;;;;;;;;
Houston;;;;;;;;;;;;;492,5;;;;;;;;;;;;;;;;;;;;;;1006,0;
Dallas;;;;;;;;;;;;;486,9;;;;;;;;567,5;;;;;;;;;;;;;;;
LittleRock;;;;;;;;;;;;;;;;;;483,3;;511,6;;601,8;;;;;;;;;;;;;672,0;726,4
SaintLouis;;;;;;;;;;;;;;;;;512,3;;;;612,5;;529,0;;;;;;488,8;;;;;;;719,1
Chicago;;;;;;;;;;;;;;;;392,2;;;;;;641,7;;;444,2;;;;505,5;;;;;;;
SaultStMarie;;;;;;;;;;;;;;300,0;;;;;;;;;;;422,7;349,9;;;;;;;;;;
Toronto;;;;;;;;;;;;;;;353,0;;;;;;;;464,3;350,5;;343,0;;;538,3;;;;;;;
Montreal;;;;;;;;;;;;;;;;;;;;;;;;353,9;388,8;;345,8;362,3;;;;;;;;
Boston;;;;;;;;;;;;;;;;;;;;;;;;;;340,9;;388,3;;;;;;;;
NewYork;;;;;;;;;;;;;;;;;;;;;;;;;;339,9;338,8;;;523,1;;;;;;
Pittsburgh;;;;;;;;;;;;;;;;;;;;;;556,3;455,0;;384,6;;;;;467,2;583,4;;;;;
Washington;;;;;;;;;;;;;;;;;;;;;;;;;;;;360,8;501,2;;663,5;;;;;
Raleigh;;;;;;;;;;;;;;;;;;;;;;;;;;;;;527,5;557,7;;;750,5;;;
Atlanta;;;;;;;;;;;;;;;;;;;;;;;;;;;;;;;;;1000,0;1000,0;1000,0;1000,0
Charleston;;;;;;;;;;;;;;;;;;;;;;;;;;;;;;;643,8;902,0;;773,5;;
Miami;;;;;;;;;;;;;;;;;;;;;;;;;;;;;;;;905,0;808,2;;739,3;
NewOrleans;;;;;;;;;;;;;;;;;;;644,3;;557,0;;;;;;;;;;;1004,0;;767,2;;
Nashville;;;;;;;;;;;;;;;;;;;;;648,6;570,1;;;;;;;;;;901,0;;;;
Step_40000;Vancouver;Seattle;Calgary;Portland;Helena;SaltLakeCity;SanFrancisco;LosAngeles;LasVegas;Phoenix;SantaFe;Denver;ElPaso;Winnipeg;Duluth;Omaha;KansasCity;OklahomaCity;Houston;Dallas;LittleRock;SaintLouis;Chicago;SaultStMarie;Toronto;Montreal;Boston;NewYork;Pittsburgh;Washington;Raleigh;Atlanta;Charleston;Miami;NewOrleans;Nashville
Vancouver;;270,1;283,4;;;;;;;;;;;;;;;;;;;;;;;;;;;;;;;;;
Seattle;253,9;;287,3;312,1;358,7;;;;;;;;;;;;;;;;;;;;;;;;;;;;;;;
Calgary;257,5;296,6;;;339,1;;;;;;;;;317,7;;;;;;;;;;;;;;;;;;;;;;
Portland;;271,1;;;;336,2;437,2;;;;;;;;;;;;;;;;;;;;;;;;;;;;;
Helena;;306,8;290,8;;;342,7;;;;;;457,0;;309,8;364,3;375,3;;;;;;;;;;;;;;;;;;;;
SaltLakeCity;;;;306,0;341,7;;332,1;;337,5;;;387,1;;;;;;;;;;;;;;;;;;;;;;;;
SanFrancisco;;;;311,0;;327,1;;888,5;;;;;;;;;;;;;;;;;;;;;;;;;;;;
LosAngeles;;;;;;;471,3;;334,7;394,9;;;979,8;;;;;;;;;;;;;;;;;;;;;;;
LasVegas;;;;;;323,7;;411,5;;;;;;;;;;;;;;;;;;;;;;;;;;;;
Phoenix;;;;;;;;406,4;;;;410,1;468,0;;;;;;;;;;;;;;;;;;;;;;;
SantaFe;;;;;;;;;;;;410,3;461,8;;;;;470,8;;;;;;;;;;;;;;;;;;
Denver;;;;;348,0;329,6;;;;424,3;431,5;;;;;400,3;490,7;552,4;;;;;;;;;;;;;;;;;;
ElPaso;;;;;;;;403,2;;402,7;422,9;;;;;;;495,1;912,3;501,6;;;;;;;;;;;;;;;;
Winnipeg;;;296,9;;346,6;;;;;;;;;;333,6;;;;;;;;;356,7;;;;;;;;;;;;
Duluth;;;;;336,0;;;;;;;;;317,7;;;;;;;;;;;410,6;;;;;;;;;;;
Omaha;;;;;349,9;;;;;;;423,3;;;;;;;;;;;505,6;;;;;;;;;;;;;
KansasCity;;;;;;;;;;;;431,7;;;;;;;;;;587,3;;;;;;;;;;;;;;
OklahomaCity;;;;;;;;;;;446,0;423,3;480,6;;;;;;;;612,8;;;;;;;;;;;;;;;
Houston;;;;;;;;;;;;;564,2;;;;;;;;;;;;;;;;;;;;;;982,3;
Dallas;;;;;;;;;;;;;520,2;;;;;;;;619,6;;;;;;;;;;;;;;;
LittleRock;;;;;;;;;;;;;;;;;;462,7;;514,5;;515,9;;;;;;;;;;;;;740,1;638,6
SaintLouis;;;;;;;;;;;;;;;;;498,4;;;;610,1;;470,4;;;;;;486,4;;;;;;;676,0
Chicago;;;;;;;;;;;;;;;;426,0;;;;;;562,8;;;416,1;;;;438,3;;;;;;;
SaultStMarie;;;;;;;;;;;;;;313,5;;;;;;;;;;;418,9;334,2;;;;;;;;;;
Toronto;;;;;;;;;;;;;;;337,5;;;;;;;;486,8;338,8;;357,2;;;453,9;;;;;;;
Montreal;;;;;;;;;;;;;;;;;;;;;;;;338,0;413,7;;322,1;384,4;;;;;;;;
Boston;;;;;;;;;;;;;;;;;;;;;;;;;;345,2;;360,7;;;;;;;;
NewYork;;;;;;;;;;;;;;;;;;;;;;;;;;365,9;325,8;;;470,2;;;;;;
Pittsburgh;;;;;;;;;;;;;;;;;;;;;;541,9;470,8;;406,5;;;;;467,1;522,7;;;;;
Washington;;;;;;;;;;;;;;;;;;;;;;;;;;;;405,3;436,9;;605,2;;;;;
Raleigh;;;;;;;;;;;;;;;;;;;;;;;;;;;;;501,0;457,0;;;777,4;;;
Atlanta;;;;;;;;;;;;;;;;;;;;;;;;;;;;;;;;;1000,0;1000,0;1000,0;1000,0
Charleston;;;;;;;;;;;;;;;;;;;;;;;;;;;;;;;583,1;902,0;;754,8;;
Miami;;;;;;;;;;;;;;;;;;;;;;;;;;;;;;;;905,0;753,1;;724,9;
NewOrleans;;;;;;;;;;;;;;;;;;;599,0;;615,8;;;;;;;;;;;984,0;;746,7;;
Nashville;;;;;;;;;;;;;;;;;;;;;601,9;548,3;;;;;;;;;;901,0;;;;
Step_4000;Vancouver;Seattle;Calgary;Portland;Helena;SaltLakeCity;SanFrancisco;LosAngeles;LasVegas;Phoenix;SantaFe;Denver;ElPaso;Winnipeg;Duluth;Omaha;KansasCity;OklahomaCity;Houston;Dallas;LittleRock;SaintLouis;Chicago;SaultStMarie;Toronto;Montreal;Boston;NewYork;Pittsburgh;Washington;Raleigh;Atlanta;Charleston;Miami;NewOrleans;Nashville
Vancouver;;269,9;251,1;;;;;;;;;;;;;;;;;;;;;;;;;;;;;;;;;
Seattle;240,3;;251,7;303,4;299,0;;;;;;;;;;;;;;;;;;;;;;;;;;;;;;;
Calgary;208,3;264,9;;;324,9;;;;;;;;;218,8;;;;;;;;;;;;;;;;;;;;;;
Portland;;276,7;;;;333,3;319,3;;;;;;;;;;;;;;;;;;;;;;;;;;;;;
Helena;;278,6;252,5;;;351,7;;;;;;395,1;;263,5;272,5;423,1;;;;;;;;;;;;;;;;;;;;
SaltLakeCity;;;;292,0;318,3;;327,9;;345,2;;;1013,0;;;;;;;;;;;;;;;;;;;;;;;;
SanFrancisco;;;;302,1;;872,7;;352,9;;;;;;;;;;;;;;;;;;;;;;;;;;;;
LosAngeles;;;;;;;316,5;;367,8;;;;479,5;;;;;;;;;;;;;;;;;;;;;;;
LasVegas;;;;;;358,1;;428,0;;;;;;;;;;;;;;;;;;;;;;;;;;;;
Phoenix;;;;;;;;;;;;418,2;508,5;;;;;;;;;;;;;;;;;;;;;;;
SantaFe;;;;;;;;;;;;441,0;499,7;;;;;474,4;;;;;;;;;;;;;;;;;;
Denver;;;;;330,4;370,1;;;;445,5;464,6;;;;;392,7;468,5;1010,0;;;;;;;;;;;;;;;;;;
ElPaso;;;;;;;;439,6;;409,7;440,1;;;;;;;563,8;572,5;576,8;;;;;;;;;;;;;;;;
Winnipeg;;;232,7;;335,6;;;;;;;;;;293,1;;;;;;;;;234,9;;;;;;;;;;;;
Duluth;;;;;340,7;;;;;;;;;248,7;;;;;;;;;;;298,6;;;;;;;;;;;
Omaha;;;;;343,7;;;;;;;408,5;;;;;;;;;;;435,7;;;;;;;;;;;;;
KansasCity;;;;;;;;;;;;421,5;;;;;;;;;;568,8;;;;;;;;;;;;;;
OklahomaCity;;;;;;;;;;;427,5;374,6;521,1;;;;;;;;1006,0;;;;;;;;;;;;;;;
Houston;;;;;;;;;;;;;522,3;;;;;;;;;;;;;;;;;;;;;;767,3;
Dallas;;;;;;;;;;;;;498,8;;;;;;;;633,8;;;;;;;;;;;;;;;
LittleRock;;;;;;;;;;;;;;;;;;467,6;;525,0;;586,8;;;;;;;;;;;;;740,1;980,4
SaintLouis;;;;;;;;;;;;;;;;;498,5;;;;690,2;;464,9;;;;;;453,3;;;;;;;710,0
Chicago;;;;;;;;;;;;;;;;385,6;;;;;;552,7;;;341,2;;;;467,9;;;;;;;
SaultStMarie;;;;;;;;;;;;;;189,3;;;;;;;;;;;330,3;205,2;;;;;;;;;;
Toronto;;;;;;;;;;;;;;;275,4;;;;;;;;402,7;215,8;;215,8;;;458,3;;;;;;;
Montreal;;;;;;;;;;;;;;;;;;;;;;;;203,3;357,2;;140,9;61,7;;;;;;;;
Boston;;;;;;;;;;;;;;;;;;;;;;;;;;244,8;;89,0;;;;;;;;
NewYork;;;;;;;;;;;;;;;;;;;;;;;;;;180,1;78,5;;;94,3;;;;;;
Pittsburgh;;;;;;;;;;;;;;;;;;;;;;543,2;468,3;;370,6;;;;;295,5;454,7;;;;;
Washington;;;;;;;;;;;;;;;;;;;;;;;;;;;;108,5;455,9;;273,1;;;;;
Raleigh;;;;;;;;;;;;;;;;;;;;;;;;;;;;;436,0;225,2;;;645,7;;;
Atlanta;;;;;;;;;;;;;;;;;;;;;;;;;;;;;;;;;1000,0;1000,0;1000,0;1000,0
Charleston;;;;;;;;;;;;;;;;;;;;;;;;;;;;;;;348,2;902,0;;759,5;;
Miami;;;;;;;;;;;;;;;;;;;;;;;;;;;;;;;;905,0;767,6;;808,5;
NewOrleans;;;;;;;;;;;;;;;;;;;641,9;;559,3;;;;;;;;;;;904,0;;788,4;;
Nashville;;;;;;;;;;;;;;;;;;;;;652,2;522,5;;;;;;;;;;981,0;;;;
Step_8000;Vancouver;Seattle;Calgary;Portland;Helena;SaltLakeCity;SanFrancisco;LosAngeles;LasVegas;Phoenix;SantaFe;Denver;ElPaso;Winnipeg;Duluth;Omaha;KansasCity;OklahomaCity;Houston;Dallas;LittleRock;SaintLouis;Chicago;SaultStMarie;Toronto;Montreal;Boston;NewYork;Pittsburgh;Washington;Raleigh;Atlanta;Charleston;Miami;NewOrleans;Nashville
Vancouver;;285,0;279,5;;;;;;;;;;;;;;;;;;;;;;;;;;;;;;;;;
Seattle;258,6;;268,9;301,6;308,7;;;;;;;;;;;;;;;;;;;;;;;;;;;;;;;
Calgary;259,5;261,5;;;327,7;;;;;;;;;288,3;;;;;;;;;;;;;;;;;;;;;;
Portland;;269,7;;;;322,8;360,8;;;;;;;;;;;;;;;;;;;;;;;;;;;;;
Helena;;277,6;281,0;;;344,8;;;;;;414,1;;292,5;350,9;387,4;;;;;;;;;;;;;;;;;;;;
SaltLakeCity;;;;278,4;322,6;;348,0;;379,9;;;407,7;;;;;;;;;;;;;;;;;;;;;;;;
SanFrancisco;;;;310,3;;332,5;;1021,0;;;;;;;;;;;;;;;;;;;;;;;;;;;;
LosAngeles;;;;;;;357,5;;382,1;;;;993,4;;;;;;;;;;;;;;;;;;;;;;;
LasVegas;;;;;;341,2;;542,2;;;;;;;;;;;;;;;;;;;;;;;;;;;;
Phoenix;;;;;;;;;;;;416,8;489,3;;;;;;;;;;;;;;;;;;;;;;;
SantaFe;;;;;;;;;;;;430,8;507,3;;;;;449,7;;;;;;;;;;;;;;;;;;
Denver;;;;;322,1;351,2;;;;427,6;446,6;;;;;396,9;437,2;513,5;;;;;;;;;;;;;;;;;;
ElPaso;;;;;;;;433,0;;429,5;416,7;;;;;;;471,3;987,6;541,1;;;;;;;;;;;;;;;;
Winnipeg;;;277,4;;342,7;;;;;;;;;;327,2;;;;;;;;;305,8;;;;;;;;;;;;
Duluth;;;;;356,3;;;;;;;;;280,8;;;;;;;;;;;399,1;;;;;;;;;;;
Omaha;;;;;355,6;;;;;;;429,5;;;;;;;;;;;485,6;;;;;;;;;;;;;
KansasCity;;;;;;;;;;;;446,5;;;;;;;;;;478,3;;;;;;;;;;;;;;
OklahomaCity;;;;;;;;;;;433,3;385,4;527,8;;;;;;;;623,4;;;;;;;;;;;;;;;
Houston;;;;;;;;;;;;;458,3;;;;;;;;;;;;;;;;;;;;;;982,3;
Dallas;;;;;;;;;;;;;445,0;;;;;;;;639,1;;;;;;;;;;;;;;;
LittleRock;;;;;;;;;;;;;;;;;;522,8;;554,0;;521,0;;;;;;;;;;;;;715,3;703,5
SaintLouis;;;;;;;;;;;;;;;;;427,4;;;;577,6;;438,9;;;;;;454,7;;;;;;;728,9
Chicago;;;;;;;;;;;;;;;;382,6;;;;;;548,8;;;360,0;;;;432,3;;;;;;;
SaultStMarie;;;;;;;;;;;;;;235,1;;;;;;;;;;;350,3;227,6;;;;;;;;;;
Toronto;;;;;;;;;;;;;;;337,3;;;;;;;;433,4;299,1;;218,0;;;448,7;;;;;;;
Montreal;;;;;;;;;;;;;;;;;;;;;;;;303,5;311,9;;173,3;144,4;;;;;;;;
Boston;;;;;;;;;;;;;;;;;;;;;;;;;;244,4;;160,9;;;;;;;;
NewYork;;;;;;;;;;;;;;;;;;;;;;;;;;244,1;159,4;;;309,5;;;;;;
Pittsburgh;;;;;;;;;;;;;;;;;;;;;;629,5;424,1;;392,6;;;;;356,5;368,7;;;;;
Washington;;;;;;;;;;;;;;;;;;;;;;;;;;;;182,9;488,9;;361,2;;;;;
Raleigh;;;;;;;;;;;;;;;;;;;;;;;;;;;;;458,9;350,0;;;760,6;;;
Atlanta;;;;;;;;;;;;;;;;;;;;;;;;;;;;;;;;;1000,0;1000,0;1000,0;1000,0
Charleston;;;;;;;;;;;;;;;;;;;;;;;;;;;;;;;516,5;902,0;;781,4;;
Miami;;;;;;;;;;;;;;;;;;;;;;;;;;;;;;;;905,0;735,2;;746,3;
NewOrleans;;;;;;;;;;;;;;;;;;;620,4;;636,5;;;;;;;;;;;984,0;;810,1;;
Nashville;;;;;;;;;;;;;;;;;;;;;614,4;499,4;;;;;;;;;;901,0;;;;
Step_12000;Vancouver;Seattle;Calgary;Portland;Helena;SaltLakeCity;SanFrancisco;LosAngeles;LasVegas;Phoenix;SantaFe;Denver;ElPaso;Winnipeg;Duluth;Omaha;KansasCity;OklahomaCity;Houston;Dallas;LittleRock;SaintLouis;Chicago;SaultStMarie;Toronto;Montreal;Boston;NewYork;Pittsburgh;Washington;Raleigh;Atlanta;Charleston;Miami;NewOrleans;Nashville
Vancouver;;278,3;280,9;;;;;;;;;;;;;;;;;;;;;;;;;;;;;;;;;
Seattle;264,6;;281,0;303,6;333,2;;;;;;;;;;;;;;;;;;;;;;;;;;;;;;;
Calgary;264,7;288,6;;;343,1;;;;;;;;;311,5;;;;;;;;;;;;;;;;;;;;;;
Portland;;286,9;;;;351,3;328,0;;;;;;;;;;;;;;;;;;;;;;;;;;;;;
Helena;;283,7;294,3;;;343,7;;;;;;391,0;;297,8;307,9;376,9;;;;;;;;;;;;;;;;;;;;
SaltLakeCity;;;;301,4;350,3;;322,5;;351,9;;;393,7;;;;;;;;;;;;;;;;;;;;;;;;
SanFrancisco;;;;311,2;;348,5;;996,2;;;;;;;;;;;;;;;;;;;;;;;;;;;;
LosAngeles;;;;;;;340,8;;352,2;;;;993,4;;;;;;;;;;;;;;;;;;;;;;;
LasVegas;;;;;;339,1;;384,4;;;;;;;;;;;;;;;;;;;;;;;;;;;;
Phoenix;;;;;;;;;;;;368,0;470,4;;;;;;;;;;;;;;;;;;;;;;;
SantaFe;;;;;;;;;;;;409,3;458,1;;;;;465,0;;;;;;;;;;;;;;;;;;
Denver;;;;;348,9;335,7;;;;397,3;399,2;;;;;375,5;418,3;468,6;;;;;;;;;;;;;;;;;;
ElPaso;;;;;;;;412,7;;424,1;422,6;;;;;;;463,5;987,6;529,9;;;;;;;;;;;;;;;;
Winnipeg;;;285,8;;333,9;;;;;;;;;;310,2;;;;;;;;;323,9;;;;;;;;;;;;
Duluth;;;;;342,7;;;;;;;;;325,4;;;;;;;;;;;327,8;;;;;;;;;;;
Omaha;;;;;336,0;;;;;;;394,9;;;;;;;;;;;432,1;;;;;;;;;;;;;
KansasCity;;;;;;;;;;;;383,0;;;;;;;;;;484,3;;;;;;;;;;;;;;
OklahomaCity;;;;;;;;;;;410,2;387,3;498,0;;;;;;;;573,7;;;;;;;;;;;;;;;
Houston;;;;;;;;;;;;;480,5;;;;;;;;;;;;;;;;;;;;;;982,3;
Dallas;;;;;;;;;;;;;435,2;;;;;;;;619,1;;;;;;;;;;;;;;;
LittleRock;;;;;;;;;;;;;;;;;;476,1;;527,8;;462,9;;;;;;;;;;;;;764,1;633,3
SaintLouis;;;;;;;;;;;;;;;;;418,3;;;;579,0;;433,3;;;;;;447,9;;;;;;;658,6
Chicago;;;;;;;;;;;;;;;;365,9;;;;;;511,0;;;379,2;;;;462,9;;;;;;;
SaultStMarie;;;;;;;;;;;;;;279,0;;;;;;;;;;;372,8;272,0;;;;;;;;;;
Toronto;;;;;;;;;;;;;;;315,5;;;;;;;;387,7;296,7;;285,3;;;478,8;;;;;;;
Montreal;;;;;;;;;;;;;;;;;;;;;;;;303,5;366,0;;219,3;219,1;;;;;;;;
Boston;;;;;;;;;;;;;;;;;;;;;;;;;;280,7;;244,0;;;;;;;;
NewYork;;;;;;;;;;;;;;;;;;;;;;;;;;249,5;232,9;;;380,3;;;;;;
Pittsburgh;;;;;;;;;;;;;;;;;;;;;;479,1;457,0;;382,5;;;;;375,4;555,1;;;;;
Washington;;;;;;;;;;;;;;;;;;;;;;;;;;;;268,4;447,6;;573,1;;;;;
Raleigh;;;;;;;;;;;;;;;;;;;;;;;;;;;;;450,3;360,3;;;676,1;;;
Atlanta;;;;;;;;;;;;;;;;;;;;;;;;;;;;;;;;;1000,0;1000,0;1000,0;1000,0
Charleston;;;;;;;;;;;;;;;;;;;;;;;;;;;;;;;537,2;902,0;;770,4;;
Miami;;;;;;;;;;;;;;;;;;;;;;;;;;;;;;;;905,0;583,2;;716,5;
NewOrleans;;;;;;;;;;;;;;;;;;;600,8;;630,1;;;;;;;;;;;984,0;;735,4;;
Nashville;;;;;;;;;;;;;;;;;;;;;506,0;496,7;;;;;;;;;;901,0;;;;
Step_16000;Vancouver;Seattle;Calgary;Portland;Helena;SaltLakeCity;SanFrancisco;LosAngeles;LasVegas;Phoenix;SantaFe;Denver;ElPaso;Winnipeg;Duluth;Omaha;KansasCity;OklahomaCity;Houston;Dallas;LittleRock;SaintLouis;Chicago;SaultStMarie;Toronto;Montreal;Boston;NewYork;Pittsburgh;Washington;Raleigh;Atlanta;Charleston;Miami;NewOrleans;Nashville
Vancouver;;284,8;315,3;;;;;;;;;;;;;;;;;;;;;;;;;;;;;;;;;
Seattle;268,8;;312,7;294,0;351,8;;;;;;;;;;;;;;;;;;;;;;;;;;;;;;;
Calgary;270,8;292,8;;;369,3;;;;;;;;;310,8;;;;;;;;;;;;;;;;;;;;;;
Portland;;291,0;;;;324,6;337,9;;;;;;;;;;;;;;;;;;;;;;;;;;;;;
Helena;;292,1;315,2;;;342,8;;;;;;411,7;;299,8;359,5;380,0;;;;;;;;;;;;;;;;;;;;
SaltLakeCity;;;;302,5;322,7;;313,4;;333,9;;;363,9;;;;;;;;;;;;;;;;;;;;;;;;
SanFrancisco;;;;299,6;;321,4;;877,1;;;;;;;;;;;;;;;;;;;;;;;;;;;;
LosAngeles;;;;;;;327,1;;331,9;;;;909,2;;;;;;;;;;;;;;;;;;;;;;;
LasVegas;;;;;;315,4;;473,1;;;;;;;;;;;;;;;;;;;;;;;;;;;;
Phoenix;;;;;;;;;;;;420,2;527,6;;;;;;;;;;;;;;;;;;;;;;;
SantaFe;;;;;;;;;;;;386,1;545,3;;;;;479,6;;;;;;;;;;;;;;;;;;
Denver;;;;;328,7;346,9;;;;438,6;410,7;;;;;340,5;410,8;421,3;;;;;;;;;;;;;;;;;;
ElPaso;;;;;;;;520,0;;456,0;447,3;;;;;;;498,1;896,3;523,7;;;;;;;;;;;;;;;;
Winnipeg;;;308,6;;348,9;;;;;;;;;;332,1;;;;;;;;;327,6;;;;;;;;;;;;
Duluth;;;;;340,0;;;;;;;;;309,2;;;;;;;;;;;419,2;;;;;;;;;;;
Omaha;;;;;332,0;;;;;;;385,0;;;;;;;;;;;467,6;;;;;;;;;;;;;
KansasCity;;;;;;;;;;;;415,4;;;;;;;;;;535,9;;;;;;;;;;;;;;
OklahomaCity;;;;;;;;;;;444,8;400,2;504,6;;;;;;;;496,6;;;;;;;;;;;;;;;
Houston;;;;;;;;;;;;;474,9;;;;;;;;;;;;;;;;;;;;;;982,3;
Dallas;;;;;;;;;;;;;486,7;;;;;;;;595,9;;;;;;;;;;;;;;;
LittleRock;;;;;;;;;;;;;;;;;;478,4;;482,7;;548,8;;;;;;;;;;;;;759,6;603,6
SaintLouis;;;;;;;;;;;;;;;;;436,0;;;;616,5;;437,5;;;;;;506,4;;;;;;;738,9
Chicago;;;;;;;;;;;;;;;;355,0;;;;;;555,1;;;419,1;;;;481,8;;;;;;;
SaultStMarie;;;;;;;;;;;;;;299,8;;;;;;;;;;;376,1;318,6;;;;;;;;;;
Toronto;;;;;;;;;;;;;;;343,2;;;;;;;;448,0;324,3;;293,0;;;490,1;;;;;;;
Montreal;;;;;;;;;;;;;;;;;;;;;;;;319,9;362,6;;243,0;329,0;;;;;;;;
Boston;;;;;;;;;;;;;;;;;;;;;;;;;;283,6;;293,0;;;;;;;;
NewYork;;;;;;;;;;;;;;;;;;;;;;;;;;274,3;263,8;;;480,9;;;;;;
Pittsburgh;;;;;;;;;;;;;;;;;;;;;;602,7;442,8;;416,3;;;;;477,7;515,7;;;;;
Washington;;;;;;;;;;;;;;;;;;;;;;;;;;;;425,5;514,2;;537,8;;;;;
Raleigh;;;;;;;;;;;;;;;;;;;;;;;;;;;;;468,6;463,5;;;803,1;;;
Atlanta;;;;;;;;;;;;;;;;;;;;;;;;;;;;;;;;;1000,0;1000,0;1000,0;1000,0
Charleston;;;;;;;;;;;;;;;;;;;;;;;;;;;;;;;544,2;902,0;;762,6;;
Miami;;;;;;;;;;;;;;;;;;;;;;;;;;;;;;;;905,0;693,2;;725,1;
NewOrleans;;;;;;;;;;;;;;;;;;;681,7;;585,4;;;;;;;;;;;984,0;;737,6;;
Nashville;;;;;;;;;;;;;;;;;;;;;603,1;515,1;;;;;;;;;;901,0;;;;
Step_20000;Vancouver;Seattle;Calgary;Portland;Helena;SaltLakeCity;SanFrancisco;LosAngeles;LasVegas;Phoenix;SantaFe;Denver;ElPaso;Winnipeg;Duluth;Omaha;KansasCity;OklahomaCity;Houston;Dallas;LittleRock;SaintLouis;Chicago;SaultStMarie;Toronto;Montreal;Boston;NewYork;Pittsburgh;Washington;Raleigh;Atlanta;Charleston;Miami;NewOrleans;Nashville
Vancouver;;283,3;283,7;;;;;;;;;;;;;;;;;;;;;;;;;;;;;;;;;
Seattle;256,0;;280,0;282,2;340,8;;;;;;;;;;;;;;;;;;;;;;;;;;;;;;;
Calgary;259,6;273,2;;;311,3;;;;;;;;;302,8;;;;;;;;;;;;;;;;;;;;;;
Portland;;275,7;;;;357,5;330,3;;;;;;;;;;;;;;;;;;;;;;;;;;;;;
Helena;;275,5;277,0;;;346,8;;;;;;404,6;;307,3;347,6;369,7;;;;;;;;;;;;;;;;;;;;
SaltLakeCity;;;;316,5;302,8;;342,5;;348,9;;;397,4;;;;;;;;;;;;;;;;;;;;;;;;
SanFrancisco;;;;296,9;;342,8;;996,2;;;;;;;;;;;;;;;;;;;;;;;;;;;;
LosAngeles;;;;;;;344,2;;337,0;;;;993,4;;;;;;;;;;;;;;;;;;;;;;;
LasVegas;;;;;;353,6;;370,9;;;;;;;;;;;;;;;;;;;;;;;;;;;;
Phoenix;;;;;;;;;;;;431,9;515,9;;;;;;;;;;;;;;;;;;;;;;;
SantaFe;;;;;;;;;;;;401,0;460,9;;;;;489,5;;;;;;;;;;;;;;;;;;
Denver;;;;;335,9;352,3;;;;429,0;438,5;;;;;372,9;516,1;435,8;;;;;;;;;;;;;;;;;;
ElPaso;;;;;;;;392,2;;438,3;433,4;;;;;;;471,1;987,6;519,0;;;;;;;;;;;;;;;;
Winnipeg;;;282,9;;335,6;;;;;;;;;;350,4;;;;;;;;;325,6;;;;;;;;;;;;
Duluth;;;;;347,4;;;;;;;;;302,4;;;;;;;;;;;412,6;;;;;;;;;;;
Omaha;;;;;355,2;;;;;;;353,2;;;;;;;;;;;460,6;;;;;;;;;;;;;
KansasCity;;;;;;;;;;;;403,8;;;;;;;;;;604,8;;;;;;;;;;;;;;
OklahomaCity;;;;;;;;;;;449,1;401,5;497,1;;;;;;;;564,5;;;;;;;;;;;;;;;
Houston;;;;;;;;;;;;;519,1;;;;;;;;;;;;;;;;;;;;;;982,3;
Dallas;;;;;;;;;;;;;452,7;;;;;;;;608,1;;;;;;;;;;;;;;;
LittleRock;;;;;;;;;;;;;;;;;;498,1;;502,0;;591,5;;;;;;;;;;;;;664,4;722,7
SaintLouis;;;;;;;;;;;;;;;;;438,7;;;;592,2;;503,4;;;;;;477,9;;;;;;;714,1
Chicago;;;;;;;;;;;;;;;;375,2;;;;;;576,7;;;387,4;;;;453,9;;;;;;;
SaultStMarie;;;;;;;;;;;;;;310,0;;;;;;;;;;;385,8;331,6;;;;;;;;;;
Toronto;;;;;;;;;;;;;;;343,9;;;;;;;;414,1;325,1;;326,4;;;489,9;;;;;;;
Montreal;;;;;;;;;;;;;;;;;;;;;;;;334,2;367,8;;331,6;365,6;;;;;;;;
Boston;;;;;;;;;;;;;;;;;;;;;;;;;;314,8;;419,9;;;;;;;;
NewYork;;;;;;;;;;;;;;;;;;;;;;;;;;285,1;324,8;;;485,0;;;;;;
Pittsburgh;;;;;;;;;;;;;;;;;;;;;;603,4;485,6;;385,6;;;;;517,7;532,2;;;;;
Washington;;;;;;;;;;;;;;;;;;;;;;;;;;;;416,2;479,1;;580,5;;;;;
Raleigh;;;;;;;;;;;;;;;;;;;;;;;;;;;;;504,4;476,4;;;769,5;;;
Atlanta;;;;;;;;;;;;;;;;;;;;;;;;;;;;;;;;;1000,0;1000,0;1000,0;1000,0
Charleston;;;;;;;;;;;;;;;;;;;;;;;;;;;;;;;550,3;902,0;;764,1;;
Miami;;;;;;;;;;;;;;;;;;;;;;;;;;;;;;;;905,0;759,0;;739,4;
NewOrleans;;;;;;;;;;;;;;;;;;;653,9;;577,6;;;;;;;;;;;984,0;;799,3;;
Nashville;;;;;;;;;;;;;;;;;;;;;613,8;580,7;;;;;;;;;;901,0;;;;
Step_24000;Vancouver;Seattle;Calgary;Portland;Helena;SaltLakeCity;SanFrancisco;LosAngeles;LasVegas;Phoenix;SantaFe;Denver;ElPaso;Winnipeg;Duluth;Omaha;KansasCity;OklahomaCity;Houston;Dallas;LittleRock;SaintLouis;Chicago;SaultStMarie;Toronto;Montreal;Boston;NewYork;Pittsburgh;Washington;Raleigh;Atlanta;Charleston;Miami;NewOrleans;Nashville
Vancouver;;282,5;281,7;;;;;;;;;;;;;;;;;;;;;;;;;;;;;;;;;
Seattle;261,9;;295,2;302,0;328,1;;;;;;;;;;;;;;;;;;;;;;;;;;;;;;;
Calgary;262,9;293,3;;;341,4;;;;;;;;;308,4;;;;;;;;;;;;;;;;;;;;;;
Portland;;269,5;;;;353,0;339,2;;;;;;;;;;;;;;;;;;;;;;;;;;;;;
Helena;;293,8;290,9;;;374,0;;;;;;397,7;;319,9;336,5;416,6;;;;;;;;;;;;;;;;;;;;
SaltLakeCity;;;;310,3;335,0;;334,5;;346,0;;;393,8;;;;;;;;;;;;;;;;;;;;;;;;
SanFrancisco;;;;270,4;;350,2;;978,4;;;;;;;;;;;;;;;;;;;;;;;;;;;;
LosAngeles;;;;;;;328,0;;358,9;;;;894,2;;;;;;;;;;;;;;;;;;;;;;;
LasVegas;;;;;;347,9;;416,0;;;;;;;;;;;;;;;;;;;;;;;;;;;;
Phoenix;;;;;;;;;;;;416,7;455,5;;;;;;;;;;;;;;;;;;;;;;;
SantaFe;;;;;;;;;;;;425,5;480,6;;;;;521,4;;;;;;;;;;;;;;;;;;
Denver;;;;;356,9;353,4;;;;433,9;437,3;;;;;400,1;471,3;468,4;;;;;;;;;;;;;;;;;;
ElPaso;;;;;;;;385,1;;426,8;436,5;;;;;;;484,7;1012,0;509,7;;;;;;;;;;;;;;;;
Winnipeg;;;287,9;;329,8;;;;;;;;;;352,8;;;;;;;;;356,3;;;;;;;;;;;;
Duluth;;;;;321,2;;;;;;;;;318,1;;;;;;;;;;;414,3;;;;;;;;;;;
Omaha;;;;;332,9;;;;;;;422,7;;;;;;;;;;;476,8;;;;;;;;;;;;;
KansasCity;;;;;;;;;;;;443,1;;;;;;;;;;549,8;;;;;;;;;;;;;;
OklahomaCity;;;;;;;;;;;450,4;435,5;461,6;;;;;;;;626,7;;;;;;;;;;;;;;;
Houston;;;;;;;;;;;;;473,3;;;;;;;;;;;;;;;;;;;;;;1006,0;
Dallas;;;;;;;;;;;;;465,4;;;;;;;;605,2;;;;;;;;;;;;;;;
LittleRock;;;;;;;;;;;;;;;;;;515,7;;545,0;;637,4;;;;;;;;;;;;;659,2;736,7
SaintLouis;;;;;;;;;;;;;;;;;494,9;;;;539,4;;436,2;;;;;;486,0;;;;;;;693,6
Chicago;;;;;;;;;;;;;;;;406,7;;;;;;587,2;;;428,1;;;;479,5;;;;;;;
SaultStMarie;;;;;;;;;;;;;;317,0;;;;;;;;;;;392,5;339,8;;;;;;;;;;
Toronto;;;;;;;;;;;;;;;340,4;;;;;;;;505,2;331,9;;329,9;;;458,2;;;;;;;
Montreal;;;;;;;;;;;;;;;;;;;;;;;;346,6;375,0;;333,1;378,2;;;;;;;;
Boston;;;;;;;;;;;;;;;;;;;;;;;;;;343,1;;389,3;;;;;;;;
NewYork;;;;;;;;;;;;;;;;;;;;;;;;;;332,0;353,3;;;466,0;;;;;;
Pittsburgh;;;;;;;;;;;;;;;;;;;;;;534,8;471,4;;411,5;;;;;462,4;555,0;;;;;
Washington;;;;;;;;;;;;;;;;;;;;;;;;;;;;415,2;514,0;;589,2;;;;;
Raleigh;;;;;;;;;;;;;;;;;;;;;;;;;;;;;500,2;485,8;;;707,8;;;
Atlanta;;;;;;;;;;;;;;;;;;;;;;;;;;;;;;;;;1000,0;1000,0;1000,0;1000,0
Charleston;;;;;;;;;;;;;;;;;;;;;;;;;;;;;;;558,7;902,0;;783,0;;
Miami;;;;;;;;;;;;;;;;;;;;;;;;;;;;;;;;905,0;766,9;;731,8;
NewOrleans;;;;;;;;;;;;;;;;;;;608,1;;640,2;;;;;;;;;;;1004,0;;791,6;;
Nashville;;;;;;;;;;;;;;;;;;;;;593,5;497,9;;;;;;;;;;901,0;;;;
Step_28000;Vancouver;Seattle;Calgary;Portland;Helena;SaltLakeCity;SanFrancisco;LosAngeles;LasVegas;Phoenix;SantaFe;Denver;ElPaso;Winnipeg;Duluth;Omaha;KansasCity;OklahomaCity;Houston;Dallas;LittleRock;SaintLouis;Chicago;SaultStMarie;Toronto;Montreal;Boston;NewYork;Pittsburgh;Washington;Raleigh;Atlanta;Charleston;Miami;NewOrleans;Nashville
Vancouver;;278,8;294,5;;;;;;;;;;;;;;;;;;;;;;;;;;;;;;;;;
Seattle;258,5;;276,3;293,7;317,7;;;;;;;;;;;;;;;;;;;;;;;;;;;;;;;
Calgary;260,7;285,1;;;344,6;;;;;;;;;296,7;;;;;;;;;;;;;;;;;;;;;;
Portland;;259,7;;;;330,5;324,1;;;;;;;;;;;;;;;;;;;;;;;;;;;;;
Helena;;279,2;280,1;;;329,4;;;;;;357,3;;298,1;302,0;384,9;;;;;;;;;;;;;;;;;;;;
SaltLakeCity;;;;281,9;323,2;;307,4;;322,0;;;373,8;;;;;;;;;;;;;;;;;;;;;;;;
SanFrancisco;;;;290,9;;306,3;;995,9;;;;;;;;;;;;;;;;;;;;;;;;;;;;
LosAngeles;;;;;;;326,2;;327,6;;;;991,8;;;;;;;;;;;;;;;;;;;;;;;
LasVegas;;;;;;342,4;;389,2;;;;;;;;;;;;;;;;;;;;;;;;;;;;
Phoenix;;;;;;;;;;;;400,9;407,0;;;;;;;;;;;;;;;;;;;;;;;
SantaFe;;;;;;;;;;;;409,1;431,7;;;;;509,3;;;;;;;;;;;;;;;;;;
Denver;;;;;313,4;331,7;;;;405,1;424,2;;;;;379,4;470,7;512,7;;;;;;;;;;;;;;;;;;
ElPaso;;;;;;;;419,0;;386,8;420,6;;;;;;;492,7;978,7;479,0;;;;;;;;;;;;;;;;
Winnipeg;;;304,4;;349,8;;;;;;;;;;318,5;;;;;;;;;308,0;;;;;;;;;;;;
Duluth;;;;;303,7;;;;;;;;;299,5;;;;;;;;;;;374,0;;;;;;;;;;;
Omaha;;;;;333,8;;;;;;;363,3;;;;;;;;;;;468,7;;;;;;;;;;;;;
KansasCity;;;;;;;;;;;;411,9;;;;;;;;;;574,3;;;;;;;;;;;;;;
OklahomaCity;;;;;;;;;;;435,8;380,8;465,3;;;;;;;;595,8;;;;;;;;;;;;;;;
Houston;;;;;;;;;;;;;486,6;;;;;;;;;;;;;;;;;;;;;;933,0;
Dallas;;;;;;;;;;;;;468,9;;;;;;;;619,5;;;;;;;;;;;;;;;
LittleRock;;;;;;;;;;;;;;;;;;425,5;;517,5;;627,6;;;;;;;;;;;;;641,2;657,4
SaintLouis;;;;;;;;;;;;;;;;;461,7;;;;594,3;;490,0;;;;;;476,1;;;;;;;757,5
Chicago;;;;;;;;;;;;;;;;370,0;;;;;;507,2;;;372,7;;;;503,0;;;;;;;
SaultStMarie;;;;;;;;;;;;;;305,4;;;;;;;;;;;363,9;328,0;;;;;;;;;;
Toronto;;;;;;;;;;;;;;;332,0;;;;;;;;458,2;309,6;;317,1;;;455,4;;;;;;;
Montreal;;;;;;;;;;;;;;;;;;;;;;;;327,4;340,9;;331,6;344,3;;;;;;;;
Boston;;;;;;;;;;;;;;;;;;;;;;;;;;322,4;;344,1;;;;;;;;
NewYork;;;;;;;;;;;;;;;;;;;;;;;;;;312,5;326,9;;;474,9;;;;;;
Pittsburgh;;;;;;;;;;;;;;;;;;;;;;544,6;478,7;;423,2;;;;;441,5;607,0;;;;;
Washington;;;;;;;;;;;;;;;;;;;;;;;;;;;;371,2;482,8;;592,9;;;;;
Raleigh;;;;;;;;;;;;;;;;;;;;;;;;;;;;;519,1;485,2;;;725,4;;;
Atlanta;;;;;;;;;;;;;;;;;;;;;;;;;;;;;;;;;1000,0;1000,0;1000,0;1000,0
Charleston;;;;;;;;;;;;;;;;;;;;;;;;;;;;;;;668,2;902,0;;727,2;;
Miami;;;;;;;;;;;;;;;;;;;;;;;;;;;;;;;;905,0;710,6;;776,3;
NewOrleans;;;;;;;;;;;;;;;;;;;581,6;;601,2;;;;;;;;;;;1004,0;;709,8;;
Nashville;;;;;;;;;;;;;;;;;;;;;620,3;601,9;;;;;;;;;;901,0;;;;
Step_32000;Vancouver;Seattle;Calgary;Portland;Helena;SaltLakeCity;SanFrancisco;LosAngeles;LasVegas;Phoenix;SantaFe;Denver;ElPaso;Winnipeg;Duluth;Omaha;KansasCity;OklahomaCity;Houston;Dallas;LittleRock;SaintLouis;Chicago;SaultStMarie;Toronto;Montreal;Boston;NewYork;Pittsburgh;Washington;Raleigh;Atlanta;Charleston;Miami;NewOrleans;Nashville
Vancouver;;294,4;302,9;;;;;;;;;;;;;;;;;;;;;;;;;;;;;;;;;
Seattle;270,4;;304,6;303,0;305,6;;;;;;;;;;;;;;;;;;;;;;;;;;;;;;;
Calgary;265,6;299,6;;;342,9;;;;;;;;;314,7;;;;;;;;;;;;;;;;;;;;;;
Portland;;279,2;;;;333,4;315,6;;;;;;;;;;;;;;;;;;;;;;;;;;;;;
Helena;;308,5;315,6;;;336,1;;;;;;380,0;;309,3;353,1;407,8;;;;;;;;;;;;;;;;;;;;
SaltLakeCity;;;;295,9;340,3;;330,0;;322,0;;;398,5;;;;;;;;;;;;;;;;;;;;;;;;
SanFrancisco;;;;286,4;;348,8;;1021,0;;;;;;;;;;;;;;;;;;;;;;;;;;;;
LosAngeles;;;;;;;321,6;;357,5;;;;1018,0;;;;;;;;;;;;;;;;;;;;;;;
LasVegas;;;;;;331,0;;416,9;;;;;;;;;;;;;;;;;;;;;;;;;;;;
Phoenix;;;;;;;;;;;;381,6;476,2;;;;;;;;;;;;;;;;;;;;;;;
SantaFe;;;;;;;;;;;;397,4;472,8;;;;;427,0;;;;;;;;;;;;;;;;;;
Denver;;;;;358,5;313,5;;;;414,4;430,5;;;;;377,1;516,6;449,1;;;;;;;;;;;;;;;;;;
ElPaso;;;;;;;;402,2;;429,5;411,0;;;;;;;509,6;1012,0;536,3;;;;;;;;;;;;;;;;
Winnipeg;;;316,2;;361,5;;;;;;;;;;334,3;;;;;;;;;339,7;;;;;;;;;;;;
Duluth;;;;;367,1;;;;;;;;;314,1;;;;;;;;;;;405,9;;;;;;;;;;;
Omaha;;;;;349,8;;;;;;;406,6;;;;;;;;;;;482,6;;;;;;;;;;;;;
KansasCity;;;;;;;;;;;;402,2;;;;;;;;;;586,2;;;;;;;;;;;;;;
OklahomaCity;;;;;;;;;;;417,1;431,0;496,9;;;;;;;;635,2;;;;;;;;;;;;;;;
Houston;;;;;;;;;;;;;536,4;;;;;;;;;;;;;;;;;;;;;;1006,0;
Dallas;;;;;;;;;;;;;498,5;;;;;;;;618,6;;;;;;;;;;;;;;;
LittleRock;;;;;;;;;;;;;;;;;;506,0;;507,7;;612,5;;;;;;;;;;;;;803,3;712,7
SaintLouis;;;;;;;;;;;;;;;;;532,4;;;;668,5;;451,4;;;;;;505,3;;;;;;;794,1
Chicago;;;;;;;;;;;;;;;;424,0;;;;;;561,8;;;390,1;;;;514,5;;;;;;;
SaultStMarie;;;;;;;;;;;;;;300,0;;;;;;;;;;;428,7;324,9;;;;;;;;;;
Toronto;;;;;;;;;;;;;;;359,6;;;;;;;;456,6;330,9;;332,0;;;448,2;;;;;;;
Montreal;;;;;;;;;;;;;;;;;;;;;;;;333,8;393,8;;324,7;374,2;;;;;;;;
Boston;;;;;;;;;;;;;;;;;;;;;;;;;;331,4;;361,5;;;;;;;;
NewYork;;;;;;;;;;;;;;;;;;;;;;;;;;330,4;324,9;;;420,8;;;;;;
Pittsburgh;;;;;;;;;;;;;;;;;;;;;;609,4;489,6;;405,0;;;;;430,8;581,0;;;;;
Washington;;;;;;;;;;;;;;;;;;;;;;;;;;;;367,1;517,1;;515,2;;;;;
Raleigh;;;;;;;;;;;;;;;;;;;;;;;;;;;;;492,8;476,3;;;702,7;;;
Atlanta;;;;;;;;;;;;;;;;;;;;;;;;;;;;;;;;;1000,0;1000,0;1000,0;1000,0
Charleston;;;;;;;;;;;;;;;;;;;;;;;;;;;;;;;605,9;902,0;;755,8;;
Miami;;;;;;;;;;;;;;;;;;;;;;;;;;;;;;;;905,0;752,1;;792,9;
NewOrleans;;;;;;;;;;;;;;;;;;;629,9;;582,9;;;;;;;;;;;984,0;;797,0;;
Nashville;;;;;;;;;;;;;;;;;;;;;591,6;543,8;;;;;;;;;;901,0;;;;
Step_36000;Vancouver;Seattle;Calgary;Portland;Helena;SaltLakeCity;SanFrancisco;LosAngeles;LasVegas;Phoenix;SantaFe;Denver;ElPaso;Winnipeg;Duluth;Omaha;KansasCity;OklahomaCity;Houston;Dallas;LittleRock;SaintLouis;Chicago;SaultStMarie;Toronto;Montreal;Boston;NewYork;Pittsburgh;Washington;Raleigh;Atlanta;Charleston;Miami;NewOrleans;Nashville
Vancouver;;294,0;297,1;;;;;;;;;;;;;;;;;;;;;;;;;;;;;;;;;
Seattle;266,5;;267,1;308,8;314,2;;;;;;;;;;;;;;;;;;;;;;;;;;;;;;;
Calgary;257,9;294,6;;;332,7;;;;;;;;;309,9;;;;;;;;;;;;;;;;;;;;;;
Portland;;291,3;;;;380,4;326,9;;;;;;;;;;;;;;;;;;;;;;;;;;;;;
Helena;;285,6;290,7;;;339,3;;;;;;420,2;;297,1;337,2;403,0;;;;;;;;;;;;;;;;;;;;
SaltLakeCity;;;;323,9;352,5;;353,9;;363,5;;;437,6;;;;;;;;;;;;;;;;;;;;;;;;
SanFrancisco;;;;311,6;;368,1;;884,2;;;;;;;;;;;;;;;;;;;;;;;;;;;;
LosAngeles;;;;;;;344,5;;371,0;;;;993,4;;;;;;;;;;;;;;;;;;;;;;;
LasVegas;;;;;;373,3;;509,3;;;;;;;;;;;;;;;;;;;;;;;;;;;;
Phoenix;;;;;;;;;;;;389,8;521,0;;;;;;;;;;;;;;;;;;;;;;;
SantaFe;;;;;;;;;;;;420,2;477,1;;;;;498,4;;;;;;;;;;;;;;;;;;
Denver;;;;;363,0;351,0;;;;438,5;406,4;;;;;416,5;542,0;473,2;;;;;;;;;;;;;;;;;;
ElPaso;;;;;;;;443,6;;440,5;453,9;;;;;;;492,0;987,6;542,4;;;;;;;;;;;;;;;;
Winnipeg;;;283,0;;328,1;;;;;;;;;;354,6;;;;;;;;;330,2;;;;;;;;;;;;
Duluth;;;;;331,1;;;;;;;;;311,7;;;;;;;;;;;429,0;;;;;;;;;;;
Omaha;;;;;319,6;;;;;;;430,3;;;;;;;;;;;511,1;;;;;;;;;;;;;
KansasCity;;;;;;;;;;;;423,5;;;;;;;;;;568,6;;;;;;;;;;;;;;
OklahomaCity;;;;;;;;;;;435,9;409,2;546,5;;;;;;;;586,3;;;;;;;;;;;;;;;
Houston;;;;;;;;;;;;;483,8;;;;;;;;;;;;;;;;;;;;;;982,3;
Dallas;;;;;;;;;;;;;485,5;;;;;;;;648,0;;;;;;;;;;;;;;;
LittleRock;;;;;;;;;;;;;;;;;;490,8;;533,9;;620,8;;;;;;;;;;;;;684,3;745,6
SaintLouis;;;;;;;;;;;;;;;;;531,7;;;;576,5;;525,0;;;;;;520,1;;;;;;;742,5
Chicago;;;;;;;;;;;;;;;;407,9;;;;;;608,3;;;399,0;;;;509,4;;;;;;;
SaultStMarie;;;;;;;;;;;;;;301,3;;;;;;;;;;;410,0;359,9;;;;;;;;;;
Toronto;;;;;;;;;;;;;;;348,7;;;;;;;;424,0;336,3;;363,2;;;478,6;;;;;;;
Montreal;;;;;;;;;;;;;;;;;;;;;;;;324,5;366,5;;340,1;417,9;;;;;;;;
Boston;;;;;;;;;;;;;;;;;;;;;;;;;;339,6;;424,5;;;;;;;;
NewYork;;;;;;;;;;;;;;;;;;;;;;;;;;336,5;337,7;;;511,6;;;;;;
Pittsburgh;;;;;;;;;;;;;;;;;;;;;;568,0;473,5;;455,5;;;;;497,2;553,4;;;;;
Washington;;;;;;;;;;;;;;;;;;;;;;;;;;;;403,3;500,9;;644,6;;;;;
Raleigh;;;;;;;;;;;;;;;;;;;;;;;;;;;;;458,7;519,1;;;770,0;;;
Atlanta;;;;;;;;;;;;;;;;;;;;;;;;;;;;;;;;;1000,0;1000,0;1000,0;1000,0
Charleston;;;;;;;;;;;;;;;;;;;;;;;;;;;;;;;576,9;902,0;;766,6;;
Miami;;;;;;;;;;;;;;;;;;;;;;;;;;;;;;;;905,0;738,4;;733,8;
NewOrleans;;;;;;;;;;;;;;;;;;;559,8;;628,1;;;;;;;;;;;984,0;;749,7;;
Nashville;;;;;;;;;;;;;;;;;;;;;600,4;604,4;;;;;;;;;;901,0;;;;
Step_40000;Vancouver;Seattle;Calgary;Portland;Helena;SaltLakeCity;SanFrancisco;LosAngeles;LasVegas;Phoenix;SantaFe;Denver;ElPaso;Winnipeg;Duluth;Omaha;KansasCity;OklahomaCity;Houston;Dallas;LittleRock;SaintLouis;Chicago;SaultStMarie;Toronto;Montreal;Boston;NewYork;Pittsburgh;Washington;Raleigh;Atlanta;Charleston;Miami;NewOrleans;Nashville
Vancouver;;270,6;285,6;;;;;;;;;;;;;;;;;;;;;;;;;;;;;;;;;
Seattle;257,5;;298,0;304,7;366,3;;;;;;;;;;;;;;;;;;;;;;;;;;;;;;;
Calgary;264,5;300,9;;;326,7;;;;;;;;;304,1;;;;;;;;;;;;;;;;;;;;;;
Portland;;282,4;;;;345,7;329,2;;;;;;;;;;;;;;;;;;;;;;;;;;;;;
Helena;;291,2;289,9;;;356,1;;;;;;350,1;;298,6;352,5;450,0;;;;;;;;;;;;;;;;;;;;
SaltLakeCity;;;;293,2;348,5;;430,8;;356,3;;;385,6;;;;;;;;;;;;;;;;;;;;;;;;
SanFrancisco;;;;306,7;;342,7;;996,2;;;;;;;;;;;;;;;;;;;;;;;;;;;;
LosAngeles;;;;;;;321,2;;362,7;;;;993,4;;;;;;;;;;;;;;;;;;;;;;;
LasVegas;;;;;;332,4;;433,2;;;;;;;;;;;;;;;;;;;;;;;;;;;;
Phoenix;;;;;;;;;;;;396,8;499,1;;;;;;;;;;;;;;;;;;;;;;;
SantaFe;;;;;;;;;;;;382,4;434,6;;;;;507,9;;;;;;;;;;;;;;;;;;
Denver;;;;;325,2;344,6;;;;455,7;420,2;;;;;410,2;420,4;483,6;;;;;;;;;;;;;;;;;;
ElPaso;;;;;;;;412,6;;428,9;392,0;;;;;;;470,2;987,6;525,3;;;;;;;;;;;;;;;;
Winnipeg;;;290,7;;317,7;;;;;;;;;;325,8;;;;;;;;;329,4;;;;;;;;;;;;
Duluth;;;;;332,3;;;;;;;;;311,2;;;;;;;;;;;392,7;;;;;;;;;;;
Omaha;;;;;326,3;;;;;;;364,1;;;;;;;;;;;507,0;;;;;;;;;;;;;
KansasCity;;;;;;;;;;;;361,7;;;;;;;;;;536,1;;;;;;;;;;;;;;
OklahomaCity;;;;;;;;;;;394,0;374,9;494,3;;;;;;;;666,8;;;;;;;;;;;;;;;
Houston;;;;;;;;;;;;;498,7;;;;;;;;;;;;;;;;;;;;;;982,3;
Dallas;;;;;;;;;;;;;505,8;;;;;;;;597,1;;;;;;;;;;;;;;;
LittleRock;;;;;;;;;;;;;;;;;;514,3;;523,6;;598,9;;;;;;;;;;;;;750,1;668,3
SaintLouis;;;;;;;;;;;;;;;;;429,6;;;;589,3;;450,3;;;;;;484,3;;;;;;;775,4
Chicago;;;;;;;;;;;;;;;;406,6;;;;;;618,3;;;398,1;;;;440,8;;;;;;;
SaultStMarie;;;;;;;;;;;;;;315,0;;;;;;;;;;;400,8;352,1;;;;;;;;;;
Toronto;;;;;;;;;;;;;;;343,5;;;;;;;;422,0;349,5;;352,4;;;474,3;;;;;;;
Montreal;;;;;;;;;;;;;;;;;;;;;;;;340,3;384,7;;348,8;384,0;;;;;;;;
Boston;;;;;;;;;;;;;;;;;;;;;;;;;;329,0;;397,5;;;;;;;;
NewYork;;;;;;;;;;;;;;;;;;;;;;;;;;349,9;355,9;;;456,1;;;;;;
Pittsburgh;;;;;;;;;;;;;;;;;;;;;;517,0;480,0;;388,1;;;;;545,5;518,1;;;;;
Washington;;;;;;;;;;;;;;;;;;;;;;;;;;;;385,1;531,6;;646,0;;;;;
Raleigh;;;;;;;;;;;;;;;;;;;;;;;;;;;;;478,9;458,2;;;775,6;;;
Atlanta;;;;;;;;;;;;;;;;;;;;;;;;;;;;;;;;;1000,0;1000,0;1000,0;1000,0
Charleston;;;;;;;;;;;;;;;;;;;;;;;;;;;;;;;627,0;902,0;;770,4;;
Miami;;;;;;;;;;;;;;;;;;;;;;;;;;;;;;;;905,0;763,5;;788,5;
NewOrleans;;;;;;;;;;;;;;;;;;;548,0;;620,9;;;;;;;;;;;984,0;;781,9;;
Nashville;;;;;;;;;;;;;;;;;;;;;644,3;578,5;;;;;;;;;;901,0;;;;
Step_4000;Vancouver;Seattle;Calgary;Portland;Helena;SaltLakeCity;SanFrancisco;LosAngeles;LasVegas;Phoenix;SantaFe;Denver;ElPaso;Winnipeg;Duluth;Omaha;KansasCity;OklahomaCity;Houston;Dallas;LittleRock;SaintLouis;Chicago;SaultStMarie;Toronto;Montreal;Boston;NewYork;Pittsburgh;Washington;Raleigh;Atlanta;Charleston;Miami;NewOrleans;Nashville
Vancouver;;265,6;251,9;;;;;;;;;;;;;;;;;;;;;;;;;;;;;;;;;
Seattle;239,2;;273,6;304,0;285,5;;;;;;;;;;;;;;;;;;;;;;;;;;;;;;;
Calgary;205,8;267,5;;;308,3;;;;;;;;;260,0;;;;;;;;;;;;;;;;;;;;;;
Portland;;260,4;;;;328,9;458,3;;;;;;;;;;;;;;;;;;;;;;;;;;;;;
Helena;;272,4;256,1;;;327,7;;;;;;376,7;;249,4;307,6;364,5;;;;;;;;;;;;;;;;;;;;
SaltLakeCity;;;;302,6;293,1;;320,3;;340,7;;;391,0;;;;;;;;;;;;;;;;;;;;;;;;
SanFrancisco;;;;324,5;;309,5;;978,5;;;;;;;;;;;;;;;;;;;;;;;;;;;;
LosAngeles;;;;;;;341,0;;365,2;;;;894,9;;;;;;;;;;;;;;;;;;;;;;;
LasVegas;;;;;;319,8;;412,4;;;;;;;;;;;;;;;;;;;;;;;;;;;;
Phoenix;;;;;;;;;;;;394,4;527,3;;;;;;;;;;;;;;;;;;;;;;;
SantaFe;;;;;;;;;;;;386,5;494,2;;;;;529,8;;;;;;;;;;;;;;;;;;
Denver;;;;;318,1;324,7;;;;419,0;420,4;;;;;388,7;427,8;483,8;;;;;;;;;;;;;;;;;;
ElPaso;;;;;;;;440,4;;440,9;440,5;;;;;;;532,7;1012,0;517,0;;;;;;;;;;;;;;;;
Winnipeg;;;256,7;;326,5;;;;;;;;;;298,7;;;;;;;;;299,3;;;;;;;;;;;;
Duluth;;;;;332,2;;;;;;;;;271,1;;;;;;;;;;;392,5;;;;;;;;;;;
Omaha;;;;;343,0;;;;;;;406,9;;;;;;;;;;;472,9;;;;;;;;;;;;;
KansasCity;;;;;;;;;;;;405,2;;;;;;;;;;554,0;;;;;;;;;;;;;;
OklahomaCity;;;;;;;;;;;445,9;405,2;465,1;;;;;;;;640,2;;;;;;;;;;;;;;;
Houston;;;;;;;;;;;;;494,1;;;;;;;;;;;;;;;;;;;;;;1006,0;
Dallas;;;;;;;;;;;;;534,8;;;;;;;;562,0;;;;;;;;;;;;;;;
LittleRock;;;;;;;;;;;;;;;;;;515,2;;521,2;;556,0;;;;;;;;;;;;;797,1;630,0
SaintLouis;;;;;;;;;;;;;;;;;495,4;;;;610,6;;488,6;;;;;;413,7;;;;;;;684,2
Chicago;;;;;;;;;;;;;;;;390,5;;;;;;534,7;;;401,2;;;;462,8;;;;;;;
SaultStMarie;;;;;;;;;;;;;;260,0;;;;;;;;;;;370,5;305,7;;;;;;;;;;
Toronto;;;;;;;;;;;;;;;290,4;;;;;;;;426,3;313,7;;328,3;;;504,7;;;;;;;
Montreal;;;;;;;;;;;;;;;;;;;;;;;;225,6;395,3;;305,2;360,1;;;;;;;;
Boston;;;;;;;;;;;;;;;;;;;;;;;;;;273,0;;352,7;;;;;;;;
NewYork;;;;;;;;;;;;;;;;;;;;;;;;;;277,7;317,3;;;470,6;;;;;;
Pittsburgh;;;;;;;;;;;;;;;;;;;;;;529,1;472,8;;395,8;;;;;437,6;593,5;;;;;
Washington;;;;;;;;;;;;;;;;;;;;;;;;;;;;369,2;495,9;;597,1;;;;;
Raleigh;;;;;;;;;;;;;;;;;;;;;;;;;;;;;487,9;477,0;;;767,3;;;
Atlanta;;;;;;;;;;;;;;;;;;;;;;;;;;;;;;;;;1000,0;1000,0;1000,0;1000,0
Charleston;;;;;;;;;;;;;;;;;;;;;;;;;;;;;;;632,1;902,0;;783,2;;
Miami;;;;;;;;;;;;;;;;;;;;;;;;;;;;;;;;905,0;705,1;;799,8;
NewOrleans;;;;;;;;;;;;;;;;;;;579,5;;625,5;;;;;;;;;;;984,0;;784,0;;
Nashville;;;;;;;;;;;;;;;;;;;;;588,6;567,9;;;;;;;;;;901,0;;;;
Step_8000;Vancouver;Seattle;Calgary;Portland;Helena;SaltLakeCity;SanFrancisco;LosAngeles;LasVegas;Phoenix;SantaFe;Denver;ElPaso;Winnipeg;Duluth;Omaha;KansasCity;OklahomaCity;Houston;Dallas;LittleRock;SaintLouis;Chicago;SaultStMarie;Toronto;Montreal;Boston;NewYork;Pittsburgh;Washington;Raleigh;Atlanta;Charleston;Miami;NewOrleans;Nashville
Vancouver;;288,5;256,1;;;;;;;;;;;;;;;;;;;;;;;;;;;;;;;;;
Seattle;264,8;;283,0;298,2;312,0;;;;;;;;;;;;;;;;;;;;;;;;;;;;;;;
Calgary;242,4;297,6;;;348,8;;;;;;;;;294,9;;;;;;;;;;;;;;;;;;;;;;
Portland;;265,0;;;;350,3;342,1;;;;;;;;;;;;;;;;;;;;;;;;;;;;;
Helena;;287,1;302,0;;;369,7;;;;;;400,0;;289,5;328,3;391,8;;;;;;;;;;;;;;;;;;;;
SaltLakeCity;;;;302,0;317,7;;327,8;;353,7;;;389,8;;;;;;;;;;;;;;;;;;;;;;;;
SanFrancisco;;;;305,6;;335,7;;981,4;;;;;;;;;;;;;;;;;;;;;;;;;;;;
LosAngeles;;;;;;;343,2;;344,9;;;;911,1;;;;;;;;;;;;;;;;;;;;;;;
LasVegas;;;;;;342,9;;385,1;;;;;;;;;;;;;;;;;;;;;;;;;;;;
Phoenix;;;;;;;;;;;;401,0;499,3;;;;;;;;;;;;;;;;;;;;;;;
SantaFe;;;;;;;;;;;;429,8;474,7;;;;;507,2;;;;;;;;;;;;;;;;;;
Denver;;;;;342,5;355,5;;;;419,9;443,5;;;;;364,9;435,1;482,2;;;;;;;;;;;;;;;;;;
ElPaso;;;;;;;;402,1;;414,4;435,9;;;;;;;523,0;975,0;530,8;;;;;;;;;;;;;;;;
Winnipeg;;;291,8;;324,6;;;;;;;;;;328,4;;;;;;;;;332,5;;;;;;;;;;;;
Duluth;;;;;355,3;;;;;;;;;300,2;;;;;;;;;;;345,8;;;;;;;;;;;
Omaha;;;;;346,2;;;;;;;422,7;;;;;;;;;;;438,9;;;;;;;;;;;;;
KansasCity;;;;;;;;;;;;419,7;;;;;;;;;;534,4;;;;;;;;;;;;;;
OklahomaCity;;;;;;;;;;;451,3;424,5;467,6;;;;;;;;588,6;;;;;;;;;;;;;;;
Houston;;;;;;;;;;;;;564,0;;;;;;;;;;;;;;;;;;;;;;912,4;
Dallas;;;;;;;;;;;;;569,9;;;;;;;;646,4;;;;;;;;;;;;;;;
LittleRock;;;;;;;;;;;;;;;;;;484,4;;520,7;;564,2;;;;;;;;;;;;;716,2;678,1
SaintLouis;;;;;;;;;;;;;;;;;465,7;;;;639,8;;417,4;;;;;;500,4;;;;;;;777,6
Chicago;;;;;;;;;;;;;;;;392,3;;;;;;500,6;;;391,8;;;;465,3;;;;;;;
SaultStMarie;;;;;;;;;;;;;;284,2;;;;;;;;;;;414,4;299,4;;;;;;;;;;
Toronto;;;;;;;;;;;;;;;326,4;;;;;;;;437,2;322,0;;310,3;;;464,1;;;;;;;
Montreal;;;;;;;;;;;;;;;;;;;;;;;;259,3;340,3;;331,3;331,4;;;;;;;;
Boston;;;;;;;;;;;;;;;;;;;;;;;;;;300,0;;406,6;;;;;;;;
NewYork;;;;;;;;;;;;;;;;;;;;;;;;;;317,3;314,6;;;471,1;;;;;;
Pittsburgh;;;;;;;;;;;;;;;;;;;;;;527,1;463,2;;360,9;;;;;500,3;566,4;;;;;
Washington;;;;;;;;;;;;;;;;;;;;;;;;;;;;420,2;463,2;;563,2;;;;;
Raleigh;;;;;;;;;;;;;;;;;;;;;;;;;;;;;515,9;493,3;;;598,9;;;
Atlanta;;;;;;;;;;;;;;;;;;;;;;;;;;;;;;;;;1000,0;1000,0;1000,0;1000,0
Charleston;;;;;;;;;;;;;;;;;;;;;;;;;;;;;;;520,7;902,0;;714,4;;
Miami;;;;;;;;;;;;;;;;;;;;;;;;;;;;;;;;905,0;695,8;;669,7;
NewOrleans;;;;;;;;;;;;;;;;;;;595,6;;617,0;;;;;;;;;;;984,0;;785,6;;
Nashville;;;;;;;;;;;;;;;;;;;;;625,7;654,1;;;;;;;;;;901,0;;;;
Step_12000;Vancouver;Seattle;Calgary;Portland;Helena;SaltLakeCity;SanFrancisco;LosAngeles;LasVegas;Phoenix;SantaFe;Denver;ElPaso;Winnipeg;Duluth;Omaha;KansasCity;OklahomaCity;Houston;Dallas;LittleRock;SaintLouis;Chicago;SaultStMarie;Toronto;Montreal;Boston;NewYork;Pittsburgh;Washington;Raleigh;Atlanta;Charleston;Miami;NewOrleans;Nashville
Vancouver;;274,9;271,3;;;;;;;;;;;;;;;;;;;;;;;;;;;;;;;;;
Seattle;253,0;;283,4;288,3;352,5;;;;;;;;;;;;;;;;;;;;;;;;;;;;;;;
Calgary;263,5;287,4;;;348,5;;;;;;;;;310,3;;;;;;;;;;;;;;;;;;;;;;
Portland;;291,6;;;;334,6;325,7;;;;;;;;;;;;;;;;;;;;;;;;;;;;;
Helena;;290,9;300,4;;;347,2;;;;;;414,4;;308,6;382,4;396,8;;;;;;;;;;;;;;;;;;;;
SaltLakeCity;;;;291,0;354,1;;324,1;;340,6;;;379,4;;;;;;;;;;;;;;;;;;;;;;;;
SanFrancisco;;;;289,9;;336,7;;980,5;;;;;;;;;;;;;;;;;;;;;;;;;;;;
LosAngeles;;;;;;;329,4;;329,7;;;;906,0;;;;;;;;;;;;;;;;;;;;;;;
LasVegas;;;;;;334,3;;382,4;;;;;;;;;;;;;;;;;;;;;;;;;;;;
Phoenix;;;;;;;;;;;;392,2;470,3;;;;;;;;;;;;;;;;;;;;;;;
SantaFe;;;;;;;;;;;;421,2;470,7;;;;;526,9;;;;;;;;;;;;;;;;;;
Denver;;;;;368,5;350,8;;;;433,9;425,0;;;;;402,8;413,9;437,6;;;;;;;;;;;;;;;;;;
ElPaso;;;;;;;;413,7;;427,0;447,4;;;;;;;502,5;1012,0;530,6;;;;;;;;;;;;;;;;
Winnipeg;;;298,1;;335,6;;;;;;;;;;340,9;;;;;;;;;376,0;;;;;;;;;;;;
Duluth;;;;;340,5;;;;;;;;;324,3;;;;;;;;;;;425,1;;;;;;;;;;;
Omaha;;;;;362,1;;;;;;;383,8;;;;;;;;;;;473,6;;;;;;;;;;;;;
KansasCity;;;;;;;;;;;;378,3;;;;;;;;;;560,3;;;;;;;;;;;;;;
OklahomaCity;;;;;;;;;;;449,8;417,6;475,8;;;;;;;;603,7;;;;;;;;;;;;;;;
Houston;;;;;;;;;;;;;520,6;;;;;;;;;;;;;;;;;;;;;;1006,0;
Dallas;;;;;;;;;;;;;483,6;;;;;;;;577,7;;;;;;;;;;;;;;;
LittleRock;;;;;;;;;;;;;;;;;;500,2;;513,7;;551,8;;;;;;;;;;;;;681,9;745,3
SaintLouis;;;;;;;;;;;;;;;;;477,1;;;;645,2;;488,7;;;;;;581,7;;;;;;;749,1
Chicago;;;;;;;;;;;;;;;;397,7;;;;;;580,6;;;398,2;;;;522,1;;;;;;;
SaultStMarie;;;;;;;;;;;;;;304,0;;;;;;;;;;;443,8;354,2;;;;;;;;;;
Toronto;;;;;;;;;;;;;;;365,1;;;;;;;;482,0;318,3;;324,8;;;518,3;;;;;;;
Montreal;;;;;;;;;;;;;;;;;;;;;;;;313,7;451,2;;322,9;331,4;;;;;;;;
Boston;;;;;;;;;;;;;;;;;;;;;;;;;;324,4;;357,3;;;;;;;;
NewYork;;;;;;;;;;;;;;;;;;;;;;;;;;335,2;318,9;;;522,3;;;;;;
Pittsburgh;;;;;;;;;;;;;;;;;;;;;;568,6;486,9;;472,6;;;;;476,7;592,7;;;;;
Washington;;;;;;;;;;;;;;;;;;;;;;;;;;;;427,0;518,8;;586,1;;;;;
Raleigh;;;;;;;;;;;;;;;;;;;;;;;;;;;;;545,3;476,2;;;795,5;;;
Atlanta;;;;;;;;;;;;;;;;;;;;;;;;;;;;;;;;;1000,0;1000,0;1000,0;1000,0
Charleston;;;;;;;;;;;;;;;;;;;;;;;;;;;;;;;584,7;902,0;;806,1;;
Miami;;;;;;;;;;;;;;;;;;;;;;;;;;;;;;;;905,0;778,0;;716,1;
NewOrleans;;;;;;;;;;;;;;;;;;;569,4;;650,3;;;;;;;;;;;1004,0;;800,5;;
Nashville;;;;;;;;;;;;;;;;;;;;;552,3;604,0;;;;;;;;;;901,0;;;;
Step_16000;Vancouver;Seattle;Calgary;Portland;Helena;SaltLakeCity;SanFrancisco;LosAngeles;LasVegas;Phoenix;SantaFe;Denver;ElPaso;Winnipeg;Duluth;Omaha;KansasCity;OklahomaCity;Houston;Dallas;LittleRock;SaintLouis;Chicago;SaultStMarie;Toronto;Montreal;Boston;NewYork;Pittsburgh;Washington;Raleigh;Atlanta;Charleston;Miami;NewOrleans;Nashville
Vancouver;;284,1;282,9;;;;;;;;;;;;;;;;;;;;;;;;;;;;;;;;;
Seattle;262,1;;277,6;302,5;329,6;;;;;;;;;;;;;;;;;;;;;;;;;;;;;;;
Calgary;257,8;302,1;;;329,7;;;;;;;;;309,0;;;;;;;;;;;;;;;;;;;;;;
Portland;;289,1;;;;342,8;363,5;;;;;;;;;;;;;;;;;;;;;;;;;;;;;
Helena;;282,7;287,2;;;340,5;;;;;;402,2;;318,4;348,5;383,5;;;;;;;;;;;;;;;;;;;;
SaltLakeCity;;;;311,8;359,3;;333,6;;344,9;;;411,1;;;;;;;;;;;;;;;;;;;;;;;;
SanFrancisco;;;;322,5;;357,9;;995,9;;;;;;;;;;;;;;;;;;;;;;;;;;;;
LosAngeles;;;;;;;356,8;;380,5;;;;991,4;;;;;;;;;;;;;;;;;;;;;;;
LasVegas;;;;;;327,8;;456,4;;;;;;;;;;;;;;;;;;;;;;;;;;;;
Phoenix;;;;;;;;;;;;381,9;556,0;;;;;;;;;;;;;;;;;;;;;;;
SantaFe;;;;;;;;;;;;385,6;511,1;;;;;506,7;;;;;;;;;;;;;;;;;;
Denver;;;;;337,8;346,3;;;;444,1;432,4;;;;;399,0;453,3;481,3;;;;;;;;;;;;;;;;;;
ElPaso;;;;;;;;451,5;;448,1;411,2;;;;;;;494,5;976,8;566,3;;;;;;;;;;;;;;;;
Winnipeg;;;299,3;;340,1;;;;;;;;;;331,4;;;;;;;;;330,3;;;;;;;;;;;;
Duluth;;;;;313,5;;;;;;;;;310,7;;;;;;;;;;;401,7;;;;;;;;;;;
Omaha;;;;;333,1;;;;;;;409,2;;;;;;;;;;;477,4;;;;;;;;;;;;;
KansasCity;;;;;;;;;;;;415,2;;;;;;;;;;574,7;;;;;;;;;;;;;;
OklahomaCity;;;;;;;;;;;421,1;430,1;535,5;;;;;;;;599,5;;;;;;;;;;;;;;;
Houston;;;;;;;;;;;;;518,8;;;;;;;;;;;;;;;;;;;;;;922,2;
Dallas;;;;;;;;;;;;;504,1;;;;;;;;642,6;;;;;;;;;;;;;;;
LittleRock;;;;;;;;;;;;;;;;;;550,0;;508,5;;584,0;;;;;;;;;;;;;694,5;709,9
SaintLouis;;;;;;;;;;;;;;;;;471,4;;;;567,3;;472,2;;;;;;499,7;;;;;;;699,1
Chicago;;;;;;;;;;;;;;;;403,6;;;;;;593,3;;;379,9;;;;503,2;;;;;;;
SaultStMarie;;;;;;;;;;;;;;329,1;;;;;;;;;;;425,5;359,6;;;;;;;;;;
Toronto;;;;;;;;;;;;;;;351,4;;;;;;;;470,6;340,9;;354,1;;;475,6;;;;;;;
Montreal;;;;;;;;;;;;;;;;;;;;;;;;334,1;371,5;;329,6;403,3;;;;;;;;
Boston;;;;;;;;;;;;;;;;;;;;;;;;;;339,8;;392,1;;;;;;;;
NewYork;;;;;;;;;;;;;;;;;;;;;;;;;;326,3;340,3;;;443,2;;;;;;
Pittsburgh;;;;;;;;;;;;;;;;;;;;;;597,5;450,8;;379,4;;;;;512,5;588,2;;;;;
Washington;;;;;;;;;;;;;;;;;;;;;;;;;;;;358,2;469,8;;624,2;;;;;
Raleigh;;;;;;;;;;;;;;;;;;;;;;;;;;;;;463,9;480,5;;;723,6;;;
Atlanta;;;;;;;;;;;;;;;;;;;;;;;;;;;;;;;;;1000,0;1000,0;1000,0;1000,0
Charleston;;;;;;;;;;;;;;;;;;;;;;;;;;;;;;;638,0;902,0;;790,6;;
Miami;;;;;;;;;;;;;;;;;;;;;;;;;;;;;;;;905,0;800,1;;628,0;
NewOrleans;;;;;;;;;;;;;;;;;;;557,2;;650,0;;;;;;;;;;;1004,0;;753,4;;
Nashville;;;;;;;;;;;;;;;;;;;;;657,3;591,2;;;;;;;;;;901,0;;;;
Step_20000;Vancouver;Seattle;Calgary;Portland;Helena;SaltLakeCity;SanFrancisco;LosAngeles;LasVegas;Phoenix;SantaFe;Denver;ElPaso;Winnipeg;Duluth;Omaha;KansasCity;OklahomaCity;Houston;Dallas;LittleRock;SaintLouis;Chicago;SaultStMarie;Toronto;Montreal;Boston;NewYork;Pittsburgh;Washington;Raleigh;Atlanta;Charleston;Miami;NewOrleans;Nashville
Vancouver;;271,1;284,7;;;;;;;;;;;;;;;;;;;;;;;;;;;;;;;;;
Seattle;256,2;;284,8;299,6;329,4;;;;;;;;;;;;;;;;;;;;;;;;;;;;;;;
Calgary;258,8;280,4;;;332,4;;;;;;;;;319,3;;;;;;;;;;;;;;;;;;;;;;
Portland;;265,9;;;;351,9;332,1;;;;;;;;;;;;;;;;;;;;;;;;;;;;;
Helena;;258,7;298,1;;;342,6;;;;;;413,9;;321,8;339,3;359,6;;;;;;;;;;;;;;;;;;;;
SaltLakeCity;;;;283,4;327,9;;337,5;;363,0;;;416,2;;;;;;;;;;;;;;;;;;;;;;;;
SanFrancisco;;;;289,8;;358,6;;890,6;;;;;;;;;;;;;;;;;;;;;;;;;;;;
LosAngeles;;;;;;;406,8;;363,4;;;;991,2;;;;;;;;;;;;;;;;;;;;;;;
LasVegas;;;;;;334,8;;421,5;;;;;;;;;;;;;;;;;;;;;;;;;;;;
Phoenix;;;;;;;;;;;;408,3;468,7;;;;;;;;;;;;;;;;;;;;;;;
SantaFe;;;;;;;;;;;;420,4;485,4;;;;;507,6;;;;;;;;;;;;;;;;;;
Denver;;;;;353,1;333,7;;;;418,2;426,0;;;;;377,6;478,6;455,6;;;;;;;;;;;;;;;;;;
ElPaso;;;;;;;;408,6;;435,1;441,3;;;;;;;505,5;975,5;546,0;;;;;;;;;;;;;;;;
Winnipeg;;;295,2;;325,6;;;;;;;;;;342,1;;;;;;;;;355,8;;;;;;;;;;;;
Duluth;;;;;346,2;;;;;;;;;322,5;;;;;;;;;;;428,6;;;;;;;;;;;
Omaha;;;;;356,4;;;;;;;390,6;;;;;;;;;;;429,7;;;;;;;;;;;;;
KansasCity;;;;;;;;;;;;418,1;;;;;;;;;;519,0;;;;;;;;;;;;;;
OklahomaCity;;;;;;;;;;;433,8;409,7;502,4;;;;;;;;628,7;;;;;;;;;;;;;;;
Houston;;;;;;;;;;;;;503,5;;;;;;;;;;;;;;;;;;;;;;914,9;
Dallas;;;;;;;;;;;;;483,5;;;;;;;;673,0;;;;;;;;;;;;;;;
LittleRock;;;;;;;;;;;;;;;;;;482,3;;541,4;;617,9;;;;;;;;;;;;;680,5;776,5
SaintLouis;;;;;;;;;;;;;;;;;475,4;;;;616,6;;499,6;;;;;;497,0;;;;;;;700,6
Chicago;;;;;;;;;;;;;;;;391,6;;;;;;571,6;;;413,4;;;;509,1;;;;;;;
SaultStMarie;;;;;;;;;;;;;;322,3;;;;;;;;;;;409,6;341,8;;;;;;;;;;
Toronto;;;;;;;;;;;;;;;382,5;;;;;;;;454,1;352,1;;340,9;;;463,6;;;;;;;
Montreal;;;;;;;;;;;;;;;;;;;;;;;;351,5;358,6;;333,5;370,8;;;;;;;;
Boston;;;;;;;;;;;;;;;;;;;;;;;;;;337,8;;366,5;;;;;;;;
NewYork;;;;;;;;;;;;;;;;;;;;;;;;;;332,9;331,1;;;482,5;;;;;;
Pittsburgh;;;;;;;;;;;;;;;;;;;;;;509,4;420,5;;404,4;;;;;486,3;604,7;;;;;
Washington;;;;;;;;;;;;;;;;;;;;;;;;;;;;415,3;525,6;;599,8;;;;;
Raleigh;;;;;;;;;;;;;;;;;;;;;;;;;;;;;534,3;485,9;;;734,7;;;
Atlanta;;;;;;;;;;;;;;;;;;;;;;;;;;;;;;;;;1000,0;1000,0;1000,0;1000,0
Charleston;;;;;;;;;;;;;;;;;;;;;;;;;;;;;;;618,1;902,0;;738,9;;
Miami;;;;;;;;;;;;;;;;;;;;;;;;;;;;;;;;905,0;752,2;;689,5;
NewOrleans;;;;;;;;;;;;;;;;;;;627,4;;609,4;;;;;;;;;;;1004,0;;748,8;;
Nashville;;;;;;;;;;;;;;;;;;;;;585,1;606,3;;;;;;;;;;901,0;;;;
Step_24000;Vancouver;Seattle;Calgary;Portland;Helena;SaltLakeCity;SanFrancisco;LosAngeles;LasVegas;Phoenix;SantaFe;Denver;ElPaso;Winnipeg;Duluth;Omaha;KansasCity;OklahomaCity;Houston;Dallas;LittleRock;SaintLouis;Chicago;SaultStMarie;Toronto;Montreal;Boston;NewYork;Pittsburgh;Washington;Raleigh;Atlanta;Charleston;Miami;NewOrleans;Nashville
Vancouver;;293,8;273,0;;;;;;;;;;;;;;;;;;;;;;;;;;;;;;;;;
Seattle;258,6;;291,1;304,8;340,9;;;;;;;;;;;;;;;;;;;;;;;;;;;;;;;
Calgary;262,1;301,5;;;351,0;;;;;;;;;296,1;;;;;;;;;;;;;;;;;;;;;;
Portland;;292,7;;;;307,3;339,5;;;;;;;;;;;;;;;;;;;;;;;;;;;;;
Helena;;303,6;290,4;;;340,4;;;;;;356,7;;299,9;319,3;392,0;;;;;;;;;;;;;;;;;;;;
SaltLakeCity;;;;282,0;338,0;;317,3;;340,1;;;403,1;;;;;;;;;;;;;;;;;;;;;;;;
SanFrancisco;;;;292,3;;340,4;;996,0;;;;;;;;;;;;;;;;;;;;;;;;;;;;
LosAngeles;;;;;;;349,4;;340,5;;;;992,2;;;;;;;;;;;;;;;;;;;;;;;
LasVegas;;;;;;330,1;;380,9;;;;;;;;;;;;;;;;;;;;;;;;;;;;
Phoenix;;;;;;;;;;;;402,0;459,7;;;;;;;;;;;;;;;;;;;;;;;
SantaFe;;;;;;;;;;;;397,6;512,4;;;;;440,8;;;;;;;;;;;;;;;;;;
Denver;;;;;330,4;313,2;;;;425,7;437,2;;;;;380,3;452,9;499,9;;;;;;;;;;;;;;;;;;
ElPaso;;;;;;;;387,0;;422,7;424,0;;;;;;;460,1;980,9;529,4;;;;;;;;;;;;;;;;
Winnipeg;;;290,2;;337,0;;;;;;;;;;315,0;;;;;;;;;309,5;;;;;;;;;;;;
Duluth;;;;;341,4;;;;;;;;;290,7;;;;;;;;;;;368,3;;;;;;;;;;;
Omaha;;;;;315,5;;;;;;;389,5;;;;;;;;;;;425,3;;;;;;;;;;;;;
KansasCity;;;;;;;;;;;;408,6;;;;;;;;;;574,2;;;;;;;;;;;;;;
OklahomaCity;;;;;;;;;;;424,5;400,1;546,5;;;;;;;;634,2;;;;;;;;;;;;;;;
Houston;;;;;;;;;;;;;525,6;;;;;;;;;;;;;;;;;;;;;;944,8;
Dallas;;;;;;;;;;;;;461,9;;;;;;;;624,5;;;;;;;;;;;;;;;
LittleRock;;;;;;;;;;;;;;;;;;440,1;;511,2;;503,7;;;;;;;;;;;;;648,7;743,1
SaintLouis;;;;;;;;;;;;;;;;;491,2;;;;555,6;;480,2;;;;;;459,1;;;;;;;715,0
Chicago;;;;;;;;;;;;;;;;407,0;;;;;;505,8;;;406,3;;;;486,4;;;;;;;
SaultStMarie;;;;;;;;;;;;;;290,9;;;;;;;;;;;349,3;354,9;;;;;;;;;;
Toronto;;;;;;;;;;;;;;;320,6;;;;;;;;447,5;315,5;;346,8;;;493,8;;;;;;;
Montreal;;;;;;;;;;;;;;;;;;;;;;;;313,7;392,2;;345,8;390,2;;;;;;;;
Boston;;;;;;;;;;;;;;;;;;;;;;;;;;335,8;;404,7;;;;;;;;
NewYork;;;;;;;;;;;;;;;;;;;;;;;;;;325,7;353,3;;;467,2;;;;;;
Pittsburgh;;;;;;;;;;;;;;;;;;;;;;577,6;429,3;;408,1;;;;;529,2;574,2;;;;;
Washington;;;;;;;;;;;;;;;;;;;;;;;;;;;;368,2;488,4;;567,3;;;;;
Raleigh;;;;;;;;;;;;;;;;;;;;;;;;;;;;;482,4;473,1;;;724,3;;;
Atlanta;;;;;;;;;;;;;;;;;;;;;;;;;;;;;;;;;1000,0;1000,0;1000,0;1000,0
Charleston;;;;;;;;;;;;;;;;;;;;;;;;;;;;;;;627,5;902,0;;782,2;;
Miami;;;;;;;;;;;;;;;;;;;;;;;;;;;;;;;;905,0;735,0;;764,5;
NewOrleans;;;;;;;;;;;;;;;;;;;644,1;;603,1;;;;;;;;;;;1004,0;;775,3;;
Nashville;;;;;;;;;;;;;;;;;;;;;627,7;559,4;;;;;;;;;;901,0;;;;
Step_28000;Vancouver;Seattle;Calgary;Portland;Helena;SaltLakeCity;SanFrancisco;LosAngeles;LasVegas;Phoenix;SantaFe;Denver;ElPaso;Winnipeg;Duluth;Omaha;KansasCity;OklahomaCity;Houston;Dallas;LittleRock;SaintLouis;Chicago;SaultStMarie;Toronto;Montreal;Boston;NewYork;Pittsburgh;Washington;Raleigh;Atlanta;Charleston;Miami;NewOrleans;Nashville
Vancouver;;295,4;302,1;;;;;;;;;;;;;;;;;;;;;;;;;;;;;;;;;
Seattle;268,3;;287,6;300,3;350,0;;;;;;;;;;;;;;;;;;;;;;;;;;;;;;;
Calgary;267,6;301,9;;;331,8;;;;;;;;;295,9;;;;;;;;;;;;;;;;;;;;;;
Portland;;284,8;;;;328,6;339,1;;;;;;;;;;;;;;;;;;;;;;;;;;;;;
Helena;;306,0;281,9;;;363,2;;;;;;408,8;;305,8;340,5;378,0;;;;;;;;;;;;;;;;;;;;
SaltLakeCity;;;;298,5;357,5;;335,3;;364,3;;;396,1;;;;;;;;;;;;;;;;;;;;;;;;
SanFrancisco;;;;304,7;;336,4;;1021,0;;;;;;;;;;;;;;;;;;;;;;;;;;;;
LosAngeles;;;;;;;354,5;;372,1;;;;1018,0;;;;;;;;;;;;;;;;;;;;;;;
LasVegas;;;;;;355,3;;460,5;;;;;;;;;;;;;;;;;;;;;;;;;;;;
Phoenix;;;;;;;;;;;;407,8;488,0;;;;;;;;;;;;;;;;;;;;;;;
SantaFe;;;;;;;;;;;;380,9;449,0;;;;;467,5;;;;;;;;;;;;;;;;;;
Denver;;;;;336,8;346,4;;;;429,2;398,8;;;;;403,2;467,9;444,7;;;;;;;;;;;;;;;;;;
ElPaso;;;;;;;;416,2;;456,1;400,6;;;;;;;437,1;1012,0;493,6;;;;;;;;;;;;;;;;
Winnipeg;;;283,7;;322,9;;;;;;;;;;321,5;;;;;;;;;346,5;;;;;;;;;;;;
Duluth;;;;;334,4;;;;;;;;;305,5;;;;;;;;;;;372,8;;;;;;;;;;;
Omaha;;;;;353,9;;;;;;;428,3;;;;;;;;;;;479,5;;;;;;;;;;;;;
KansasCity;;;;;;;;;;;;398,0;;;;;;;;;;496,3;;;;;;;;;;;;;;
OklahomaCity;;;;;;;;;;;410,7;411,9;519,2;;;;;;;;579,6;;;;;;;;;;;;;;;
Houston;;;;;;;;;;;;;525,0;;;;;;;;;;;;;;;;;;;;;;1006,0;
Dallas;;;;;;;;;;;;;466,6;;;;;;;;605,8;;;;;;;;;;;;;;;
LittleRock;;;;;;;;;;;;;;;;;;489,7;;510,4;;518,6;;;;;;;;;;;;;806,9;676,7
SaintLouis;;;;;;;;;;;;;;;;;471,1;;;;541,9;;481,8;;;;;;470,1;;;;;;;695,7
Chicago;;;;;;;;;;;;;;;;414,1;;;;;;539,8;;;387,6;;;;481,5;;;;;;;
SaultStMarie;;;;;;;;;;;;;;299,0;;;;;;;;;;;407,5;356,8;;;;;;;;;;
Toronto;;;;;;;;;;;;;;;346,7;;;;;;;;471,0;339,6;;349,4;;;530,5;;;;;;;
Montreal;;;;;;;;;;;;;;;;;;;;;;;;332,8;340,9;;379,8;436,2;;;;;;;;
Boston;;;;;;;;;;;;;;;;;;;;;;;;;;356,5;;441,6;;;;;;;;
NewYork;;;;;;;;;;;;;;;;;;;;;;;;;;330,7;389,4;;;498,8;;;;;;
Pittsburgh;;;;;;;;;;;;;;;;;;;;;;578,8;489,1;;410,3;;;;;479,8;576,5;;;;;
Washington;;;;;;;;;;;;;;;;;;;;;;;;;;;;444,4;521,0;;602,6;;;;;
Raleigh;;;;;;;;;;;;;;;;;;;;;;;;;;;;;460,8;501,4;;;767,0;;;
Atlanta;;;;;;;;;;;;;;;;;;;;;;;;;;;;;;;;;1000,0;1000,0;1000,0;1000,0
Charleston;;;;;;;;;;;;;;;;;;;;;;;;;;;;;;;595,7;902,0;;783,1;;
Miami;;;;;;;;;;;;;;;;;;;;;;;;;;;;;;;;905,0;785,8;;703,9;
NewOrleans;;;;;;;;;;;;;;;;;;;619,4;;573,4;;;;;;;;;;;1004,0;;764,4;;
Nashville;;;;;;;;;;;;;;;;;;;;;599,3;575,1;;;;;;;;;;901,0;;;;
Step_32000;Vancouver;Seattle;Calgary;Portland;Helena;SaltLakeCity;SanFrancisco;LosAngeles;LasVegas;Phoenix;SantaFe;Denver;ElPaso;Winnipeg;Duluth;Omaha;KansasCity;OklahomaCity;Houston;Dallas;LittleRock;SaintLouis;Chicago;SaultStMarie;Toronto;Montreal;Boston;NewYork;Pittsburgh;Washington;Raleigh;Atlanta;Charleston;Miami;NewOrleans;Nashville
Vancouver;;283,6;274,5;;;;;;;;;;;;;;;;;;;;;;;;;;;;;;;;;
Seattle;263,4;;282,2;303,2;344,5;;;;;;;;;;;;;;;;;;;;;;;;;;;;;;;
Calgary;273,5;279,9;;;320,6;;;;;;;;;325,8;;;;;;;;;;;;;;;;;;;;;;
Portland;;288,7;;;;314,7;329,2;;;;;;;;;;;;;;;;;;;;;;;;;;;;;
Helena;;315,4;294,3;;;352,6;;;;;;410,8;;318,4;357,2;375,9;;;;;;;;;;;;;;;;;;;;
SaltLakeCity;;;;301,0;333,3;;342,4;;351,3;;;413,8;;;;;;;;;;;;;;;;;;;;;;;;
SanFrancisco;;;;307,9;;334,2;;977,8;;;;;;;;;;;;;;;;;;;;;;;;;;;;
LosAngeles;;;;;;;330,8;;361,8;;;;891,1;;;;;;;;;;;;;;;;;;;;;;;
LasVegas;;;;;;371,1;;386,8;;;;;;;;;;;;;;;;;;;;;;;;;;;;
Phoenix;;;;;;;;;;;;423,1;500,3;;;;;;;;;;;;;;;;;;;;;;;
SantaFe;;;;;;;;;;;;418,7;451,6;;;;;478,7;;;;;;;;;;;;;;;;;;
Denver;;;;;347,9;335,0;;;;446,9;411,3;;;;;393,6;477,8;471,5;;;;;;;;;;;;;;;;;;
ElPaso;;;;;;;;399,1;;453,2;419,4;;;;;;;459,5;1012,0;511,5;;;;;;;;;;;;;;;;
Winnipeg;;;294,7;;357,2;;;;;;;;;;349,1;;;;;;;;;365,1;;;;;;;;;;;;
Duluth;;;;;336,3;;;;;;;;;333,9;;;;;;;;;;;413,7;;;;;;;;;;;
Omaha;;;;;336,6;;;;;;;420,6;;;;;;;;;;;446,2;;;;;;;;;;;;;
KansasCity;;;;;;;;;;;;391,3;;;;;;;;;;560,9;;;;;;;;;;;;;;
OklahomaCity;;;;;;;;;;;416,2;400,1;483,0;;;;;;;;572,6;;;;;;;;;;;;;;;
Houston;;;;;;;;;;;;;482,1;;;;;;;;;;;;;;;;;;;;;;1006,0;
Dallas;;;;;;;;;;;;;480,0;;;;;;;;572,6;;;;;;;;;;;;;;;
LittleRock;;;;;;;;;;;;;;;;;;514,7;;504,0;;536,4;;;;;;;;;;;;;643,2;737,2
SaintLouis;;;;;;;;;;;;;;;;;509,8;;;;605,9;;472,6;;;;;;466,9;;;;;;;764,3
Chicago;;;;;;;;;;;;;;;;414,7;;;;;;505,4;;;399,9;;;;487,8;;;;;;;
SaultStMarie;;;;;;;;;;;;;;297,6;;;;;;;;;;;419,6;340,2;;;;;;;;;;
Toronto;;;;;;;;;;;;;;;346,0;;;;;;;;457,5;322,7;;335,7;;;473,3;;;;;;;
Montreal;;;;;;;;;;;;;;;;;;;;;;;;383,8;324,3;;359,6;381,3;;;;;;;;
Boston;;;;;;;;;;;;;;;;;;;;;;;;;;349,0;;388,0;;;;;;;;
NewYork;;;;;;;;;;;;;;;;;;;;;;;;;;337,2;344,6;;;499,6;;;;;;
Pittsburgh;;;;;;;;;;;;;;;;;;;;;;558,8;459,7;;410,5;;;;;467,8;583,2;;;;;
Washington;;;;;;;;;;;;;;;;;;;;;;;;;;;;424,9;507,8;;594,1;;;;;
Raleigh;;;;;;;;;;;;;;;;;;;;;;;;;;;;;468,5;506,7;;;732,4;;;
Atlanta;;;;;;;;;;;;;;;;;;;;;;;;;;;;;;;;;1000,0;1000,0;1000,0;1000,0
Charleston;;;;;;;;;;;;;;;;;;;;;;;;;;;;;;;589,8;902,0;;740,8;;
Miami;;;;;;;;;;;;;;;;;;;;;;;;;;;;;;;;905,0;754,5;;743,7;
NewOrleans;;;;;;;;;;;;;;;;;;;611,6;;571,7;;;;;;;;;;;1004,0;;786,4;;
Nashville;;;;;;;;;;;;;;;;;;;;;614,5;569,8;;;;;;;;;;901,0;;;;
Step_36000;Vancouver;Seattle;Calgary;Portland;Helena;SaltLakeCity;SanFrancisco;LosAngeles;LasVegas;Phoenix;SantaFe;Denver;ElPaso;Winnipeg;Duluth;Omaha;KansasCity;OklahomaCity;Houston;Dallas;LittleRock;SaintLouis;Chicago;SaultStMarie;Toronto;Montreal;Boston;NewYork;Pittsburgh;Washington;Raleigh;Atlanta;Charleston;Miami;NewOrleans;Nashville
Vancouver;;284,2;280,9;;;;;;;;;;;;;;;;;;;;;;;;;;;;;;;;;
Seattle;254,7;;282,9;298,5;303,9;;;;;;;;;;;;;;;;;;;;;;;;;;;;;;;
Calgary;263,7;284,8;;;326,2;;;;;;;;;312,5;;;;;;;;;;;;;;;;;;;;;;
Portland;;266,7;;;;336,7;318,1;;;;;;;;;;;;;;;;;;;;;;;;;;;;;
Helena;;272,7;295,3;;;337,1;;;;;;398,4;;319,2;316,7;427,4;;;;;;;;;;;;;;;;;;;;
SaltLakeCity;;;;285,2;326,2;;344,7;;343,1;;;414,9;;;;;;;;;;;;;;;;;;;;;;;;
SanFrancisco;;;;300,0;;357,9;;996,2;;;;;;;;;;;;;;;;;;;;;;;;;;;;
LosAngeles;;;;;;;361,6;;375,6;;;;993,4;;;;;;;;;;;;;;;;;;;;;;;
LasVegas;;;;;;337,3;;417,1;;;;;;;;;;;;;;;;;;;;;;;;;;;;
Phoenix;;;;;;;;;;;;404,0;510,6;;;;;;;;;;;;;;;;;;;;;;;
SantaFe;;;;;;;;;;;;383,4;443,2;;;;;507,2;;;;;;;;;;;;;;;;;;
Denver;;;;;354,3;340,5;;;;411,9;421,7;;;;;385,0;421,4;465,4;;;;;;;;;;;;;;;;;;
ElPaso;;;;;;;;434,7;;424,0;444,1;;;;;;;449,3;987,6;486,6;;;;;;;;;;;;;;;;
Winnipeg;;;289,1;;356,0;;;;;;;;;;337,6;;;;;;;;;372,0;;;;;;;;;;;;
Duluth;;;;;344,1;;;;;;;;;326,4;;;;;;;;;;;371,5;;;;;;;;;;;
Omaha;;;;;347,9;;;;;;;383,1;;;;;;;;;;;474,9;;;;;;;;;;;;;
KansasCity;;;;;;;;;;;;399,7;;;;;;;;;;564,2;;;;;;;;;;;;;;
OklahomaCity;;;;;;;;;;;405,1;383,4;509,9;;;;;;;;554,0;;;;;;;;;;;;;;;
Houston;;;;;;;;;;;;;472,8;;;;;;;;;;;;;;;;;;;;;;982,3;
Dallas;;;;;;;;;;;;;495,8;;;;;;;;571,9;;;;;;;;;;;;;;;
LittleRock;;;;;;;;;;;;;;;;;;507,7;;498,6;;544,1;;;;;;;;;;;;;687,1;714,3
SaintLouis;;;;;;;;;;;;;;;;;472,8;;;;582,7;;436,0;;;;;;457,6;;;;;;;689,1
Chicago;;;;;;;;;;;;;;;;385,2;;;;;;569,3;;;431,8;;;;475,2;;;;;;;
SaultStMarie;;;;;;;;;;;;;;315,4;;;;;;;;;;;432,3;365,6;;;;;;;;;;
Toronto;;;;;;;;;;;;;;;332,4;;;;;;;;458,0;335,0;;356,5;;;491,9;;;;;;;
Montreal;;;;;;;;;;;;;;;;;;;;;;;;367,1;376,8;;355,1;424,7;;;;;;;;
Boston;;;;;;;;;;;;;;;;;;;;;;;;;;361,1;;414,4;;;;;;;;
NewYork;;;;;;;;;;;;;;;;;;;;;;;;;;342,5;357,1;;;474,6;;;;;;
Pittsburgh;;;;;;;;;;;;;;;;;;;;;;536,2;487,6;;398,4;;;;;467,8;503,1;;;;;
Washington;;;;;;;;;;;;;;;;;;;;;;;;;;;;397,2;480,6;;485,5;;;;;
Raleigh;;;;;;;;;;;;;;;;;;;;;;;;;;;;;464,7;429,7;;;632,4;;;
Atlanta;;;;;;;;;;;;;;;;;;;;;;;;;;;;;;;;;1000,0;1000,0;1000,0;1000,0
Charleston;;;;;;;;;;;;;;;;;;;;;;;;;;;;;;;475,0;902,0;;727,6;;
Miami;;;;;;;;;;;;;;;;;;;;;;;;;;;;;;;;905,0;714,7;;767,0;
NewOrleans;;;;;;;;;;;;;;;;;;;584,4;;593,2;;;;;;;;;;;984,0;;801,3;;
Nashville;;;;;;;;;;;;;;;;;;;;;559,8;510,7;;;;;;;;;;901,0;;;;
Step_40000;Vancouver;Seattle;Calgary;Portland;Helena;SaltLakeCity;SanFrancisco;LosAngeles;LasVegas;Phoenix;SantaFe;Denver;ElPaso;Winnipeg;Duluth;Omaha;KansasCity;OklahomaCity;Houston;Dallas;LittleRock;SaintLouis;Chicago;SaultStMarie;Toronto;Montreal;Boston;NewYork;Pittsburgh;Washington;Raleigh;Atlanta;Charleston;Miami;NewOrleans;Nashville
Vancouver;;277,5;298,8;;;;;;;;;;;;;;;;;;;;;;;;;;;;;;;;;
Seattle;263,1;;297,3;299,8;344,3;;;;;;;;;;;;;;;;;;;;;;;;;;;;;;;
Calgary;264,3;282,9;;;345,8;;;;;;;;;316,2;;;;;;;;;;;;;;;;;;;;;;
Portland;;291,1;;;;345,3;319,7;;;;;;;;;;;;;;;;;;;;;;;;;;;;;
Helena;;310,5;304,0;;;348,1;;;;;;430,8;;310,6;360,9;378,0;;;;;;;;;;;;;;;;;;;;
SaltLakeCity;;;;309,9;365,4;;348,3;;357,0;;;409,8;;;;;;;;;;;;;;;;;;;;;;;;
SanFrancisco;;;;308,7;;355,4;;996,2;;;;;;;;;;;;;;;;;;;;;;;;;;;;
LosAngeles;;;;;;;324,7;;330,4;;;;993,4;;;;;;;;;;;;;;;;;;;;;;;
LasVegas;;;;;;343,1;;347,1;;;;;;;;;;;;;;;;;;;;;;;;;;;;
Phoenix;;;;;;;;;;;;437,3;485,2;;;;;;;;;;;;;;;;;;;;;;;
SantaFe;;;;;;;;;;;;434,7;456,0;;;;;479,8;;;;;;;;;;;;;;;;;;
Denver;;;;;340,7;358,2;;;;423,3;456,4;;;;;385,7;446,2;458,5;;;;;;;;;;;;;;;;;;
ElPaso;;;;;;;;394,6;;429,9;447,7;;;;;;;517,7;987,6;553,4;;;;;;;;;;;;;;;;
Winnipeg;;;297,2;;334,1;;;;;;;;;;331,3;;;;;;;;;338,3;;;;;;;;;;;;
Duluth;;;;;359,0;;;;;;;;;297,0;;;;;;;;;;;405,6;;;;;;;;;;;
Omaha;;;;;327,0;;;;;;;445,5;;;;;;;;;;;424,3;;;;;;;;;;;;;
KansasCity;;;;;;;;;;;;448,8;;;;;;;;;;548,4;;;;;;;;;;;;;;
OklahomaCity;;;;;;;;;;;454,6;394,9;486,0;;;;;;;;633,5;;;;;;;;;;;;;;;
Houston;;;;;;;;;;;;;526,2;;;;;;;;;;;;;;;;;;;;;;982,3;
Dallas;;;;;;;;;;;;;497,9;;;;;;;;601,5;;;;;;;;;;;;;;;
LittleRock;;;;;;;;;;;;;;;;;;514,1;;538,3;;544,2;;;;;;;;;;;;;761,6;730,9
SaintLouis;;;;;;;;;;;;;;;;;423,3;;;;559,2;;469,0;;;;;;487,3;;;;;;;725,0
Chicago;;;;;;;;;;;;;;;;399,7;;;;;;549,1;;;399,4;;;;487,7;;;;;;;
SaultStMarie;;;;;;;;;;;;;;314,2;;;;;;;;;;;389,2;363,4;;;;;;;;;;
Toronto;;;;;;;;;;;;;;;359,4;;;;;;;;421,7;329,2;;353,7;;;493,7;;;;;;;
Montreal;;;;;;;;;;;;;;;;;;;;;;;;358,3;404,1;;341,2;374,6;;;;;;;;
Boston;;;;;;;;;;;;;;;;;;;;;;;;;;373,5;;352,1;;;;;;;;
NewYork;;;;;;;;;;;;;;;;;;;;;;;;;;360,6;341,5;;;445,2;;;;;;
Pittsburgh;;;;;;;;;;;;;;;;;;;;;;517,3;479,5;;412,2;;;;;507,8;598,0;;;;;
Washington;;;;;;;;;;;;;;;;;;;;;;;;;;;;363,7;473,8;;621,3;;;;;
Raleigh;;;;;;;;;;;;;;;;;;;;;;;;;;;;;502,7;507,8;;;782,5;;;
Atlanta;;;;;;;;;;;;;;;;;;;;;;;;;;;;;;;;;1000,0;1000,0;1000,0;1000,0
Charleston;;;;;;;;;;;;;;;;;;;;;;;;;;;;;;;551,9;902,0;;798,2;;
Miami;;;;;;;;;;;;;;;;;;;;;;;;;;;;;;;;905,0;801,7;;726,4;
NewOrleans;;;;;;;;;;;;;;;;;;;562,1;;609,5;;;;;;;;;;;984,0;;805,4;;
Nashville;;;;;;;;;;;;;;;;;;;;;605,1;601,7;;;;;;;;;;901,0;;;;
Step_4000;Vancouver;Seattle;Calgary;Portland;Helena;SaltLakeCity;SanFrancisco;LosAngeles;LasVegas;Phoenix;SantaFe;Denver;ElPaso;Winnipeg;Duluth;Omaha;KansasCity;OklahomaCity;Houston;Dallas;LittleRock;SaintLouis;Chicago;SaultStMarie;Toronto;Montreal;Boston;NewYork;Pittsburgh;Washington;Raleigh;Atlanta;Charleston;Miami;NewOrleans;Nashville
Vancouver;;257,8;272,2;;;;;;;;;;;;;;;;;;;;;;;;;;;;;;;;;
Seattle;239,5;;235,6;270,3;327,2;;;;;;;;;;;;;;;;;;;;;;;;;;;;;;;
Calgary;230,5;237,6;;;333,4;;;;;;;;;208,9;;;;;;;;;;;;;;;;;;;;;;
Portland;;251,1;;;;340,6;299,8;;;;;;;;;;;;;;;;;;;;;;;;;;;;;
Helena;;259,1;278,7;;;358,0;;;;;;426,3;;182,7;267,5;340,9;;;;;;;;;;;;;;;;;;;;
SaltLakeCity;;;;288,0;283,3;;337,6;;347,6;;;415,7;;;;;;;;;;;;;;;;;;;;;;;;
SanFrancisco;;;;299,2;;329,1;;980,5;;;;;;;;;;;;;;;;;;;;;;;;;;;;
LosAngeles;;;;;;;340,5;;341,6;;;;906,3;;;;;;;;;;;;;;;;;;;;;;;
LasVegas;;;;;;310,2;;440,2;;;;;;;;;;;;;;;;;;;;;;;;;;;;
Phoenix;;;;;;;;;;;;383,4;514,4;;;;;;;;;;;;;;;;;;;;;;;
SantaFe;;;;;;;;;;;;413,5;541,8;;;;;467,7;;;;;;;;;;;;;;;;;;
Denver;;;;;319,0;354,8;;;;407,7;431,0;;;;;377,7;437,8;455,0;;;;;;;;;;;;;;;;;;
ElPaso;;;;;;;;423,0;;438,1;428,9;;;;;;;478,5;1012,0;504,1;;;;;;;;;;;;;;;;
Winnipeg;;;259,8;;230,4;;;;;;;;;;282,9;;;;;;;;;133,1;;;;;;;;;;;;
Duluth;;;;;314,6;;;;;;;;;165,7;;;;;;;;;;;360,2;;;;;;;;;;;
Omaha;;;;;302,5;;;;;;;382,9;;;;;;;;;;;423,1;;;;;;;;;;;;;
KansasCity;;;;;;;;;;;;406,0;;;;;;;;;;557,1;;;;;;;;;;;;;;
OklahomaCity;;;;;;;;;;;439,9;392,7;439,0;;;;;;;;640,2;;;;;;;;;;;;;;;
Houston;;;;;;;;;;;;;511,3;;;;;;;;;;;;;;;;;;;;;;1006,0;
Dallas;;;;;;;;;;;;;481,2;;;;;;;;578,7;;;;;;;;;;;;;;;
LittleRock;;;;;;;;;;;;;;;;;;517,9;;502,0;;559,0;;;;;;;;;;;;;715,6;684,0
SaintLouis;;;;;;;;;;;;;;;;;430,2;;;;540,9;;472,0;;;;;;390,4;;;;;;;760,6
Chicago;;;;;;;;;;;;;;;;356,6;;;;;;556,1;;;290,9;;;;398,7;;;;;;;
SaultStMarie;;;;;;;;;;;;;;211,2;;;;;;;;;;;153,1;105,0;;;;;;;;;;
Toronto;;;;;;;;;;;;;;;269,5;;;;;;;;440,3;103,3;;152,7;;;396,3;;;;;;;
Montreal;;;;;;;;;;;;;;;;;;;;;;;;11,3;271,6;;49,1;12,7;;;;;;;;
Boston;;;;;;;;;;;;;;;;;;;;;;;;;;126,4;;16,9;;;;;;;;
NewYork;;;;;;;;;;;;;;;;;;;;;;;;;;-1,0;54,4;;;156,7;;;;;;
Pittsburgh;;;;;;;;;;;;;;;;;;;;;;547,9;421,5;;330,3;;;;;219,5;338,9;;;;;
Washington;;;;;;;;;;;;;;;;;;;;;;;;;;;;77,5;422,4;;144,4;;;;;
Raleigh;;;;;;;;;;;;;;;;;;;;;;;;;;;;;388,5;268,2;;;502,2;;;
Atlanta;;;;;;;;;;;;;;;;;;;;;;;;;;;;;;;;;1000,0;1000,0;1000,0;1000,0
Charleston;;;;;;;;;;;;;;;;;;;;;;;;;;;;;;;306,9;902,0;;743,4;;
Miami;;;;;;;;;;;;;;;;;;;;;;;;;;;;;;;;905,0;685,5;;692,4;
NewOrleans;;;;;;;;;;;;;;;;;;;607,7;;645,2;;;;;;;;;;;1004,0;;803,3;;
Nashville;;;;;;;;;;;;;;;;;;;;;591,8;587,2;;;;;;;;;;901,0;;;;
Step_8000;Vancouver;Seattle;Calgary;Portland;Helena;SaltLakeCity;SanFrancisco;LosAngeles;LasVegas;Phoenix;SantaFe;Denver;ElPaso;Winnipeg;Duluth;Omaha;KansasCity;OklahomaCity;Houston;Dallas;LittleRock;SaintLouis;Chicago;SaultStMarie;Toronto;Montreal;Boston;NewYork;Pittsburgh;Washington;Raleigh;Atlanta;Charleston;Miami;NewOrleans;Nashville
Vancouver;;276,0;268,9;;;;;;;;;;;;;;;;;;;;;;;;;;;;;;;;;
Seattle;248,0;;267,5;277,6;303,0;;;;;;;;;;;;;;;;;;;;;;;;;;;;;;;
Calgary;250,1;276,2;;;343,8;;;;;;;;;261,6;;;;;;;;;;;;;;;;;;;;;;
Portland;;263,7;;;;332,8;311,6;;;;;;;;;;;;;;;;;;;;;;;;;;;;;
Helena;;249,3;280,3;;;329,6;;;;;;380,8;;267,2;300,7;356,4;;;;;;;;;;;;;;;;;;;;
SaltLakeCity;;;;309,9;302,8;;310,0;;359,1;;;415,0;;;;;;;;;;;;;;;;;;;;;;;;
SanFrancisco;;;;297,6;;334,1;;982,0;;;;;;;;;;;;;;;;;;;;;;;;;;;;
LosAngeles;;;;;;;329,1;;359,4;;;;914,7;;;;;;;;;;;;;;;;;;;;;;;
LasVegas;;;;;;328,7;;428,1;;;;;;;;;;;;;;;;;;;;;;;;;;;;
Phoenix;;;;;;;;;;;;429,7;461,8;;;;;;;;;;;;;;;;;;;;;;;
SantaFe;;;;;;;;;;;;397,8;495,3;;;;;488,2;;;;;;;;;;;;;;;;;;
Denver;;;;;319,8;347,6;;;;402,0;433,1;;;;;376,6;445,3;540,1;;;;;;;;;;;;;;;;;;
ElPaso;;;;;;;;445,1;;419,7;411,4;;;;;;;550,6;1012,0;530,4;;;;;;;;;;;;;;;;
Winnipeg;;;253,0;;342,4;;;;;;;;;;291,6;;;;;;;;;209,4;;;;;;;;;;;;
Duluth;;;;;326,1;;;;;;;;;230,2;;;;;;;;;;;358,7;;;;;;;;;;;
Omaha;;;;;320,9;;;;;;;412,1;;;;;;;;;;;461,7;;;;;;;;;;;;;
KansasCity;;;;;;;;;;;;431,3;;;;;;;;;;541,7;;;;;;;;;;;;;;
OklahomaCity;;;;;;;;;;;455,4;403,4;523,9;;;;;;;;639,0;;;;;;;;;;;;;;;
Houston;;;;;;;;;;;;;512,4;;;;;;;;;;;;;;;;;;;;;;1006,0;
Dallas;;;;;;;;;;;;;468,4;;;;;;;;609,4;;;;;;;;;;;;;;;
LittleRock;;;;;;;;;;;;;;;;;;534,0;;537,9;;457,4;;;;;;;;;;;;;722,6;706,0
SaintLouis;;;;;;;;;;;;;;;;;420,0;;;;587,3;;461,9;;;;;;408,7;;;;;;;699,3
Chicago;;;;;;;;;;;;;;;;389,5;;;;;;510,5;;;361,0;;;;435,7;;;;;;;
SaultStMarie;;;;;;;;;;;;;;254,9;;;;;;;;;;;334,4;185,3;;;;;;;;;;
Toronto;;;;;;;;;;;;;;;298,4;;;;;;;;418,7;276,2;;184,0;;;439,6;;;;;;;
Montreal;;;;;;;;;;;;;;;;;;;;;;;;78,7;347,8;;105,0;12,7;;;;;;;;
Boston;;;;;;;;;;;;;;;;;;;;;;;;;;260,9;;62,4;;;;;;;;
NewYork;;;;;;;;;;;;;;;;;;;;;;;;;;13,4;132,6;;;258,8;;;;;;
Pittsburgh;;;;;;;;;;;;;;;;;;;;;;522,8;481,5;;339,8;;;;;412,5;464,7;;;;;
Washington;;;;;;;;;;;;;;;;;;;;;;;;;;;;184,7;411,5;;431,8;;;;;
Raleigh;;;;;;;;;;;;;;;;;;;;;;;;;;;;;449,5;307,9;;;729,3;;;
Atlanta;;;;;;;;;;;;;;;;;;;;;;;;;;;;;;;;;1000,0;1000,0;1000,0;1000,0
Charleston;;;;;;;;;;;;;;;;;;;;;;;;;;;;;;;531,7;902,0;;807,6;;
Miami;;;;;;;;;;;;;;;;;;;;;;;;;;;;;;;;905,0;721,8;;679,8;
NewOrleans;;;;;;;;;;;;;;;;;;;613,1;;546,6;;;;;;;;;;;1004,0;;758,8;;
Nashville;;;;;;;;;;;;;;;;;;;;;585,9;576,9;;;;;;;;;;901,0;;;;
Step_12000;Vancouver;Seattle;Calgary;Portland;Helena;SaltLakeCity;SanFrancisco;LosAngeles;LasVegas;Phoenix;SantaFe;Denver;ElPaso;Winnipeg;Duluth;Omaha;KansasCity;OklahomaCity;Houston;Dallas;LittleRock;SaintLouis;Chicago;SaultStMarie;Toronto;Montreal;Boston;NewYork;Pittsburgh;Washington;Raleigh;Atlanta;Charleston;Miami;NewOrleans;Nashville
Vancouver;;274,0;278,8;;;;;;;;;;;;;;;;;;;;;;;;;;;;;;;;;
Seattle;253,5;;297,6;299,6;337,6;;;;;;;;;;;;;;;;;;;;;;;;;;;;;;;
Calgary;256,1;280,9;;;323,2;;;;;;;;;296,6;;;;;;;;;;;;;;;;;;;;;;
Portland;;283,8;;;;330,2;334,8;;;;;;;;;;;;;;;;;;;;;;;;;;;;;
Helena;;277,1;290,0;;;354,9;;;;;;424,8;;288,4;326,1;398,0;;;;;;;;;;;;;;;;;;;;
SaltLakeCity;;;;283,1;358,8;;320,6;;332,2;;;388,1;;;;;;;;;;;;;;;;;;;;;;;;
SanFrancisco;;;;308,4;;325,1;;1021,0;;;;;;;;;;;;;;;;;;;;;;;;;;;;
LosAngeles;;;;;;;306,4;;341,9;;;;1018,0;;;;;;;;;;;;;;;;;;;;;;;
LasVegas;;;;;;347,2;;418,8;;;;;;;;;;;;;;;;;;;;;;;;;;;;
Phoenix;;;;;;;;;;;;414,0;498,5;;;;;;;;;;;;;;;;;;;;;;;
SantaFe;;;;;;;;;;;;416,3;516,0;;;;;471,7;;;;;;;;;;;;;;;;;;
Denver;;;;;359,9;338,1;;;;421,8;437,1;;;;;376,8;447,5;497,6;;;;;;;;;;;;;;;;;;
ElPaso;;;;;;;;416,4;;411,6;432,8;;;;;;;496,0;1012,0;523,1;;;;;;;;;;;;;;;;
Winnipeg;;;281,8;;348,4;;;;;;;;;;280,5;;;;;;;;;304,0;;;;;;;;;;;;
Duluth;;;;;318,2;;;;;;;;;273,7;;;;;;;;;;;394,7;;;;;;;;;;;
Omaha;;;;;332,9;;;;;;;415,7;;;;;;;;;;;476,9;;;;;;;;;;;;;
KansasCity;;;;;;;;;;;;406,1;;;;;;;;;;564,7;;;;;;;;;;;;;;
OklahomaCity;;;;;;;;;;;444,5;419,8;517,4;;;;;;;;579,8;;;;;;;;;;;;;;;
Houston;;;;;;;;;;;;;523,5;;;;;;;;;;;;;;;;;;;;;;1006,0;
Dallas;;;;;;;;;;;;;545,7;;;;;;;;540,0;;;;;;;;;;;;;;;
LittleRock;;;;;;;;;;;;;;;;;;458,7;;501,5;;555,4;;;;;;;;;;;;;639,2;690,9
SaintLouis;;;;;;;;;;;;;;;;;449,2;;;;585,9;;482,7;;;;;;543,9;;;;;;;730,1
Chicago;;;;;;;;;;;;;;;;403,2;;;;;;611,2;;;401,1;;;;536,6;;;;;;;
SaultStMarie;;;;;;;;;;;;;;271,5;;;;;;;;;;;356,9;246,3;;;;;;;;;;
Toronto;;;;;;;;;;;;;;;312,3;;;;;;;;458,9;319,1;;226,1;;;500,8;;;;;;;
Montreal;;;;;;;;;;;;;;;;;;;;;;;;174,8;365,3;;172,3;252,6;;;;;;;;
Boston;;;;;;;;;;;;;;;;;;;;;;;;;;249,2;;189,6;;;;;;;;
NewYork;;;;;;;;;;;;;;;;;;;;;;;;;;27,0;180,3;;;399,0;;;;;;
Pittsburgh;;;;;;;;;;;;;;;;;;;;;;481,8;475,7;;416,5;;;;;460,7;668,0;;;;;
Washington;;;;;;;;;;;;;;;;;;;;;;;;;;;;353,9;451,6;;603,8;;;;;
Raleigh;;;;;;;;;;;;;;;;;;;;;;;;;;;;;466,0;494,6;;;761,6;;;
Atlanta;;;;;;;;;;;;;;;;;;;;;;;;;;;;;;;;;1000,0;1000,0;1000,0;1000,0
Charleston;;;;;;;;;;;;;;;;;;;;;;;;;;;;;;;597,6;902,0;;740,4;;
Miami;;;;;;;;;;;;;;;;;;;;;;;;;;;;;;;;905,0;760,0;;743,9;
NewOrleans;;;;;;;;;;;;;;;;;;;637,2;;575,0;;;;;;;;;;;1004,0;;788,7;;
Nashville;;;;;;;;;;;;;;;;;;;;;600,0;534,3;;;;;;;;;;901,0;;;;
Step_16000;Vancouver;Seattle;Calgary;Portland;Helena;SaltLakeCity;SanFrancisco;LosAngeles;LasVegas;Phoenix;SantaFe;Denver;ElPaso;Winnipeg;Duluth;Omaha;KansasCity;OklahomaCity;Houston;Dallas;LittleRock;SaintLouis;Chicago;SaultStMarie;Toronto;Montreal;Boston;NewYork;Pittsburgh;Washington;Raleigh;Atlanta;Charleston;Miami;NewOrleans;Nashville
Vancouver;;291,4;286,9;;;;;;;;;;;;;;;;;;;;;;;;;;;;;;;;;
Seattle;264,9;;285,4;305,5;337,0;;;;;;;;;;;;;;;;;;;;;;;;;;;;;;;
Calgary;268,9;285,4;;;342,2;;;;;;;;;306,6;;;;;;;;;;;;;;;;;;;;;;
Portland;;282,2;;;;358,4;340,9;;;;;;;;;;;;;;;;;;;;;;;;;;;;;
Helena;;275,2;288,4;;;340,4;;;;;;377,7;;285,9;357,6;371,4;;;;;;;;;;;;;;;;;;;;
SaltLakeCity;;;;298,6;320,1;;305,2;;356,8;;;422,0;;;;;;;;;;;;;;;;;;;;;;;;
SanFrancisco;;;;302,3;;349,4;;1021,0;;;;;;;;;;;;;;;;;;;;;;;;;;;;
LosAngeles;;;;;;;321,7;;340,2;;;;1018,0;;;;;;;;;;;;;;;;;;;;;;;
LasVegas;;;;;;322,7;;398,9;;;;;;;;;;;;;;;;;;;;;;;;;;;;
Phoenix;;;;;;;;;;;;385,0;565,8;;;;;;;;;;;;;;;;;;;;;;;
SantaFe;;;;;;;;;;;;386,2;547,5;;;;;487,0;;;;;;;;;;;;;;;;;;
Denver;;;;;335,0;318,1;;;;434,8;408,7;;;;;419,7;459,3;497,0;;;;;;;;;;;;;;;;;;
ElPaso;;;;;;;;414,5;;462,3;426,7;;;;;;;467,4;1012,0;536,9;;;;;;;;;;;;;;;;
Winnipeg;;;285,4;;340,4;;;;;;;;;;323,6;;;;;;;;;329,0;;;;;;;;;;;;
Duluth;;;;;347,4;;;;;;;;;303,1;;;;;;;;;;;372,2;;;;;;;;;;;
Omaha;;;;;319,6;;;;;;;405,6;;;;;;;;;;;478,6;;;;;;;;;;;;;
KansasCity;;;;;;;;;;;;397,2;;;;;;;;;;575,5;;;;;;;;;;;;;;
OklahomaCity;;;;;;;;;;;453,8;394,1;559,9;;;;;;;;615,0;;;;;;;;;;;;;;;
Houston;;;;;;;;;;;;;509,2;;;;;;;;;;;;;;;;;;;;;;982,3;
Dallas;;;;;;;;;;;;;508,3;;;;;;;;596,6;;;;;;;;;;;;;;;
LittleRock;;;;;;;;;;;;;;;;;;483,9;;548,6;;533,5;;;;;;;;;;;;;675,0;625,9
SaintLouis;;;;;;;;;;;;;;;;;473,7;;;;589,2;;463,1;;;;;;447,2;;;;;;;754,9
Chicago;;;;;;;;;;;;;;;;418,2;;;;;;514,0;;;364,4;;;;479,3;;;;;;;
SaultStMarie;;;;;;;;;;;;;;297,1;;;;;;;;;;;360,6;315,8;;;;;;;;;;
Toronto;;;;;;;;;;;;;;;330,2;;;;;;;;446,7;336,3;;285,7;;;459,4;;;;;;;
Montreal;;;;;;;;;;;;;;;;;;;;;;;;241,7;414,1;;221,1;330,6;;;;;;;;
Boston;;;;;;;;;;;;;;;;;;;;;;;;;;251,7;;281,6;;;;;;;;
NewYork;;;;;;;;;;;;;;;;;;;;;;;;;;154,1;216,1;;;439,8;;;;;;
Pittsburgh;;;;;;;;;;;;;;;;;;;;;;523,7;463,1;;392,1;;;;;494,2;638,7;;;;;
Washington;;;;;;;;;;;;;;;;;;;;;;;;;;;;332,0;431,6;;594,9;;;;;
Raleigh;;;;;;;;;;;;;;;;;;;;;;;;;;;;;472,7;442,5;;;809,6;;;
Atlanta;;;;;;;;;;;;;;;;;;;;;;;;;;;;;;;;;1000,0;1000,0;1000,0;1000,0
Charleston;;;;;;;;;;;;;;;;;;;;;;;;;;;;;;;525,1;902,0;;789,3;;
Miami;;;;;;;;;;;;;;;;;;;;;;;;;;;;;;;;905,0;695,8;;698,3;
NewOrleans;;;;;;;;;;;;;;;;;;;660,0;;582,8;;;;;;;;;;;984,0;;777,2;;
Nashville;;;;;;;;;;;;;;;;;;;;;576,0;529,4;;;;;;;;;;901,0;;;;
Step_20000;Vancouver;Seattle;Calgary;Portland;Helena;SaltLakeCity;SanFrancisco;LosAngeles;LasVegas;Phoenix;SantaFe;Denver;ElPaso;Winnipeg;Duluth;Omaha;KansasCity;OklahomaCity;Houston;Dallas;LittleRock;SaintLouis;Chicago;SaultStMarie;Toronto;Montreal;Boston;NewYork;Pittsburgh;Washington;Raleigh;Atlanta;Charleston;Miami;NewOrleans;Nashville
Vancouver;;292,2;299,2;;;;;;;;;;;;;;;;;;;;;;;;;;;;;;;;;
Seattle;274,0;;298,9;289,5;333,8;;;;;;;;;;;;;;;;;;;;;;;;;;;;;;;
Calgary;271,1;293,3;;;344,0;;;;;;;;;309,9;;;;;;;;;;;;;;;;;;;;;;
Portland;;287,7;;;;324,5;323,1;;;;;;;;;;;;;;;;;;;;;;;;;;;;;
Helena;;290,5;283,3;;;348,2;;;;;;372,5;;305,0;343,9;345,6;;;;;;;;;;;;;;;;;;;;
SaltLakeCity;;;;300,6;317,7;;315,9;;348,5;;;389,0;;;;;;;;;;;;;;;;;;;;;;;;
SanFrancisco;;;;291,6;;329,7;;976,2;;;;;;;;;;;;;;;;;;;;;;;;;;;;
LosAngeles;;;;;;;313,7;;349,5;;;;882,2;;;;;;;;;;;;;;;;;;;;;;;
LasVegas;;;;;;322,0;;393,3;;;;;;;;;;;;;;;;;;;;;;;;;;;;
Phoenix;;;;;;;;;;;;397,0;524,7;;;;;;;;;;;;;;;;;;;;;;;
SantaFe;;;;;;;;;;;;404,0;512,1;;;;;438,2;;;;;;;;;;;;;;;;;;
Denver;;;;;326,3;320,5;;;;430,6;405,0;;;;;403,0;365,2;482,0;;;;;;;;;;;;;;;;;;
ElPaso;;;;;;;;369,8;;441,7;453,6;;;;;;;533,6;1012,0;494,0;;;;;;;;;;;;;;;;
Winnipeg;;;302,8;;325,3;;;;;;;;;;344,9;;;;;;;;;334,6;;;;;;;;;;;;
Duluth;;;;;321,4;;;;;;;;;319,5;;;;;;;;;;;412,7;;;;;;;;;;;
Omaha;;;;;328,7;;;;;;;418,1;;;;;;;;;;;478,0;;;;;;;;;;;;;
KansasCity;;;;;;;;;;;;385,0;;;;;;;;;;457,1;;;;;;;;;;;;;;
OklahomaCity;;;;;;;;;;;426,1;374,7;511,2;;;;;;;;580,6;;;;;;;;;;;;;;;
Houston;;;;;;;;;;;;;489,9;;;;;;;;;;;;;;;;;;;;;;982,3;
Dallas;;;;;;;;;;;;;495,8;;;;;;;;567,6;;;;;;;;;;;;;;;
LittleRock;;;;;;;;;;;;;;;;;;515,3;;513,4;;555,3;;;;;;;;;;;;;691,6;622,5
SaintLouis;;;;;;;;;;;;;;;;;423,9;;;;582,5;;475,5;;;;;;453,3;;;;;;;783,7
Chicago;;;;;;;;;;;;;;;;419,7;;;;;;598,7;;;406,7;;;;466,5;;;;;;;
SaultStMarie;;;;;;;;;;;;;;307,8;;;;;;;;;;;409,5;331,2;;;;;;;;;;
Toronto;;;;;;;;;;;;;;;362,4;;;;;;;;444,5;340,9;;293,3;;;495,1;;;;;;;
Montreal;;;;;;;;;;;;;;;;;;;;;;;;300,3;365,5;;258,8;362,4;;;;;;;;
Boston;;;;;;;;;;;;;;;;;;;;;;;;;;258,7;;338,7;;;;;;;;
NewYork;;;;;;;;;;;;;;;;;;;;;;;;;;270,4;233,3;;;456,2;;;;;;
Pittsburgh;;;;;;;;;;;;;;;;;;;;;;509,3;440,2;;416,3;;;;;506,5;498,4;;;;;
Washington;;;;;;;;;;;;;;;;;;;;;;;;;;;;353,2;521,7;;561,3;;;;;
Raleigh;;;;;;;;;;;;;;;;;;;;;;;;;;;;;520,0;471,5;;;695,0;;;
Atlanta;;;;;;;;;;;;;;;;;;;;;;;;;;;;;;;;;1000,0;1000,0;1000,0;1000,0
Charleston;;;;;;;;;;;;;;;;;;;;;;;;;;;;;;;579,4;902,0;;784,4;;
Miami;;;;;;;;;;;;;;;;;;;;;;;;;;;;;;;;905,0;733,5;;684,3;
NewOrleans;;;;;;;;;;;;;;;;;;;648,0;;603,4;;;;;;;;;;;984,0;;779,1;;
Nashville;;;;;;;;;;;;;;;;;;;;;625,6;560,6;;;;;;;;;;901,0;;;;
Step_24000;Vancouver;Seattle;Calgary;Portland;Helena;SaltLakeCity;SanFrancisco;LosAngeles;LasVegas;Phoenix;SantaFe;Denver;ElPaso;Winnipeg;Duluth;Omaha;KansasCity;OklahomaCity;Houston;Dallas;LittleRock;SaintLouis;Chicago;SaultStMarie;Toronto;Montreal;Boston;NewYork;Pittsburgh;Washington;Raleigh;Atlanta;Charleston;Miami;NewOrleans;Nashville
Vancouver;;293,7;289,4;;;;;;;;;;;;;;;;;;;;;;;;;;;;;;;;;
Seattle;267,3;;272,8;294,7;354,7;;;;;;;;;;;;;;;;;;;;;;;;;;;;;;;
Calgary;260,6;270,8;;;333,3;;;;;;;;;300,7;;;;;;;;;;;;;;;;;;;;;;
Portland;;306,5;;;;337,5;349,4;;;;;;;;;;;;;;;;;;;;;;;;;;;;;
Helena;;289,6;289,8;;;323,4;;;;;;415,1;;315,8;347,8;368,6;;;;;;;;;;;;;;;;;;;;
SaltLakeCity;;;;313,2;333,7;;319,2;;345,1;;;383,7;;;;;;;;;;;;;;;;;;;;;;;;
SanFrancisco;;;;310,0;;346,0;;993,8;;;;;;;;;;;;;;;;;;;;;;;;;;;;
LosAngeles;;;;;;;343,4;;350,9;;;;980,0;;;;;;;;;;;;;;;;;;;;;;;
LasVegas;;;;;;314,9;;405,3;;;;;;;;;;;;;;;;;;;;;;;;;;;;
Phoenix;;;;;;;;;;;;387,7;491,2;;;;;;;;;;;;;;;;;;;;;;;
SantaFe;;;;;;;;;;;;386,2;527,7;;;;;450,3;;;;;;;;;;;;;;;;;;
Denver;;;;;333,3;316,5;;;;438,7;400,0;;;;;392,2;459,5;487,3;;;;;;;;;;;;;;;;;;
ElPaso;;;;;;;;382,0;;454,7;439,4;;;;;;;523,2;913,2;500,2;;;;;;;;;;;;;;;;
Winnipeg;;;280,4;;329,8;;;;;;;;;;350,3;;;;;;;;;337,7;;;;;;;;;;;;
Duluth;;;;;335,5;;;;;;;;;313,2;;;;;;;;;;;412,2;;;;;;;;;;;
Omaha;;;;;337,7;;;;;;;384,6;;;;;;;;;;;457,6;;;;;;;;;;;;;
KansasCity;;;;;;;;;;;;377,2;;;;;;;;;;554,1;;;;;;;;;;;;;;
OklahomaCity;;;;;;;;;;;447,1;409,8;522,2;;;;;;;;640,4;;;;;;;;;;;;;;;
Houston;;;;;;;;;;;;;568,8;;;;;;;;;;;;;;;;;;;;;;921,8;
Dallas;;;;;;;;;;;;;485,0;;;;;;;;608,7;;;;;;;;;;;;;;;
LittleRock;;;;;;;;;;;;;;;;;;459,6;;509,0;;523,7;;;;;;;;;;;;;711,9;747,2
SaintLouis;;;;;;;;;;;;;;;;;451,5;;;;553,8;;461,8;;;;;;526,0;;;;;;;716,7
Chicago;;;;;;;;;;;;;;;;425,7;;;;;;604,8;;;412,8;;;;517,1;;;;;;;
SaultStMarie;;;;;;;;;;;;;;314,1;;;;;;;;;;;416,6;327,4;;;;;;;;;;
Toronto;;;;;;;;;;;;;;;354,5;;;;;;;;473,2;343,0;;347,7;;;499,4;;;;;;;
Montreal;;;;;;;;;;;;;;;;;;;;;;;;317,7;409,6;;323,7;335,0;;;;;;;;
Boston;;;;;;;;;;;;;;;;;;;;;;;;;;284,7;;403,3;;;;;;;;
NewYork;;;;;;;;;;;;;;;;;;;;;;;;;;319,2;316,3;;;478,8;;;;;;
Pittsburgh;;;;;;;;;;;;;;;;;;;;;;553,8;483,7;;415,2;;;;;470,3;646,4;;;;;
Washington;;;;;;;;;;;;;;;;;;;;;;;;;;;;422,1;492,2;;594,7;;;;;
Raleigh;;;;;;;;;;;;;;;;;;;;;;;;;;;;;539,1;517,6;;;732,4;;;
Atlanta;;;;;;;;;;;;;;;;;;;;;;;;;;;;;;;;;1000,0;1000,0;1000,0;1000,0
Charleston;;;;;;;;;;;;;;;;;;;;;;;;;;;;;;;609,3;902,0;;779,9;;
Miami;;;;;;;;;;;;;;;;;;;;;;;;;;;;;;;;905,0;739,6;;702,5;
NewOrleans;;;;;;;;;;;;;;;;;;;610,0;;648,0;;;;;;;;;;;1004,0;;750,3;;
Nashville;;;;;;;;;;;;;;;;;;;;;553,3;546,4;;;;;;;;;;901,0;;;;
Step_28000;Vancouver;Seattle;Calgary;Portland;Helena;SaltLakeCity;SanFrancisco;LosAngeles;LasVegas;Phoenix;SantaFe;Denver;ElPaso;Winnipeg;Duluth;Omaha;KansasCity;OklahomaCity;Houston;Dallas;LittleRock;SaintLouis;Chicago;SaultStMarie;Toronto;Montreal;Boston;NewYork;Pittsburgh;Washington;Raleigh;Atlanta;Charleston;Miami;NewOrleans;Nashville
Vancouver;;275,1;288,7;;;;;;;;;;;;;;;;;;;;;;;;;;;;;;;;;
Seattle;256,7;;296,1;302,5;296,9;;;;;;;;;;;;;;;;;;;;;;;;;;;;;;;
Calgary;263,1;287,6;;;340,8;;;;;;;;;311,0;;;;;;;;;;;;;;;;;;;;;;
Portland;;258,0;;;;357,0;350,4;;;;;;;;;;;;;;;;;;;;;;;;;;;;;
Helena;;275,1;289,4;;;370,5;;;;;;398,4;;304,2;330,5;418,4;;;;;;;;;;;;;;;;;;;;
SaltLakeCity;;;;307,5;370,2;;329,8;;353,7;;;432,3;;;;;;;;;;;;;;;;;;;;;;;;
SanFrancisco;;;;316,2;;336,1;;980,0;;;;;;;;;;;;;;;;;;;;;;;;;;;;
LosAngeles;;;;;;;338,7;;361,5;;;;903,2;;;;;;;;;;;;;;;;;;;;;;;
LasVegas;;;;;;360,5;;394,1;;;;;;;;;;;;;;;;;;;;;;;;;;;;
Phoenix;;;;;;;;;;;;417,5;506,0;;;;;;;;;;;;;;;;;;;;;;;
SantaFe;;;;;;;;;;;;387,4;467,1;;;;;472,5;;;;;;;;;;;;;;;;;;
Denver;;;;;346,9;351,4;;;;404,3;413,8;;;;;448,9;502,4;468,9;;;;;;;;;;;;;;;;;;
ElPaso;;;;;;;;486,7;;453,7;432,6;;;;;;;478,6;1012,0;541,1;;;;;;;;;;;;;;;;
Winnipeg;;;302,6;;306,6;;;;;;;;;;336,6;;;;;;;;;336,8;;;;;;;;;;;;
Duluth;;;;;322,7;;;;;;;;;308,2;;;;;;;;;;;441,0;;;;;;;;;;;
Omaha;;;;;365,8;;;;;;;424,1;;;;;;;;;;;511,8;;;;;;;;;;;;;
KansasCity;;;;;;;;;;;;415,6;;;;;;;;;;628,5;;;;;;;;;;;;;;
OklahomaCity;;;;;;;;;;;439,7;392,0;493,4;;;;;;;;599,8;;;;;;;;;;;;;;;
Houston;;;;;;;;;;;;;507,4;;;;;;;;;;;;;;;;;;;;;;1006,0;
Dallas;;;;;;;;;;;;;475,7;;;;;;;;623,7;;;;;;;;;;;;;;;
LittleRock;;;;;;;;;;;;;;;;;;515,5;;480,9;;568,3;;;;;;;;;;;;;673,5;704,6
SaintLouis;;;;;;;;;;;;;;;;;498,5;;;;588,5;;500,7;;;;;;502,0;;;;;;;783,0
Chicago;;;;;;;;;;;;;;;;397,8;;;;;;584,8;;;418,7;;;;448,9;;;;;;;
SaultStMarie;;;;;;;;;;;;;;312,0;;;;;;;;;;;396,0;356,1;;;;;;;;;;
Toronto;;;;;;;;;;;;;;;356,6;;;;;;;;449,0;350,0;;365,2;;;490,8;;;;;;;
Montreal;;;;;;;;;;;;;;;;;;;;;;;;345,3;420,2;;334,7;363,8;;;;;;;;
Boston;;;;;;;;;;;;;;;;;;;;;;;;;;335,9;;357,7;;;;;;;;
NewYork;;;;;;;;;;;;;;;;;;;;;;;;;;337,7;327,6;;;510,8;;;;;;
Pittsburgh;;;;;;;;;;;;;;;;;;;;;;505,6;473,9;;424,1;;;;;467,5;648,9;;;;;
Washington;;;;;;;;;;;;;;;;;;;;;;;;;;;;355,9;541,4;;612,3;;;;;
Raleigh;;;;;;;;;;;;;;;;;;;;;;;;;;;;;492,9;518,0;;;752,5;;;
Atlanta;;;;;;;;;;;;;;;;;;;;;;;;;;;;;;;;;1000,0;1000,0;1000,0;1000,0
Charleston;;;;;;;;;;;;;;;;;;;;;;;;;;;;;;;610,5;902,0;;776,8;;
Miami;;;;;;;;;;;;;;;;;;;;;;;;;;;;;;;;905,0;780,8;;736,9;
NewOrleans;;;;;;;;;;;;;;;;;;;636,7;;534,9;;;;;;;;;;;1004,0;;780,3;;
Nashville;;;;;;;;;;;;;;;;;;;;;646,7;603,0;;;;;;;;;;901,0;;;;
Step_32000;Vancouver;Seattle;Calgary;Portland;Helena;SaltLakeCity;SanFrancisco;LosAngeles;LasVegas;Phoenix;SantaFe;Denver;ElPaso;Winnipeg;Duluth;Omaha;KansasCity;OklahomaCity;Houston;Dallas;LittleRock;SaintLouis;Chicago;SaultStMarie;Toronto;Montreal;Boston;NewYork;Pittsburgh;Washington;Raleigh;Atlanta;Charleston;Miami;NewOrleans;Nashville
Vancouver;;285,6;290,3;;;;;;;;;;;;;;;;;;;;;;;;;;;;;;;;;
Seattle;264,1;;288,2;299,1;354,1;;;;;;;;;;;;;;;;;;;;;;;;;;;;;;;
Calgary;267,2;285,9;;;355,6;;;;;;;;;326,0;;;;;;;;;;;;;;;;;;;;;;
Portland;;299,4;;;;328,3;330,5;;;;;;;;;;;;;;;;;;;;;;;;;;;;;
Helena;;288,6;293,4;;;366,6;;;;;;399,0;;322,8;340,0;385,3;;;;;;;;;;;;;;;;;;;;
SaltLakeCity;;;;315,9;318,9;;328,8;;368,2;;;406,1;;;;;;;;;;;;;;;;;;;;;;;;
SanFrancisco;;;;290,5;;353,4;;897,4;;;;;;;;;;;;;;;;;;;;;;;;;;;;
LosAngeles;;;;;;;444,6;;338,8;;;;976,0;;;;;;;;;;;;;;;;;;;;;;;
LasVegas;;;;;;348,0;;370,3;;;;;;;;;;;;;;;;;;;;;;;;;;;;
Phoenix;;;;;;;;;;;;391,7;480,7;;;;;;;;;;;;;;;;;;;;;;;
SantaFe;;;;;;;;;;;;404,4;490,2;;;;;475,2;;;;;;;;;;;;;;;;;;
Denver;;;;;365,0;366,3;;;;423,2;434,7;;;;;372,7;480,5;434,8;;;;;;;;;;;;;;;;;;
ElPaso;;;;;;;;390,4;;425,3;428,6;;;;;;;494,5;891,4;553,3;;;;;;;;;;;;;;;;
Winnipeg;;;305,0;;342,8;;;;;;;;;;341,9;;;;;;;;;344,3;;;;;;;;;;;;
Duluth;;;;;358,5;;;;;;;;;326,9;;;;;;;;;;;376,5;;;;;;;;;;;
Omaha;;;;;346,9;;;;;;;395,3;;;;;;;;;;;417,4;;;;;;;;;;;;;
KansasCity;;;;;;;;;;;;423,9;;;;;;;;;;563,0;;;;;;;;;;;;;;
OklahomaCity;;;;;;;;;;;426,5;405,0;471,1;;;;;;;;571,2;;;;;;;;;;;;;;;
Houston;;;;;;;;;;;;;447,6;;;;;;;;;;;;;;;;;;;;;;1006,0;
Dallas;;;;;;;;;;;;;501,7;;;;;;;;667,4;;;;;;;;;;;;;;;
LittleRock;;;;;;;;;;;;;;;;;;467,0;;515,9;;561,3;;;;;;;;;;;;;760,1;595,8
SaintLouis;;;;;;;;;;;;;;;;;459,5;;;;626,8;;447,6;;;;;;458,2;;;;;;;750,1
Chicago;;;;;;;;;;;;;;;;373,6;;;;;;538,4;;;402,3;;;;451,8;;;;;;;
SaultStMarie;;;;;;;;;;;;;;318,5;;;;;;;;;;;395,8;331,1;;;;;;;;;;
Toronto;;;;;;;;;;;;;;;349,6;;;;;;;;452,8;334,9;;331,5;;;455,2;;;;;;;
Montreal;;;;;;;;;;;;;;;;;;;;;;;;331,9;369,3;;326,2;346,7;;;;;;;;
Boston;;;;;;;;;;;;;;;;;;;;;;;;;;322,2;;397,0;;;;;;;;
NewYork;;;;;;;;;;;;;;;;;;;;;;;;;;332,2;329,0;;;524,5;;;;;;
Pittsburgh;;;;;;;;;;;;;;;;;;;;;;492,4;474,5;;418,6;;;;;507,4;545,3;;;;;
Washington;;;;;;;;;;;;;;;;;;;;;;;;;;;;422,7;461,5;;548,6;;;;;
Raleigh;;;;;;;;;;;;;;;;;;;;;;;;;;;;;456,9;434,5;;;773,0;;;
Atlanta;;;;;;;;;;;;;;;;;;;;;;;;;;;;;;;;;1000,0;1000,0;1000,0;1000,0
Charleston;;;;;;;;;;;;;;;;;;;;;;;;;;;;;;;555,2;902,0;;793,1;;
Miami;;;;;;;;;;;;;;;;;;;;;;;;;;;;;;;;905,0;798,7;;800,9;
NewOrleans;;;;;;;;;;;;;;;;;;;599,0;;653,3;;;;;;;;;;;1004,0;;806,0;;
Nashville;;;;;;;;;;;;;;;;;;;;;593,4;553,1;;;;;;;;;;901,0;;;;
Step_36000;Vancouver;Seattle;Calgary;Portland;Helena;SaltLakeCity;SanFrancisco;LosAngeles;LasVegas;Phoenix;SantaFe;Denver;ElPaso;Winnipeg;Duluth;Omaha;KansasCity;OklahomaCity;Houston;Dallas;LittleRock;SaintLouis;Chicago;SaultStMarie;Toronto;Montreal;Boston;NewYork;Pittsburgh;Washington;Raleigh;Atlanta;Charleston;Miami;NewOrleans;Nashville
Vancouver;;267,6;294,2;;;;;;;;;;;;;;;;;;;;;;;;;;;;;;;;;
Seattle;254,7;;302,8;289,4;348,4;;;;;;;;;;;;;;;;;;;;;;;;;;;;;;;
Calgary;261,6;295,5;;;371,2;;;;;;;;;326,2;;;;;;;;;;;;;;;;;;;;;;
Portland;;292,8;;;;323,0;356,3;;;;;;;;;;;;;;;;;;;;;;;;;;;;;
Helena;;287,3;317,2;;;350,8;;;;;;381,4;;318,8;372,5;408,8;;;;;;;;;;;;;;;;;;;;
SaltLakeCity;;;;309,7;351,2;;330,6;;362,6;;;386,8;;;;;;;;;;;;;;;;;;;;;;;;
SanFrancisco;;;;303,7;;336,0;;980,3;;;;;;;;;;;;;;;;;;;;;;;;;;;;
LosAngeles;;;;;;;358,3;;358,2;;;;905,2;;;;;;;;;;;;;;;;;;;;;;;
LasVegas;;;;;;335,6;;393,9;;;;;;;;;;;;;;;;;;;;;;;;;;;;
Phoenix;;;;;;;;;;;;416,0;539,7;;;;;;;;;;;;;;;;;;;;;;;
SantaFe;;;;;;;;;;;;346,5;511,9;;;;;461,6;;;;;;;;;;;;;;;;;;
Denver;;;;;350,3;336,7;;;;406,0;406,5;;;;;451,5;462,6;459,3;;;;;;;;;;;;;;;;;;
ElPaso;;;;;;;;415,9;;433,1;460,1;;;;;;;497,9;1012,0;512,7;;;;;;;;;;;;;;;;
Winnipeg;;;297,5;;326,7;;;;;;;;;;367,5;;;;;;;;;342,3;;;;;;;;;;;;
Duluth;;;;;336,0;;;;;;;;;303,0;;;;;;;;;;;415,5;;;;;;;;;;;
Omaha;;;;;353,8;;;;;;;400,6;;;;;;;;;;;494,1;;;;;;;;;;;;;
KansasCity;;;;;;;;;;;;392,6;;;;;;;;;;546,7;;;;;;;;;;;;;;
OklahomaCity;;;;;;;;;;;445,4;405,9;487,5;;;;;;;;664,0;;;;;;;;;;;;;;;
Houston;;;;;;;;;;;;;474,2;;;;;;;;;;;;;;;;;;;;;;1006,0;
Dallas;;;;;;;;;;;;;548,4;;;;;;;;618,4;;;;;;;;;;;;;;;
LittleRock;;;;;;;;;;;;;;;;;;476,9;;518,5;;557,9;;;;;;;;;;;;;804,8;742,3
SaintLouis;;;;;;;;;;;;;;;;;454,8;;;;612,0;;493,2;;;;;;497,7;;;;;;;681,2
Chicago;;;;;;;;;;;;;;;;397,0;;;;;;551,2;;;393,2;;;;537,7;;;;;;;
SaultStMarie;;;;;;;;;;;;;;315,7;;;;;;;;;;;449,0;327,6;;;;;;;;;;
Toronto;;;;;;;;;;;;;;;379,4;;;;;;;;501,3;350,9;;335,1;;;484,2;;;;;;;
Montreal;;;;;;;;;;;;;;;;;;;;;;;;346,5;396,2;;324,2;373,0;;;;;;;;
Boston;;;;;;;;;;;;;;;;;;;;;;;;;;339,9;;376,4;;;;;;;;
NewYork;;;;;;;;;;;;;;;;;;;;;;;;;;342,7;332,9;;;453,6;;;;;;
Pittsburgh;;;;;;;;;;;;;;;;;;;;;;483,4;474,8;;411,6;;;;;484,5;654,4;;;;;
Washington;;;;;;;;;;;;;;;;;;;;;;;;;;;;357,1;503,9;;565,9;;;;;
Raleigh;;;;;;;;;;;;;;;;;;;;;;;;;;;;;498,0;469,4;;;763,8;;;
Atlanta;;;;;;;;;;;;;;;;;;;;;;;;;;;;;;;;;1000,0;1000,0;1000,0;1000,0
Charleston;;;;;;;;;;;;;;;;;;;;;;;;;;;;;;;589,3;902,0;;731,8;;
Miami;;;;;;;;;;;;;;;;;;;;;;;;;;;;;;;;905,0;787,3;;776,0;
NewOrleans;;;;;;;;;;;;;;;;;;;618,9;;664,1;;;;;;;;;;;984,0;;778,8;;
Nashville;;;;;;;;;;;;;;;;;;;;;555,2;553,0;;;;;;;;;;901,0;;;;
Step_40000;Vancouver;Seattle;Calgary;Portland;Helena;SaltLakeCity;SanFrancisco;LosAngeles;LasVegas;Phoenix;SantaFe;Denver;ElPaso;Winnipeg;Duluth;Omaha;KansasCity;OklahomaCity;Houston;Dallas;LittleRock;SaintLouis;Chicago;SaultStMarie;Toronto;Montreal;Boston;NewYork;Pittsburgh;Washington;Raleigh;Atlanta;Charleston;Miami;NewOrleans;Nashville
Vancouver;;297,2;317,9;;;;;;;;;;;;;;;;;;;;;;;;;;;;;;;;;
Seattle;279,4;;305,0;308,4;352,5;;;;;;;;;;;;;;;;;;;;;;;;;;;;;;;
Calgary;278,5;300,1;;;380,8;;;;;;;;;322,6;;;;;;;;;;;;;;;;;;;;;;
Portland;;296,8;;;;355,6;311,5;;;;;;;;;;;;;;;;;;;;;;;;;;;;;
Helena;;300,7;313,9;;;372,5;;;;;;439,9;;322,7;349,8;390,9;;;;;;;;;;;;;;;;;;;;
SaltLakeCity;;;;311,3;352,7;;305,3;;329,2;;;410,9;;;;;;;;;;;;;;;;;;;;;;;;
SanFrancisco;;;;307,4;;336,3;;996,2;;;;;;;;;;;;;;;;;;;;;;;;;;;;
LosAngeles;;;;;;;323,3;;322,3;;;;993,4;;;;;;;;;;;;;;;;;;;;;;;
LasVegas;;;;;;320,3;;379,6;;;;;;;;;;;;;;;;;;;;;;;;;;;;
Phoenix;;;;;;;;;;;;401,1;419,9;;;;;;;;;;;;;;;;;;;;;;;
SantaFe;;;;;;;;;;;;396,8;525,4;;;;;492,5;;;;;;;;;;;;;;;;;;
Denver;;;;;343,4;330,7;;;;384,4;437,0;;;;;396,8;451,9;532,5;;;;;;;;;;;;;;;;;;
ElPaso;;;;;;;;404,5;;382,8;421,7;;;;;;;498,6;987,6;546,9;;;;;;;;;;;;;;;;
Winnipeg;;;322,6;;350,2;;;;;;;;;;353,1;;;;;;;;;348,0;;;;;;;;;;;;
Duluth;;;;;345,2;;;;;;;;;330,0;;;;;;;;;;;379,9;;;;;;;;;;;
Omaha;;;;;329,0;;;;;;;412,7;;;;;;;;;;;436,7;;;;;;;;;;;;;
KansasCity;;;;;;;;;;;;419,2;;;;;;;;;;549,0;;;;;;;;;;;;;;
OklahomaCity;;;;;;;;;;;447,9;406,9;533,4;;;;;;;;638,0;;;;;;;;;;;;;;;
Houston;;;;;;;;;;;;;476,6;;;;;;;;;;;;;;;;;;;;;;982,3;
Dallas;;;;;;;;;;;;;474,0;;;;;;;;671,5;;;;;;;;;;;;;;;
LittleRock;;;;;;;;;;;;;;;;;;496,5;;529,4;;540,3;;;;;;;;;;;;;711,1;781,6
SaintLouis;;;;;;;;;;;;;;;;;482,3;;;;540,5;;436,7;;;;;;449,3;;;;;;;672,1
Chicago;;;;;;;;;;;;;;;;398,3;;;;;;572,2;;;360,0;;;;483,4;;;;;;;
SaultStMarie;;;;;;;;;;;;;;315,3;;;;;;;;;;;403,4;328,7;;;;;;;;;;
Toronto;;;;;;;;;;;;;;;377,2;;;;;;;;457,9;351,0;;325,8;;;474,4;;;;;;;
Montreal;;;;;;;;;;;;;;;;;;;;;;;;350,3;395,8;;342,8;363,3;;;;;;;;
Boston;;;;;;;;;;;;;;;;;;;;;;;;;;339,8;;414,3;;;;;;;;
NewYork;;;;;;;;;;;;;;;;;;;;;;;;;;343,9;346,4;;;453,9;;;;;;
Pittsburgh;;;;;;;;;;;;;;;;;;;;;;584,9;472,5;;410,4;;;;;430,5;507,9;;;;;
Washington;;;;;;;;;;;;;;;;;;;;;;;;;;;;340,3;468,1;;558,0;;;;;
Raleigh;;;;;;;;;;;;;;;;;;;;;;;;;;;;;483,0;445,2;;;712,8;;;
Atlanta;;;;;;;;;;;;;;;;;;;;;;;;;;;;;;;;;1000,0;1000,0;1000,0;1000,0
Charleston;;;;;;;;;;;;;;;;;;;;;;;;;;;;;;;607,7;902,0;;782,6;;
Miami;;;;;;;;;;;;;;;;;;;;;;;;;;;;;;;;905,0;745,0;;717,8;
NewOrleans;;;;;;;;;;;;;;;;;;;582,9;;672,4;;;;;;;;;;;984,0;;794,7;;
Nashville;;;;;;;;;;;;;;;;;;;;;626,1;536,2;;;;;;;;;;901,0;;;;
Step_4000;Vancouver;Seattle;Calgary;Portland;Helena;SaltLakeCity;SanFrancisco;LosAngeles;LasVegas;Phoenix;SantaFe;Denver;ElPaso;Winnipeg;Duluth;Omaha;KansasCity;OklahomaCity;Houston;Dallas;LittleRock;SaintLouis;Chicago;SaultStMarie;Toronto;Montreal;Boston;NewYork;Pittsburgh;Washington;Raleigh;Atlanta;Charleston;Miami;NewOrleans;Nashville
Vancouver;;275,6;251,5;;;;;;;;;;;;;;;;;;;;;;;;;;;;;;;;;
Seattle;246,4;;258,7;315,3;330,3;;;;;;;;;;;;;;;;;;;;;;;;;;;;;;;
Calgary;188,9;249,4;;;292,5;;;;;;;;;271,0;;;;;;;;;;;;;;;;;;;;;;
Portland;;264,3;;;;330,9;322,3;;;;;;;;;;;;;;;;;;;;;;;;;;;;;
Helena;;273,0;258,3;;;350,1;;;;;;431,4;;277,1;281,1;383,6;;;;;;;;;;;;;;;;;;;;
SaltLakeCity;;;;286,9;335,5;;318,4;;345,4;;;363,6;;;;;;;;;;;;;;;;;;;;;;;;
SanFrancisco;;;;304,4;;320,1;;1021,0;;;;;;;;;;;;;;;;;;;;;;;;;;;;
LosAngeles;;;;;;;320,2;;348,5;;;;1018,0;;;;;;;;;;;;;;;;;;;;;;;
LasVegas;;;;;;323,5;;366,8;;;;;;;;;;;;;;;;;;;;;;;;;;;;
Phoenix;;;;;;;;;;;;434,0;434,0;;;;;;;;;;;;;;;;;;;;;;;
SantaFe;;;;;;;;;;;;370,4;500,5;;;;;;;;;;;;;;;;;;;;;;;
Denver;;;;;357,8;339,1;;;;413,2;405,9;;;;;352,5;453,2;477,3;;;;;;;;;;;;;;;;;;
ElPaso;;;;;;;;379,2;;411,6;367,6;;;;;;;465,2;1012,0;532,2;;;;;;;;;;;;;;;;
Winnipeg;;;231,4;;349,2;;;;;;;;;;225,3;;;;;;;;;206,0;;;;;;;;;;;;
Duluth;;;;;234,9;;;;;;;;;195,4;;;;;;;;;;;379,1;;;;;;;;;;;
Omaha;;;;;307,5;;;;;;;394,8;;;;;;;;;;;494,0;;;;;;;;;;;;;
KansasCity;;;;;;;;;;;;417,7;;;;;;;;;;553,9;;;;;;;;;;;;;;
OklahomaCity;;;;;;;;;;;;426,3;502,7;;;;;;;;626,8;;;;;;;;;;;;;;;
Houston;;;;;;;;;;;;;491,5;;;;;;;;;;;;;;;;;;;;;;1006,0;
Dallas;;;;;;;;;;;;;491,8;;;;;;;;630,8;;;;;;;;;;;;;;;
LittleRock;;;;;;;;;;;;;;;;;;490,5;;548,4;;598,0;;;;;;;;;;;;;734,9;730,2
SaintLouis;;;;;;;;;;;;;;;;;454,1;;;;583,3;;456,9;;;;;;515,5;;;;;;;721,7
Chicago;;;;;;;;;;;;;;;;404,5;;;;;;568,4;;;282,7;;;;489,1;;;;;;;
SaultStMarie;;;;;;;;;;;;;;117,9;;;;;;;;;;;289,9;137,3;;;;;;;;;;
Toronto;;;;;;;;;;;;;;;208,8;;;;;;;;393,2;177,8;;134,0;;;443,2;;;;;;;
Montreal;;;;;;;;;;;;;;;;;;;;;;;;56,8;247,4;;54,3;82,5;;;;;;;;
Boston;;;;;;;;;;;;;;;;;;;;;;;;;;117,9;;114,8;;;;;;;;
NewYork;;;;;;;;;;;;;;;;;;;;;;;;;;80,6;50,6;;;368,1;;;;;;
Pittsburgh;;;;;;;;;;;;;;;;;;;;;;562,7;480,0;;321,5;;;;;295,9;510,3;;;;;
Washington;;;;;;;;;;;;;;;;;;;;;;;;;;;;269,6;435,0;;505,7;;;;;
Raleigh;;;;;;;;;;;;;;;;;;;;;;;;;;;;;501,3;338,8;;;791,9;;;
Atlanta;;;;;;;;;;;;;;;;;;;;;;;;;;;;;;;;;1000,0;1000,0;1000,0;1000,0
Charleston;;;;;;;;;;;;;;;;;;;;;;;;;;;;;;;514,1;902,0;;791,9;;
Miami;;;;;;;;;;;;;;;;;;;;;;;;;;;;;;;;905,0;742,8;;733,9;
NewOrleans;;;;;;;;;;;;;;;;;;;617,2;;681,5;;;;;;;;;;;984,0;;754,6;;
Nashville;;;;;;;;;;;;;;;;;;;;;579,2;496,8;;;;;;;;;;901,0;;;;
Step_8000;Vancouver;Seattle;Calgary;Portland;Helena;SaltLakeCity;SanFrancisco;LosAngeles;LasVegas;Phoenix;SantaFe;Denver;ElPaso;Winnipeg;Duluth;Omaha;KansasCity;OklahomaCity;Houston;Dallas;LittleRock;SaintLouis;Chicago;SaultStMarie;Toronto;Montreal;Boston;NewYork;Pittsburgh;Washington;Raleigh;Atlanta;Charleston;Miami;NewOrleans;Nashville
Vancouver;;260,4;268,6;;;;;;;;;;;;;;;;;;;;;;;;;;;;;;;;;
Seattle;252,9;;279,4;296,7;319,3;;;;;;;;;;;;;;;;;;;;;;;;;;;;;;;
Calgary;250,2;278,2;;;354,2;;;;;;;;;291,5;;;;;;;;;;;;;;;;;;;;;;
Portland;;267,2;;;;359,8;345,2;;;;;;;;;;;;;;;;;;;;;;;;;;;;;
Helena;;275,4;296,2;;;348,7;;;;;;415,3;;261,8;284,9;371,2;;;;;;;;;;;;;;;;;;;;
SaltLakeCity;;;;306,2;318,2;;354,2;;366,1;;;410,9;;;;;;;;;;;;;;;;;;;;;;;;
SanFrancisco;;;;313,5;;374,5;;903,7;;;;;;;;;;;;;;;;;;;;;;;;;;;;
LosAngeles;;;;;;;479,3;;384,0;;;;993,4;;;;;;;;;;;;;;;;;;;;;;;
LasVegas;;;;;;352,2;;411,0;;;;;;;;;;;;;;;;;;;;;;;;;;;;
Phoenix;;;;;;;;;;;;446,7;505,8;;;;;;;;;;;;;;;;;;;;;;;
SantaFe;;;;;;;;;;;;384,3;508,1;;;;;;;;;;;;;;;;;;;;;;;
Denver;;;;;306,1;351,5;;;;422,9;405,2;;;;;410,4;493,5;531,7;;;;;;;;;;;;;;;;;;
ElPaso;;;;;;;;406,0;;424,4;430,5;;;;;;;550,8;987,6;559,3;;;;;;;;;;;;;;;;
Winnipeg;;;268,5;;324,7;;;;;;;;;;301,7;;;;;;;;;245,1;;;;;;;;;;;;
Duluth;;;;;304,6;;;;;;;;;273,0;;;;;;;;;;;293,6;;;;;;;;;;;
Omaha;;;;;362,3;;;;;;;390,1;;;;;;;;;;;464,0;;;;;;;;;;;;;
KansasCity;;;;;;;;;;;;410,6;;;;;;;;;;600,8;;;;;;;;;;;;;;
OklahomaCity;;;;;;;;;;;;408,1;492,3;;;;;;;;603,4;;;;;;;;;;;;;;;
Houston;;;;;;;;;;;;;474,3;;;;;;;;;;;;;;;;;;;;;;982,3;
Dallas;;;;;;;;;;;;;474,9;;;;;;;;641,4;;;;;;;;;;;;;;;
LittleRock;;;;;;;;;;;;;;;;;;534,2;;525,0;;624,3;;;;;;;;;;;;;726,9;661,4
SaintLouis;;;;;;;;;;;;;;;;;489,5;;;;616,6;;468,0;;;;;;513,8;;;;;;;767,7
Chicago;;;;;;;;;;;;;;;;399,2;;;;;;577,8;;;347,3;;;;448,7;;;;;;;
SaultStMarie;;;;;;;;;;;;;;288,8;;;;;;;;;;;332,9;204,9;;;;;;;;;;
Toronto;;;;;;;;;;;;;;;268,5;;;;;;;;409,2;273,8;;228,0;;;501,2;;;;;;;
Montreal;;;;;;;;;;;;;;;;;;;;;;;;230,0;347,4;;167,7;243,0;;;;;;;;
Boston;;;;;;;;;;;;;;;;;;;;;;;;;;101,8;;279,8;;;;;;;;
NewYork;;;;;;;;;;;;;;;;;;;;;;;;;;126,7;124,3;;;471,9;;;;;;
Pittsburgh;;;;;;;;;;;;;;;;;;;;;;516,2;463,8;;341,2;;;;;499,3;538,0;;;;;
Washington;;;;;;;;;;;;;;;;;;;;;;;;;;;;384,9;448,9;;606,0;;;;;
Raleigh;;;;;;;;;;;;;;;;;;;;;;;;;;;;;486,3;479,2;;;787,2;;;
Atlanta;;;;;;;;;;;;;;;;;;;;;;;;;;;;;;;;;1000,0;1000,0;1000,0;1000,0
Charleston;;;;;;;;;;;;;;;;;;;;;;;;;;;;;;;611,8;902,0;;791,9;;
Miami;;;;;;;;;;;;;;;;;;;;;;;;;;;;;;;;905,0;790,4;;757,6;
NewOrleans;;;;;;;;;;;;;;;;;;;574,2;;605,3;;;;;;;;;;;984,0;;779,1;;
Nashville;;;;;;;;;;;;;;;;;;;;;606,3;612,3;;;;;;;;;;901,0;;;;
Step_12000;Vancouver;Seattle;Calgary;Portland;Helena;SaltLakeCity;SanFrancisco;LosAngeles;LasVegas;Phoenix;SantaFe;Denver;ElPaso;Winnipeg;Duluth;Omaha;KansasCity;OklahomaCity;Houston;Dallas;LittleRock;SaintLouis;Chicago;SaultStMarie;Toronto;Montreal;Boston;NewYork;Pittsburgh;Washington;Raleigh;Atlanta;Charleston;Miami;NewOrleans;Nashville
Vancouver;;296,7;288,0;;;;;;;;;;;;;;;;;;;;;;;;;;;;;;;;;
Seattle;267,5;;279,2;301,4;345,9;;;;;;;;;;;;;;;;;;;;;;;;;;;;;;;
Calgary;266,9;291,4;;;313,7;;;;;;;;;297,2;;;;;;;;;;;;;;;;;;;;;;
Portland;;292,1;;;;347,3;348,4;;;;;;;;;;;;;;;;;;;;;;;;;;;;;
Helena;;291,7;280,2;;;345,1;;;;;;400,3;;311,6;324,8;388,8;;;;;;;;;;;;;;;;;;;;
SaltLakeCity;;;;308,6;355,2;;341,2;;364,2;;;421,1;;;;;;;;;;;;;;;;;;;;;;;;
SanFrancisco;;;;288,0;;345,7;;896,8;;;;;;;;;;;;;;;;;;;;;;;;;;;;
LosAngeles;;;;;;;441,0;;369,3;;;;907,7;;;;;;;;;;;;;;;;;;;;;;;
LasVegas;;;;;;362,2;;423,8;;;;;;;;;;;;;;;;;;;;;;;;;;;;
Phoenix;;;;;;;;;;;;444,1;457,4;;;;;;;;;;;;;;;;;;;;;;;
SantaFe;;;;;;;;;;;;418,4;480,8;;;;;;;;;;;;;;;;;;;;;;;
Denver;;;;;334,2;355,7;;;;420,2;422,4;;;;;395,1;457,1;498,9;;;;;;;;;;;;;;;;;;
ElPaso;;;;;;;;379,9;;412,9;426,4;;;;;;;494,3;980,6;511,7;;;;;;;;;;;;;;;;
Winnipeg;;;290,0;;341,3;;;;;;;;;;323,7;;;;;;;;;319,5;;;;;;;;;;;;
Duluth;;;;;317,0;;;;;;;;;299,1;;;;;;;;;;;387,7;;;;;;;;;;;
Omaha;;;;;325,5;;;;;;;415,7;;;;;;;;;;;461,9;;;;;;;;;;;;;
KansasCity;;;;;;;;;;;;427,4;;;;;;;;;;549,7;;;;;;;;;;;;;;
OklahomaCity;;;;;;;;;;;;413,0;518,6;;;;;;;;585,9;;;;;;;;;;;;;;;
Houston;;;;;;;;;;;;;474,7;;;;;;;;;;;;;;;;;;;;;;943,3;
Dallas;;;;;;;;;;;;;568,4;;;;;;;;596,4;;;;;;;;;;;;;;;
LittleRock;;;;;;;;;;;;;;;;;;526,7;;508,9;;483,3;;;;;;;;;;;;;708,0;610,1
SaintLouis;;;;;;;;;;;;;;;;;473,2;;;;579,4;;464,6;;;;;;463,2;;;;;;;735,2
Chicago;;;;;;;;;;;;;;;;390,2;;;;;;498,0;;;387,7;;;;427,1;;;;;;;
SaultStMarie;;;;;;;;;;;;;;290,1;;;;;;;;;;;394,5;245,3;;;;;;;;;;
Toronto;;;;;;;;;;;;;;;306,1;;;;;;;;428,8;323,2;;327,1;;;452,0;;;;;;;
Montreal;;;;;;;;;;;;;;;;;;;;;;;;276,2;387,3;;204,2;313,1;;;;;;;;
Boston;;;;;;;;;;;;;;;;;;;;;;;;;;101,8;;265,7;;;;;;;;
NewYork;;;;;;;;;;;;;;;;;;;;;;;;;;255,4;193,6;;;452,7;;;;;;
Pittsburgh;;;;;;;;;;;;;;;;;;;;;;527,4;435,4;;372,4;;;;;389,3;501,6;;;;;
Washington;;;;;;;;;;;;;;;;;;;;;;;;;;;;312,4;467,5;;505,9;;;;;
Raleigh;;;;;;;;;;;;;;;;;;;;;;;;;;;;;473,2;409,3;;;648,3;;;
Atlanta;;;;;;;;;;;;;;;;;;;;;;;;;;;;;;;;;1000,0;1000,0;1000,0;1000,0
Charleston;;;;;;;;;;;;;;;;;;;;;;;;;;;;;;;587,8;902,0;;798,8;;
Miami;;;;;;;;;;;;;;;;;;;;;;;;;;;;;;;;905,0;781,8;;714,3;
NewOrleans;;;;;;;;;;;;;;;;;;;606,9;;623,7;;;;;;;;;;;1004,0;;767,5;;
Nashville;;;;;;;;;;;;;;;;;;;;;605,5;489,0;;;;;;;;;;901,0;;;;
Step_16000;Vancouver;Seattle;Calgary;Portland;Helena;SaltLakeCity;SanFrancisco;LosAngeles;LasVegas;Phoenix;SantaFe;Denver;ElPaso;Winnipeg;Duluth;Omaha;KansasCity;OklahomaCity;Houston;Dallas;LittleRock;SaintLouis;Chicago;SaultStMarie;Toronto;Montreal;Boston;NewYork;Pittsburgh;Washington;Raleigh;Atlanta;Charleston;Miami;NewOrleans;Nashville
Vancouver;;272,2;306,3;;;;;;;;;;;;;;;;;;;;;;;;;;;;;;;;;
Seattle;272,0;;308,2;297,1;360,9;;;;;;;;;;;;;;;;;;;;;;;;;;;;;;;
Calgary;262,4;297,4;;;330,6;;;;;;;;;299,9;;;;;;;;;;;;;;;;;;;;;;
Portland;;316,3;;;;339,2;346,0;;;;;;;;;;;;;;;;;;;;;;;;;;;;;
Helena;;289,4;310,7;;;341,1;;;;;;389,3;;296,9;317,1;405,7;;;;;;;;;;;;;;;;;;;;
SaltLakeCity;;;;307,0;322,5;;330,8;;351,1;;;424,5;;;;;;;;;;;;;;;;;;;;;;;;
SanFrancisco;;;;316,9;;372,2;;996,0;;;;;;;;;;;;;;;;;;;;;;;;;;;;
LosAngeles;;;;;;;339,4;;359,3;;;;992,1;;;;;;;;;;;;;;;;;;;;;;;
LasVegas;;;;;;360,4;;420,8;;;;;;;;;;;;;;;;;;;;;;;;;;;;
Phoenix;;;;;;;;;;;;420,8;458,3;;;;;;;;;;;;;;;;;;;;;;;
SantaFe;;;;;;;;;;;;380,5;449,5;;;;;;;;;;;;;;;;;;;;;;;
Denver;;;;;368,6;338,7;;;;423,4;435,4;;;;;405,1;459,0;521,3;;;;;;;;;;;;;;;;;;
ElPaso;;;;;;;;389,0;;402,8;423,5;;;;;;;469,8;980,8;523,0;;;;;;;;;;;;;;;;
Winnipeg;;;291,0;;350,7;;;;;;;;;;328,9;;;;;;;;;311,2;;;;;;;;;;;;
Duluth;;;;;300,0;;;;;;;;;299,9;;;;;;;;;;;358,5;;;;;;;;;;;
Omaha;;;;;373,1;;;;;;;439,4;;;;;;;;;;;431,1;;;;;;;;;;;;;
KansasCity;;;;;;;;;;;;402,7;;;;;;;;;;525,5;;;;;;;;;;;;;;
OklahomaCity;;;;;;;;;;;;412,4;471,5;;;;;;;;619,1;;;;;;;;;;;;;;;
Houston;;;;;;;;;;;;;488,1;;;;;;;;;;;;;;;;;;;;;;944,4;
Dallas;;;;;;;;;;;;;521,0;;;;;;;;594,8;;;;;;;;;;;;;;;
LittleRock;;;;;;;;;;;;;;;;;;466,9;;537,2;;593,8;;;;;;;;;;;;;646,0;672,4
SaintLouis;;;;;;;;;;;;;;;;;442,0;;;;606,9;;484,6;;;;;;487,8;;;;;;;726,1
Chicago;;;;;;;;;;;;;;;;369,2;;;;;;556,1;;;353,1;;;;491,4;;;;;;;
SaultStMarie;;;;;;;;;;;;;;295,8;;;;;;;;;;;398,4;312,0;;;;;;;;;;
Toronto;;;;;;;;;;;;;;;333,0;;;;;;;;436,7;315,8;;271,0;;;491,2;;;;;;;
Montreal;;;;;;;;;;;;;;;;;;;;;;;;281,1;391,5;;277,4;321,6;;;;;;;;
Boston;;;;;;;;;;;;;;;;;;;;;;;;;;211,7;;341,5;;;;;;;;
NewYork;;;;;;;;;;;;;;;;;;;;;;;;;;302,7;227,5;;;485,3;;;;;;
Pittsburgh;;;;;;;;;;;;;;;;;;;;;;623,6;476,6;;386,5;;;;;410,5;442,9;;;;;
Washington;;;;;;;;;;;;;;;;;;;;;;;;;;;;357,4;457,2;;644,4;;;;;
Raleigh;;;;;;;;;;;;;;;;;;;;;;;;;;;;;432,7;422,1;;;778,4;;;
Atlanta;;;;;;;;;;;;;;;;;;;;;;;;;;;;;;;;;1000,0;1000,0;1000,0;1000,0
Charleston;;;;;;;;;;;;;;;;;;;;;;;;;;;;;;;632,4;902,0;;788,0;;
Miami;;;;;;;;;;;;;;;;;;;;;;;;;;;;;;;;905,0;795,3;;775,2;
NewOrleans;;;;;;;;;;;;;;;;;;;599,3;;564,4;;;;;;;;;;;1004,0;;773,4;;
Nashville;;;;;;;;;;;;;;;;;;;;;616,3;540,9;;;;;;;;;;901,0;;;;
Step_20000;Vancouver;Seattle;Calgary;Portland;Helena;SaltLakeCity;SanFrancisco;LosAngeles;LasVegas;Phoenix;SantaFe;Denver;ElPaso;Winnipeg;Duluth;Omaha;KansasCity;OklahomaCity;Houston;Dallas;LittleRock;SaintLouis;Chicago;SaultStMarie;Toronto;Montreal;Boston;NewYork;Pittsburgh;Washington;Raleigh;Atlanta;Charleston;Miami;NewOrleans;Nashville
Vancouver;;292,0;278,7;;;;;;;;;;;;;;;;;;;;;;;;;;;;;;;;;
Seattle;260,7;;292,9;293,8;331,9;;;;;;;;;;;;;;;;;;;;;;;;;;;;;;;
Calgary;262,7;284,9;;;336,6;;;;;;;;;311,0;;;;;;;;;;;;;;;;;;;;;;
Portland;;284,5;;;;377,5;344,1;;;;;;;;;;;;;;;;;;;;;;;;;;;;;
Helena;;292,6;284,9;;;329,2;;;;;;383,3;;290,8;320,6;411,9;;;;;;;;;;;;;;;;;;;;
SaltLakeCity;;;;314,4;324,6;;330,4;;330,9;;;459,0;;;;;;;;;;;;;;;;;;;;;;;;
SanFrancisco;;;;300,6;;369,2;;996,2;;;;;;;;;;;;;;;;;;;;;;;;;;;;
LosAngeles;;;;;;;350,5;;340,8;;;;993,4;;;;;;;;;;;;;;;;;;;;;;;
LasVegas;;;;;;352,9;;392,3;;;;;;;;;;;;;;;;;;;;;;;;;;;;
Phoenix;;;;;;;;;;;;429,9;502,4;;;;;;;;;;;;;;;;;;;;;;;
SantaFe;;;;;;;;;;;;416,4;500,9;;;;;;;;;;;;;;;;;;;;;;;
Denver;;;;;332,2;342,7;;;;422,0;431,4;;;;;407,0;472,8;515,2;;;;;;;;;;;;;;;;;;
ElPaso;;;;;;;;414,3;;434,0;408,3;;;;;;;480,5;987,6;487,0;;;;;;;;;;;;;;;;
Winnipeg;;;294,2;;315,4;;;;;;;;;;320,7;;;;;;;;;311,5;;;;;;;;;;;;
Duluth;;;;;334,3;;;;;;;;;310,3;;;;;;;;;;;372,5;;;;;;;;;;;
Omaha;;;;;325,8;;;;;;;396,2;;;;;;;;;;;451,6;;;;;;;;;;;;;
KansasCity;;;;;;;;;;;;431,8;;;;;;;;;;558,8;;;;;;;;;;;;;;
OklahomaCity;;;;;;;;;;;;402,9;502,3;;;;;;;;564,7;;;;;;;;;;;;;;;
Houston;;;;;;;;;;;;;473,7;;;;;;;;;;;;;;;;;;;;;;982,3;
Dallas;;;;;;;;;;;;;432,2;;;;;;;;589,2;;;;;;;;;;;;;;;
LittleRock;;;;;;;;;;;;;;;;;;496,2;;481,4;;589,9;;;;;;;;;;;;;773,4;670,4
SaintLouis;;;;;;;;;;;;;;;;;483,1;;;;602,7;;459,7;;;;;;509,5;;;;;;;735,9
Chicago;;;;;;;;;;;;;;;;397,4;;;;;;506,4;;;415,2;;;;497,3;;;;;;;
SaultStMarie;;;;;;;;;;;;;;308,1;;;;;;;;;;;361,8;314,9;;;;;;;;;;
Toronto;;;;;;;;;;;;;;;325,0;;;;;;;;478,4;304,5;;332,8;;;509,6;;;;;;;
Montreal;;;;;;;;;;;;;;;;;;;;;;;;302,1;389,4;;322,4;359,6;;;;;;;;
Boston;;;;;;;;;;;;;;;;;;;;;;;;;;266,2;;385,1;;;;;;;;
NewYork;;;;;;;;;;;;;;;;;;;;;;;;;;319,7;241,6;;;487,1;;;;;;
Pittsburgh;;;;;;;;;;;;;;;;;;;;;;545,9;487,3;;406,4;;;;;437,1;561,1;;;;;
Washington;;;;;;;;;;;;;;;;;;;;;;;;;;;;416,0;463,0;;581,6;;;;;
Raleigh;;;;;;;;;;;;;;;;;;;;;;;;;;;;;505,6;486,3;;;747,1;;;
Atlanta;;;;;;;;;;;;;;;;;;;;;;;;;;;;;;;;;1000,0;1000,0;1000,0;1000,0
Charleston;;;;;;;;;;;;;;;;;;;;;;;;;;;;;;;576,6;902,0;;695,4;;
Miami;;;;;;;;;;;;;;;;;;;;;;;;;;;;;;;;905,0;703,9;;783,0;
NewOrleans;;;;;;;;;;;;;;;;;;;641,7;;593,5;;;;;;;;;;;984,0;;753,7;;
Nashville;;;;;;;;;;;;;;;;;;;;;629,0;578,1;;;;;;;;;;901,0;;;;
Step_24000;Vancouver;Seattle;Calgary;Portland;Helena;SaltLakeCity;SanFrancisco;LosAngeles;LasVegas;Phoenix;SantaFe;Denver;ElPaso;Winnipeg;Duluth;Omaha;KansasCity;OklahomaCity;Houston;Dallas;LittleRock;SaintLouis;Chicago;SaultStMarie;Toronto;Montreal;Boston;NewYork;Pittsburgh;Washington;Raleigh;Atlanta;Charleston;Miami;NewOrleans;Nashville
Vancouver;;294,5;285,6;;;;;;;;;;;;;;;;;;;;;;;;;;;;;;;;;
Seattle;265,9;;301,9;304,5;352,2;;;;;;;;;;;;;;;;;;;;;;;;;;;;;;;
Calgary;268,1;305,2;;;326,5;;;;;;;;;297,6;;;;;;;;;;;;;;;;;;;;;;
Portland;;282,5;;;;341,7;366,9;;;;;;;;;;;;;;;;;;;;;;;;;;;;;
Helena;;303,0;293,8;;;352,1;;;;;;382,1;;309,7;319,1;389,1;;;;;;;;;;;;;;;;;;;;
SaltLakeCity;;;;304,6;344,8;;356,2;;345,2;;;412,8;;;;;;;;;;;;;;;;;;;;;;;;
SanFrancisco;;;;302,2;;351,6;;881,3;;;;;;;;;;;;;;;;;;;;;;;;;;;;
LosAngeles;;;;;;;370,2;;355,1;;;;993,4;;;;;;;;;;;;;;;;;;;;;;;
LasVegas;;;;;;346,8;;489,4;;;;;;;;;;;;;;;;;;;;;;;;;;;;
Phoenix;;;;;;;;;;;;423,6;451,1;;;;;;;;;;;;;;;;;;;;;;;
SantaFe;;;;;;;;;;;;429,4;431,6;;;;;;;;;;;;;;;;;;;;;;;
Denver;;;;;340,3;345,6;;;;400,3;408,8;;;;;398,0;508,9;448,2;;;;;;;;;;;;;;;;;;
ElPaso;;;;;;;;399,5;;405,6;396,9;;;;;;;484,7;987,6;484,6;;;;;;;;;;;;;;;;
Winnipeg;;;297,2;;352,8;;;;;;;;;;334,2;;;;;;;;;333,8;;;;;;;;;;;;
Duluth;;;;;327,4;;;;;;;;;300,3;;;;;;;;;;;402,1;;;;;;;;;;;
Omaha;;;;;340,9;;;;;;;426,4;;;;;;;;;;;475,4;;;;;;;;;;;;;
KansasCity;;;;;;;;;;;;432,6;;;;;;;;;;571,0;;;;;;;;;;;;;;
OklahomaCity;;;;;;;;;;;;411,1;442,4;;;;;;;;573,1;;;;;;;;;;;;;;;
Houston;;;;;;;;;;;;;514,7;;;;;;;;;;;;;;;;;;;;;;982,3;
Dallas;;;;;;;;;;;;;458,7;;;;;;;;531,1;;;;;;;;;;;;;;;
LittleRock;;;;;;;;;;;;;;;;;;515,4;;504,1;;556,9;;;;;;;;;;;;;672,9;589,6
SaintLouis;;;;;;;;;;;;;;;;;418,2;;;;584,6;;464,7;;;;;;441,7;;;;;;;710,6
Chicago;;;;;;;;;;;;;;;;371,8;;;;;;542,5;;;357,0;;;;445,1;;;;;;;
SaultStMarie;;;;;;;;;;;;;;295,6;;;;;;;;;;;382,9;331,2;;;;;;;;;;
Toronto;;;;;;;;;;;;;;;337,7;;;;;;;;482,9;331,5;;327,1;;;443,0;;;;;;;
Montreal;;;;;;;;;;;;;;;;;;;;;;;;321,7;391,9;;352,1;338,1;;;;;;;;
Boston;;;;;;;;;;;;;;;;;;;;;;;;;;315,1;;410,9;;;;;;;;
NewYork;;;;;;;;;;;;;;;;;;;;;;;;;;323,0;274,8;;;481,7;;;;;;
Pittsburgh;;;;;;;;;;;;;;;;;;;;;;480,8;444,0;;394,6;;;;;441,2;537,9;;;;;
Washington;;;;;;;;;;;;;;;;;;;;;;;;;;;;381,3;460,5;;619,9;;;;;
Raleigh;;;;;;;;;;;;;;;;;;;;;;;;;;;;;444,1;460,5;;;744,3;;;
Atlanta;;;;;;;;;;;;;;;;;;;;;;;;;;;;;;;;;1000,0;1000,0;1000,0;1000,0
Charleston;;;;;;;;;;;;;;;;;;;;;;;;;;;;;;;576,9;902,0;;770,6;;
Miami;;;;;;;;;;;;;;;;;;;;;;;;;;;;;;;;905,0;801,7;;676,8;
NewOrleans;;;;;;;;;;;;;;;;;;;612,0;;593,3;;;;;;;;;;;984,0;;787,1;;
Nashville;;;;;;;;;;;;;;;;;;;;;590,8;548,9;;;;;;;;;;901,0;;;;
Step_28000;Vancouver;Seattle;Calgary;Portland;Helena;SaltLakeCity;SanFrancisco;LosAngeles;LasVegas;Phoenix;SantaFe;Denver;ElPaso;Winnipeg;Duluth;Omaha;KansasCity;OklahomaCity;Houston;Dallas;LittleRock;SaintLouis;Chicago;SaultStMarie;Toronto;Montreal;Boston;NewYork;Pittsburgh;Washington;Raleigh;Atlanta;Charleston;Miami;NewOrleans;Nashville
Vancouver;;268,5;278,6;;;;;;;;;;;;;;;;;;;;;;;;;;;;;;;;;
Seattle;248,5;;288,4;300,2;313,3;;;;;;;;;;;;;;;;;;;;;;;;;;;;;;;
Calgary;250,4;273,8;;;323,4;;;;;;;;;302,8;;;;;;;;;;;;;;;;;;;;;;
Portland;;285,0;;;;368,9;327,5;;;;;;;;;;;;;;;;;;;;;;;;;;;;;
Helena;;296,5;288,0;;;320,6;;;;;;416,9;;308,7;342,6;340,3;;;;;;;;;;;;;;;;;;;;
SaltLakeCity;;;;301,2;340,7;;415,6;;350,1;;;426,2;;;;;;;;;;;;;;;;;;;;;;;;
SanFrancisco;;;;302,3;;352,5;;884,4;;;;;;;;;;;;;;;;;;;;;;;;;;;;
LosAngeles;;;;;;;328,0;;372,0;;;;993,4;;;;;;;;;;;;;;;;;;;;;;;
LasVegas;;;;;;341,8;;498,6;;;;;;;;;;;;;;;;;;;;;;;;;;;;
Phoenix;;;;;;;;;;;;420,0;526,1;;;;;;;;;;;;;;;;;;;;;;;
SantaFe;;;;;;;;;;;;365,4;504,0;;;;;;;;;;;;;;;;;;;;;;;
Denver;;;;;310,3;326,9;;;;425,8;430,4;;;;;367,8;434,1;509,6;;;;;;;;;;;;;;;;;;
ElPaso;;;;;;;;427,8;;442,7;415,6;;;;;;;473,6;987,6;531,1;;;;;;;;;;;;;;;;
Winnipeg;;;293,3;;341,1;;;;;;;;;;318,8;;;;;;;;;326,0;;;;;;;;;;;;
Duluth;;;;;331,2;;;;;;;;;305,0;;;;;;;;;;;388,8;;;;;;;;;;;
Omaha;;;;;318,6;;;;;;;380,7;;;;;;;;;;;418,1;;;;;;;;;;;;;
KansasCity;;;;;;;;;;;;428,7;;;;;;;;;;493,4;;;;;;;;;;;;;;
OklahomaCity;;;;;;;;;;;;409,9;488,7;;;;;;;;605,5;;;;;;;;;;;;;;;
Houston;;;;;;;;;;;;;516,2;;;;;;;;;;;;;;;;;;;;;;982,3;
Dallas;;;;;;;;;;;;;454,3;;;;;;;;649,6;;;;;;;;;;;;;;;
LittleRock;;;;;;;;;;;;;;;;;;471,9;;532,0;;500,2;;;;;;;;;;;;;660,7;746,1
SaintLouis;;;;;;;;;;;;;;;;;422,3;;;;553,2;;421,3;;;;;;465,2;;;;;;;602,6
Chicago;;;;;;;;;;;;;;;;381,9;;;;;;450,5;;;362,8;;;;473,5;;;;;;;
SaultStMarie;;;;;;;;;;;;;;304,3;;;;;;;;;;;389,8;340,7;;;;;;;;;;
Toronto;;;;;;;;;;;;;;;342,6;;;;;;;;431,4;339,3;;349,8;;;443,3;;;;;;;
Montreal;;;;;;;;;;;;;;;;;;;;;;;;331,8;420,1;;341,6;366,8;;;;;;;;
Boston;;;;;;;;;;;;;;;;;;;;;;;;;;328,4;;378,4;;;;;;;;
NewYork;;;;;;;;;;;;;;;;;;;;;;;;;;338,8;327,1;;;475,8;;;;;;
Pittsburgh;;;;;;;;;;;;;;;;;;;;;;464,1;428,7;;426,3;;;;;463,2;651,1;;;;;
Washington;;;;;;;;;;;;;;;;;;;;;;;;;;;;392,8;443,0;;669,8;;;;;
Raleigh;;;;;;;;;;;;;;;;;;;;;;;;;;;;;490,4;431,2;;;805,7;;;
Atlanta;;;;;;;;;;;;;;;;;;;;;;;;;;;;;;;;;1000,0;1000,0;1000,0;1000,0
Charleston;;;;;;;;;;;;;;;;;;;;;;;;;;;;;;;608,8;902,0;;722,4;;
Miami;;;;;;;;;;;;;;;;;;;;;;;;;;;;;;;;905,0;762,6;;771,2;
NewOrleans;;;;;;;;;;;;;;;;;;;620,7;;604,5;;;;;;;;;;;984,0;;734,0;;
Nashville;;;;;;;;;;;;;;;;;;;;;589,0;505,7;;;;;;;;;;901,0;;;;
Step_32000;Vancouver;Seattle;Calgary;Portland;Helena;SaltLakeCity;SanFrancisco;LosAngeles;LasVegas;Phoenix;SantaFe;Denver;ElPaso;Winnipeg;Duluth;Omaha;KansasCity;OklahomaCity;Houston;Dallas;LittleRock;SaintLouis;Chicago;SaultStMarie;Toronto;Montreal;Boston;NewYork;Pittsburgh;Washington;Raleigh;Atlanta;Charleston;Miami;NewOrleans;Nashville
Vancouver;;291,8;293,5;;;;;;;;;;;;;;;;;;;;;;;;;;;;;;;;;
Seattle;266,8;;303,0;290,8;358,0;;;;;;;;;;;;;;;;;;;;;;;;;;;;;;;
Calgary;260,8;297,7;;;337,0;;;;;;;;;300,0;;;;;;;;;;;;;;;;;;;;;;
Portland;;288,7;;;;336,7;328,1;;;;;;;;;;;;;;;;;;;;;;;;;;;;;
Helena;;285,2;292,2;;;348,8;;;;;;422,2;;297,8;338,2;401,4;;;;;;;;;;;;;;;;;;;;
SaltLakeCity;;;;308,5;337,6;;322,9;;356,8;;;1016,0;;;;;;;;;;;;;;;;;;;;;;;;
SanFrancisco;;;;302,1;;878,6;;382,6;;;;;;;;;;;;;;;;;;;;;;;;;;;;
LosAngeles;;;;;;;418,0;;364,9;;;;502,3;;;;;;;;;;;;;;;;;;;;;;;
LasVegas;;;;;;367,9;;416,8;;;;;;;;;;;;;;;;;;;;;;;;;;;;
Phoenix;;;;;;;;;;;;417,4;473,8;;;;;;;;;;;;;;;;;;;;;;;
SantaFe;;;;;;;;;;;;429,2;515,3;;;;;;;;;;;;;;;;;;;;;;;
Denver;;;;;371,4;347,0;;;;427,4;434,2;;;;;389,0;450,5;1013,0;;;;;;;;;;;;;;;;;;
ElPaso;;;;;;;;403,6;;407,0;438,4;;;;;;;498,0;628,4;535,5;;;;;;;;;;;;;;;;
Winnipeg;;;281,7;;346,6;;;;;;;;;;324,0;;;;;;;;;336,2;;;;;;;;;;;;
Duluth;;;;;361,2;;;;;;;;;302,6;;;;;;;;;;;384,8;;;;;;;;;;;
Omaha;;;;;362,8;;;;;;;460,3;;;;;;;;;;;442,0;;;;;;;;;;;;;
KansasCity;;;;;;;;;;;;426,9;;;;;;;;;;531,4;;;;;;;;;;;;;;
OklahomaCity;;;;;;;;;;;;432,4;523,2;;;;;;;;1009,0;;;;;;;;;;;;;;;
Houston;;;;;;;;;;;;;511,4;;;;;;;;;;;;;;;;;;;;;;759,8;
Dallas;;;;;;;;;;;;;500,0;;;;;;;;617,8;;;;;;;;;;;;;;;
LittleRock;;;;;;;;;;;;;;;;;;514,4;;522,1;;571,5;;;;;;;;;;;;;1007,0;692,5
SaintLouis;;;;;;;;;;;;;;;;;422,4;;;;600,1;;434,1;;;;;;478,1;;;;;;;748,6
Chicago;;;;;;;;;;;;;;;;400,2;;;;;;534,0;;;394,0;;;;482,2;;;;;;;
SaultStMarie;;;;;;;;;;;;;;308,1;;;;;;;;;;;380,4;332,7;;;;;;;;;;
Toronto;;;;;;;;;;;;;;;327,1;;;;;;;;444,3;315,4;;327,8;;;461,9;;;;;;;
Montreal;;;;;;;;;;;;;;;;;;;;;;;;341,8;369,3;;336,9;349,4;;;;;;;;
Boston;;;;;;;;;;;;;;;;;;;;;;;;;;334,5;;400,5;;;;;;;;
NewYork;;;;;;;;;;;;;;;;;;;;;;;;;;331,3;334,6;;;492,4;;;;;;
Pittsburgh;;;;;;;;;;;;;;;;;;;;;;472,4;445,6;;366,8;;;;;475,1;543,2;;;;;
Washington;;;;;;;;;;;;;;;;;;;;;;;;;;;;374,1;498,1;;608,8;;;;;
Raleigh;;;;;;;;;;;;;;;;;;;;;;;;;;;;;458,8;460,1;;;726,6;;;
Atlanta;;;;;;;;;;;;;;;;;;;;;;;;;;;;;;;;;1000,0;1000,0;1000,0;1000,0
Charleston;;;;;;;;;;;;;;;;;;;;;;;;;;;;;;;540,3;902,0;;794,6;;
Miami;;;;;;;;;;;;;;;;;;;;;;;;;;;;;;;;905,0;721,7;;794,1;
NewOrleans;;;;;;;;;;;;;;;;;;;604,4;;639,5;;;;;;;;;;;1004,0;;791,7;;
Nashville;;;;;;;;;;;;;;;;;;;;;591,6;539,9;;;;;;;;;;901,0;;;;
Step_36000;Vancouver;Seattle;Calgary;Portland;Helena;SaltLakeCity;SanFrancisco;LosAngeles;LasVegas;Phoenix;SantaFe;Denver;ElPaso;Winnipeg;Duluth;Omaha;KansasCity;OklahomaCity;Houston;Dallas;LittleRock;SaintLouis;Chicago;SaultStMarie;Toronto;Montreal;Boston;NewYork;Pittsburgh;Washington;Raleigh;Atlanta;Charleston;Miami;NewOrleans;Nashville
Vancouver;;292,6;282,1;;;;;;;;;;;;;;;;;;;;;;;;;;;;;;;;;
Seattle;264,1;;287,2;299,4;320,2;;;;;;;;;;;;;;;;;;;;;;;;;;;;;;;
Calgary;266,5;303,4;;;344,3;;;;;;;;;314,5;;;;;;;;;;;;;;;;;;;;;;
Portland;;280,1;;;;352,6;323,7;;;;;;;;;;;;;;;;;;;;;;;;;;;;;
Helena;;295,6;290,7;;;352,9;;;;;;369,7;;313,1;330,5;390,1;;;;;;;;;;;;;;;;;;;;
SaltLakeCity;;;;298,3;311,6;;329,8;;359,3;;;406,7;;;;;;;;;;;;;;;;;;;;;;;;
SanFrancisco;;;;307,5;;364,6;;980,3;;;;;;;;;;;;;;;;;;;;;;;;;;;;
LosAngeles;;;;;;;355,1;;348,0;;;;904,7;;;;;;;;;;;;;;;;;;;;;;;
LasVegas;;;;;;333,5;;399,6;;;;;;;;;;;;;;;;;;;;;;;;;;;;
Phoenix;;;;;;;;;;;;393,4;487,3;;;;;;;;;;;;;;;;;;;;;;;
SantaFe;;;;;;;;;;;;408,9;517,6;;;;;;;;;;;;;;;;;;;;;;;
Denver;;;;;318,9;338,9;;;;454,6;426,5;;;;;400,5;467,6;496,1;;;;;;;;;;;;;;;;;;
ElPaso;;;;;;;;397,1;;449,3;419,0;;;;;;;499,6;1012,0;495,1;;;;;;;;;;;;;;;;
Winnipeg;;;293,7;;350,9;;;;;;;;;;330,1;;;;;;;;;323,1;;;;;;;;;;;;
Duluth;;;;;347,4;;;;;;;;;302,2;;;;;;;;;;;372,2;;;;;;;;;;;
Omaha;;;;;331,3;;;;;;;408,9;;;;;;;;;;;460,2;;;;;;;;;;;;;
KansasCity;;;;;;;;;;;;417,3;;;;;;;;;;560,4;;;;;;;;;;;;;;
OklahomaCity;;;;;;;;;;;;427,3;480,8;;;;;;;;578,5;;;;;;;;;;;;;;;
Houston;;;;;;;;;;;;;493,8;;;;;;;;;;;;;;;;;;;;;;1006,0;
Dallas;;;;;;;;;;;;;457,8;;;;;;;;543,3;;;;;;;;;;;;;;;
LittleRock;;;;;;;;;;;;;;;;;;511,9;;496,7;;610,9;;;;;;;;;;;;;736,6;684,2
SaintLouis;;;;;;;;;;;;;;;;;428,9;;;;565,9;;451,3;;;;;;495,8;;;;;;;752,7
Chicago;;;;;;;;;;;;;;;;383,8;;;;;;516,8;;;386,1;;;;490,4;;;;;;;
SaultStMarie;;;;;;;;;;;;;;314,8;;;;;;;;;;;325,2;337,9;;;;;;;;;;
Toronto;;;;;;;;;;;;;;;323,0;;;;;;;;446,0;309,0;;347,5;;;515,4;;;;;;;
Montreal;;;;;;;;;;;;;;;;;;;;;;;;349,7;365,7;;340,7;409,0;;;;;;;;
Boston;;;;;;;;;;;;;;;;;;;;;;;;;;341,3;;399,7;;;;;;;;
NewYork;;;;;;;;;;;;;;;;;;;;;;;;;;330,6;339,2;;;425,7;;;;;;
Pittsburgh;;;;;;;;;;;;;;;;;;;;;;640,1;451,3;;380,6;;;;;478,6;543,4;;;;;
Washington;;;;;;;;;;;;;;;;;;;;;;;;;;;;384,2;488,5;;475,1;;;;;
Raleigh;;;;;;;;;;;;;;;;;;;;;;;;;;;;;481,9;439,2;;;763,5;;;
Atlanta;;;;;;;;;;;;;;;;;;;;;;;;;;;;;;;;;1000,0;1000,0;1000,0;1000,0
Charleston;;;;;;;;;;;;;;;;;;;;;;;;;;;;;;;603,2;902,0;;776,4;;
Miami;;;;;;;;;;;;;;;;;;;;;;;;;;;;;;;;905,0;760,3;;735,7;
NewOrleans;;;;;;;;;;;;;;;;;;;584,7;;642,1;;;;;;;;;;;1004,0;;745,6;;
Nashville;;;;;;;;;;;;;;;;;;;;;599,3;530,7;;;;;;;;;;901,0;;;;
Step_40000;Vancouver;Seattle;Calgary;Portland;Helena;SaltLakeCity;SanFrancisco;LosAngeles;LasVegas;Phoenix;SantaFe;Denver;ElPaso;Winnipeg;Duluth;Omaha;KansasCity;OklahomaCity;Houston;Dallas;LittleRock;SaintLouis;Chicago;SaultStMarie;Toronto;Montreal;Boston;NewYork;Pittsburgh;Washington;Raleigh;Atlanta;Charleston;Miami;NewOrleans;Nashville
Vancouver;;294,3;299,5;;;;;;;;;;;;;;;;;;;;;;;;;;;;;;;;;
Seattle;262,7;;308,3;301,0;348,4;;;;;;;;;;;;;;;;;;;;;;;;;;;;;;;
Calgary;261,9;272,2;;;365,5;;;;;;;;;325,8;;;;;;;;;;;;;;;;;;;;;;
Portland;;299,1;;;;333,7;354,4;;;;;;;;;;;;;;;;;;;;;;;;;;;;;
Helena;;309,9;309,8;;;359,6;;;;;;380,5;;316,3;319,6;398,7;;;;;;;;;;;;;;;;;;;;
SaltLakeCity;;;;312,3;332,3;;352,5;;361,5;;;378,4;;;;;;;;;;;;;;;;;;;;;;;;
SanFrancisco;;;;302,6;;349,6;;980,0;;;;;;;;;;;;;;;;;;;;;;;;;;;;
LosAngeles;;;;;;;328,7;;378,4;;;;903,4;;;;;;;;;;;;;;;;;;;;;;;
LasVegas;;;;;;345,2;;446,1;;;;;;;;;;;;;;;;;;;;;;;;;;;;
Phoenix;;;;;;;;;;;;387,7;470,7;;;;;;;;;;;;;;;;;;;;;;;
SantaFe;;;;;;;;;;;;395,8;479,0;;;;;;;;;;;;;;;;;;;;;;;
Denver;;;;;341,7;335,9;;;;404,5;420,7;;;;;398,6;470,3;436,3;;;;;;;;;;;;;;;;;;
ElPaso;;;;;;;;487,7;;429,5;393,8;;;;;;;470,3;987,6;529,0;;;;;;;;;;;;;;;;
Winnipeg;;;311,3;;373,0;;;;;;;;;;331,0;;;;;;;;;353,3;;;;;;;;;;;;
Duluth;;;;;321,5;;;;;;;;;310,1;;;;;;;;;;;371,8;;;;;;;;;;;
Omaha;;;;;348,7;;;;;;;405,4;;;;;;;;;;;489,6;;;;;;;;;;;;;
KansasCity;;;;;;;;;;;;391,6;;;;;;;;;;598,2;;;;;;;;;;;;;;
OklahomaCity;;;;;;;;;;;;413,9;459,1;;;;;;;;625,3;;;;;;;;;;;;;;;
Houston;;;;;;;;;;;;;502,8;;;;;;;;;;;;;;;;;;;;;;982,3;
Dallas;;;;;;;;;;;;;413,8;;;;;;;;615,3;;;;;;;;;;;;;;;
LittleRock;;;;;;;;;;;;;;;;;;537,0;;489,4;;573,9;;;;;;;;;;;;;761,5;699,5
SaintLouis;;;;;;;;;;;;;;;;;467,7;;;;631,4;;457,1;;;;;;466,8;;;;;;;674,3
Chicago;;;;;;;;;;;;;;;;398,2;;;;;;496,4;;;360,9;;;;487,9;;;;;;;
SaultStMarie;;;;;;;;;;;;;;314,7;;;;;;;;;;;399,2;345,0;;;;;;;;;;
Toronto;;;;;;;;;;;;;;;332,6;;;;;;;;457,4;350,5;;337,2;;;474,1;;;;;;;
Montreal;;;;;;;;;;;;;;;;;;;;;;;;360,4;358,5;;344,8;411,7;;;;;;;;
Boston;;;;;;;;;;;;;;;;;;;;;;;;;;347,6;;401,3;;;;;;;;
NewYork;;;;;;;;;;;;;;;;;;;;;;;;;;332,1;355,2;;;538,1;;;;;;
Pittsburgh;;;;;;;;;;;;;;;;;;;;;;544,3;454,8;;388,1;;;;;466,1;522,8;;;;;
Washington;;;;;;;;;;;;;;;;;;;;;;;;;;;;420,6;472,0;;660,9;;;;;
Raleigh;;;;;;;;;;;;;;;;;;;;;;;;;;;;;459,5;553,6;;;727,9;;;
Atlanta;;;;;;;;;;;;;;;;;;;;;;;;;;;;;;;;;1000,0;1000,0;1000,0;1000,0
Charleston;;;;;;;;;;;;;;;;;;;;;;;;;;;;;;;615,0;902,0;;745,4;;
Miami;;;;;;;;;;;;;;;;;;;;;;;;;;;;;;;;905,0;664,5;;661,5;
NewOrleans;;;;;;;;;;;;;;;;;;;589,4;;614,4;;;;;;;;;;;984,0;;718,3;;
Nashville;;;;;;;;;;;;;;;;;;;;;597,1;623,3;;;;;;;;;;901,0;;;;
Step_4000;Vancouver;Seattle;Calgary;Portland;Helena;SaltLakeCity;SanFrancisco;LosAngeles;LasVegas;Phoenix;SantaFe;Denver;ElPaso;Winnipeg;Duluth;Omaha;KansasCity;OklahomaCity;Houston;Dallas;LittleRock;SaintLouis;Chicago;SaultStMarie;Toronto;Montreal;Boston;NewYork;Pittsburgh;Washington;Raleigh;Atlanta;Charleston;Miami;NewOrleans;Nashville
Vancouver;;250,4;220,3;;;;;;;;;;;;;;;;;;;;;;;;;;;;;;;;;
Seattle;215,1;;247,3;284,9;322,5;;;;;;;;;;;;;;;;;;;;;;;;;;;;;;;
Calgary;141,8;254,0;;;358,4;;;;;;;;;238,8;;;;;;;;;;;;;;;;;;;;;;
Portland;;240,1;;;;343,6;333,6;;;;;;;;;;;;;;;;;;;;;;;;;;;;;
Helena;;274,2;253,8;;;333,7;;;;;;393,5;;228,6;267,5;349,3;;;;;;;;;;;;;;;;;;;;
SaltLakeCity;;;;301,8;334,3;;356,5;;315,3;;;371,8;;;;;;;;;;;;;;;;;;;;;;;;
SanFrancisco;;;;286,0;;335,3;;1022,0;;;;;;;;;;;;;;;;;;;;;;;;;;;;
LosAngeles;;;;;;;290,3;;303,4;;;;1019,0;;;;;;;;;;;;;;;;;;;;;;;
LasVegas;;;;;;334,2;;317,2;;;;;;;;;;;;;;;;;;;;;;;;;;;;
Phoenix;;;;;;;;;;;;387,9;500,1;;;;;;;;;;;;;;;;;;;;;;;
SantaFe;;;;;;;;;;;;379,1;496,9;;;;;;;;;;;;;;;;;;;;;;;
Denver;;;;;278,2;314,2;;;;447,7;425,9;;;;;362,0;446,2;525,8;;;;;;;;;;;;;;;;;;
ElPaso;;;;;;;;420,7;;434,6;451,3;;;;;;;501,6;548,2;1013,0;;;;;;;;;;;;;;;;
Winnipeg;;;203,2;;314,2;;;;;;;;;;221,6;;;;;;;;;134,5;;;;;;;;;;;;
Duluth;;;;;330,7;;;;;;;;;170,3;;;;;;;;;;;256,7;;;;;;;;;;;
Omaha;;;;;309,7;;;;;;;418,1;;;;;;;;;;;439,0;;;;;;;;;;;;;
KansasCity;;;;;;;;;;;;343,3;;;;;;;;;;510,8;;;;;;;;;;;;;;
OklahomaCity;;;;;;;;;;;;425,5;509,6;;;;;;;;590,2;;;;;;;;;;;;;;;
Houston;;;;;;;;;;;;;484,2;;;;;;;;;;;;;;;;;;;;;;685,8;
Dallas;;;;;;;;;;;;;514,4;;;;;;;;1009,0;;;;;;;;;;;;;;;
LittleRock;;;;;;;;;;;;;;;;;;474,1;;519,0;;541,3;;;;;;;;;;;;;1007,0;705,4
SaintLouis;;;;;;;;;;;;;;;;;457,2;;;;647,7;;460,7;;;;;;422,6;;;;;;;762,9
Chicago;;;;;;;;;;;;;;;;382,3;;;;;;468,3;;;339,2;;;;433,8;;;;;;;
SaultStMarie;;;;;;;;;;;;;;42,5;;;;;;;;;;;310,9;91,4;;;;;;;;;;
Toronto;;;;;;;;;;;;;;;227,0;;;;;;;;437,0;99,4;;123,6;;;310,0;;;;;;;
Montreal;;;;;;;;;;;;;;;;;;;;;;;;78,7;300,6;;15,9;11,0;;;;;;;;
Boston;;;;;;;;;;;;;;;;;;;;;;;;;;55,2;;16,7;;;;;;;;
NewYork;;;;;;;;;;;;;;;;;;;;;;;;;;47,9;14,1;;;239,5;;;;;;
Pittsburgh;;;;;;;;;;;;;;;;;;;;;;500,4;463,7;;331,2;;;;;256,9;492,0;;;;;
Washington;;;;;;;;;;;;;;;;;;;;;;;;;;;;134,9;458,6;;233,1;;;;;
Raleigh;;;;;;;;;;;;;;;;;;;;;;;;;;;;;401,6;140,6;;;714,3;;;
Atlanta;;;;;;;;;;;;;;;;;;;;;;;;;;;;;;;;;1000,0;1000,0;1000,0;1000,0
Charleston;;;;;;;;;;;;;;;;;;;;;;;;;;;;;;;490,5;902,0;;702,9;;
Miami;;;;;;;;;;;;;;;;;;;;;;;;;;;;;;;;905,0;684,8;;777,5;
NewOrleans;;;;;;;;;;;;;;;;;;;618,3;;634,5;;;;;;;;;;;1004,0;;732,4;;
Nashville;;;;;;;;;;;;;;;;;;;;;626,7;562,2;;;;;;;;;;901,0;;;;
Step_8000;Vancouver;Seattle;Calgary;Portland;Helena;SaltLakeCity;SanFrancisco;LosAngeles;LasVegas;Phoenix;SantaFe;Denver;ElPaso;Winnipeg;Duluth;Omaha;KansasCity;OklahomaCity;Houston;Dallas;LittleRock;SaintLouis;Chicago;SaultStMarie;Toronto;Montreal;Boston;NewYork;Pittsburgh;Washington;Raleigh;Atlanta;Charleston;Miami;NewOrleans;Nashville
Vancouver;;269,2;285,5;;;;;;;;;;;;;;;;;;;;;;;;;;;;;;;;;
Seattle;250,9;;288,7;312,7;359,4;;;;;;;;;;;;;;;;;;;;;;;;;;;;;;;
Calgary;254,1;288,5;;;359,7;;;;;;;;;302,2;;;;;;;;;;;;;;;;;;;;;;
Portland;;291,4;;;;348,5;331,6;;;;;;;;;;;;;;;;;;;;;;;;;;;;;
Helena;;286,4;268,1;;;346,9;;;;;;409,9;;285,2;294,8;434,5;;;;;;;;;;;;;;;;;;;;
SaltLakeCity;;;;299,5;345,7;;343,3;;347,5;;;402,3;;;;;;;;;;;;;;;;;;;;;;;;
SanFrancisco;;;;314,2;;349,7;;882,1;;;;;;;;;;;;;;;;;;;;;;;;;;;;
LosAngeles;;;;;;;333,9;;359,7;;;;1018,0;;;;;;;;;;;;;;;;;;;;;;;
LasVegas;;;;;;371,1;;441,4;;;;;;;;;;;;;;;;;;;;;;;;;;;;
Phoenix;;;;;;;;;;;;424,3;539,9;;;;;;;;;;;;;;;;;;;;;;;
SantaFe;;;;;;;;;;;;428,3;497,5;;;;;;;;;;;;;;;;;;;;;;;
Denver;;;;;361,6;365,4;;;;433,4;428,3;;;;;443,4;487,5;478,7;;;;;;;;;;;;;;;;;;
ElPaso;;;;;;;;443,7;;461,8;402,6;;;;;;;476,0;1012,0;547,4;;;;;;;;;;;;;;;;
Winnipeg;;;268,1;;314,0;;;;;;;;;;282,1;;;;;;;;;260,4;;;;;;;;;;;;
Duluth;;;;;326,9;;;;;;;;;271,5;;;;;;;;;;;358,9;;;;;;;;;;;
Omaha;;;;;361,8;;;;;;;411,5;;;;;;;;;;;513,3;;;;;;;;;;;;;
KansasCity;;;;;;;;;;;;408,0;;;;;;;;;;563,2;;;;;;;;;;;;;;
OklahomaCity;;;;;;;;;;;;404,0;445,9;;;;;;;;645,2;;;;;;;;;;;;;;;
Houston;;;;;;;;;;;;;547,4;;;;;;;;;;;;;;;;;;;;;;1006,0;
Dallas;;;;;;;;;;;;;513,0;;;;;;;;624,7;;;;;;;;;;;;;;;
LittleRock;;;;;;;;;;;;;;;;;;493,5;;505,0;;560,7;;;;;;;;;;;;;715,4;708,6
SaintLouis;;;;;;;;;;;;;;;;;481,4;;;;599,7;;452,6;;;;;;453,0;;;;;;;742,3
Chicago;;;;;;;;;;;;;;;;374,6;;;;;;560,2;;;381,6;;;;472,6;;;;;;;
SaultStMarie;;;;;;;;;;;;;;91,0;;;;;;;;;;;357,4;200,6;;;;;;;;;;
Toronto;;;;;;;;;;;;;;;282,4;;;;;;;;477,7;297,2;;208,3;;;437,1;;;;;;;
Montreal;;;;;;;;;;;;;;;;;;;;;;;;203,0;379,7;;85,1;11,0;;;;;;;;
Boston;;;;;;;;;;;;;;;;;;;;;;;;;;165,3;;83,5;;;;;;;;
NewYork;;;;;;;;;;;;;;;;;;;;;;;;;;54,2;26,7;;;456,2;;;;;;
Pittsburgh;;;;;;;;;;;;;;;;;;;;;;515,2;502,4;;361,1;;;;;401,9;494,0;;;;;
Washington;;;;;;;;;;;;;;;;;;;;;;;;;;;;270,4;445,2;;590,6;;;;;
Raleigh;;;;;;;;;;;;;;;;;;;;;;;;;;;;;474,3;388,4;;;750,2;;;
Atlanta;;;;;;;;;;;;;;;;;;;;;;;;;;;;;;;;;1000,0;1000,0;1000,0;1000,0
Charleston;;;;;;;;;;;;;;;;;;;;;;;;;;;;;;;550,5;902,0;;781,9;;
Miami;;;;;;;;;;;;;;;;;;;;;;;;;;;;;;;;905,0;744,8;;684,4;
NewOrleans;;;;;;;;;;;;;;;;;;;646,4;;661,0;;;;;;;;;;;1004,0;;781,9;;
Nashville;;;;;;;;;;;;;;;;;;;;;652,4;552,5;;;;;;;;;;901,0;;;;
Step_12000;Vancouver;Seattle;Calgary;Portland;Helena;SaltLakeCity;SanFrancisco;LosAngeles;LasVegas;Phoenix;SantaFe;Denver;ElPaso;Winnipeg;Duluth;Omaha;KansasCity;OklahomaCity;Houston;Dallas;LittleRock;SaintLouis;Chicago;SaultStMarie;Toronto;Montreal;Boston;NewYork;Pittsburgh;Washington;Raleigh;Atlanta;Charleston;Miami;NewOrleans;Nashville
Vancouver;;284,5;273,0;;;;;;;;;;;;;;;;;;;;;;;;;;;;;;;;;
Seattle;254,6;;274,8;310,9;303,8;;;;;;;;;;;;;;;;;;;;;;;;;;;;;;;
Calgary;258,5;280,0;;;296,8;;;;;;;;;294,0;;;;;;;;;;;;;;;;;;;;;;
Portland;;258,3;;;;371,2;336,4;;;;;;;;;;;;;;;;;;;;;;;;;;;;;
Helena;;270,5;266,7;;;337,6;;;;;;403,1;;290,7;309,0;396,5;;;;;;;;;;;;;;;;;;;;
SaltLakeCity;;;;279,7;345,5;;338,0;;361,6;;;419,5;;;;;;;;;;;;;;;;;;;;;;;;
SanFrancisco;;;;309,0;;360,1;;880,4;;;;;;;;;;;;;;;;;;;;;;;;;;;;
LosAngeles;;;;;;;334,6;;350,1;;;;1018,0;;;;;;;;;;;;;;;;;;;;;;;
LasVegas;;;;;;355,8;;366,8;;;;;;;;;;;;;;;;;;;;;;;;;;;;
Phoenix;;;;;;;;;;;;438,7;488,5;;;;;;;;;;;;;;;;;;;;;;;
SantaFe;;;;;;;;;;;;378,9;458,3;;;;;;;;;;;;;;;;;;;;;;;
Denver;;;;;330,4;355,2;;;;430,4;414,8;;;;;415,0;457,1;498,1;;;;;;;;;;;;;;;;;;
ElPaso;;;;;;;;369,7;;415,2;408,4;;;;;;;462,7;1012,0;497,3;;;;;;;;;;;;;;;;
Winnipeg;;;289,1;;316,6;;;;;;;;;;308,4;;;;;;;;;303,3;;;;;;;;;;;;
Duluth;;;;;321,9;;;;;;;;;290,3;;;;;;;;;;;378,2;;;;;;;;;;;
Omaha;;;;;341,5;;;;;;;416,1;;;;;;;;;;;481,5;;;;;;;;;;;;;
KansasCity;;;;;;;;;;;;401,7;;;;;;;;;;534,2;;;;;;;;;;;;;;
OklahomaCity;;;;;;;;;;;;419,1;488,9;;;;;;;;597,7;;;;;;;;;;;;;;;
Houston;;;;;;;;;;;;;506,9;;;;;;;;;;;;;;;;;;;;;;1006,0;
Dallas;;;;;;;;;;;;;508,5;;;;;;;;573,2;;;;;;;;;;;;;;;
LittleRock;;;;;;;;;;;;;;;;;;522,8;;515,4;;492,4;;;;;;;;;;;;;733,2;733,7
SaintLouis;;;;;;;;;;;;;;;;;442,3;;;;621,4;;459,6;;;;;;461,6;;;;;;;715,2
Chicago;;;;;;;;;;;;;;;;404,9;;;;;;608,7;;;338,9;;;;472,5;;;;;;;
SaultStMarie;;;;;;;;;;;;;;161,5;;;;;;;;;;;368,9;291,4;;;;;;;;;;
Toronto;;;;;;;;;;;;;;;324,8;;;;;;;;479,2;269,3;;278,7;;;485,3;;;;;;;
Montreal;;;;;;;;;;;;;;;;;;;;;;;;270,2;390,2;;170,5;272,1;;;;;;;;
Boston;;;;;;;;;;;;;;;;;;;;;;;;;;238,6;;212,4;;;;;;;;
NewYork;;;;;;;;;;;;;;;;;;;;;;;;;;144,9;103,2;;;483,9;;;;;;
Pittsburgh;;;;;;;;;;;;;;;;;;;;;;584,0;486,5;;372,9;;;;;393,8;511,0;;;;;
Washington;;;;;;;;;;;;;;;;;;;;;;;;;;;;344,8;445,8;;509,6;;;;;
Raleigh;;;;;;;;;;;;;;;;;;;;;;;;;;;;;456,6;459,0;;;758,2;;;
Atlanta;;;;;;;;;;;;;;;;;;;;;;;;;;;;;;;;;1000,0;1000,0;1000,0;1000,0
Charleston;;;;;;;;;;;;;;;;;;;;;;;;;;;;;;;584,4;902,0;;762,3;;
Miami;;;;;;;;;;;;;;;;;;;;;;;;;;;;;;;;905,0;758,2;;784,9;
NewOrleans;;;;;;;;;;;;;;;;;;;590,5;;648,1;;;;;;;;;;;1004,0;;774,0;;
Nashville;;;;;;;;;;;;;;;;;;;;;614,2;539,1;;;;;;;;;;901,0;;;;
Step_16000;Vancouver;Seattle;Calgary;Portland;Helena;SaltLakeCity;SanFrancisco;LosAngeles;LasVegas;Phoenix;SantaFe;Denver;ElPaso;Winnipeg;Duluth;Omaha;KansasCity;OklahomaCity;Houston;Dallas;LittleRock;SaintLouis;Chicago;SaultStMarie;Toronto;Montreal;Boston;NewYork;Pittsburgh;Washington;Raleigh;Atlanta;Charleston;Miami;NewOrleans;Nashville
Vancouver;;265,7;271,0;;;;;;;;;;;;;;;;;;;;;;;;;;;;;;;;;
Seattle;252,8;;280,2;310,6;348,6;;;;;;;;;;;;;;;;;;;;;;;;;;;;;;;
Calgary;254,4;283,3;;;330,8;;;;;;;;;298,4;;;;;;;;;;;;;;;;;;;;;;
Portland;;264,0;;;;349,4;332,5;;;;;;;;;;;;;;;;;;;;;;;;;;;;;
Helena;;293,8;296,9;;;337,3;;;;;;438,1;;306,9;328,3;381,7;;;;;;;;;;;;;;;;;;;;
SaltLakeCity;;;;295,7;327,6;;329,8;;350,0;;;415,7;;;;;;;;;;;;;;;;;;;;;;;;
SanFrancisco;;;;300,9;;358,1;;1021,0;;;;;;;;;;;;;;;;;;;;;;;;;;;;
LosAngeles;;;;;;;347,0;;353,6;;;;1018,0;;;;;;;;;;;;;;;;;;;;;;;
LasVegas;;;;;;355,8;;381,6;;;;;;;;;;;;;;;;;;;;;;;;;;;;
Phoenix;;;;;;;;;;;;408,3;505,9;;;;;;;;;;;;;;;;;;;;;;;
SantaFe;;;;;;;;;;;;418,3;504,7;;;;;;;;;;;;;;;;;;;;;;;
Denver;;;;;350,7;348,5;;;;440,6;439,9;;;;;397,2;455,4;452,8;;;;;;;;;;;;;;;;;;
ElPaso;;;;;;;;376,2;;426,5;431,7;;;;;;;502,4;973,2;522,1;;;;;;;;;;;;;;;;
Winnipeg;;;300,8;;350,9;;;;;;;;;;317,7;;;;;;;;;313,8;;;;;;;;;;;;
Duluth;;;;;338,3;;;;;;;;;303,5;;;;;;;;;;;376,5;;;;;;;;;;;
Omaha;;;;;342,2;;;;;;;435,5;;;;;;;;;;;479,3;;;;;;;;;;;;;
KansasCity;;;;;;;;;;;;417,4;;;;;;;;;;526,7;;;;;;;;;;;;;;
OklahomaCity;;;;;;;;;;;;412,6;578,3;;;;;;;;629,3;;;;;;;;;;;;;;;
Houston;;;;;;;;;;;;;592,8;;;;;;;;;;;;;;;;;;;;;;902,4;
Dallas;;;;;;;;;;;;;505,7;;;;;;;;616,4;;;;;;;;;;;;;;;
LittleRock;;;;;;;;;;;;;;;;;;520,8;;554,6;;551,4;;;;;;;;;;;;;754,7;723,0
SaintLouis;;;;;;;;;;;;;;;;;464,5;;;;560,8;;462,1;;;;;;462,6;;;;;;;711,1
Chicago;;;;;;;;;;;;;;;;416,4;;;;;;560,3;;;368,5;;;;481,0;;;;;;;
SaultStMarie;;;;;;;;;;;;;;297,6;;;;;;;;;;;337,7;288,0;;;;;;;;;;
Toronto;;;;;;;;;;;;;;;317,2;;;;;;;;426,1;319,0;;297,3;;;446,7;;;;;;;
Montreal;;;;;;;;;;;;;;;;;;;;;;;;286,4;389,1;;231,2;314,0;;;;;;;;
Boston;;;;;;;;;;;;;;;;;;;;;;;;;;285,9;;248,8;;;;;;;;
NewYork;;;;;;;;;;;;;;;;;;;;;;;;;;209,9;234,1;;;467,2;;;;;;
Pittsburgh;;;;;;;;;;;;;;;;;;;;;;543,2;429,9;;381,9;;;;;461,2;506,0;;;;;
Washington;;;;;;;;;;;;;;;;;;;;;;;;;;;;354,8;443,0;;624,0;;;;;
Raleigh;;;;;;;;;;;;;;;;;;;;;;;;;;;;;475,5;428,1;;;687,9;;;
Atlanta;;;;;;;;;;;;;;;;;;;;;;;;;;;;;;;;;1000,0;1000,0;1000,0;1000,0
Charleston;;;;;;;;;;;;;;;;;;;;;;;;;;;;;;;607,7;902,0;;787,1;;
Miami;;;;;;;;;;;;;;;;;;;;;;;;;;;;;;;;905,0;701,4;;737,6;
NewOrleans;;;;;;;;;;;;;;;;;;;539,9;;619,4;;;;;;;;;;;984,0;;772,8;;
Nashville;;;;;;;;;;;;;;;;;;;;;600,4;583,8;;;;;;;;;;901,0;;;;
Step_20000;Vancouver;Seattle;Calgary;Portland;Helena;SaltLakeCity;SanFrancisco;LosAngeles;LasVegas;Phoenix;SantaFe;Denver;ElPaso;Winnipeg;Duluth;Omaha;KansasCity;OklahomaCity;Houston;Dallas;LittleRock;SaintLouis;Chicago;SaultStMarie;Toronto;Montreal;Boston;NewYork;Pittsburgh;Washington;Raleigh;Atlanta;Charleston;Miami;NewOrleans;Nashville
Vancouver;;274,3;283,1;;;;;;;;;;;;;;;;;;;;;;;;;;;;;;;;;
Seattle;256,5;;284,1;297,1;345,5;;;;;;;;;;;;;;;;;;;;;;;;;;;;;;;
Calgary;257,6;276,4;;;306,4;;;;;;;;;301,3;;;;;;;;;;;;;;;;;;;;;;
Portland;;288,2;;;;348,6;361,2;;;;;;;;;;;;;;;;;;;;;;;;;;;;;
Helena;;307,1;279,4;;;351,5;;;;;;417,1;;305,0;325,6;377,7;;;;;;;;;;;;;;;;;;;;
SaltLakeCity;;;;302,1;335,9;;341,2;;346,0;;;401,0;;;;;;;;;;;;;;;;;;;;;;;;
SanFrancisco;;;;314,6;;350,5;;996,0;;;;;;;;;;;;;;;;;;;;;;;;;;;;
LosAngeles;;;;;;;363,8;;333,1;;;;992,2;;;;;;;;;;;;;;;;;;;;;;;
LasVegas;;;;;;357,9;;401,6;;;;;;;;;;;;;;;;;;;;;;;;;;;;
Phoenix;;;;;;;;;;;;413,9;532,1;;;;;;;;;;;;;;;;;;;;;;;
SantaFe;;;;;;;;;;;;436,5;526,6;;;;;;;;;;;;;;;;;;;;;;;
Denver;;;;;319,8;345,6;;;;423,9;419,9;;;;;367,7;423,7;463,6;;;;;;;;;;;;;;;;;;
ElPaso;;;;;;;;404,4;;451,0;431,6;;;;;;;466,2;981,2;501,6;;;;;;;;;;;;;;;;
Winnipeg;;;291,1;;339,6;;;;;;;;;;329,3;;;;;;;;;305,8;;;;;;;;;;;;
Duluth;;;;;343,2;;;;;;;;;306,2;;;;;;;;;;;362,2;;;;;;;;;;;
Omaha;;;;;362,5;;;;;;;419,4;;;;;;;;;;;425,9;;;;;;;;;;;;;
KansasCity;;;;;;;;;;;;378,0;;;;;;;;;;573,7;;;;;;;;;;;;;;
OklahomaCity;;;;;;;;;;;;406,1;523,3;;;;;;;;572,6;;;;;;;;;;;;;;;
Houston;;;;;;;;;;;;;531,5;;;;;;;;;;;;;;;;;;;;;;946,4;
Dallas;;;;;;;;;;;;;504,6;;;;;;;;597,5;;;;;;;;;;;;;;;
LittleRock;;;;;;;;;;;;;;;;;;498,0;;518,2;;564,6;;;;;;;;;;;;;686,3;783,8
SaintLouis;;;;;;;;;;;;;;;;;441,4;;;;605,3;;478,4;;;;;;523,0;;;;;;;698,1
Chicago;;;;;;;;;;;;;;;;385,1;;;;;;541,9;;;369,8;;;;489,2;;;;;;;
SaultStMarie;;;;;;;;;;;;;;301,7;;;;;;;;;;;399,0;304,1;;;;;;;;;;
Toronto;;;;;;;;;;;;;;;323,3;;;;;;;;448,1;307,9;;293,9;;;487,3;;;;;;;
Montreal;;;;;;;;;;;;;;;;;;;;;;;;323,2;334,6;;272,6;305,1;;;;;;;;
Boston;;;;;;;;;;;;;;;;;;;;;;;;;;314,6;;273,2;;;;;;;;
NewYork;;;;;;;;;;;;;;;;;;;;;;;;;;284,4;239,9;;;517,5;;;;;;
Pittsburgh;;;;;;;;;;;;;;;;;;;;;;573,4;451,1;;346,3;;;;;513,8;607,0;;;;;
Washington;;;;;;;;;;;;;;;;;;;;;;;;;;;;414,9;437,4;;651,9;;;;;
Raleigh;;;;;;;;;;;;;;;;;;;;;;;;;;;;;505,8;449,8;;;710,2;;;
Atlanta;;;;;;;;;;;;;;;;;;;;;;;;;;;;;;;;;1000,0;1000,0;1000,0;1000,0
Charleston;;;;;;;;;;;;;;;;;;;;;;;;;;;;;;;578,2;902,0;;763,1;;
Miami;;;;;;;;;;;;;;;;;;;;;;;;;;;;;;;;905,0;740,6;;688,8;
NewOrleans;;;;;;;;;;;;;;;;;;;622,9;;601,5;;;;;;;;;;;1004,0;;784,7;;
Nashville;;;;;;;;;;;;;;;;;;;;;621,2;528,8;;;;;;;;;;901,0;;;;
Step_24000;Vancouver;Seattle;Calgary;Portland;Helena;SaltLakeCity;SanFrancisco;LosAngeles;LasVegas;Phoenix;SantaFe;Denver;ElPaso;Winnipeg;Duluth;Omaha;KansasCity;OklahomaCity;Houston;Dallas;LittleRock;SaintLouis;Chicago;SaultStMarie;Toronto;Montreal;Boston;NewYork;Pittsburgh;Washington;Raleigh;Atlanta;Charleston;Miami;NewOrleans;Nashville
Vancouver;;281,6;279,3;;;;;;;;;;;;;;;;;;;;;;;;;;;;;;;;;
Seattle;257,0;;299,5;290,8;336,8;;;;;;;;;;;;;;;;;;;;;;;;;;;;;;;
Calgary;262,3;285,5;;;332,9;;;;;;;;;312,3;;;;;;;;;;;;;;;;;;;;;;
Portland;;259,0;;;;343,3;292,3;;;;;;;;;;;;;;;;;;;;;;;;;;;;;
Helena;;270,2;296,5;;;343,9;;;;;;395,4;;306,2;331,1;377,5;;;;;;;;;;;;;;;;;;;;
SaltLakeCity;;;;307,2;303,2;;320,5;;359,5;;;375,9;;;;;;;;;;;;;;;;;;;;;;;;
SanFrancisco;;;;277,1;;342,5;;873,1;;;;;;;;;;;;;;;;;;;;;;;;;;;;
LosAngeles;;;;;;;309,6;;344,2;;;;1018,0;;;;;;;;;;;;;;;;;;;;;;;
LasVegas;;;;;;329,0;;408,6;;;;;;;;;;;;;;;;;;;;;;;;;;;;
Phoenix;;;;;;;;;;;;402,3;488,0;;;;;;;;;;;;;;;;;;;;;;;
SantaFe;;;;;;;;;;;;403,2;495,2;;;;;;;;;;;;;;;;;;;;;;;
Denver;;;;;331,5;348,3;;;;412,0;410,8;;;;;396,8;459,3;421,8;;;;;;;;;;;;;;;;;;
ElPaso;;;;;;;;422,8;;404,1;436,5;;;;;;;510,1;1012,0;499,1;;;;;;;;;;;;;;;;
Winnipeg;;;283,8;;340,6;;;;;;;;;;328,2;;;;;;;;;310,6;;;;;;;;;;;;
Duluth;;;;;348,1;;;;;;;;;291,0;;;;;;;;;;;369,9;;;;;;;;;;;
Omaha;;;;;323,4;;;;;;;399,0;;;;;;;;;;;467,2;;;;;;;;;;;;;
KansasCity;;;;;;;;;;;;371,4;;;;;;;;;;554,0;;;;;;;;;;;;;;
OklahomaCity;;;;;;;;;;;;398,8;465,1;;;;;;;;663,0;;;;;;;;;;;;;;;
Houston;;;;;;;;;;;;;469,3;;;;;;;;;;;;;;;;;;;;;;1006,0;
Dallas;;;;;;;;;;;;;490,6;;;;;;;;588,1;;;;;;;;;;;;;;;
LittleRock;;;;;;;;;;;;;;;;;;516,7;;530,7;;549,3;;;;;;;;;;;;;778,4;658,3
SaintLouis;;;;;;;;;;;;;;;;;464,8;;;;544,4;;482,7;;;;;;507,6;;;;;;;677,4
Chicago;;;;;;;;;;;;;;;;419,5;;;;;;582,1;;;453,2;;;;493,9;;;;;;;
SaultStMarie;;;;;;;;;;;;;;303,1;;;;;;;;;;;391,6;322,0;;;;;;;;;;
Toronto;;;;;;;;;;;;;;;336,6;;;;;;;;471,7;322,1;;327,6;;;497,7;;;;;;;
Montreal;;;;;;;;;;;;;;;;;;;;;;;;328,7;413,4;;289,2;309,2;;;;;;;;
Boston;;;;;;;;;;;;;;;;;;;;;;;;;;308,2;;376,5;;;;;;;;
NewYork;;;;;;;;;;;;;;;;;;;;;;;;;;319,8;300,8;;;451,4;;;;;;
Pittsburgh;;;;;;;;;;;;;;;;;;;;;;527,2;456,0;;395,9;;;;;527,3;605,4;;;;;
Washington;;;;;;;;;;;;;;;;;;;;;;;;;;;;322,5;500,0;;599,9;;;;;
Raleigh;;;;;;;;;;;;;;;;;;;;;;;;;;;;;515,5;523,5;;;739,8;;;
Atlanta;;;;;;;;;;;;;;;;;;;;;;;;;;;;;;;;;1000,0;1000,0;1000,0;1000,0
Charleston;;;;;;;;;;;;;;;;;;;;;;;;;;;;;;;559,2;902,0;;793,9;;
Miami;;;;;;;;;;;;;;;;;;;;;;;;;;;;;;;;905,0;789,6;;743,0;
NewOrleans;;;;;;;;;;;;;;;;;;;603,6;;611,2;;;;;;;;;;;984,0;;788,9;;
Nashville;;;;;;;;;;;;;;;;;;;;;628,4;605,3;;;;;;;;;;901,0;;;;
Step_28000;Vancouver;Seattle;Calgary;Portland;Helena;SaltLakeCity;SanFrancisco;LosAngeles;LasVegas;Phoenix;SantaFe;Denver;ElPaso;Winnipeg;Duluth;Omaha;KansasCity;OklahomaCity;Houston;Dallas;LittleRock;SaintLouis;Chicago;SaultStMarie;Toronto;Montreal;Boston;NewYork;Pittsburgh;Washington;Raleigh;Atlanta;Charleston;Miami;NewOrleans;Nashville
Vancouver;;285,6;305,9;;;;;;;;;;;;;;;;;;;;;;;;;;;;;;;;;
Seattle;261,1;;292,9;295,5;341,6;;;;;;;;;;;;;;;;;;;;;;;;;;;;;;;
Calgary;266,8;274,2;;;364,7;;;;;;;;;316,1;;;;;;;;;;;;;;;;;;;;;;
Portland;;286,6;;;;329,2;439,8;;;;;;;;;;;;;;;;;;;;;;;;;;;;;
Helena;;288,1;299,2;;;345,1;;;;;;430,7;;318,8;338,1;414,4;;;;;;;;;;;;;;;;;;;;
SaltLakeCity;;;;311,3;366,2;;357,1;;348,9;;;419,4;;;;;;;;;;;;;;;;;;;;;;;;
SanFrancisco;;;;339,4;;365,6;;879,8;;;;;;;;;;;;;;;;;;;;;;;;;;;;
LosAngeles;;;;;;;348,5;;346,7;;;;1018,0;;;;;;;;;;;;;;;;;;;;;;;
LasVegas;;;;;;344,2;;421,3;;;;;;;;;;;;;;;;;;;;;;;;;;;;
Phoenix;;;;;;;;;;;;411,2;499,8;;;;;;;;;;;;;;;;;;;;;;;
SantaFe;;;;;;;;;;;;386,0;517,8;;;;;;;;;;;;;;;;;;;;;;;
Denver;;;;;315,1;347,8;;;;432,9;451,2;;;;;417,2;482,8;530,7;;;;;;;;;;;;;;;;;;
ElPaso;;;;;;;;476,4;;444,3;462,9;;;;;;;504,2;1012,0;520,5;;;;;;;;;;;;;;;;
Winnipeg;;;300,6;;358,9;;;;;;;;;;356,9;;;;;;;;;325,4;;;;;;;;;;;;
Duluth;;;;;349,8;;;;;;;;;321,4;;;;;;;;;;;377,0;;;;;;;;;;;
Omaha;;;;;357,3;;;;;;;389,2;;;;;;;;;;;450,4;;;;;;;;;;;;;
KansasCity;;;;;;;;;;;;360,2;;;;;;;;;;609,9;;;;;;;;;;;;;;
OklahomaCity;;;;;;;;;;;;405,7;523,7;;;;;;;;599,6;;;;;;;;;;;;;;;
Houston;;;;;;;;;;;;;513,8;;;;;;;;;;;;;;;;;;;;;;1006,0;
Dallas;;;;;;;;;;;;;478,3;;;;;;;;548,2;;;;;;;;;;;;;;;
LittleRock;;;;;;;;;;;;;;;;;;519,5;;505,7;;574,7;;;;;;;;;;;;;799,6;611,9
SaintLouis;;;;;;;;;;;;;;;;;475,4;;;;560,3;;474,2;;;;;;502,0;;;;;;;697,5
Chicago;;;;;;;;;;;;;;;;415,0;;;;;;507,0;;;390,7;;;;500,9;;;;;;;
SaultStMarie;;;;;;;;;;;;;;303,6;;;;;;;;;;;376,9;319,8;;;;;;;;;;
Toronto;;;;;;;;;;;;;;;346,1;;;;;;;;436,1;347,9;;350,1;;;450,9;;;;;;;
Montreal;;;;;;;;;;;;;;;;;;;;;;;;319,0;375,8;;306,5;354,7;;;;;;;;
Boston;;;;;;;;;;;;;;;;;;;;;;;;;;302,2;;341,3;;;;;;;;
NewYork;;;;;;;;;;;;;;;;;;;;;;;;;;312,1;326,8;;;443,4;;;;;;
Pittsburgh;;;;;;;;;;;;;;;;;;;;;;591,1;460,3;;402,0;;;;;429,0;543,1;;;;;
Washington;;;;;;;;;;;;;;;;;;;;;;;;;;;;375,1;459,3;;508,9;;;;;
Raleigh;;;;;;;;;;;;;;;;;;;;;;;;;;;;;474,0;461,1;;;780,5;;;
Atlanta;;;;;;;;;;;;;;;;;;;;;;;;;;;;;;;;;1000,0;1000,0;1000,0;1000,0
Charleston;;;;;;;;;;;;;;;;;;;;;;;;;;;;;;;588,1;902,0;;808,1;;
Miami;;;;;;;;;;;;;;;;;;;;;;;;;;;;;;;;905,0;749,1;;804,7;
NewOrleans;;;;;;;;;;;;;;;;;;;662,7;;660,2;;;;;;;;;;;984,0;;800,0;;
Nashville;;;;;;;;;;;;;;;;;;;;;627,4;513,7;;;;;;;;;;901,0;;;;
Step_32000;Vancouver;Seattle;Calgary;Portland;Helena;SaltLakeCity;SanFrancisco;LosAngeles;LasVegas;Phoenix;SantaFe;Denver;ElPaso;Winnipeg;Duluth;Omaha;KansasCity;OklahomaCity;Houston;Dallas;LittleRock;SaintLouis;Chicago;SaultStMarie;Toronto;Montreal;Boston;NewYork;Pittsburgh;Washington;Raleigh;Atlanta;Charleston;Miami;NewOrleans;Nashville
Vancouver;;300,0;268,9;;;;;;;;;;;;;;;;;;;;;;;;;;;;;;;;;
Seattle;259,8;;285,5;315,0;355,1;;;;;;;;;;;;;;;;;;;;;;;;;;;;;;;
Calgary;261,6;304,3;;;325,5;;;;;;;;;300,2;;;;;;;;;;;;;;;;;;;;;;
Portland;;298,4;;;;346,5;340,1;;;;;;;;;;;;;;;;;;;;;;;;;;;;;
Helena;;323,5;281,9;;;335,9;;;;;;445,7;;308,9;340,3;387,0;;;;;;;;;;;;;;;;;;;;
SaltLakeCity;;;;304,9;370,8;;329,2;;376,1;;;423,0;;;;;;;;;;;;;;;;;;;;;;;;
SanFrancisco;;;;314,5;;370,7;;881,9;;;;;;;;;;;;;;;;;;;;;;;;;;;;
LosAngeles;;;;;;;339,5;;358,5;;;;907,6;;;;;;;;;;;;;;;;;;;;;;;
LasVegas;;;;;;335,3;;409,8;;;;;;;;;;;;;;;;;;;;;;;;;;;;
Phoenix;;;;;;;;;;;;420,5;590,7;;;;;;;;;;;;;;;;;;;;;;;
SantaFe;;;;;;;;;;;;368,9;464,1;;;;;;;;;;;;;;;;;;;;;;;
Denver;;;;;345,3;345,6;;;;435,8;423,0;;;;;409,0;473,9;503,1;;;;;;;;;;;;;;;;;;
ElPaso;;;;;;;;388,7;;460,2;408,2;;;;;;;523,4;889,4;511,4;;;;;;;;;;;;;;;;
Winnipeg;;;273,4;;362,8;;;;;;;;;;348,5;;;;;;;;;311,2;;;;;;;;;;;;
Duluth;;;;;390,7;;;;;;;;;308,9;;;;;;;;;;;378,1;;;;;;;;;;;
Omaha;;;;;345,5;;;;;;;431,0;;;;;;;;;;;488,4;;;;;;;;;;;;;
KansasCity;;;;;;;;;;;;406,1;;;;;;;;;;587,5;;;;;;;;;;;;;;
OklahomaCity;;;;;;;;;;;;408,3;482,2;;;;;;;;660,0;;;;;;;;;;;;;;;
Houston;;;;;;;;;;;;;436,6;;;;;;;;;;;;;;;;;;;;;;982,3;
Dallas;;;;;;;;;;;;;561,2;;;;;;;;575,4;;;;;;;;;;;;;;;
LittleRock;;;;;;;;;;;;;;;;;;501,4;;560,3;;618,9;;;;;;;;;;;;;724,6;769,9
SaintLouis;;;;;;;;;;;;;;;;;453,3;;;;584,2;;472,5;;;;;;484,6;;;;;;;770,4
Chicago;;;;;;;;;;;;;;;;391,7;;;;;;543,3;;;440,6;;;;469,3;;;;;;;
SaultStMarie;;;;;;;;;;;;;;303,0;;;;;;;;;;;386,3;331,1;;;;;;;;;;
Toronto;;;;;;;;;;;;;;;345,6;;;;;;;;444,8;338,4;;317,0;;;479,4;;;;;;;
Montreal;;;;;;;;;;;;;;;;;;;;;;;;327,7;428,5;;296,1;346,5;;;;;;;;
Boston;;;;;;;;;;;;;;;;;;;;;;;;;;311,2;;397,7;;;;;;;;
NewYork;;;;;;;;;;;;;;;;;;;;;;;;;;345,1;332,5;;;474,2;;;;;;
Pittsburgh;;;;;;;;;;;;;;;;;;;;;;544,3;446,2;;394,9;;;;;534,4;596,3;;;;;
Washington;;;;;;;;;;;;;;;;;;;;;;;;;;;;430,3;512,5;;669,8;;;;;
Raleigh;;;;;;;;;;;;;;;;;;;;;;;;;;;;;536,6;566,3;;;723,8;;;
Atlanta;;;;;;;;;;;;;;;;;;;;;;;;;;;;;;;;;1000,0;1000,0;1000,0;1000,0
Charleston;;;;;;;;;;;;;;;;;;;;;;;;;;;;;;;579,6;902,0;;754,3;;
Miami;;;;;;;;;;;;;;;;;;;;;;;;;;;;;;;;905,0;718,8;;782,0;
NewOrleans;;;;;;;;;;;;;;;;;;;642,3;;559,8;;;;;;;;;;;984,0;;757,9;;
Nashville;;;;;;;;;;;;;;;;;;;;;635,0;534,4;;;;;;;;;;901,0;;;;
Step_36000;Vancouver;Seattle;Calgary;Portland;Helena;SaltLakeCity;SanFrancisco;LosAngeles;LasVegas;Phoenix;SantaFe;Denver;ElPaso;Winnipeg;Duluth;Omaha;KansasCity;OklahomaCity;Houston;Dallas;LittleRock;SaintLouis;Chicago;SaultStMarie;Toronto;Montreal;Boston;NewYork;Pittsburgh;Washington;Raleigh;Atlanta;Charleston;Miami;NewOrleans;Nashville
Vancouver;;303,2;281,5;;;;;;;;;;;;;;;;;;;;;;;;;;;;;;;;;
Seattle;262,3;;306,0;295,7;358,6;;;;;;;;;;;;;;;;;;;;;;;;;;;;;;;
Calgary;270,1;281,1;;;367,4;;;;;;;;;302,5;;;;;;;;;;;;;;;;;;;;;;
Portland;;299,4;;;;356,4;323,9;;;;;;;;;;;;;;;;;;;;;;;;;;;;;
Helena;;309,3;294,3;;;367,1;;;;;;419,1;;321,1;340,9;408,9;;;;;;;;;;;;;;;;;;;;
SaltLakeCity;;;;324,5;349,2;;345,1;;362,8;;;416,5;;;;;;;;;;;;;;;;;;;;;;;;
SanFrancisco;;;;310,0;;360,1;;1021,0;;;;;;;;;;;;;;;;;;;;;;;;;;;;
LosAngeles;;;;;;;314,5;;352,9;;;;1018,0;;;;;;;;;;;;;;;;;;;;;;;
LasVegas;;;;;;363,7;;403,3;;;;;;;;;;;;;;;;;;;;;;;;;;;;
Phoenix;;;;;;;;;;;;424,1;523,9;;;;;;;;;;;;;;;;;;;;;;;
SantaFe;;;;;;;;;;;;419,6;565,0;;;;;;;;;;;;;;;;;;;;;;;
Denver;;;;;336,3;360,9;;;;432,9;458,6;;;;;376,0;484,1;533,5;;;;;;;;;;;;;;;;;;
ElPaso;;;;;;;;413,6;;426,6;495,1;;;;;;;494,0;1012,0;537,0;;;;;;;;;;;;;;;;
Winnipeg;;;300,2;;364,2;;;;;;;;;;346,1;;;;;;;;;344,7;;;;;;;;;;;;
Duluth;;;;;373,0;;;;;;;;;320,4;;;;;;;;;;;374,9;;;;;;;;;;;
Omaha;;;;;331,3;;;;;;;387,3;;;;;;;;;;;492,5;;;;;;;;;;;;;
KansasCity;;;;;;;;;;;;414,5;;;;;;;;;;586,6;;;;;;;;;;;;;;
OklahomaCity;;;;;;;;;;;;451,3;510,8;;;;;;;;594,3;;;;;;;;;;;;;;;
Houston;;;;;;;;;;;;;528,2;;;;;;;;;;;;;;;;;;;;;;1006,0;
Dallas;;;;;;;;;;;;;496,2;;;;;;;;583,4;;;;;;;;;;;;;;;
LittleRock;;;;;;;;;;;;;;;;;;514,7;;522,4;;582,9;;;;;;;;;;;;;776,1;672,2
SaintLouis;;;;;;;;;;;;;;;;;494,2;;;;647,3;;483,2;;;;;;491,2;;;;;;;708,0
Chicago;;;;;;;;;;;;;;;;363,0;;;;;;520,3;;;391,3;;;;507,4;;;;;;;
SaultStMarie;;;;;;;;;;;;;;305,1;;;;;;;;;;;359,6;348,2;;;;;;;;;;
Toronto;;;;;;;;;;;;;;;328,7;;;;;;;;469,3;338,5;;344,6;;;507,8;;;;;;;
Montreal;;;;;;;;;;;;;;;;;;;;;;;;344,5;419,5;;348,9;377,0;;;;;;;;
Boston;;;;;;;;;;;;;;;;;;;;;;;;;;340,5;;403,0;;;;;;;;
NewYork;;;;;;;;;;;;;;;;;;;;;;;;;;342,9;361,2;;;526,5;;;;;;
Pittsburgh;;;;;;;;;;;;;;;;;;;;;;592,8;484,3;;407,6;;;;;504,8;607,3;;;;;
Washington;;;;;;;;;;;;;;;;;;;;;;;;;;;;435,1;524,8;;619,3;;;;;
Raleigh;;;;;;;;;;;;;;;;;;;;;;;;;;;;;552,2;519,1;;;794,3;;;
Atlanta;;;;;;;;;;;;;;;;;;;;;;;;;;;;;;;;;1000,0;1000,0;1000,0;1000,0
Charleston;;;;;;;;;;;;;;;;;;;;;;;;;;;;;;;613,5;902,0;;741,7;;
Miami;;;;;;;;;;;;;;;;;;;;;;;;;;;;;;;;905,0;752,0;;701,1;
NewOrleans;;;;;;;;;;;;;;;;;;;587,8;;598,4;;;;;;;;;;;984,0;;790,6;;
Nashville;;;;;;;;;;;;;;;;;;;;;596,6;565,2;;;;;;;;;;901,0;;;;
Step_40000;Vancouver;Seattle;Calgary;Portland;Helena;SaltLakeCity;SanFrancisco;LosAngeles;LasVegas;Phoenix;SantaFe;Denver;ElPaso;Winnipeg;Duluth;Omaha;KansasCity;OklahomaCity;Houston;Dallas;LittleRock;SaintLouis;Chicago;SaultStMarie;Toronto;Montreal;Boston;NewYork;Pittsburgh;Washington;Raleigh;Atlanta;Charleston;Miami;NewOrleans;Nashville
Vancouver;;285,9;282,3;;;;;;;;;;;;;;;;;;;;;;;;;;;;;;;;;
Seattle;256,5;;290,9;311,9;346,9;;;;;;;;;;;;;;;;;;;;;;;;;;;;;;;
Calgary;258,9;298,1;;;330,5;;;;;;;;;312,5;;;;;;;;;;;;;;;;;;;;;;
Portland;;276,7;;;;347,8;318,7;;;;;;;;;;;;;;;;;;;;;;;;;;;;;
Helena;;291,8;276,7;;;368,8;;;;;;376,5;;313,0;340,2;384,6;;;;;;;;;;;;;;;;;;;;
SaltLakeCity;;;;304,1;350,5;;323,2;;331,0;;;892,9;;;;;;;;;;;;;;;;;;;;;;;;
SanFrancisco;;;;310,7;;978,5;;336,2;;;;;;;;;;;;;;;;;;;;;;;;;;;;
LosAngeles;;;;;;;313,5;;325,9;;;;444,9;;;;;;;;;;;;;;;;;;;;;;;
LasVegas;;;;;;317,3;;353,7;;;;;;;;;;;;;;;;;;;;;;;;;;;;
Phoenix;;;;;;;;;;;;383,8;423,0;;;;;;;;;;;;;;;;;;;;;;;
SantaFe;;;;;;;;;;;;402,4;489,8;;;;;;;;;;;;;;;;;;;;;;;
Denver;;;;;344,0;371,0;;;;394,0;417,8;;;;;369,4;441,9;1013,0;;;;;;;;;;;;;;;;;;
ElPaso;;;;;;;;402,4;;384,4;423,4;;;;;;;439,5;646,2;538,0;;;;;;;;;;;;;;;;
Winnipeg;;;283,6;;349,7;;;;;;;;;;337,4;;;;;;;;;315,6;;;;;;;;;;;;
Duluth;;;;;333,5;;;;;;;;;303,2;;;;;;;;;;;353,6;;;;;;;;;;;
Omaha;;;;;352,5;;;;;;;405,2;;;;;;;;;;;429,4;;;;;;;;;;;;;
KansasCity;;;;;;;;;;;;403,1;;;;;;;;;;519,4;;;;;;;;;;;;;;
OklahomaCity;;;;;;;;;;;;408,3;503,6;;;;;;;;1009,0;;;;;;;;;;;;;;;
Houston;;;;;;;;;;;;;523,4;;;;;;;;;;;;;;;;;;;;;;748,0;
Dallas;;;;;;;;;;;;;468,1;;;;;;;;586,6;;;;;;;;;;;;;;;
LittleRock;;;;;;;;;;;;;;;;;;487,3;;543,1;;561,5;;;;;;;;;;;;;1007,0;682,0
SaintLouis;;;;;;;;;;;;;;;;;427,8;;;;552,5;;449,2;;;;;;490,2;;;;;;;681,0
Chicago;;;;;;;;;;;;;;;;409,6;;;;;;449,8;;;417,0;;;;474,2;;;;;;;
SaultStMarie;;;;;;;;;;;;;;293,5;;;;;;;;;;;391,8;373,9;;;;;;;;;;
Toronto;;;;;;;;;;;;;;;331,3;;;;;;;;461,8;356,9;;364,7;;;445,4;;;;;;;
Montreal;;;;;;;;;;;;;;;;;;;;;;;;341,5;433,7;;353,7;410,5;;;;;;;;
Boston;;;;;;;;;;;;;;;;;;;;;;;;;;367,6;;393,7;;;;;;;;
NewYork;;;;;;;;;;;;;;;;;;;;;;;;;;378,3;377,7;;;527,6;;;;;;
Pittsburgh;;;;;;;;;;;;;;;;;;;;;;533,6;468,3;;392,8;;;;;507,1;527,7;;;;;
Washington;;;;;;;;;;;;;;;;;;;;;;;;;;;;432,3;508,3;;616,9;;;;;
Raleigh;;;;;;;;;;;;;;;;;;;;;;;;;;;;;472,5;461,7;;;674,3;;;
Atlanta;;;;;;;;;;;;;;;;;;;;;;;;;;;;;;;;;1000,0;1000,0;1000,0;1000,0
Charleston;;;;;;;;;;;;;;;;;;;;;;;;;;;;;;;577,6;902,0;;804,6;;
Miami;;;;;;;;;;;;;;;;;;;;;;;;;;;;;;;;905,0;635,9;;788,4;
NewOrleans;;;;;;;;;;;;;;;;;;;592,1;;635,9;;;;;;;;;;;1004,0;;745,8;;
Nashville;;;;;;;;;;;;;;;;;;;;;579,8;566,4;;;;;;;;;;901,0;;;;
Step_4000;Vancouver;Seattle;Calgary;Portland;Helena;SaltLakeCity;SanFrancisco;LosAngeles;LasVegas;Phoenix;SantaFe;Denver;ElPaso;Winnipeg;Duluth;Omaha;KansasCity;OklahomaCity;Houston;Dallas;LittleRock;SaintLouis;Chicago;SaultStMarie;Toronto;Montreal;Boston;NewYork;Pittsburgh;Washington;Raleigh;Atlanta;Charleston;Miami;NewOrleans;Nashville
Vancouver;;253,8;140,6;;;;;;;;;;;;;;;;;;;;;;;;;;;;;;;;;
Seattle;220,9;;221,4;289,1;276,6;;;;;;;;;;;;;;;;;;;;;;;;;;;;;;;
Calgary;166,1;257,9;;;285,4;;;;;;;;;120,8;;;;;;;;;;;;;;;;;;;;;;
Portland;;257,6;;;;313,9;334,9;;;;;;;;;;;;;;;;;;;;;;;;;;;;;
Helena;;281,4;240,9;;;376,6;;;;;;348,6;;235,8;239,8;341,7;;;;;;;;;;;;;;;;;;;;
SaltLakeCity;;;;299,9;319,4;;328,1;;337,4;;;443,1;;;;;;;;;;;;;;;;;;;;;;;;
SanFrancisco;;;;313,5;;322,5;;981,4;;;;;;;;;;;;;;;;;;;;;;;;;;;;
LosAngeles;;;;;;;372,2;;368,6;;;;910,9;;;;;;;;;;;;;;;;;;;;;;;
LasVegas;;;;;;370,7;;415,0;;;;;;;;;;;;;;;;;;;;;;;;;;;;
Phoenix;;;;;;;;;;;;408,9;474,4;;;;;;;;;;;;;;;;;;;;;;;
SantaFe;;;;;;;;;;;;393,7;491,3;;;;;;;;;;;;;;;;;;;;;;;
Denver;;;;;275,2;358,5;;;;434,3;392,2;;;;;343,8;441,7;502,4;;;;;;;;;;;;;;;;;;
ElPaso;;;;;;;;397,6;;390,2;425,1;;;;;;;487,2;1012,0;529,3;;;;;;;;;;;;;;;;
Winnipeg;;;148,2;;290,0;;;;;;;;;;194,5;;;;;;;;;124,5;;;;;;;;;;;;
Duluth;;;;;293,4;;;;;;;;;194,9;;;;;;;;;;;160,1;;;;;;;;;;;
Omaha;;;;;299,7;;;;;;;407,7;;;;;;;;;;;408,0;;;;;;;;;;;;;
KansasCity;;;;;;;;;;;;400,5;;;;;;;;;;504,9;;;;;;;;;;;;;;
OklahomaCity;;;;;;;;;;;;383,7;549,4;;;;;;;;563,6;;;;;;;;;;;;;;;
Houston;;;;;;;;;;;;;496,5;;;;;;;;;;;;;;;;;;;;;;1006,0;
Dallas;;;;;;;;;;;;;509,8;;;;;;;;603,2;;;;;;;;;;;;;;;
LittleRock;;;;;;;;;;;;;;;;;;500,3;;540,8;;595,4;;;;;;;;;;;;;767,9;724,0
SaintLouis;;;;;;;;;;;;;;;;;428,7;;;;636,6;;446,5;;;;;;314,5;;;;;;;711,4
Chicago;;;;;;;;;;;;;;;;352,9;;;;;;540,3;;;199,6;;;;398,9;;;;;;;
SaultStMarie;;;;;;;;;;;;;;243,0;;;;;;;;;;;98,5;28,7;;;;;;;;;;
Toronto;;;;;;;;;;;;;;;146,2;;;;;;;;462,6;120,0;;36,3;;;186,1;;;;;;;
Montreal;;;;;;;;;;;;;;;;;;;;;;;;124,3;82,0;;41,5;10,0;;;;;;;;
Boston;;;;;;;;;;;;;;;;;;;;;;;;;;71,8;;4,1;;;;;;;;
NewYork;;;;;;;;;;;;;;;;;;;;;;;;;;27,3;23,9;;;5,3;;;;;;
Pittsburgh;;;;;;;;;;;;;;;;;;;;;;524,2;396,9;;121,6;;;;;45,3;451,1;;;;;
Washington;;;;;;;;;;;;;;;;;;;;;;;;;;;;17,1;1,2;;164,8;;;;;
Raleigh;;;;;;;;;;;;;;;;;;;;;;;;;;;;;323,6;31,4;;;606,2;;;
Atlanta;;;;;;;;;;;;;;;;;;;;;;;;;;;;;;;;;1000,0;1000,0;1000,0;1000,0
Charleston;;;;;;;;;;;;;;;;;;;;;;;;;;;;;;;473,2;902,0;;756,2;;
Miami;;;;;;;;;;;;;;;;;;;;;;;;;;;;;;;;905,0;766,9;;680,6;
NewOrleans;;;;;;;;;;;;;;;;;;;561,9;;620,3;;;;;;;;;;;984,0;;757,2;;
Nashville;;;;;;;;;;;;;;;;;;;;;608,6;522,6;;;;;;;;;;901,0;;;;
Step_8000;Vancouver;Seattle;Calgary;Portland;Helena;SaltLakeCity;SanFrancisco;LosAngeles;LasVegas;Phoenix;SantaFe;Denver;ElPaso;Winnipeg;Duluth;Omaha;KansasCity;OklahomaCity;Houston;Dallas;LittleRock;SaintLouis;Chicago;SaultStMarie;Toronto;Montreal;Boston;NewYork;Pittsburgh;Washington;Raleigh;Atlanta;Charleston;Miami;NewOrleans;Nashville
Vancouver;;273,0;291,5;;;;;;;;;;;;;;;;;;;;;;;;;;;;;;;;;
Seattle;257,1;;287,4;302,1;339,1;;;;;;;;;;;;;;;;;;;;;;;;;;;;;;;
Calgary;242,0;284,4;;;328,5;;;;;;;;;267,1;;;;;;;;;;;;;;;;;;;;;;
Portland;;276,0;;;;324,0;372,7;;;;;;;;;;;;;;;;;;;;;;;;;;;;;
Helena;;286,0;273,0;;;353,9;;;;;;374,3;;277,3;310,2;400,6;;;;;;;;;;;;;;;;;;;;
SaltLakeCity;;;;311,1;340,6;;347,3;;342,6;;;392,7;;;;;;;;;;;;;;;;;;;;;;;;
SanFrancisco;;;;302,5;;339,1;;1021,0;;;;;;;;;;;;;;;;;;;;;;;;;;;;
LosAngeles;;;;;;;330,4;;361,3;;;;1018,0;;;;;;;;;;;;;;;;;;;;;;;
LasVegas;;;;;;352,2;;414,3;;;;;;;;;;;;;;;;;;;;;;;;;;;;
Phoenix;;;;;;;;;;;;394,2;525,8;;;;;;;;;;;;;;;;;;;;;;;
SantaFe;;;;;;;;;;;;391,4;524,1;;;;;;;;;;;;;;;;;;;;;;;
Denver;;;;;324,4;350,9;;;;445,8;436,2;;;;;361,6;426,8;495,2;;;;;;;;;;;;;;;;;;
ElPaso;;;;;;;;414,6;;460,9;431,9;;;;;;;484,0;1012,0;538,0;;;;;;;;;;;;;;;;
Winnipeg;;;288,5;;328,7;;;;;;;;;;282,8;;;;;;;;;247,7;;;;;;;;;;;;
Duluth;;;;;331,8;;;;;;;;;285,8;;;;;;;;;;;359,5;;;;;;;;;;;
Omaha;;;;;358,7;;;;;;;386,0;;;;;;;;;;;419,6;;;;;;;;;;;;;
KansasCity;;;;;;;;;;;;383,0;;;;;;;;;;561,5;;;;;;;;;;;;;;
OklahomaCity;;;;;;;;;;;;410,5;474,6;;;;;;;;589,7;;;;;;;;;;;;;;;
Houston;;;;;;;;;;;;;495,0;;;;;;;;;;;;;;;;;;;;;;1006,0;
Dallas;;;;;;;;;;;;;546,2;;;;;;;;615,2;;;;;;;;;;;;;;;
LittleRock;;;;;;;;;;;;;;;;;;500,2;;538,4;;583,5;;;;;;;;;;;;;764,4;601,6
SaintLouis;;;;;;;;;;;;;;;;;468,6;;;;613,1;;359,0;;;;;;448,1;;;;;;;690,2
Chicago;;;;;;;;;;;;;;;;356,9;;;;;;517,8;;;325,9;;;;444,7;;;;;;;
SaultStMarie;;;;;;;;;;;;;;278,0;;;;;;;;;;;265,3;124,7;;;;;;;;;;
Toronto;;;;;;;;;;;;;;;289,9;;;;;;;;415,7;215,9;;168,6;;;400,4;;;;;;;
Montreal;;;;;;;;;;;;;;;;;;;;;;;;237,2;231,3;;109,0;64,2;;;;;;;;
Boston;;;;;;;;;;;;;;;;;;;;;;;;;;125,8;;69,4;;;;;;;;
NewYork;;;;;;;;;;;;;;;;;;;;;;;;;;66,2;67,6;;;325,7;;;;;;
Pittsburgh;;;;;;;;;;;;;;;;;;;;;;554,7;441,5;;279,5;;;;;295,2;453,2;;;;;
Washington;;;;;;;;;;;;;;;;;;;;;;;;;;;;143,6;189,6;;496,1;;;;;
Raleigh;;;;;;;;;;;;;;;;;;;;;;;;;;;;;434,1;265,7;;;754,5;;;
Atlanta;;;;;;;;;;;;;;;;;;;;;;;;;;;;;;;;;1000,0;1000,0;1000,0;1000,0
Charleston;;;;;;;;;;;;;;;;;;;;;;;;;;;;;;;533,9;902,0;;706,3;;
Miami;;;;;;;;;;;;;;;;;;;;;;;;;;;;;;;;905,0;721,0;;758,8;
NewOrleans;;;;;;;;;;;;;;;;;;;629,0;;614,9;;;;;;;;;;;984,0;;783,3;;
Nashville;;;;;;;;;;;;;;;;;;;;;639,3;524,4;;;;;;;;;;901,0;;;;
Step_12000;Vancouver;Seattle;Calgary;Portland;Helena;SaltLakeCity;SanFrancisco;LosAngeles;LasVegas;Phoenix;SantaFe;Denver;ElPaso;Winnipeg;Duluth;Omaha;KansasCity;OklahomaCity;Houston;Dallas;LittleRock;SaintLouis;Chicago;SaultStMarie;Toronto;Montreal;Boston;NewYork;Pittsburgh;Washington;Raleigh;Atlanta;Charleston;Miami;NewOrleans;Nashville
Vancouver;;290,6;306,8;;;;;;;;;;;;;;;;;;;;;;;;;;;;;;;;;
Seattle;270,8;;302,6;303,7;314,5;;;;;;;;;;;;;;;;;;;;;;;;;;;;;;;
Calgary;262,0;296,9;;;354,1;;;;;;;;;282,2;;;;;;;;;;;;;;;;;;;;;;
Portland;;277,9;;;;357,8;337,8;;;;;;;;;;;;;;;;;;;;;;;;;;;;;
Helena;;288,8;281,8;;;370,7;;;;;;367,6;;291,8;325,6;365,9;;;;;;;;;;;;;;;;;;;;
SaltLakeCity;;;;314,4;329,0;;434,4;;375,5;;;385,0;;;;;;;;;;;;;;;;;;;;;;;;
SanFrancisco;;;;313,2;;341,1;;887,4;;;;;;;;;;;;;;;;;;;;;;;;;;;;
LosAngeles;;;;;;;338,7;;388,6;;;;979,5;;;;;;;;;;;;;;;;;;;;;;;
LasVegas;;;;;;349,6;;533,9;;;;;;;;;;;;;;;;;;;;;;;;;;;;
Phoenix;;;;;;;;;;;;412,5;487,0;;;;;;;;;;;;;;;;;;;;;;;
SantaFe;;;;;;;;;;;;404,3;496,5;;;;;;;;;;;;;;;;;;;;;;;
Denver;;;;;355,9;346,5;;;;440,8;430,6;;;;;415,5;439,8;446,2;;;;;;;;;;;;;;;;;;
ElPaso;;;;;;;;401,4;;446,6;442,5;;;;;;;518,1;910,5;532,3;;;;;;;;;;;;;;;;
Winnipeg;;;310,2;;339,3;;;;;;;;;;315,9;;;;;;;;;284,3;;;;;;;;;;;;
Duluth;;;;;326,8;;;;;;;;;301,0;;;;;;;;;;;355,0;;;;;;;;;;;
Omaha;;;;;329,9;;;;;;;413,8;;;;;;;;;;;451,6;;;;;;;;;;;;;
KansasCity;;;;;;;;;;;;409,4;;;;;;;;;;458,9;;;;;;;;;;;;;;
OklahomaCity;;;;;;;;;;;;406,4;491,5;;;;;;;;559,0;;;;;;;;;;;;;;;
Houston;;;;;;;;;;;;;553,8;;;;;;;;;;;;;;;;;;;;;;982,3;
Dallas;;;;;;;;;;;;;502,4;;;;;;;;594,8;;;;;;;;;;;;;;;
LittleRock;;;;;;;;;;;;;;;;;;480,1;;545,8;;502,3;;;;;;;;;;;;;722,2;651,8
SaintLouis;;;;;;;;;;;;;;;;;435,0;;;;606,0;;434,8;;;;;;461,0;;;;;;;686,3
Chicago;;;;;;;;;;;;;;;;370,3;;;;;;507,8;;;375,9;;;;453,8;;;;;;;
SaultStMarie;;;;;;;;;;;;;;289,1;;;;;;;;;;;337,5;125,1;;;;;;;;;;
Toronto;;;;;;;;;;;;;;;315,0;;;;;;;;447,0;265,2;;205,6;;;431,8;;;;;;;
Montreal;;;;;;;;;;;;;;;;;;;;;;;;236,9;325,6;;116,3;143,0;;;;;;;;
Boston;;;;;;;;;;;;;;;;;;;;;;;;;;167,1;;115,5;;;;;;;;
NewYork;;;;;;;;;;;;;;;;;;;;;;;;;;140,4;128,9;;;415,8;;;;;;
Pittsburgh;;;;;;;;;;;;;;;;;;;;;;523,7;475,7;;376,3;;;;;423,8;595,2;;;;;
Washington;;;;;;;;;;;;;;;;;;;;;;;;;;;;196,4;355,8;;593,4;;;;;
Raleigh;;;;;;;;;;;;;;;;;;;;;;;;;;;;;477,9;380,0;;;663,2;;;
Atlanta;;;;;;;;;;;;;;;;;;;;;;;;;;;;;;;;;1000,0;1000,0;1000,0;1000,0
Charleston;;;;;;;;;;;;;;;;;;;;;;;;;;;;;;;559,0;902,0;;765,7;;
Miami;;;;;;;;;;;;;;;;;;;;;;;;;;;;;;;;905,0;694,9;;711,6;
NewOrleans;;;;;;;;;;;;;;;;;;;668,3;;590,5;;;;;;;;;;;984,0;;758,6;;
Nashville;;;;;;;;;;;;;;;;;;;;;651,7;563,3;;;;;;;;;;901,0;;;;
Step_16000;Vancouver;Seattle;Calgary;Portland;Helena;SaltLakeCity;SanFrancisco;LosAngeles;LasVegas;Phoenix;SantaFe;Denver;ElPaso;Winnipeg;Duluth;Omaha;KansasCity;OklahomaCity;Houston;Dallas;LittleRock;SaintLouis;Chicago;SaultStMarie;Toronto;Montreal;Boston;NewYork;Pittsburgh;Washington;Raleigh;Atlanta;Charleston;Miami;NewOrleans;Nashville
Vancouver;;272,1;264,5;;;;;;;;;;;;;;;;;;;;;;;;;;;;;;;;;
Seattle;254,2;;269,6;296,8;335,7;;;;;;;;;;;;;;;;;;;;;;;;;;;;;;;
Calgary;255,4;304,7;;;345,0;;;;;;;;;288,3;;;;;;;;;;;;;;;;;;;;;;
Portland;;288,2;;;;359,1;315,0;;;;;;;;;;;;;;;;;;;;;;;;;;;;;
Helena;;270,2;285,1;;;342,7;;;;;;412,3;;288,4;337,1;368,0;;;;;;;;;;;;;;;;;;;;
SaltLakeCity;;;;310,7;335,6;;337,9;;338,1;;;433,7;;;;;;;;;;;;;;;;;;;;;;;;
SanFrancisco;;;;305,3;;359,6;;893,7;;;;;;;;;;;;;;;;;;;;;;;;;;;;
LosAngeles;;;;;;;424,2;;331,8;;;;1018,0;;;;;;;;;;;;;;;;;;;;;;;
LasVegas;;;;;;341,0;;368,0;;;;;;;;;;;;;;;;;;;;;;;;;;;;
Phoenix;;;;;;;;;;;;403,4;568,4;;;;;;;;;;;;;;;;;;;;;;;
SantaFe;;;;;;;;;;;;409,9;531,9;;;;;;;;;;;;;;;;;;;;;;;
Denver;;;;;323,6;317,9;;;;444,6;441,7;;;;;378,8;457,3;514,4;;;;;;;;;;;;;;;;;;
ElPaso;;;;;;;;389,9;;427,4;440,3;;;;;;;521,8;987,6;472,4;;;;;;;;;;;;;;;;
Winnipeg;;;297,3;;325,6;;;;;;;;;;312,3;;;;;;;;;292,4;;;;;;;;;;;;
Duluth;;;;;335,0;;;;;;;;;281,1;;;;;;;;;;;391,4;;;;;;;;;;;
Omaha;;;;;331,3;;;;;;;383,5;;;;;;;;;;;428,5;;;;;;;;;;;;;
KansasCity;;;;;;;;;;;;404,9;;;;;;;;;;522,2;;;;;;;;;;;;;;
OklahomaCity;;;;;;;;;;;;425,1;490,9;;;;;;;;645,5;;;;;;;;;;;;;;;
Houston;;;;;;;;;;;;;461,6;;;;;;;;;;;;;;;;;;;;;;982,3;
Dallas;;;;;;;;;;;;;476,9;;;;;;;;588,5;;;;;;;;;;;;;;;
LittleRock;;;;;;;;;;;;;;;;;;505,6;;508,5;;612,6;;;;;;;;;;;;;728,3;664,9
SaintLouis;;;;;;;;;;;;;;;;;445,6;;;;593,3;;498,1;;;;;;429,8;;;;;;;705,1
Chicago;;;;;;;;;;;;;;;;387,8;;;;;;586,6;;;353,9;;;;461,1;;;;;;;
SaultStMarie;;;;;;;;;;;;;;293,1;;;;;;;;;;;363,8;202,5;;;;;;;;;;
Toronto;;;;;;;;;;;;;;;320,2;;;;;;;;432,6;262,0;;324,3;;;450,6;;;;;;;
Montreal;;;;;;;;;;;;;;;;;;;;;;;;270,2;367,4;;210,4;272,0;;;;;;;;
Boston;;;;;;;;;;;;;;;;;;;;;;;;;;275,5;;231,4;;;;;;;;
NewYork;;;;;;;;;;;;;;;;;;;;;;;;;;222,5;240,8;;;485,8;;;;;;
Pittsburgh;;;;;;;;;;;;;;;;;;;;;;510,6;438,2;;376,8;;;;;401,3;509,8;;;;;
Washington;;;;;;;;;;;;;;;;;;;;;;;;;;;;351,4;435,3;;574,9;;;;;
Raleigh;;;;;;;;;;;;;;;;;;;;;;;;;;;;;446,9;453,0;;;697,1;;;
Atlanta;;;;;;;;;;;;;;;;;;;;;;;;;;;;;;;;;1000,0;1000,0;1000,0;1000,0
Charleston;;;;;;;;;;;;;;;;;;;;;;;;;;;;;;;450,8;902,0;;796,0;;
Miami;;;;;;;;;;;;;;;;;;;;;;;;;;;;;;;;905,0;768,0;;773,3;
NewOrleans;;;;;;;;;;;;;;;;;;;589,1;;594,2;;;;;;;;;;;984,0;;799,6;;
Nashville;;;;;;;;;;;;;;;;;;;;;604,7;592,3;;;;;;;;;;901,0;;;;
Step_20000;Vancouver;Seattle;Calgary;Portland;Helena;SaltLakeCity;SanFrancisco;LosAngeles;LasVegas;Phoenix;SantaFe;Denver;ElPaso;Winnipeg;Duluth;Omaha;KansasCity;OklahomaCity;Houston;Dallas;LittleRock;SaintLouis;Chicago;SaultStMarie;Toronto;Montreal;Boston;NewYork;Pittsburgh;Washington;Raleigh;Atlanta;Charleston;Miami;NewOrleans;Nashville
Vancouver;;304,6;280,5;;;;;;;;;;;;;;;;;;;;;;;;;;;;;;;;;
Seattle;266,9;;270,7;320,1;315,7;;;;;;;;;;;;;;;;;;;;;;;;;;;;;;;
Calgary;268,6;274,3;;;334,0;;;;;;;;;305,0;;;;;;;;;;;;;;;;;;;;;;
Portland;;282,6;;;;367,7;339,9;;;;;;;;;;;;;;;;;;;;;;;;;;;;;
Helena;;297,3;288,1;;;350,3;;;;;;418,7;;310,9;333,2;377,0;;;;;;;;;;;;;;;;;;;;
SaltLakeCity;;;;308,1;330,8;;319,6;;342,8;;;403,1;;;;;;;;;;;;;;;;;;;;;;;;
SanFrancisco;;;;309,3;;340,6;;899,7;;;;;;;;;;;;;;;;;;;;;;;;;;;;
LosAngeles;;;;;;;457,3;;324,4;;;;894,1;;;;;;;;;;;;;;;;;;;;;;;
LasVegas;;;;;;331,0;;419,0;;;;;;;;;;;;;;;;;;;;;;;;;;;;
Phoenix;;;;;;;;;;;;366,6;491,7;;;;;;;;;;;;;;;;;;;;;;;
SantaFe;;;;;;;;;;;;438,0;539,0;;;;;;;;;;;;;;;;;;;;;;;
Denver;;;;;324,1;363,1;;;;433,7;442,9;;;;;384,5;474,4;511,3;;;;;;;;;;;;;;;;;;
ElPaso;;;;;;;;470,5;;436,3;440,4;;;;;;;509,1;902,5;488,8;;;;;;;;;;;;;;;;
Winnipeg;;;286,0;;338,9;;;;;;;;;;330,8;;;;;;;;;320,3;;;;;;;;;;;;
Duluth;;;;;334,3;;;;;;;;;308,1;;;;;;;;;;;413,2;;;;;;;;;;;
Omaha;;;;;305,4;;;;;;;412,4;;;;;;;;;;;494,3;;;;;;;;;;;;;
KansasCity;;;;;;;;;;;;400,2;;;;;;;;;;614,9;;;;;;;;;;;;;;
OklahomaCity;;;;;;;;;;;;410,5;509,7;;;;;;;;645,0;;;;;;;;;;;;;;;
Houston;;;;;;;;;;;;;509,6;;;;;;;;;;;;;;;;;;;;;;982,3;
Dallas;;;;;;;;;;;;;545,5;;;;;;;;611,4;;;;;;;;;;;;;;;
LittleRock;;;;;;;;;;;;;;;;;;512,8;;497,8;;593,0;;;;;;;;;;;;;759,4;681,5
SaintLouis;;;;;;;;;;;;;;;;;484,4;;;;527,8;;454,7;;;;;;472,4;;;;;;;764,2
Chicago;;;;;;;;;;;;;;;;407,1;;;;;;610,3;;;386,3;;;;480,6;;;;;;;
SaultStMarie;;;;;;;;;;;;;;299,0;;;;;;;;;;;401,8;312,4;;;;;;;;;;
Toronto;;;;;;;;;;;;;;;344,3;;;;;;;;453,7;333,3;;328,6;;;488,9;;;;;;;
Montreal;;;;;;;;;;;;;;;;;;;;;;;;294,4;421,2;;240,3;296,6;;;;;;;;
Boston;;;;;;;;;;;;;;;;;;;;;;;;;;316,3;;287,4;;;;;;;;
NewYork;;;;;;;;;;;;;;;;;;;;;;;;;;280,5;279,5;;;466,7;;;;;;
Pittsburgh;;;;;;;;;;;;;;;;;;;;;;546,4;468,9;;406,8;;;;;473,9;538,8;;;;;
Washington;;;;;;;;;;;;;;;;;;;;;;;;;;;;311,8;473,6;;587,5;;;;;
Raleigh;;;;;;;;;;;;;;;;;;;;;;;;;;;;;499,4;443,3;;;803,3;;;
Atlanta;;;;;;;;;;;;;;;;;;;;;;;;;;;;;;;;;1000,0;1000,0;1000,0;1000,0
Charleston;;;;;;;;;;;;;;;;;;;;;;;;;;;;;;;527,1;902,0;;757,4;;
Miami;;;;;;;;;;;;;;;;;;;;;;;;;;;;;;;;905,0;763,2;;732,5;
NewOrleans;;;;;;;;;;;;;;;;;;;508,9;;600,5;;;;;;;;;;;984,0;;761,5;;
Nashville;;;;;;;;;;;;;;;;;;;;;612,4;552,6;;;;;;;;;;901,0;;;;
Step_24000;Vancouver;Seattle;Calgary;Portland;Helena;SaltLakeCity;SanFrancisco;LosAngeles;LasVegas;Phoenix;SantaFe;Denver;ElPaso;Winnipeg;Duluth;Omaha;KansasCity;OklahomaCity;Houston;Dallas;LittleRock;SaintLouis;Chicago;SaultStMarie;Toronto;Montreal;Boston;NewYork;Pittsburgh;Washington;Raleigh;Atlanta;Charleston;Miami;NewOrleans;Nashville
Vancouver;;283,4;302,8;;;;;;;;;;;;;;;;;;;;;;;;;;;;;;;;;
Seattle;265,3;;295,6;296,0;360,7;;;;;;;;;;;;;;;;;;;;;;;;;;;;;;;
Calgary;264,7;283,5;;;337,0;;;;;;;;;315,1;;;;;;;;;;;;;;;;;;;;;;
Portland;;286,2;;;;325,3;456,1;;;;;;;;;;;;;;;;;;;;;;;;;;;;;
Helena;;297,4;301,6;;;337,1;;;;;;430,6;;315,0;339,1;399,2;;;;;;;;;;;;;;;;;;;;
SaltLakeCity;;;;306,7;338,4;;320,8;;354,4;;;388,1;;;;;;;;;;;;;;;;;;;;;;;;
SanFrancisco;;;;331,9;;365,5;;995,8;;;;;;;;;;;;;;;;;;;;;;;;;;;;
LosAngeles;;;;;;;370,9;;343,2;;;;991,2;;;;;;;;;;;;;;;;;;;;;;;
LasVegas;;;;;;359,4;;400,1;;;;;;;;;;;;;;;;;;;;;;;;;;;;
Phoenix;;;;;;;;;;;;402,5;488,6;;;;;;;;;;;;;;;;;;;;;;;
SantaFe;;;;;;;;;;;;428,4;487,6;;;;;;;;;;;;;;;;;;;;;;;
Denver;;;;;358,2;351,8;;;;436,2;435,2;;;;;387,8;446,2;494,7;;;;;;;;;;;;;;;;;;
ElPaso;;;;;;;;513,2;;409,6;450,4;;;;;;;503,1;975,8;514,5;;;;;;;;;;;;;;;;
Winnipeg;;;303,9;;358,4;;;;;;;;;;348,9;;;;;;;;;342,1;;;;;;;;;;;;
Duluth;;;;;360,3;;;;;;;;;326,9;;;;;;;;;;;398,1;;;;;;;;;;;
Omaha;;;;;366,7;;;;;;;409,0;;;;;;;;;;;463,5;;;;;;;;;;;;;
KansasCity;;;;;;;;;;;;432,4;;;;;;;;;;498,5;;;;;;;;;;;;;;
OklahomaCity;;;;;;;;;;;;440,1;458,9;;;;;;;;608,8;;;;;;;;;;;;;;;
Houston;;;;;;;;;;;;;509,7;;;;;;;;;;;;;;;;;;;;;;916,8;
Dallas;;;;;;;;;;;;;508,7;;;;;;;;622,6;;;;;;;;;;;;;;;
LittleRock;;;;;;;;;;;;;;;;;;523,7;;495,9;;523,6;;;;;;;;;;;;;708,4;705,2
SaintLouis;;;;;;;;;;;;;;;;;437,9;;;;544,4;;434,4;;;;;;457,8;;;;;;;696,6
Chicago;;;;;;;;;;;;;;;;396,9;;;;;;492,2;;;383,6;;;;456,2;;;;;;;
SaultStMarie;;;;;;;;;;;;;;308,0;;;;;;;;;;;357,7;349,5;;;;;;;;;;
Toronto;;;;;;;;;;;;;;;336,7;;;;;;;;473,7;334,7;;323,1;;;468,8;;;;;;;
Montreal;;;;;;;;;;;;;;;;;;;;;;;;350,7;380,1;;276,7;332,7;;;;;;;;
Boston;;;;;;;;;;;;;;;;;;;;;;;;;;342,9;;321,7;;;;;;;;
NewYork;;;;;;;;;;;;;;;;;;;;;;;;;;288,8;305,8;;;552,7;;;;;;
Pittsburgh;;;;;;;;;;;;;;;;;;;;;;556,9;452,3;;390,6;;;;;460,2;540,2;;;;;
Washington;;;;;;;;;;;;;;;;;;;;;;;;;;;;395,1;469,8;;636,3;;;;;
Raleigh;;;;;;;;;;;;;;;;;;;;;;;;;;;;;475,3;512,3;;;790,2;;;
Atlanta;;;;;;;;;;;;;;;;;;;;;;;;;;;;;;;;;1000,0;1000,0;1000,0;1000,0
Charleston;;;;;;;;;;;;;;;;;;;;;;;;;;;;;;;620,9;902,0;;744,1;;
Miami;;;;;;;;;;;;;;;;;;;;;;;;;;;;;;;;905,0;754,3;;656,7;
NewOrleans;;;;;;;;;;;;;;;;;;;591,0;;619,9;;;;;;;;;;;984,0;;755,4;;
Nashville;;;;;;;;;;;;;;;;;;;;;557,3;495,8;;;;;;;;;;901,0;;;;
Step_28000;Vancouver;Seattle;Calgary;Portland;Helena;SaltLakeCity;SanFrancisco;LosAngeles;LasVegas;Phoenix;SantaFe;Denver;ElPaso;Winnipeg;Duluth;Omaha;KansasCity;OklahomaCity;Houston;Dallas;LittleRock;SaintLouis;Chicago;SaultStMarie;Toronto;Montreal;Boston;NewYork;Pittsburgh;Washington;Raleigh;Atlanta;Charleston;Miami;NewOrleans;Nashville
Vancouver;;287,1;293,3;;;;;;;;;;;;;;;;;;;;;;;;;;;;;;;;;
Seattle;260,7;;288,6;305,4;333,1;;;;;;;;;;;;;;;;;;;;;;;;;;;;;;;
Calgary;263,7;306,4;;;343,3;;;;;;;;;306,6;;;;;;;;;;;;;;;;;;;;;;
Portland;;287,9;;;;339,8;344,1;;;;;;;;;;;;;;;;;;;;;;;;;;;;;
Helena;;280,1;291,8;;;339,0;;;;;;394,8;;309,2;338,3;386,1;;;;;;;;;;;;;;;;;;;;
SaltLakeCity;;;;300,2;332,4;;324,9;;345,2;;;373,7;;;;;;;;;;;;;;;;;;;;;;;;
SanFrancisco;;;;309,6;;328,8;;977,9;;;;;;;;;;;;;;;;;;;;;;;;;;;;
LosAngeles;;;;;;;328,2;;327,7;;;;887,3;;;;;;;;;;;;;;;;;;;;;;;
LasVegas;;;;;;344,8;;362,7;;;;;;;;;;;;;;;;;;;;;;;;;;;;
Phoenix;;;;;;;;;;;;391,5;457,8;;;;;;;;;;;;;;;;;;;;;;;
SantaFe;;;;;;;;;;;;416,4;474,1;;;;;;;;;;;;;;;;;;;;;;;
Denver;;;;;358,8;331,0;;;;398,5;423,5;;;;;385,7;414,8;427,4;;;;;;;;;;;;;;;;;;
ElPaso;;;;;;;;420,9;;393,7;417,5;;;;;;;521,3;540,8;1013,0;;;;;;;;;;;;;;;;
Winnipeg;;;293,7;;339,9;;;;;;;;;;324,5;;;;;;;;;350,3;;;;;;;;;;;;
Duluth;;;;;354,0;;;;;;;;;297,2;;;;;;;;;;;410,8;;;;;;;;;;;
Omaha;;;;;352,0;;;;;;;429,2;;;;;;;;;;;453,9;;;;;;;;;;;;;
KansasCity;;;;;;;;;;;;399,1;;;;;;;;;;559,3;;;;;;;;;;;;;;
OklahomaCity;;;;;;;;;;;;417,6;515,4;;;;;;;;630,4;;;;;;;;;;;;;;;
Houston;;;;;;;;;;;;;490,6;;;;;;;;;;;;;;;;;;;;;;706,8;
Dallas;;;;;;;;;;;;;496,4;;;;;;;;1009,0;;;;;;;;;;;;;;;
LittleRock;;;;;;;;;;;;;;;;;;526,4;;528,7;;542,3;;;;;;;;;;;;;1007,0;712,3
SaintLouis;;;;;;;;;;;;;;;;;470,2;;;;531,1;;447,8;;;;;;483,9;;;;;;;731,7
Chicago;;;;;;;;;;;;;;;;409,8;;;;;;521,8;;;430,0;;;;471,2;;;;;;;
SaultStMarie;;;;;;;;;;;;;;313,3;;;;;;;;;;;390,2;368,9;;;;;;;;;;
Toronto;;;;;;;;;;;;;;;342,7;;;;;;;;465,4;353,8;;338,5;;;476,7;;;;;;;
Montreal;;;;;;;;;;;;;;;;;;;;;;;;347,9;395,9;;308,8;418,2;;;;;;;;
Boston;;;;;;;;;;;;;;;;;;;;;;;;;;373,3;;379,8;;;;;;;;
NewYork;;;;;;;;;;;;;;;;;;;;;;;;;;334,8;316,7;;;460,1;;;;;;
Pittsburgh;;;;;;;;;;;;;;;;;;;;;;539,6;450,3;;361,6;;;;;480,2;628,0;;;;;
Washington;;;;;;;;;;;;;;;;;;;;;;;;;;;;426,2;445,7;;555,5;;;;;
Raleigh;;;;;;;;;;;;;;;;;;;;;;;;;;;;;468,7;482,1;;;776,3;;;
Atlanta;;;;;;;;;;;;;;;;;;;;;;;;;;;;;;;;;1000,0;1000,0;1000,0;1000,0
Charleston;;;;;;;;;;;;;;;;;;;;;;;;;;;;;;;561,2;902,0;;763,4;;
Miami;;;;;;;;;;;;;;;;;;;;;;;;;;;;;;;;905,0;664,1;;752,3;
NewOrleans;;;;;;;;;;;;;;;;;;;644,1;;672,5;;;;;;;;;;;1004,0;;733,2;;
Nashville;;;;;;;;;;;;;;;;;;;;;610,9;572,0;;;;;;;;;;901,0;;;;
Step_32000;Vancouver;Seattle;Calgary;Portland;Helena;SaltLakeCity;SanFrancisco;LosAngeles;LasVegas;Phoenix;SantaFe;Denver;ElPaso;Winnipeg;Duluth;Omaha;KansasCity;OklahomaCity;Houston;Dallas;LittleRock;SaintLouis;Chicago;SaultStMarie;Toronto;Montreal;Boston;NewYork;Pittsburgh;Washington;Raleigh;Atlanta;Charleston;Miami;NewOrleans;Nashville
Vancouver;;301,5;285,2;;;;;;;;;;;;;;;;;;;;;;;;;;;;;;;;;
Seattle;263,9;;282,9;310,6;339,3;;;;;;;;;;;;;;;;;;;;;;;;;;;;;;;
Calgary;267,5;295,4;;;318,0;;;;;;;;;296,7;;;;;;;;;;;;;;;;;;;;;;
Portland;;294,3;;;;358,2;351,5;;;;;;;;;;;;;;;;;;;;;;;;;;;;;
Helena;;301,1;264,7;;;340,7;;;;;;394,2;;300,6;334,0;390,8;;;;;;;;;;;;;;;;;;;;
SaltLakeCity;;;;315,5;340,1;;341,5;;352,6;;;441,5;;;;;;;;;;;;;;;;;;;;;;;;
SanFrancisco;;;;313,6;;359,9;;893,6;;;;;;;;;;;;;;;;;;;;;;;;;;;;
LosAngeles;;;;;;;423,1;;339,2;;;;992,3;;;;;;;;;;;;;;;;;;;;;;;
LasVegas;;;;;;343,0;;389,0;;;;;;;;;;;;;;;;;;;;;;;;;;;;
Phoenix;;;;;;;;;;;;409,1;482,2;;;;;;;;;;;;;;;;;;;;;;;
SantaFe;;;;;;;;;;;;399,4;514,7;;;;;;;;;;;;;;;;;;;;;;;
Denver;;;;;305,3;363,5;;;;445,0;449,3;;;;;370,3;446,4;515,1;;;;;;;;;;;;;;;;;;
ElPaso;;;;;;;;414,3;;399,6;406,8;;;;;;;484,0;981,4;500,3;;;;;;;;;;;;;;;;
Winnipeg;;;287,4;;327,4;;;;;;;;;;322,0;;;;;;;;;334,2;;;;;;;;;;;;
Duluth;;;;;344,2;;;;;;;;;300,7;;;;;;;;;;;407,0;;;;;;;;;;;
Omaha;;;;;329,8;;;;;;;425,8;;;;;;;;;;;422,0;;;;;;;;;;;;;
KansasCity;;;;;;;;;;;;411,4;;;;;;;;;;511,0;;;;;;;;;;;;;;
OklahomaCity;;;;;;;;;;;;451,1;474,6;;;;;;;;630,6;;;;;;;;;;;;;;;
Houston;;;;;;;;;;;;;525,4;;;;;;;;;;;;;;;;;;;;;;947,8;
Dallas;;;;;;;;;;;;;463,9;;;;;;;;637,6;;;;;;;;;;;;;;;
LittleRock;;;;;;;;;;;;;;;;;;531,9;;509,5;;522,4;;;;;;;;;;;;;639,4;734,7
SaintLouis;;;;;;;;;;;;;;;;;437,3;;;;621,5;;480,7;;;;;;481,4;;;;;;;691,3
Chicago;;;;;;;;;;;;;;;;383,1;;;;;;568,5;;;422,0;;;;476,5;;;;;;;
SaultStMarie;;;;;;;;;;;;;;315,4;;;;;;;;;;;390,8;352,6;;;;;;;;;;
Toronto;;;;;;;;;;;;;;;342,6;;;;;;;;446,1;337,5;;348,1;;;478,8;;;;;;;
Montreal;;;;;;;;;;;;;;;;;;;;;;;;332,6;399,9;;331,7;372,2;;;;;;;;
Boston;;;;;;;;;;;;;;;;;;;;;;;;;;359,0;;388,9;;;;;;;;
NewYork;;;;;;;;;;;;;;;;;;;;;;;;;;328,1;350,1;;;422,8;;;;;;
Pittsburgh;;;;;;;;;;;;;;;;;;;;;;534,7;497,9;;362,0;;;;;486,0;544,6;;;;;
Washington;;;;;;;;;;;;;;;;;;;;;;;;;;;;359,7;475,4;;621,4;;;;;
Raleigh;;;;;;;;;;;;;;;;;;;;;;;;;;;;;477,2;492,4;;;743,4;;;
Atlanta;;;;;;;;;;;;;;;;;;;;;;;;;;;;;;;;;1000,0;1000,0;1000,0;1000,0
Charleston;;;;;;;;;;;;;;;;;;;;;;;;;;;;;;;564,8;902,0;;770,9;;
Miami;;;;;;;;;;;;;;;;;;;;;;;;;;;;;;;;905,0;783,4;;741,2;
NewOrleans;;;;;;;;;;;;;;;;;;;609,7;;612,0;;;;;;;;;;;1004,0;;792,5;;
Nashville;;;;;;;;;;;;;;;;;;;;;604,4;518,9;;;;;;;;;;901,0;;;;
Step_36000;Vancouver;Seattle;Calgary;Portland;Helena;SaltLakeCity;SanFrancisco;LosAngeles;LasVegas;Phoenix;SantaFe;Denver;ElPaso;Winnipeg;Duluth;Omaha;KansasCity;OklahomaCity;Houston;Dallas;LittleRock;SaintLouis;Chicago;SaultStMarie;Toronto;Montreal;Boston;NewYork;Pittsburgh;Washington;Raleigh;Atlanta;Charleston;Miami;NewOrleans;Nashville
Vancouver;;298,1;292,2;;;;;;;;;;;;;;;;;;;;;;;;;;;;;;;;;
Seattle;266,5;;295,3;319,2;351,6;;;;;;;;;;;;;;;;;;;;;;;;;;;;;;;
Calgary;268,2;303,9;;;345,6;;;;;;;;;303,6;;;;;;;;;;;;;;;;;;;;;;
Portland;;284,1;;;;345,4;445,7;;;;;;;;;;;;;;;;;;;;;;;;;;;;;
Helena;;291,6;296,3;;;364,1;;;;;;409,8;;303,9;341,5;381,5;;;;;;;;;;;;;;;;;;;;
SaltLakeCity;;;;305,2;350,8;;361,3;;345,3;;;394,8;;;;;;;;;;;;;;;;;;;;;;;;
SanFrancisco;;;;334,0;;358,4;;895,3;;;;;;;;;;;;;;;;;;;;;;;;;;;;
LosAngeles;;;;;;;433,0;;340,5;;;;1018,0;;;;;;;;;;;;;;;;;;;;;;;
LasVegas;;;;;;347,4;;410,1;;;;;;;;;;;;;;;;;;;;;;;;;;;;
Phoenix;;;;;;;;;;;;399,8;488,6;;;;;;;;;;;;;;;;;;;;;;;
SantaFe;;;;;;;;;;;;414,7;463,9;;;;;;;;;;;;;;;;;;;;;;;
Denver;;;;;332,1;365,5;;;;412,3;424,7;;;;;374,1;434,1;496,5;;;;;;;;;;;;;;;;;;
ElPaso;;;;;;;;405,9;;424,9;438,1;;;;;;;481,2;1012,0;475,2;;;;;;;;;;;;;;;;
Winnipeg;;;290,6;;343,8;;;;;;;;;;328,1;;;;;;;;;325,0;;;;;;;;;;;;
Duluth;;;;;363,5;;;;;;;;;303,2;;;;;;;;;;;428,2;;;;;;;;;;;
Omaha;;;;;335,9;;;;;;;443,4;;;;;;;;;;;455,0;;;;;;;;;;;;;
KansasCity;;;;;;;;;;;;418,8;;;;;;;;;;483,1;;;;;;;;;;;;;;
OklahomaCity;;;;;;;;;;;;380,5;484,9;;;;;;;;594,9;;;;;;;;;;;;;;;
Houston;;;;;;;;;;;;;506,3;;;;;;;;;;;;;;;;;;;;;;1006,0;
Dallas;;;;;;;;;;;;;520,4;;;;;;;;508,5;;;;;;;;;;;;;;;
LittleRock;;;;;;;;;;;;;;;;;;544,8;;484,3;;523,1;;;;;;;;;;;;;683,4;689,5
SaintLouis;;;;;;;;;;;;;;;;;429,8;;;;539,8;;482,8;;;;;;489,5;;;;;;;726,8
Chicago;;;;;;;;;;;;;;;;386,1;;;;;;522,2;;;415,4;;;;508,8;;;;;;;
SaultStMarie;;;;;;;;;;;;;;315,9;;;;;;;;;;;394,5;329,9;;;;;;;;;;
Toronto;;;;;;;;;;;;;;;345,1;;;;;;;;438,2;320,8;;327,0;;;497,5;;;;;;;
Montreal;;;;;;;;;;;;;;;;;;;;;;;;349,9;398,6;;330,9;356,7;;;;;;;;
Boston;;;;;;;;;;;;;;;;;;;;;;;;;;344,9;;377,9;;;;;;;;
NewYork;;;;;;;;;;;;;;;;;;;;;;;;;;326,5;348,7;;;422,3;;;;;;
Pittsburgh;;;;;;;;;;;;;;;;;;;;;;540,0;463,9;;388,0;;;;;417,0;589,0;;;;;
Washington;;;;;;;;;;;;;;;;;;;;;;;;;;;;367,3;487,6;;556,1;;;;;
Raleigh;;;;;;;;;;;;;;;;;;;;;;;;;;;;;524,2;454,7;;;740,7;;;
Atlanta;;;;;;;;;;;;;;;;;;;;;;;;;;;;;;;;;1000,0;1000,0;1000,0;1000,0
Charleston;;;;;;;;;;;;;;;;;;;;;;;;;;;;;;;666,9;902,0;;796,2;;
Miami;;;;;;;;;;;;;;;;;;;;;;;;;;;;;;;;905,0;718,5;;665,7;
NewOrleans;;;;;;;;;;;;;;;;;;;589,9;;601,5;;;;;;;;;;;1004,0;;723,9;;
Nashville;;;;;;;;;;;;;;;;;;;;;623,0;558,4;;;;;;;;;;901,0;;;;
Step_40000;Vancouver;Seattle;Calgary;Portland;Helena;SaltLakeCity;SanFrancisco;LosAngeles;LasVegas;Phoenix;SantaFe;Denver;ElPaso;Winnipeg;Duluth;Omaha;KansasCity;OklahomaCity;Houston;Dallas;LittleRock;SaintLouis;Chicago;SaultStMarie;Toronto;Montreal;Boston;NewYork;Pittsburgh;Washington;Raleigh;Atlanta;Charleston;Miami;NewOrleans;Nashville
Vancouver;;288,4;279,8;;;;;;;;;;;;;;;;;;;;;;;;;;;;;;;;;
Seattle;256,2;;288,3;307,7;368,5;;;;;;;;;;;;;;;;;;;;;;;;;;;;;;;
Calgary;259,0;298,3;;;325,8;;;;;;;;;311,6;;;;;;;;;;;;;;;;;;;;;;
Portland;;283,2;;;;363,3;336,5;;;;;;;;;;;;;;;;;;;;;;;;;;;;;
Helena;;313,4;280,0;;;366,0;;;;;;438,6;;309,9;353,6;375,1;;;;;;;;;;;;;;;;;;;;
SaltLakeCity;;;;314,1;330,5;;338,9;;351,4;;;437,5;;;;;;;;;;;;;;;;;;;;;;;;
SanFrancisco;;;;316,0;;383,5;;1021,0;;;;;;;;;;;;;;;;;;;;;;;;;;;;
LosAngeles;;;;;;;349,9;;366,5;;;;1018,0;;;;;;;;;;;;;;;;;;;;;;;
LasVegas;;;;;;356,9;;394,9;;;;;;;;;;;;;;;;;;;;;;;;;;;;
Phoenix;;;;;;;;;;;;417,1;554,4;;;;;;;;;;;;;;;;;;;;;;;
SantaFe;;;;;;;;;;;;455,6;460,6;;;;;;;;;;;;;;;;;;;;;;;
Denver;;;;;346,7;355,6;;;;465,3;409,9;;;;;400,3;499,8;472,7;;;;;;;;;;;;;;;;;;
ElPaso;;;;;;;;408,1;;458,7;407,7;;;;;;;466,8;1012,0;534,5;;;;;;;;;;;;;;;;
Winnipeg;;;288,3;;329,1;;;;;;;;;;327,5;;;;;;;;;343,0;;;;;;;;;;;;
Duluth;;;;;337,7;;;;;;;;;308,3;;;;;;;;;;;414,0;;;;;;;;;;;
Omaha;;;;;336,8;;;;;;;387,8;;;;;;;;;;;417,2;;;;;;;;;;;;;
KansasCity;;;;;;;;;;;;400,6;;;;;;;;;;532,9;;;;;;;;;;;;;;
OklahomaCity;;;;;;;;;;;;428,0;491,0;;;;;;;;561,7;;;;;;;;;;;;;;;
Houston;;;;;;;;;;;;;531,2;;;;;;;;;;;;;;;;;;;;;;1006,0;
Dallas;;;;;;;;;;;;;447,4;;;;;;;;608,6;;;;;;;;;;;;;;;
LittleRock;;;;;;;;;;;;;;;;;;528,5;;508,5;;519,8;;;;;;;;;;;;;759,2;700,0
SaintLouis;;;;;;;;;;;;;;;;;474,3;;;;594,1;;445,9;;;;;;481,6;;;;;;;704,4
Chicago;;;;;;;;;;;;;;;;399,6;;;;;;560,8;;;441,4;;;;512,3;;;;;;;
SaultStMarie;;;;;;;;;;;;;;294,3;;;;;;;;;;;399,0;346,4;;;;;;;;;;
Toronto;;;;;;;;;;;;;;;316,3;;;;;;;;463,5;329,7;;327,6;;;483,1;;;;;;;
Montreal;;;;;;;;;;;;;;;;;;;;;;;;327,6;405,1;;327,0;366,0;;;;;;;;
Boston;;;;;;;;;;;;;;;;;;;;;;;;;;335,6;;375,4;;;;;;;;
NewYork;;;;;;;;;;;;;;;;;;;;;;;;;;331,3;337,2;;;451,9;;;;;;
Pittsburgh;;;;;;;;;;;;;;;;;;;;;;533,0;421,4;;406,0;;;;;504,1;591,4;;;;;
Washington;;;;;;;;;;;;;;;;;;;;;;;;;;;;406,3;520,0;;597,8;;;;;
Raleigh;;;;;;;;;;;;;;;;;;;;;;;;;;;;;521,0;457,6;;;735,9;;;
Atlanta;;;;;;;;;;;;;;;;;;;;;;;;;;;;;;;;;1000,0;1000,0;1000,0;1000,0
Charleston;;;;;;;;;;;;;;;;;;;;;;;;;;;;;;;575,2;902,0;;791,1;;
Miami;;;;;;;;;;;;;;;;;;;;;;;;;;;;;;;;905,0;717,4;;608,4;
NewOrleans;;;;;;;;;;;;;;;;;;;636,4;;623,8;;;;;;;;;;;1004,0;;762,3;;
Nashville;;;;;;;;;;;;;;;;;;;;;582,1;590,9;;;;;;;;;;901,0;;;;
