Step_4000;Vancouver;Seattle;Calgary;Portland;Helena;SaltLakeCity;SanFrancisco;LosAngeles;LasVegas;Phoenix;SantaFe;Denver;ElPaso;Winnipeg;Duluth;Omaha;KansasCity;OklahomaCity;Houston;Dallas;LittleRock;SaintLouis;Chicago;SaultStMarie;Toronto;Montreal;Boston;NewYork;Pittsburgh;Washington;Raleigh;Atlanta;Charleston;Miami;NewOrleans;Nashville
Vancouver;;42,5;158,2;;;;;;;;;;;;;;;;;;;;;;;;;;;;;;;;;
Seattle;60,0;;42,3;137,5;37,9;;;;;;;;;;;;;;;;;;;;;;;;;;;;;;;
Calgary;37,6;30,6;;;307,5;;;;;;;;;74,7;;;;;;;;;;;;;;;;;;;;;;
Portland;;81,9;;;;286,3;190,0;;;;;;;;;;;;;;;;;;;;;;;;;;;;;
Helena;;93,7;217,7;;;270,0;;;;;;456,4;;182,9;224,7;368,6;;;;;;;;;;;;;;;;;;;;
SaltLakeCity;;;;209,6;316,2;;210,7;;174,8;;;477,0;;;;;;;;;;;;;;;;;;;;;;;;
SanFrancisco;;;;235,6;;300,8;;104,7;;;;;;;;;;;;;;;;;;;;;;;;;;;;
LosAngeles;;;;;;;222,2;;144,7;;;;435,1;;;;;;;;;;;;;;;;;;;;;;;
LasVegas;;;;;;334,8;;8,3;;;;;;;;;;;;;;;;;;;;;;;;;;;;
Phoenix;;;;;;;;;;;;460,3;449,6;;;;;;;;;;;;;;;;;;;;;;;
SantaFe;;;;;;;;;;;;441,5;557,0;;;;;;;;;;;;;;;;;;;;;;;
Denver;;;;;333,3;405,7;;;;393,7;410,2;;;;;408,6;467,8;556,6;;;;;;;;;;;;;;;;;;
ElPaso;;;;;;;;315,1;;358,5;434,4;;;;;;;543,7;799,3;544,8;;;;;;;;;;;;;;;;
Winnipeg;;;137,5;;214,0;;;;;;;;;;253,5;;;;;;;;;292,4;;;;;;;;;;;;
Duluth;;;;;338,3;;;;;;;;;218,7;;;;;;;;;;;336,0;;;;;;;;;;;
Omaha;;;;;355,0;;;;;;;428,8;;;;;;;;;;;459,6;;;;;;;;;;;;;
KansasCity;;;;;;;;;;;;477,8;;;;;;;;;;593,8;;;;;;;;;;;;;;
OklahomaCity;;;;;;;;;;;;404,8;477,8;;;;;;;;702,3;;;;;;;;;;;;;;;
Houston;;;;;;;;;;;;;508,6;;;;;;;;;;;;;;;;;;;;;;900,9;
Dallas;;;;;;;;;;;;;581,1;;;;;;;;746,2;;;;;;;;;;;;;;;
LittleRock;;;;;;;;;;;;;;;;;;517,9;;647,4;;598,4;;;;;;;;;;;;;903,0;635,4
SaintLouis;;;;;;;;;;;;;;;;;466,8;;;;596,3;;456,6;;;;;;455,0;;;;;;;972,2
Chicago;;;;;;;;;;;;;;;;422,8;;;;;;891,6;;;337,1;;;;441,9;;;;;;;
SaultStMarie;;;;;;;;;;;;;;232,4;;;;;;;;;;;361,1;253,9;;;;;;;;;;
Toronto;;;;;;;;;;;;;;;299,8;;;;;;;;410,6;276,7;;265,8;;;442,5;;;;;;;
Montreal;;;;;;;;;;;;;;;;;;;;;;;;282,1;335,2;;230,5;271,3;;;;;;;;
Boston;;;;;;;;;;;;;;;;;;;;;;;;;;280,3;;249,8;;;;;;;;
NewYork;;;;;;;;;;;;;;;;;;;;;;;;;;290,4;236,4;;;413,3;;;;;;
Pittsburgh;;;;;;;;;;;;;;;;;;;;;;540,9;489,6;;353,1;;;;;423,2;503,5;;;;;
Washington;;;;;;;;;;;;;;;;;;;;;;;;;;;;338,2;424,0;;467,1;;;;;
Raleigh;;;;;;;;;;;;;;;;;;;;;;;;;;;;;428,8;409,4;;;655,6;;;
Atlanta;;;;;;;;;;;;;;;;;;;;;;;;;;;;;;;;;660,3;731,4;984,0;661,1
Charleston;;;;;;;;;;;;;;;;;;;;;;;;;;;;;;;493,5;789,6;;741,4;;
Miami;;;;;;;;;;;;;;;;;;;;;;;;;;;;;;;;745,4;614,1;;906,0;
NewOrleans;;;;;;;;;;;;;;;;;;;1000,0;;1000,0;;;;;;;;;;;1000,0;;1000,0;;
Nashville;;;;;;;;;;;;;;;;;;;;;695,6;501,0;;;;;;;;;;923,1;;;;
Step_8000;Vancouver;Seattle;Calgary;Portland;Helena;SaltLakeCity;SanFrancisco;LosAngeles;LasVegas;Phoenix;SantaFe;Denver;ElPaso;Winnipeg;Duluth;Omaha;KansasCity;OklahomaCity;Houston;Dallas;LittleRock;SaintLouis;Chicago;SaultStMarie;Toronto;Montreal;Boston;NewYork;Pittsburgh;Washington;Raleigh;Atlanta;Charleston;Miami;NewOrleans;Nashville
Vancouver;;121,7;192,1;;;;;;;;;;;;;;;;;;;;;;;;;;;;;;;;;
Seattle;115,8;;150,1;283,7;113,9;;;;;;;;;;;;;;;;;;;;;;;;;;;;;;;
Calgary;98,6;140,0;;;336,4;;;;;;;;;193,2;;;;;;;;;;;;;;;;;;;;;;
Portland;;177,1;;;;349,8;290,9;;;;;;;;;;;;;;;;;;;;;;;;;;;;;
Helena;;222,6;249,4;;;307,3;;;;;;493,1;;280,4;341,5;415,9;;;;;;;;;;;;;;;;;;;;
SaltLakeCity;;;;238,4;377,4;;334,2;;313,6;;;476,6;;;;;;;;;;;;;;;;;;;;;;;;
SanFrancisco;;;;243,9;;370,8;;443,5;;;;;;;;;;;;;;;;;;;;;;;;;;;;
LosAngeles;;;;;;;284,9;;252,9;;;;591,6;;;;;;;;;;;;;;;;;;;;;;;
LasVegas;;;;;;385,5;;373,0;;;;;;;;;;;;;;;;;;;;;;;;;;;;
Phoenix;;;;;;;;;;;;416,0;559,7;;;;;;;;;;;;;;;;;;;;;;;
SantaFe;;;;;;;;;;;;509,0;600,7;;;;;;;;;;;;;;;;;;;;;;;
Denver;;;;;346,2;368,0;;;;516,6;510,4;;;;;398,6;495,0;575,3;;;;;;;;;;;;;;;;;;
ElPaso;;;;;;;;539,9;;511,5;506,3;;;;;;;559,2;760,0;596,5;;;;;;;;;;;;;;;;
Winnipeg;;;155,6;;401,8;;;;;;;;;;299,8;;;;;;;;;309,6;;;;;;;;;;;;
Duluth;;;;;402,6;;;;;;;;;327,4;;;;;;;;;;;324,4;;;;;;;;;;;
Omaha;;;;;411,6;;;;;;;502,1;;;;;;;;;;;464,2;;;;;;;;;;;;;
KansasCity;;;;;;;;;;;;479,7;;;;;;;;;;497,8;;;;;;;;;;;;;;
OklahomaCity;;;;;;;;;;;;452,9;591,3;;;;;;;;636,2;;;;;;;;;;;;;;;
Houston;;;;;;;;;;;;;618,9;;;;;;;;;;;;;;;;;;;;;;902,0;
Dallas;;;;;;;;;;;;;593,2;;;;;;;;705,2;;;;;;;;;;;;;;;
LittleRock;;;;;;;;;;;;;;;;;;584,2;;602,2;;536,7;;;;;;;;;;;;;903,0;655,6
SaintLouis;;;;;;;;;;;;;;;;;474,0;;;;688,2;;443,2;;;;;;498,6;;;;;;;632,4
Chicago;;;;;;;;;;;;;;;;429,4;;;;;;487,9;;;408,6;;;;1017,0;;;;;;;
SaultStMarie;;;;;;;;;;;;;;243,9;;;;;;;;;;;409,9;305,4;;;;;;;;;;
Toronto;;;;;;;;;;;;;;;324,0;;;;;;;;434,1;334,8;;314,7;;;437,8;;;;;;;
Montreal;;;;;;;;;;;;;;;;;;;;;;;;298,5;341,4;;304,1;393,2;;;;;;;;
Boston;;;;;;;;;;;;;;;;;;;;;;;;;;320,8;;376,3;;;;;;;;
NewYork;;;;;;;;;;;;;;;;;;;;;;;;;;322,3;308,7;;;434,8;;;;;;
Pittsburgh;;;;;;;;;;;;;;;;;;;;;;502,2;473,7;;378,6;;;;;499,0;1014,0;;;;;
Washington;;;;;;;;;;;;;;;;;;;;;;;;;;;;396,1;493,7;;562,6;;;;;
Raleigh;;;;;;;;;;;;;;;;;;;;;;;;;;;;;453,1;436,6;;;1012,0;;;
Atlanta;;;;;;;;;;;;;;;;;;;;;;;;;;;;;;;;;683,0;700,5;904,0;681,0
Charleston;;;;;;;;;;;;;;;;;;;;;;;;;;;;;;;542,2;740,8;;1010,0;;
Miami;;;;;;;;;;;;;;;;;;;;;;;;;;;;;;;;718,9;575,5;;1006,0;
NewOrleans;;;;;;;;;;;;;;;;;;;1000,0;;1000,0;;;;;;;;;;;1000,0;;1000,0;;
Nashville;;;;;;;;;;;;;;;;;;;;;786,5;512,0;;;;;;;;;;727,6;;;;
Step_12000;Vancouver;Seattle;Calgary;Portland;Helena;SaltLakeCity;SanFrancisco;LosAngeles;LasVegas;Phoenix;SantaFe;Denver;ElPaso;Winnipeg;Duluth;Omaha;KansasCity;OklahomaCity;Houston;Dallas;LittleRock;SaintLouis;Chicago;SaultStMarie;Toronto;Montreal;Boston;NewYork;Pittsburgh;Washington;Raleigh;Atlanta;Charleston;Miami;NewOrleans;Nashville
Vancouver;;180,9;295,0;;;;;;;;;;;;;;;;;;;;;;;;;;;;;;;;;
Seattle;151,9;;237,6;340,6;206,2;;;;;;;;;;;;;;;;;;;;;;;;;;;;;;;
Calgary;176,3;192,3;;;401,8;;;;;;;;;252,5;;;;;;;;;;;;;;;;;;;;;;
Portland;;235,9;;;;395,0;341,9;;;;;;;;;;;;;;;;;;;;;;;;;;;;;
Helena;;275,3;312,8;;;396,1;;;;;;512,2;;298,9;353,7;402,0;;;;;;;;;;;;;;;;;;;;
SaltLakeCity;;;;306,1;417,5;;414,2;;389,1;;;497,9;;;;;;;;;;;;;;;;;;;;;;;;
SanFrancisco;;;;281,4;;414,7;;506,4;;;;;;;;;;;;;;;;;;;;;;;;;;;;
LosAngeles;;;;;;;379,2;;386,2;;;;577,3;;;;;;;;;;;;;;;;;;;;;;;
LasVegas;;;;;;394,6;;498,1;;;;;;;;;;;;;;;;;;;;;;;;;;;;
Phoenix;;;;;;;;;;;;483,9;571,0;;;;;;;;;;;;;;;;;;;;;;;
SantaFe;;;;;;;;;;;;507,8;637,7;;;;;;;;;;;;;;;;;;;;;;;
Denver;;;;;335,6;399,9;;;;493,3;497,6;;;;;432,1;480,1;617,6;;;;;;;;;;;;;;;;;;
ElPaso;;;;;;;;462,7;;485,0;516,9;;;;;;;632,0;713,2;620,5;;;;;;;;;;;;;;;;
Winnipeg;;;289,0;;327,1;;;;;;;;;;328,3;;;;;;;;;316,5;;;;;;;;;;;;
Duluth;;;;;357,3;;;;;;;;;316,1;;;;;;;;;;;389,2;;;;;;;;;;;
Omaha;;;;;421,8;;;;;;;516,9;;;;;;;;;;;463,4;;;;;;;;;;;;;
KansasCity;;;;;;;;;;;;486,7;;;;;;;;;;597,2;;;;;;;;;;;;;;
OklahomaCity;;;;;;;;;;;;477,0;616,1;;;;;;;;758,9;;;;;;;;;;;;;;;
Houston;;;;;;;;;;;;;572,6;;;;;;;;;;;;;;;;;;;;;;902,0;
Dallas;;;;;;;;;;;;;595,5;;;;;;;;632,1;;;;;;;;;;;;;;;
LittleRock;;;;;;;;;;;;;;;;;;615,5;;592,0;;543,2;;;;;;;;;;;;;1003,0;610,6
SaintLouis;;;;;;;;;;;;;;;;;474,6;;;;914,3;;451,9;;;;;;485,4;;;;;;;631,6
Chicago;;;;;;;;;;;;;;;;463,0;;;;;;891,4;;;366,8;;;;472,7;;;;;;;
SaultStMarie;;;;;;;;;;;;;;314,2;;;;;;;;;;;320,4;299,6;;;;;;;;;;
Toronto;;;;;;;;;;;;;;;323,6;;;;;;;;441,7;288,4;;292,8;;;462,8;;;;;;;
Montreal;;;;;;;;;;;;;;;;;;;;;;;;306,1;361,8;;301,8;323,8;;;;;;;;
Boston;;;;;;;;;;;;;;;;;;;;;;;;;;303,4;;343,4;;;;;;;;
NewYork;;;;;;;;;;;;;;;;;;;;;;;;;;305,7;298,0;;;409,6;;;;;;
Pittsburgh;;;;;;;;;;;;;;;;;;;;;;554,1;481,5;;395,2;;;;;397,7;539,9;;;;;
Washington;;;;;;;;;;;;;;;;;;;;;;;;;;;;322,3;428,2;;435,4;;;;;
Raleigh;;;;;;;;;;;;;;;;;;;;;;;;;;;;;455,2;398,9;;;632,2;;;
Atlanta;;;;;;;;;;;;;;;;;;;;;;;;;;;;;;;;;687,5;731,9;904,0;632,3
Charleston;;;;;;;;;;;;;;;;;;;;;;;;;;;;;;;537,9;731,3;;770,3;;
Miami;;;;;;;;;;;;;;;;;;;;;;;;;;;;;;;;700,5;667,4;;906,0;
NewOrleans;;;;;;;;;;;;;;;;;;;1000,0;;1000,0;;;;;;;;;;;1000,0;;1000,0;;
Nashville;;;;;;;;;;;;;;;;;;;;;627,9;516,2;;;;;;;;;;705,0;;;;
Step_16000;Vancouver;Seattle;Calgary;Portland;Helena;SaltLakeCity;SanFrancisco;LosAngeles;LasVegas;Phoenix;SantaFe;Denver;ElPaso;Winnipeg;Duluth;Omaha;KansasCity;OklahomaCity;Houston;Dallas;LittleRock;SaintLouis;Chicago;SaultStMarie;Toronto;Montreal;Boston;NewYork;Pittsburgh;Washington;Raleigh;Atlanta;Charleston;Miami;NewOrleans;Nashville
Vancouver;;207,9;293,4;;;;;;;;;;;;;;;;;;;;;;;;;;;;;;;;;
Seattle;215,2;;260,6;340,8;312,8;;;;;;;;;;;;;;;;;;;;;;;;;;;;;;;
Calgary;206,0;211,2;;;365,4;;;;;;;;;277,7;;;;;;;;;;;;;;;;;;;;;;
Portland;;254,8;;;;404,3;403,5;;;;;;;;;;;;;;;;;;;;;;;;;;;;;
Helena;;270,9;322,2;;;395,8;;;;;;462,6;;289,6;332,2;417,1;;;;;;;;;;;;;;;;;;;;
SaltLakeCity;;;;338,0;405,1;;439,8;;384,2;;;499,0;;;;;;;;;;;;;;;;;;;;;;;;
SanFrancisco;;;;360,3;;412,9;;512,7;;;;;;;;;;;;;;;;;;;;;;;;;;;;
LosAngeles;;;;;;;421,6;;409,3;;;;555,0;;;;;;;;;;;;;;;;;;;;;;;
LasVegas;;;;;;412,6;;498,4;;;;;;;;;;;;;;;;;;;;;;;;;;;;
Phoenix;;;;;;;;;;;;476,0;582,3;;;;;;;;;;;;;;;;;;;;;;;
SantaFe;;;;;;;;;;;;447,2;587,1;;;;;;;;;;;;;;;;;;;;;;;
Denver;;;;;418,3;413,6;;;;466,7;536,1;;;;;398,4;465,1;581,0;;;;;;;;;;;;;;;;;;
ElPaso;;;;;;;;500,1;;494,5;507,5;;;;;;;625,8;675,4;638,7;;;;;;;;;;;;;;;;
Winnipeg;;;312,3;;302,2;;;;;;;;;;327,0;;;;;;;;;318,2;;;;;;;;;;;;
Duluth;;;;;392,9;;;;;;;;;294,0;;;;;;;;;;;373,4;;;;;;;;;;;
Omaha;;;;;343,8;;;;;;;435,3;;;;;;;;;;;403,9;;;;;;;;;;;;;
KansasCity;;;;;;;;;;;;469,9;;;;;;;;;;488,9;;;;;;;;;;;;;;
OklahomaCity;;;;;;;;;;;;500,5;524,3;;;;;;;;757,4;;;;;;;;;;;;;;;
Houston;;;;;;;;;;;;;563,3;;;;;;;;;;;;;;;;;;;;;;902,0;
Dallas;;;;;;;;;;;;;636,2;;;;;;;;722,3;;;;;;;;;;;;;;;
LittleRock;;;;;;;;;;;;;;;;;;584,3;;626,0;;452,7;;;;;;;;;;;;;983,0;647,8
SaintLouis;;;;;;;;;;;;;;;;;454,4;;;;909,6;;437,7;;;;;;485,5;;;;;;;565,5
Chicago;;;;;;;;;;;;;;;;395,2;;;;;;969,7;;;373,5;;;;500,7;;;;;;;
SaultStMarie;;;;;;;;;;;;;;295,9;;;;;;;;;;;359,3;333,2;;;;;;;;;;
Toronto;;;;;;;;;;;;;;;318,5;;;;;;;;456,4;319,6;;323,9;;;411,2;;;;;;;
Montreal;;;;;;;;;;;;;;;;;;;;;;;;322,0;367,8;;294,9;377,0;;;;;;;;
Boston;;;;;;;;;;;;;;;;;;;;;;;;;;301,8;;356,4;;;;;;;;
NewYork;;;;;;;;;;;;;;;;;;;;;;;;;;337,8;311,2;;;440,1;;;;;;
Pittsburgh;;;;;;;;;;;;;;;;;;;;;;567,9;485,1;;384,4;;;;;482,1;574,8;;;;;
Washington;;;;;;;;;;;;;;;;;;;;;;;;;;;;389,5;430,2;;550,3;;;;;
Raleigh;;;;;;;;;;;;;;;;;;;;;;;;;;;;;441,6;458,3;;;651,7;;;
Atlanta;;;;;;;;;;;;;;;;;;;;;;;;;;;;;;;;;687,7;793,4;904,0;604,3
Charleston;;;;;;;;;;;;;;;;;;;;;;;;;;;;;;;503,6;769,9;;724,7;;
Miami;;;;;;;;;;;;;;;;;;;;;;;;;;;;;;;;770,2;673,7;;906,0;
NewOrleans;;;;;;;;;;;;;;;;;;;1000,0;;1000,0;;;;;;;;;;;1000,0;;1000,0;;
Nashville;;;;;;;;;;;;;;;;;;;;;624,1;437,5;;;;;;;;;;769,5;;;;
Step_20000;Vancouver;Seattle;Calgary;Portland;Helena;SaltLakeCity;SanFrancisco;LosAngeles;LasVegas;Phoenix;SantaFe;Denver;ElPaso;Winnipeg;Duluth;Omaha;KansasCity;OklahomaCity;Houston;Dallas;LittleRock;SaintLouis;Chicago;SaultStMarie;Toronto;Montreal;Boston;NewYork;Pittsburgh;Washington;Raleigh;Atlanta;Charleston;Miami;NewOrleans;Nashville
Vancouver;;207,9;321,9;;;;;;;;;;;;;;;;;;;;;;;;;;;;;;;;;
Seattle;255,2;;273,5;353,4;358,2;;;;;;;;;;;;;;;;;;;;;;;;;;;;;;;
Calgary;221,7;237,4;;;405,3;;;;;;;;;303,5;;;;;;;;;;;;;;;;;;;;;;
Portland;;266,8;;;;387,6;385,3;;;;;;;;;;;;;;;;;;;;;;;;;;;;;
Helena;;312,9;351,8;;;421,9;;;;;;489,1;;345,1;345,9;436,3;;;;;;;;;;;;;;;;;;;;
SaltLakeCity;;;;321,6;413,0;;370,0;;397,0;;;472,0;;;;;;;;;;;;;;;;;;;;;;;;
SanFrancisco;;;;345,6;;419,2;;464,6;;;;;;;;;;;;;;;;;;;;;;;;;;;;
LosAngeles;;;;;;;406,5;;407,8;;;;583,1;;;;;;;;;;;;;;;;;;;;;;;
LasVegas;;;;;;423,9;;435,4;;;;;;;;;;;;;;;;;;;;;;;;;;;;
Phoenix;;;;;;;;;;;;465,1;605,2;;;;;;;;;;;;;;;;;;;;;;;
SantaFe;;;;;;;;;;;;451,2;654,5;;;;;;;;;;;;;;;;;;;;;;;
Denver;;;;;392,1;405,2;;;;516,1;487,3;;;;;411,4;486,0;608,0;;;;;;;;;;;;;;;;;;
ElPaso;;;;;;;;500,9;;514,4;535,9;;;;;;;596,0;810,4;625,1;;;;;;;;;;;;;;;;
Winnipeg;;;323,6;;387,5;;;;;;;;;;346,6;;;;;;;;;322,1;;;;;;;;;;;;
Duluth;;;;;367,7;;;;;;;;;322,1;;;;;;;;;;;380,7;;;;;;;;;;;
Omaha;;;;;384,6;;;;;;;486,1;;;;;;;;;;;454,6;;;;;;;;;;;;;
KansasCity;;;;;;;;;;;;501,3;;;;;;;;;;525,8;;;;;;;;;;;;;;
OklahomaCity;;;;;;;;;;;;511,1;588,5;;;;;;;;722,3;;;;;;;;;;;;;;;
Houston;;;;;;;;;;;;;601,6;;;;;;;;;;;;;;;;;;;;;;902,0;
Dallas;;;;;;;;;;;;;605,4;;;;;;;;706,9;;;;;;;;;;;;;;;
LittleRock;;;;;;;;;;;;;;;;;;588,8;;607,0;;534,7;;;;;;;;;;;;;903,0;607,0
SaintLouis;;;;;;;;;;;;;;;;;477,6;;;;597,3;;443,9;;;;;;457,1;;;;;;;1007,0
Chicago;;;;;;;;;;;;;;;;437,7;;;;;;1009,0;;;411,8;;;;448,0;;;;;;;
SaultStMarie;;;;;;;;;;;;;;332,7;;;;;;;;;;;365,2;330,0;;;;;;;;;;
Toronto;;;;;;;;;;;;;;;350,3;;;;;;;;472,2;315,2;;311,9;;;425,0;;;;;;;
Montreal;;;;;;;;;;;;;;;;;;;;;;;;323,2;382,2;;312,0;336,9;;;;;;;;
Boston;;;;;;;;;;;;;;;;;;;;;;;;;;317,6;;341,8;;;;;;;;
NewYork;;;;;;;;;;;;;;;;;;;;;;;;;;327,9;315,9;;;373,6;;;;;;
Pittsburgh;;;;;;;;;;;;;;;;;;;;;;510,9;466,6;;391,7;;;;;415,1;475,3;;;;;
Washington;;;;;;;;;;;;;;;;;;;;;;;;;;;;319,0;420,3;;513,0;;;;;
Raleigh;;;;;;;;;;;;;;;;;;;;;;;;;;;;;452,0;442,7;;;563,3;;;
Atlanta;;;;;;;;;;;;;;;;;;;;;;;;;;;;;;;;;643,1;685,8;1004,0;577,5
Charleston;;;;;;;;;;;;;;;;;;;;;;;;;;;;;;;490,9;783,8;;664,9;;
Miami;;;;;;;;;;;;;;;;;;;;;;;;;;;;;;;;724,7;658,1;;906,0;
NewOrleans;;;;;;;;;;;;;;;;;;;1000,0;;1000,0;;;;;;;;;;;1000,0;;1000,0;;
Nashville;;;;;;;;;;;;;;;;;;;;;641,7;539,5;;;;;;;;;;1005,0;;;;
Step_24000;Vancouver;Seattle;Calgary;Portland;Helena;SaltLakeCity;SanFrancisco;LosAngeles;LasVegas;Phoenix;SantaFe;Denver;ElPaso;Winnipeg;Duluth;Omaha;KansasCity;OklahomaCity;Houston;Dallas;LittleRock;SaintLouis;Chicago;SaultStMarie;Toronto;Montreal;Boston;NewYork;Pittsburgh;Washington;Raleigh;Atlanta;Charleston;Miami;NewOrleans;Nashville
Vancouver;;207,9;330,8;;;;;;;;;;;;;;;;;;;;;;;;;;;;;;;;;
Seattle;263,9;;294,7;333,5;363,8;;;;;;;;;;;;;;;;;;;;;;;;;;;;;;;
Calgary;236,8;285,5;;;404,2;;;;;;;;;316,0;;;;;;;;;;;;;;;;;;;;;;
Portland;;290,2;;;;379,5;401,1;;;;;;;;;;;;;;;;;;;;;;;;;;;;;
Helena;;328,8;350,1;;;413,2;;;;;;420,1;;342,5;339,6;423,5;;;;;;;;;;;;;;;;;;;;
SaltLakeCity;;;;351,5;394,6;;407,2;;445,3;;;457,2;;;;;;;;;;;;;;;;;;;;;;;;
SanFrancisco;;;;356,9;;415,1;;502,4;;;;;;;;;;;;;;;;;;;;;;;;;;;;
LosAngeles;;;;;;;409,1;;440,3;;;;615,5;;;;;;;;;;;;;;;;;;;;;;;
LasVegas;;;;;;421,0;;490,7;;;;;;;;;;;;;;;;;;;;;;;;;;;;
Phoenix;;;;;;;;;;;;456,1;557,2;;;;;;;;;;;;;;;;;;;;;;;
SantaFe;;;;;;;;;;;;467,5;599,0;;;;;;;;;;;;;;;;;;;;;;;
Denver;;;;;402,5;400,5;;;;514,8;491,9;;;;;416,6;502,8;497,6;;;;;;;;;;;;;;;;;;
ElPaso;;;;;;;;520,4;;511,8;497,3;;;;;;;517,0;775,3;622,4;;;;;;;;;;;;;;;;
Winnipeg;;;331,6;;392,4;;;;;;;;;;334,9;;;;;;;;;341,0;;;;;;;;;;;;
Duluth;;;;;354,1;;;;;;;;;346,6;;;;;;;;;;;402,1;;;;;;;;;;;
Omaha;;;;;367,5;;;;;;;436,0;;;;;;;;;;;444,1;;;;;;;;;;;;;
KansasCity;;;;;;;;;;;;456,6;;;;;;;;;;507,0;;;;;;;;;;;;;;
OklahomaCity;;;;;;;;;;;;444,0;547,0;;;;;;;;701,0;;;;;;;;;;;;;;;
Houston;;;;;;;;;;;;;528,8;;;;;;;;;;;;;;;;;;;;;;902,0;
Dallas;;;;;;;;;;;;;559,8;;;;;;;;669,0;;;;;;;;;;;;;;;
LittleRock;;;;;;;;;;;;;;;;;;529,6;;565,2;;558,5;;;;;;;;;;;;;983,0;573,9
SaintLouis;;;;;;;;;;;;;;;;;457,4;;;;981,3;;469,1;;;;;;438,4;;;;;;;620,2
Chicago;;;;;;;;;;;;;;;;406,8;;;;;;1007,0;;;386,9;;;;414,1;;;;;;;
SaultStMarie;;;;;;;;;;;;;;334,0;;;;;;;;;;;381,0;338,8;;;;;;;;;;
Toronto;;;;;;;;;;;;;;;345,6;;;;;;;;435,3;335,7;;340,3;;;460,9;;;;;;;
Montreal;;;;;;;;;;;;;;;;;;;;;;;;338,1;368,8;;315,7;353,0;;;;;;;;
Boston;;;;;;;;;;;;;;;;;;;;;;;;;;340,0;;326,6;;;;;;;;
NewYork;;;;;;;;;;;;;;;;;;;;;;;;;;341,9;307,6;;;365,3;;;;;;
Pittsburgh;;;;;;;;;;;;;;;;;;;;;;494,3;479,7;;364,0;;;;;403,6;433,8;;;;;
Washington;;;;;;;;;;;;;;;;;;;;;;;;;;;;308,5;435,4;;501,2;;;;;
Raleigh;;;;;;;;;;;;;;;;;;;;;;;;;;;;;460,8;388,1;;;626,8;;;
Atlanta;;;;;;;;;;;;;;;;;;;;;;;;;;;;;;;;;563,6;732,3;904,0;589,1
Charleston;;;;;;;;;;;;;;;;;;;;;;;;;;;;;;;473,1;723,4;;764,3;;
Miami;;;;;;;;;;;;;;;;;;;;;;;;;;;;;;;;732,0;626,9;;906,0;
NewOrleans;;;;;;;;;;;;;;;;;;;1000,0;;1000,0;;;;;;;;;;;1000,0;;1000,0;;
Nashville;;;;;;;;;;;;;;;;;;;;;763,7;535,5;;;;;;;;;;645,5;;;;
Step_28000;Vancouver;Seattle;Calgary;Portland;Helena;SaltLakeCity;SanFrancisco;LosAngeles;LasVegas;Phoenix;SantaFe;Denver;ElPaso;Winnipeg;Duluth;Omaha;KansasCity;OklahomaCity;Houston;Dallas;LittleRock;SaintLouis;Chicago;SaultStMarie;Toronto;Montreal;Boston;NewYork;Pittsburgh;Washington;Raleigh;Atlanta;Charleston;Miami;NewOrleans;Nashville
Vancouver;;254,0;331,3;;;;;;;;;;;;;;;;;;;;;;;;;;;;;;;;;
Seattle;284,3;;303,1;324,6;379,2;;;;;;;;;;;;;;;;;;;;;;;;;;;;;;;
Calgary;235,8;298,2;;;372,2;;;;;;;;;350,1;;;;;;;;;;;;;;;;;;;;;;
Portland;;304,0;;;;403,6;399,9;;;;;;;;;;;;;;;;;;;;;;;;;;;;;
Helena;;308,2;329,7;;;411,8;;;;;;460,4;;338,2;352,7;393,7;;;;;;;;;;;;;;;;;;;;
SaltLakeCity;;;;356,4;382,2;;381,0;;411,3;;;465,4;;;;;;;;;;;;;;;;;;;;;;;;
SanFrancisco;;;;331,3;;395,2;;493,6;;;;;;;;;;;;;;;;;;;;;;;;;;;;
LosAngeles;;;;;;;382,9;;412,7;;;;578,3;;;;;;;;;;;;;;;;;;;;;;;
LasVegas;;;;;;408,2;;477,5;;;;;;;;;;;;;;;;;;;;;;;;;;;;
Phoenix;;;;;;;;;;;;457,1;622,8;;;;;;;;;;;;;;;;;;;;;;;
SantaFe;;;;;;;;;;;;469,8;493,1;;;;;;;;;;;;;;;;;;;;;;;
Denver;;;;;362,3;401,3;;;;508,1;476,8;;;;;402,3;479,1;590,0;;;;;;;;;;;;;;;;;;
ElPaso;;;;;;;;449,3;;521,0;469,9;;;;;;;600,5;777,7;624,6;;;;;;;;;;;;;;;;
Winnipeg;;;322,5;;396,2;;;;;;;;;;346,2;;;;;;;;;336,4;;;;;;;;;;;;
Duluth;;;;;373,7;;;;;;;;;339,2;;;;;;;;;;;385,5;;;;;;;;;;;
Omaha;;;;;362,4;;;;;;;461,6;;;;;;;;;;;430,2;;;;;;;;;;;;;
KansasCity;;;;;;;;;;;;477,5;;;;;;;;;;534,3;;;;;;;;;;;;;;
OklahomaCity;;;;;;;;;;;;477,1;645,8;;;;;;;;770,3;;;;;;;;;;;;;;;
Houston;;;;;;;;;;;;;621,0;;;;;;;;;;;;;;;;;;;;;;902,0;
Dallas;;;;;;;;;;;;;640,4;;;;;;;;735,4;;;;;;;;;;;;;;;
LittleRock;;;;;;;;;;;;;;;;;;600,3;;616,9;;565,7;;;;;;;;;;;;;983,0;645,0
SaintLouis;;;;;;;;;;;;;;;;;479,2;;;;1005,0;;430,2;;;;;;426,3;;;;;;;611,6
Chicago;;;;;;;;;;;;;;;;409,1;;;;;;1007,0;;;382,1;;;;423,9;;;;;;;
SaultStMarie;;;;;;;;;;;;;;345,7;;;;;;;;;;;387,0;329,0;;;;;;;;;;
Toronto;;;;;;;;;;;;;;;360,9;;;;;;;;413,3;339,6;;331,2;;;441,1;;;;;;;
Montreal;;;;;;;;;;;;;;;;;;;;;;;;343,9;411,3;;325,2;362,7;;;;;;;;
Boston;;;;;;;;;;;;;;;;;;;;;;;;;;361,1;;361,7;;;;;;;;
NewYork;;;;;;;;;;;;;;;;;;;;;;;;;;348,3;328,2;;;417,8;;;;;;
Pittsburgh;;;;;;;;;;;;;;;;;;;;;;474,4;432,9;;360,5;;;;;414,8;560,7;;;;;
Washington;;;;;;;;;;;;;;;;;;;;;;;;;;;;361,8;449,7;;466,5;;;;;
Raleigh;;;;;;;;;;;;;;;;;;;;;;;;;;;;;448,8;431,4;;;701,5;;;
Atlanta;;;;;;;;;;;;;;;;;;;;;;;;;;;;;;;;;620,6;795,3;904,0;665,5
Charleston;;;;;;;;;;;;;;;;;;;;;;;;;;;;;;;538,5;687,1;;815,1;;
Miami;;;;;;;;;;;;;;;;;;;;;;;;;;;;;;;;745,0;661,0;;906,0;
NewOrleans;;;;;;;;;;;;;;;;;;;1000,0;;1000,0;;;;;;;;;;;1000,0;;1000,0;;
Nashville;;;;;;;;;;;;;;;;;;;;;690,4;525,7;;;;;;;;;;764,6;;;;
Step_32000;Vancouver;Seattle;Calgary;Portland;Helena;SaltLakeCity;SanFrancisco;LosAngeles;LasVegas;Phoenix;SantaFe;Denver;ElPaso;Winnipeg;Duluth;Omaha;KansasCity;OklahomaCity;Houston;Dallas;LittleRock;SaintLouis;Chicago;SaultStMarie;Toronto;Montreal;Boston;NewYork;Pittsburgh;Washington;Raleigh;Atlanta;Charleston;Miami;NewOrleans;Nashville
Vancouver;;278,9;353,9;;;;;;;;;;;;;;;;;;;;;;;;;;;;;;;;;
Seattle;289,0;;327,4;339,4;385,6;;;;;;;;;;;;;;;;;;;;;;;;;;;;;;;
Calgary;267,3;303,3;;;380,5;;;;;;;;;360,7;;;;;;;;;;;;;;;;;;;;;;
Portland;;324,4;;;;389,8;386,2;;;;;;;;;;;;;;;;;;;;;;;;;;;;;
Helena;;329,0;328,0;;;387,0;;;;;;494,6;;335,6;348,3;408,5;;;;;;;;;;;;;;;;;;;;
SaltLakeCity;;;;355,1;390,3;;363,8;;420,0;;;432,3;;;;;;;;;;;;;;;;;;;;;;;;
SanFrancisco;;;;340,3;;395,7;;442,4;;;;;;;;;;;;;;;;;;;;;;;;;;;;
LosAngeles;;;;;;;400,3;;412,9;;;;585,5;;;;;;;;;;;;;;;;;;;;;;;
LasVegas;;;;;;392,5;;518,2;;;;;;;;;;;;;;;;;;;;;;;;;;;;
Phoenix;;;;;;;;;;;;397,1;604,1;;;;;;;;;;;;;;;;;;;;;;;
SantaFe;;;;;;;;;;;;462,2;656,4;;;;;;;;;;;;;;;;;;;;;;;
Denver;;;;;352,7;359,4;;;;509,4;516,4;;;;;404,0;476,8;539,4;;;;;;;;;;;;;;;;;;
ElPaso;;;;;;;;469,2;;492,0;539,3;;;;;;;550,8;751,6;629,2;;;;;;;;;;;;;;;;
Winnipeg;;;314,1;;372,8;;;;;;;;;;350,7;;;;;;;;;333,1;;;;;;;;;;;;
Duluth;;;;;380,1;;;;;;;;;330,6;;;;;;;;;;;407,5;;;;;;;;;;;
Omaha;;;;;396,0;;;;;;;471,6;;;;;;;;;;;523,4;;;;;;;;;;;;;
KansasCity;;;;;;;;;;;;496,7;;;;;;;;;;541,5;;;;;;;;;;;;;;
OklahomaCity;;;;;;;;;;;;466,4;595,2;;;;;;;;575,1;;;;;;;;;;;;;;;
Houston;;;;;;;;;;;;;583,0;;;;;;;;;;;;;;;;;;;;;;902,0;
Dallas;;;;;;;;;;;;;606,1;;;;;;;;722,0;;;;;;;;;;;;;;;
LittleRock;;;;;;;;;;;;;;;;;;529,5;;605,0;;505,5;;;;;;;;;;;;;903,0;627,8
SaintLouis;;;;;;;;;;;;;;;;;472,2;;;;587,1;;429,8;;;;;;435,7;;;;;;;982,6
Chicago;;;;;;;;;;;;;;;;439,7;;;;;;885,0;;;376,0;;;;444,2;;;;;;;
SaultStMarie;;;;;;;;;;;;;;344,0;;;;;;;;;;;366,1;336,8;;;;;;;;;;
Toronto;;;;;;;;;;;;;;;359,9;;;;;;;;450,3;327,8;;316,3;;;427,4;;;;;;;
Montreal;;;;;;;;;;;;;;;;;;;;;;;;338,6;398,5;;311,5;339,0;;;;;;;;
Boston;;;;;;;;;;;;;;;;;;;;;;;;;;322,2;;349,7;;;;;;;;
NewYork;;;;;;;;;;;;;;;;;;;;;;;;;;318,6;309,5;;;417,2;;;;;;
Pittsburgh;;;;;;;;;;;;;;;;;;;;;;477,0;541,3;;353,7;;;;;413,4;476,9;;;;;
Washington;;;;;;;;;;;;;;;;;;;;;;;;;;;;347,6;436,4;;493,2;;;;;
Raleigh;;;;;;;;;;;;;;;;;;;;;;;;;;;;;448,6;421,4;;;654,8;;;
Atlanta;;;;;;;;;;;;;;;;;;;;;;;;;;;;;;;;;655,4;755,8;984,0;670,2
Charleston;;;;;;;;;;;;;;;;;;;;;;;;;;;;;;;524,2;711,8;;754,6;;
Miami;;;;;;;;;;;;;;;;;;;;;;;;;;;;;;;;751,0;624,7;;906,0;
NewOrleans;;;;;;;;;;;;;;;;;;;1000,0;;1000,0;;;;;;;;;;;1000,0;;1000,0;;
Nashville;;;;;;;;;;;;;;;;;;;;;642,2;483,1;;;;;;;;;;981,3;;;;
Step_36000;Vancouver;Seattle;Calgary;Portland;Helena;SaltLakeCity;SanFrancisco;LosAngeles;LasVegas;Phoenix;SantaFe;Denver;ElPaso;Winnipeg;Duluth;Omaha;KansasCity;OklahomaCity;Houston;Dallas;LittleRock;SaintLouis;Chicago;SaultStMarie;Toronto;Montreal;Boston;NewYork;Pittsburgh;Washington;Raleigh;Atlanta;Charleston;Miami;NewOrleans;Nashville
Vancouver;;305,6;352,5;;;;;;;;;;;;;;;;;;;;;;;;;;;;;;;;;
Seattle;300,8;;320,8;341,1;393,9;;;;;;;;;;;;;;;;;;;;;;;;;;;;;;;
Calgary;285,0;325,1;;;353,1;;;;;;;;;335,0;;;;;;;;;;;;;;;;;;;;;;
Portland;;318,6;;;;377,5;380,0;;;;;;;;;;;;;;;;;;;;;;;;;;;;;
Helena;;344,0;316,4;;;373,4;;;;;;460,0;;327,9;338,6;408,1;;;;;;;;;;;;;;;;;;;;
SaltLakeCity;;;;340,5;349,6;;398,6;;412,5;;;452,3;;;;;;;;;;;;;;;;;;;;;;;;
SanFrancisco;;;;341,8;;374,8;;474,7;;;;;;;;;;;;;;;;;;;;;;;;;;;;
LosAngeles;;;;;;;420,5;;429,9;;;;589,4;;;;;;;;;;;;;;;;;;;;;;;
LasVegas;;;;;;365,3;;505,6;;;;;;;;;;;;;;;;;;;;;;;;;;;;
Phoenix;;;;;;;;;;;;444,8;593,5;;;;;;;;;;;;;;;;;;;;;;;
SantaFe;;;;;;;;;;;;431,4;591,1;;;;;;;;;;;;;;;;;;;;;;;
Denver;;;;;333,4;379,3;;;;513,4;530,9;;;;;422,1;469,4;627,7;;;;;;;;;;;;;;;;;;
ElPaso;;;;;;;;510,2;;512,4;535,0;;;;;;;606,3;747,7;597,2;;;;;;;;;;;;;;;;
Winnipeg;;;315,8;;372,9;;;;;;;;;;340,5;;;;;;;;;343,8;;;;;;;;;;;;
Duluth;;;;;384,1;;;;;;;;;319,9;;;;;;;;;;;356,5;;;;;;;;;;;
Omaha;;;;;370,5;;;;;;;465,8;;;;;;;;;;;457,1;;;;;;;;;;;;;
KansasCity;;;;;;;;;;;;486,2;;;;;;;;;;527,2;;;;;;;;;;;;;;
OklahomaCity;;;;;;;;;;;;484,0;516,4;;;;;;;;790,4;;;;;;;;;;;;;;;
Houston;;;;;;;;;;;;;555,6;;;;;;;;;;;;;;;;;;;;;;902,0;
Dallas;;;;;;;;;;;;;539,3;;;;;;;;653,0;;;;;;;;;;;;;;;
LittleRock;;;;;;;;;;;;;;;;;;556,3;;574,1;;489,5;;;;;;;;;;;;;983,0;623,0
SaintLouis;;;;;;;;;;;;;;;;;478,4;;;;1005,0;;434,3;;;;;;438,9;;;;;;;548,0
Chicago;;;;;;;;;;;;;;;;385,0;;;;;;884,2;;;374,8;;;;467,1;;;;;;;
SaultStMarie;;;;;;;;;;;;;;324,5;;;;;;;;;;;377,1;358,5;;;;;;;;;;
Toronto;;;;;;;;;;;;;;;340,6;;;;;;;;458,4;330,9;;344,8;;;469,3;;;;;;;
Montreal;;;;;;;;;;;;;;;;;;;;;;;;338,0;423,9;;329,3;345,4;;;;;;;;
Boston;;;;;;;;;;;;;;;;;;;;;;;;;;339,8;;370,8;;;;;;;;
NewYork;;;;;;;;;;;;;;;;;;;;;;;;;;340,7;324,7;;;398,9;;;;;;
Pittsburgh;;;;;;;;;;;;;;;;;;;;;;512,3;461,8;;407,2;;;;;427,7;436,7;;;;;
Washington;;;;;;;;;;;;;;;;;;;;;;;;;;;;353,1;471,4;;438,5;;;;;
Raleigh;;;;;;;;;;;;;;;;;;;;;;;;;;;;;470,9;396,2;;;627,0;;;
Atlanta;;;;;;;;;;;;;;;;;;;;;;;;;;;;;;;;;619,8;735,4;904,0;592,2
Charleston;;;;;;;;;;;;;;;;;;;;;;;;;;;;;;;501,8;715,1;;776,6;;
Miami;;;;;;;;;;;;;;;;;;;;;;;;;;;;;;;;761,9;648,7;;906,0;
NewOrleans;;;;;;;;;;;;;;;;;;;1000,0;;1000,0;;;;;;;;;;;1000,0;;1000,0;;
Nashville;;;;;;;;;;;;;;;;;;;;;609,4;458,9;;;;;;;;;;732,1;;;;
Step_40000;Vancouver;Seattle;Calgary;Portland;Helena;SaltLakeCity;SanFrancisco;LosAngeles;LasVegas;Phoenix;SantaFe;Denver;ElPaso;Winnipeg;Duluth;Omaha;KansasCity;OklahomaCity;Houston;Dallas;LittleRock;SaintLouis;Chicago;SaultStMarie;Toronto;Montreal;Boston;NewYork;Pittsburgh;Washington;Raleigh;Atlanta;Charleston;Miami;NewOrleans;Nashville
Vancouver;;321,6;348,1;;;;;;;;;;;;;;;;;;;;;;;;;;;;;;;;;
Seattle;303,1;;317,6;335,6;370,4;;;;;;;;;;;;;;;;;;;;;;;;;;;;;;;
Calgary;302,3;304,0;;;359,7;;;;;;;;;324,3;;;;;;;;;;;;;;;;;;;;;;
Portland;;333,6;;;;384,1;379,7;;;;;;;;;;;;;;;;;;;;;;;;;;;;;
Helena;;317,8;315,4;;;390,6;;;;;;463,5;;333,6;359,4;403,8;;;;;;;;;;;;;;;;;;;;
SaltLakeCity;;;;353,1;397,9;;362,2;;424,2;;;474,0;;;;;;;;;;;;;;;;;;;;;;;;
SanFrancisco;;;;338,5;;418,0;;408,4;;;;;;;;;;;;;;;;;;;;;;;;;;;;
LosAngeles;;;;;;;367,7;;413,8;;;;603,2;;;;;;;;;;;;;;;;;;;;;;;
LasVegas;;;;;;374,9;;512,1;;;;;;;;;;;;;;;;;;;;;;;;;;;;
Phoenix;;;;;;;;;;;;491,5;597,9;;;;;;;;;;;;;;;;;;;;;;;
SantaFe;;;;;;;;;;;;436,5;602,5;;;;;;;;;;;;;;;;;;;;;;;
Denver;;;;;370,7;387,6;;;;527,8;510,2;;;;;409,0;452,5;566,3;;;;;;;;;;;;;;;;;;
ElPaso;;;;;;;;543,1;;536,4;522,2;;;;;;;607,8;791,7;644,9;;;;;;;;;;;;;;;;
Winnipeg;;;326,1;;376,0;;;;;;;;;;343,5;;;;;;;;;341,5;;;;;;;;;;;;
Duluth;;;;;388,3;;;;;;;;;317,5;;;;;;;;;;;390,9;;;;;;;;;;;
Omaha;;;;;333,6;;;;;;;474,6;;;;;;;;;;;435,5;;;;;;;;;;;;;
KansasCity;;;;;;;;;;;;458,1;;;;;;;;;;494,6;;;;;;;;;;;;;;
OklahomaCity;;;;;;;;;;;;441,1;551,9;;;;;;;;727,8;;;;;;;;;;;;;;;
Houston;;;;;;;;;;;;;602,3;;;;;;;;;;;;;;;;;;;;;;902,0;
Dallas;;;;;;;;;;;;;579,9;;;;;;;;733,1;;;;;;;;;;;;;;;
LittleRock;;;;;;;;;;;;;;;;;;582,3;;595,2;;502,9;;;;;;;;;;;;;983,0;672,6
SaintLouis;;;;;;;;;;;;;;;;;438,3;;;;1005,0;;434,1;;;;;;451,7;;;;;;;652,2
Chicago;;;;;;;;;;;;;;;;423,6;;;;;;884,9;;;349,6;;;;461,2;;;;;;;
SaultStMarie;;;;;;;;;;;;;;316,6;;;;;;;;;;;387,0;346,9;;;;;;;;;;
Toronto;;;;;;;;;;;;;;;351,1;;;;;;;;449,0;342,3;;347,7;;;438,8;;;;;;;
Montreal;;;;;;;;;;;;;;;;;;;;;;;;345,7;376,9;;329,4;347,0;;;;;;;;
Boston;;;;;;;;;;;;;;;;;;;;;;;;;;322,0;;376,0;;;;;;;;
NewYork;;;;;;;;;;;;;;;;;;;;;;;;;;350,5;327,9;;;395,1;;;;;;
Pittsburgh;;;;;;;;;;;;;;;;;;;;;;488,0;449,9;;354,4;;;;;435,6;551,6;;;;;
Washington;;;;;;;;;;;;;;;;;;;;;;;;;;;;366,5;421,8;;481,4;;;;;
Raleigh;;;;;;;;;;;;;;;;;;;;;;;;;;;;;458,6;404,3;;;645,8;;;
Atlanta;;;;;;;;;;;;;;;;;;;;;;;;;;;;;;;;;645,7;778,3;904,0;650,8
Charleston;;;;;;;;;;;;;;;;;;;;;;;;;;;;;;;529,7;692,0;;756,6;;
Miami;;;;;;;;;;;;;;;;;;;;;;;;;;;;;;;;755,3;610,5;;906,0;
NewOrleans;;;;;;;;;;;;;;;;;;;1000,0;;1000,0;;;;;;;;;;;1000,0;;1000,0;;
Nashville;;;;;;;;;;;;;;;;;;;;;618,1;549,0;;;;;;;;;;760,2;;;;
Step_4000;Vancouver;Seattle;Calgary;Portland;Helena;SaltLakeCity;SanFrancisco;LosAngeles;LasVegas;Phoenix;SantaFe;Denver;ElPaso;Winnipeg;Duluth;Omaha;KansasCity;OklahomaCity;Houston;Dallas;LittleRock;SaintLouis;Chicago;SaultStMarie;Toronto;Montreal;Boston;NewYork;Pittsburgh;Washington;Raleigh;Atlanta;Charleston;Miami;NewOrleans;Nashville
Vancouver;;113,4;55,4;;;;;;;;;;;;;;;;;;;;;;;;;;;;;;;;;
Seattle;23,8;;36,4;38,8;274,2;;;;;;;;;;;;;;;;;;;;;;;;;;;;;;;
Calgary;37,9;74,7;;;198,7;;;;;;;;;108,1;;;;;;;;;;;;;;;;;;;;;;
Portland;;51,6;;;;200,0;88,8;;;;;;;;;;;;;;;;;;;;;;;;;;;;;
Helena;;154,5;153,0;;;174,1;;;;;;521,0;;184,2;225,5;378,4;;;;;;;;;;;;;;;;;;;;
SaltLakeCity;;;;60,8;275,3;;121,2;;118,3;;;481,2;;;;;;;;;;;;;;;;;;;;;;;;
SanFrancisco;;;;46,1;;207,9;;5,2;;;;;;;;;;;;;;;;;;;;;;;;;;;;
LosAngeles;;;;;;;72,1;;48,0;;;;514,7;;;;;;;;;;;;;;;;;;;;;;;
LasVegas;;;;;;217,2;;24,8;;;;;;;;;;;;;;;;;;;;;;;;;;;;
Phoenix;;;;;;;;;;;;482,2;549,0;;;;;;;;;;;;;;;;;;;;;;;
SantaFe;;;;;;;;;;;;463,8;482,8;;;;;;;;;;;;;;;;;;;;;;;
Denver;;;;;277,7;296,3;;;;424,0;381,6;;;;;381,0;468,3;624,5;;;;;;;;;;;;;;;;;;
ElPaso;;;;;;;;338,0;;424,2;393,3;;;;;;;601,3;712,5;595,5;;;;;;;;;;;;;;;;
Winnipeg;;;130,6;;186,9;;;;;;;;;;274,7;;;;;;;;;189,1;;;;;;;;;;;;
Duluth;;;;;300,3;;;;;;;;;163,7;;;;;;;;;;;323,7;;;;;;;;;;;
Omaha;;;;;369,3;;;;;;;453,9;;;;;;;;;;;391,8;;;;;;;;;;;;;
KansasCity;;;;;;;;;;;;470,1;;;;;;;;;;513,7;;;;;;;;;;;;;;
OklahomaCity;;;;;;;;;;;;428,7;599,7;;;;;;;;790,3;;;;;;;;;;;;;;;
Houston;;;;;;;;;;;;;608,3;;;;;;;;;;;;;;;;;;;;;;902,0;
Dallas;;;;;;;;;;;;;598,6;;;;;;;;735,4;;;;;;;;;;;;;;;
LittleRock;;;;;;;;;;;;;;;;;;551,3;;591,3;;583,7;;;;;;;;;;;;;983,0;579,1
SaintLouis;;;;;;;;;;;;;;;;;454,0;;;;908,6;;395,6;;;;;;463,8;;;;;;;570,6
Chicago;;;;;;;;;;;;;;;;388,3;;;;;;969,6;;;365,1;;;;417,4;;;;;;;
SaultStMarie;;;;;;;;;;;;;;162,6;;;;;;;;;;;344,0;278,6;;;;;;;;;;
Toronto;;;;;;;;;;;;;;;279,0;;;;;;;;395,2;251,4;;256,5;;;450,4;;;;;;;
Montreal;;;;;;;;;;;;;;;;;;;;;;;;273,3;353,9;;241,7;270,8;;;;;;;;
Boston;;;;;;;;;;;;;;;;;;;;;;;;;;271,0;;291,3;;;;;;;;
NewYork;;;;;;;;;;;;;;;;;;;;;;;;;;235,3;251,5;;;399,6;;;;;;
Pittsburgh;;;;;;;;;;;;;;;;;;;;;;563,9;427,9;;365,8;;;;;360,1;497,1;;;;;
Washington;;;;;;;;;;;;;;;;;;;;;;;;;;;;273,2;424,2;;526,2;;;;;
Raleigh;;;;;;;;;;;;;;;;;;;;;;;;;;;;;439,0;341,8;;;653,9;;;
Atlanta;;;;;;;;;;;;;;;;;;;;;;;;;;;;;;;;;635,9;708,1;904,0;597,8
Charleston;;;;;;;;;;;;;;;;;;;;;;;;;;;;;;;510,8;683,9;;752,4;;
Miami;;;;;;;;;;;;;;;;;;;;;;;;;;;;;;;;689,3;606,0;;906,0;
NewOrleans;;;;;;;;;;;;;;;;;;;1000,0;;1000,0;;;;;;;;;;;1000,0;;1000,0;;
Nashville;;;;;;;;;;;;;;;;;;;;;587,9;595,0;;;;;;;;;;617,5;;;;
Step_8000;Vancouver;Seattle;Calgary;Portland;Helena;SaltLakeCity;SanFrancisco;LosAngeles;LasVegas;Phoenix;SantaFe;Denver;ElPaso;Winnipeg;Duluth;Omaha;KansasCity;OklahomaCity;Houston;Dallas;LittleRock;SaintLouis;Chicago;SaultStMarie;Toronto;Montreal;Boston;NewYork;Pittsburgh;Washington;Raleigh;Atlanta;Charleston;Miami;NewOrleans;Nashville
Vancouver;;146,6;55,4;;;;;;;;;;;;;;;;;;;;;;;;;;;;;;;;;
Seattle;57,0;;115,4;162,6;380,8;;;;;;;;;;;;;;;;;;;;;;;;;;;;;;;
Calgary;37,9;154,6;;;318,2;;;;;;;;;187,2;;;;;;;;;;;;;;;;;;;;;;
Portland;;100,0;;;;333,8;207,4;;;;;;;;;;;;;;;;;;;;;;;;;;;;;
Helena;;220,8;239,3;;;363,9;;;;;;491,3;;265,4;300,0;410,8;;;;;;;;;;;;;;;;;;;;
SaltLakeCity;;;;231,6;351,1;;318,8;;281,8;;;470,8;;;;;;;;;;;;;;;;;;;;;;;;
SanFrancisco;;;;163,6;;279,5;;441,6;;;;;;;;;;;;;;;;;;;;;;;;;;;;
LosAngeles;;;;;;;247,4;;274,6;;;;601,4;;;;;;;;;;;;;;;;;;;;;;;
LasVegas;;;;;;371,4;;298,9;;;;;;;;;;;;;;;;;;;;;;;;;;;;
Phoenix;;;;;;;;;;;;443,9;610,5;;;;;;;;;;;;;;;;;;;;;;;
SantaFe;;;;;;;;;;;;450,7;598,9;;;;;;;;;;;;;;;;;;;;;;;
Denver;;;;;357,5;410,5;;;;527,3;525,6;;;;;388,4;498,6;597,2;;;;;;;;;;;;;;;;;;
ElPaso;;;;;;;;461,0;;530,7;516,7;;;;;;;526,0;758,8;613,2;;;;;;;;;;;;;;;;
Winnipeg;;;224,6;;285,3;;;;;;;;;;324,2;;;;;;;;;307,9;;;;;;;;;;;;
Duluth;;;;;382,0;;;;;;;;;258,4;;;;;;;;;;;360,1;;;;;;;;;;;
Omaha;;;;;335,8;;;;;;;467,2;;;;;;;;;;;453,5;;;;;;;;;;;;;
KansasCity;;;;;;;;;;;;472,1;;;;;;;;;;574,2;;;;;;;;;;;;;;
OklahomaCity;;;;;;;;;;;;460,6;590,2;;;;;;;;779,7;;;;;;;;;;;;;;;
Houston;;;;;;;;;;;;;568,6;;;;;;;;;;;;;;;;;;;;;;902,0;
Dallas;;;;;;;;;;;;;563,8;;;;;;;;657,2;;;;;;;;;;;;;;;
LittleRock;;;;;;;;;;;;;;;;;;567,2;;590,5;;553,0;;;;;;;;;;;;;983,0;682,2
SaintLouis;;;;;;;;;;;;;;;;;483,3;;;;906,5;;454,2;;;;;;452,4;;;;;;;614,3
Chicago;;;;;;;;;;;;;;;;410,7;;;;;;969,2;;;389,0;;;;466,4;;;;;;;
SaultStMarie;;;;;;;;;;;;;;282,9;;;;;;;;;;;360,3;318,9;;;;;;;;;;
Toronto;;;;;;;;;;;;;;;322,1;;;;;;;;440,9;306,4;;330,0;;;477,2;;;;;;;
Montreal;;;;;;;;;;;;;;;;;;;;;;;;306,3;382,4;;299,1;358,2;;;;;;;;
Boston;;;;;;;;;;;;;;;;;;;;;;;;;;321,6;;342,4;;;;;;;;
NewYork;;;;;;;;;;;;;;;;;;;;;;;;;;318,8;292,6;;;408,9;;;;;;
Pittsburgh;;;;;;;;;;;;;;;;;;;;;;480,8;569,5;;407,6;;;;;384,4;484,6;;;;;
Washington;;;;;;;;;;;;;;;;;;;;;;;;;;;;352,9;463,6;;515,3;;;;;
Raleigh;;;;;;;;;;;;;;;;;;;;;;;;;;;;;472,3;406,1;;;645,0;;;
Atlanta;;;;;;;;;;;;;;;;;;;;;;;;;;;;;;;;;593,8;775,0;904,0;599,8
Charleston;;;;;;;;;;;;;;;;;;;;;;;;;;;;;;;528,5;725,6;;753,7;;
Miami;;;;;;;;;;;;;;;;;;;;;;;;;;;;;;;;726,4;657,6;;906,0;
NewOrleans;;;;;;;;;;;;;;;;;;;1000,0;;1000,0;;;;;;;;;;;1000,0;;1000,0;;
Nashville;;;;;;;;;;;;;;;;;;;;;713,9;518,9;;;;;;;;;;791,5;;;;
Step_12000;Vancouver;Seattle;Calgary;Portland;Helena;SaltLakeCity;SanFrancisco;LosAngeles;LasVegas;Phoenix;SantaFe;Denver;ElPaso;Winnipeg;Duluth;Omaha;KansasCity;OklahomaCity;Houston;Dallas;LittleRock;SaintLouis;Chicago;SaultStMarie;Toronto;Montreal;Boston;NewYork;Pittsburgh;Washington;Raleigh;Atlanta;Charleston;Miami;NewOrleans;Nashville
Vancouver;;248,2;154,9;;;;;;;;;;;;;;;;;;;;;;;;;;;;;;;;;
Seattle;132,4;;266,8;280,1;318,6;;;;;;;;;;;;;;;;;;;;;;;;;;;;;;;
Calgary;161,8;266,2;;;401,6;;;;;;;;;257,1;;;;;;;;;;;;;;;;;;;;;;
Portland;;215,2;;;;400,0;344,3;;;;;;;;;;;;;;;;;;;;;;;;;;;;;
Helena;;263,7;258,1;;;387,2;;;;;;425,3;;293,8;317,0;388,4;;;;;;;;;;;;;;;;;;;;
SaltLakeCity;;;;266,1;360,0;;417,2;;384,4;;;441,8;;;;;;;;;;;;;;;;;;;;;;;;
SanFrancisco;;;;188,6;;371,2;;506,8;;;;;;;;;;;;;;;;;;;;;;;;;;;;
LosAngeles;;;;;;;407,8;;416,7;;;;611,9;;;;;;;;;;;;;;;;;;;;;;;
LasVegas;;;;;;381,9;;529,7;;;;;;;;;;;;;;;;;;;;;;;;;;;;
Phoenix;;;;;;;;;;;;461,8;596,5;;;;;;;;;;;;;;;;;;;;;;;
SantaFe;;;;;;;;;;;;435,2;587,0;;;;;;;;;;;;;;;;;;;;;;;
Denver;;;;;347,5;348,4;;;;552,2;505,6;;;;;395,8;448,8;524,0;;;;;;;;;;;;;;;;;;
ElPaso;;;;;;;;454,7;;489,0;449,0;;;;;;;590,7;696,1;591,5;;;;;;;;;;;;;;;;
Winnipeg;;;291,1;;287,0;;;;;;;;;;319,3;;;;;;;;;303,0;;;;;;;;;;;;
Duluth;;;;;368,4;;;;;;;;;293,1;;;;;;;;;;;357,4;;;;;;;;;;;
Omaha;;;;;324,1;;;;;;;421,7;;;;;;;;;;;502,9;;;;;;;;;;;;;
KansasCity;;;;;;;;;;;;459,2;;;;;;;;;;545,4;;;;;;;;;;;;;;
OklahomaCity;;;;;;;;;;;;424,4;607,5;;;;;;;;729,6;;;;;;;;;;;;;;;
Houston;;;;;;;;;;;;;590,7;;;;;;;;;;;;;;;;;;;;;;902,0;
Dallas;;;;;;;;;;;;;615,9;;;;;;;;682,0;;;;;;;;;;;;;;;
LittleRock;;;;;;;;;;;;;;;;;;588,6;;580,4;;584,3;;;;;;;;;;;;;983,0;603,0
SaintLouis;;;;;;;;;;;;;;;;;470,1;;;;910,3;;439,7;;;;;;428,2;;;;;;;600,0
Chicago;;;;;;;;;;;;;;;;376,1;;;;;;890,6;;;365,7;;;;450,8;;;;;;;
SaultStMarie;;;;;;;;;;;;;;287,7;;;;;;;;;;;338,8;309,3;;;;;;;;;;
Toronto;;;;;;;;;;;;;;;308,2;;;;;;;;425,3;301,2;;309,7;;;421,6;;;;;;;
Montreal;;;;;;;;;;;;;;;;;;;;;;;;317,4;369,7;;313,3;333,7;;;;;;;;
Boston;;;;;;;;;;;;;;;;;;;;;;;;;;306,1;;332,4;;;;;;;;
NewYork;;;;;;;;;;;;;;;;;;;;;;;;;;321,7;301,0;;;475,5;;;;;;
Pittsburgh;;;;;;;;;;;;;;;;;;;;;;608,4;457,7;;357,5;;;;;447,2;519,0;;;;;
Washington;;;;;;;;;;;;;;;;;;;;;;;;;;;;337,5;477,3;;568,5;;;;;
Raleigh;;;;;;;;;;;;;;;;;;;;;;;;;;;;;473,1;458,2;;;659,8;;;
Atlanta;;;;;;;;;;;;;;;;;;;;;;;;;;;;;;;;;677,3;747,5;904,0;647,9
Charleston;;;;;;;;;;;;;;;;;;;;;;;;;;;;;;;567,9;741,2;;748,0;;
Miami;;;;;;;;;;;;;;;;;;;;;;;;;;;;;;;;776,5;666,8;;906,0;
NewOrleans;;;;;;;;;;;;;;;;;;;1000,0;;1000,0;;;;;;;;;;;1000,0;;1000,0;;
Nashville;;;;;;;;;;;;;;;;;;;;;676,4;561,1;;;;;;;;;;726,8;;;;
Step_16000;Vancouver;Seattle;Calgary;Portland;Helena;SaltLakeCity;SanFrancisco;LosAngeles;LasVegas;Phoenix;SantaFe;Denver;ElPaso;Winnipeg;Duluth;Omaha;KansasCity;OklahomaCity;Houston;Dallas;LittleRock;SaintLouis;Chicago;SaultStMarie;Toronto;Montreal;Boston;NewYork;Pittsburgh;Washington;Raleigh;Atlanta;Charleston;Miami;NewOrleans;Nashville
Vancouver;;267,5;194,7;;;;;;;;;;;;;;;;;;;;;;;;;;;;;;;;;
Seattle;220,8;;306,8;322,2;386,9;;;;;;;;;;;;;;;;;;;;;;;;;;;;;;;
Calgary;198,2;315,1;;;368,2;;;;;;;;;279,4;;;;;;;;;;;;;;;;;;;;;;
Portland;;313,6;;;;368,2;423,2;;;;;;;;;;;;;;;;;;;;;;;;;;;;;
Helena;;278,1;306,0;;;344,0;;;;;;469,6;;321,7;326,9;422,2;;;;;;;;;;;;;;;;;;;;
SaltLakeCity;;;;320,1;347,6;;364,0;;371,5;;;396,7;;;;;;;;;;;;;;;;;;;;;;;;
SanFrancisco;;;;355,6;;380,5;;512,6;;;;;;;;;;;;;;;;;;;;;;;;;;;;
LosAngeles;;;;;;;399,8;;400,0;;;;626,2;;;;;;;;;;;;;;;;;;;;;;;
LasVegas;;;;;;366,7;;458,0;;;;;;;;;;;;;;;;;;;;;;;;;;;;
Phoenix;;;;;;;;;;;;498,3;543,9;;;;;;;;;;;;;;;;;;;;;;;
SantaFe;;;;;;;;;;;;435,9;614,0;;;;;;;;;;;;;;;;;;;;;;;
Denver;;;;;335,0;327,5;;;;494,4;510,2;;;;;388,7;450,6;590,9;;;;;;;;;;;;;;;;;;
ElPaso;;;;;;;;470,9;;502,8;487,1;;;;;;;588,2;685,5;562,5;;;;;;;;;;;;;;;;
Winnipeg;;;319,6;;357,7;;;;;;;;;;330,5;;;;;;;;;308,9;;;;;;;;;;;;
Duluth;;;;;332,6;;;;;;;;;319,3;;;;;;;;;;;369,9;;;;;;;;;;;
Omaha;;;;;388,4;;;;;;;438,7;;;;;;;;;;;487,2;;;;;;;;;;;;;
KansasCity;;;;;;;;;;;;473,3;;;;;;;;;;517,6;;;;;;;;;;;;;;
OklahomaCity;;;;;;;;;;;;456,7;582,3;;;;;;;;732,0;;;;;;;;;;;;;;;
Houston;;;;;;;;;;;;;605,7;;;;;;;;;;;;;;;;;;;;;;902,0;
Dallas;;;;;;;;;;;;;585,1;;;;;;;;765,0;;;;;;;;;;;;;;;
LittleRock;;;;;;;;;;;;;;;;;;583,2;;647,7;;516,0;;;;;;;;;;;;;983,0;593,5
SaintLouis;;;;;;;;;;;;;;;;;453,1;;;;981,3;;564,3;;;;;;468,8;;;;;;;590,4
Chicago;;;;;;;;;;;;;;;;423,8;;;;;;907,6;;;392,4;;;;458,5;;;;;;;
SaultStMarie;;;;;;;;;;;;;;309,9;;;;;;;;;;;385,8;315,3;;;;;;;;;;
Toronto;;;;;;;;;;;;;;;317,4;;;;;;;;462,3;308,1;;322,5;;;434,4;;;;;;;
Montreal;;;;;;;;;;;;;;;;;;;;;;;;319,6;383,6;;308,2;337,4;;;;;;;;
Boston;;;;;;;;;;;;;;;;;;;;;;;;;;335,6;;335,4;;;;;;;;
NewYork;;;;;;;;;;;;;;;;;;;;;;;;;;320,8;304,5;;;404,4;;;;;;
Pittsburgh;;;;;;;;;;;;;;;;;;;;;;469,3;540,2;;375,7;;;;;410,6;589,2;;;;;
Washington;;;;;;;;;;;;;;;;;;;;;;;;;;;;327,9;455,1;;549,1;;;;;
Raleigh;;;;;;;;;;;;;;;;;;;;;;;;;;;;;455,0;384,5;;;697,6;;;
Atlanta;;;;;;;;;;;;;;;;;;;;;;;;;;;;;;;;;625,6;718,7;904,0;596,7
Charleston;;;;;;;;;;;;;;;;;;;;;;;;;;;;;;;544,9;752,4;;785,7;;
Miami;;;;;;;;;;;;;;;;;;;;;;;;;;;;;;;;737,6;685,6;;906,0;
NewOrleans;;;;;;;;;;;;;;;;;;;1000,0;;1000,0;;;;;;;;;;;1000,0;;1000,0;;
Nashville;;;;;;;;;;;;;;;;;;;;;630,7;532,0;;;;;;;;;;691,3;;;;
Step_20000;Vancouver;Seattle;Calgary;Portland;Helena;SaltLakeCity;SanFrancisco;LosAngeles;LasVegas;Phoenix;SantaFe;Denver;ElPaso;Winnipeg;Duluth;Omaha;KansasCity;OklahomaCity;Houston;Dallas;LittleRock;SaintLouis;Chicago;SaultStMarie;Toronto;Montreal;Boston;NewYork;Pittsburgh;Washington;Raleigh;Atlanta;Charleston;Miami;NewOrleans;Nashville
Vancouver;;298,9;225,7;;;;;;;;;;;;;;;;;;;;;;;;;;;;;;;;;
Seattle;232,9;;313,1;334,4;374,8;;;;;;;;;;;;;;;;;;;;;;;;;;;;;;;
Calgary;220,9;300,7;;;383,3;;;;;;;;;289,5;;;;;;;;;;;;;;;;;;;;;;
Portland;;307,3;;;;397,6;352,9;;;;;;;;;;;;;;;;;;;;;;;;;;;;;
Helena;;319,2;305,7;;;395,2;;;;;;474,2;;334,2;347,7;397,6;;;;;;;;;;;;;;;;;;;;
SaltLakeCity;;;;350,5;367,2;;404,8;;379,2;;;469,2;;;;;;;;;;;;;;;;;;;;;;;;
SanFrancisco;;;;347,1;;419,2;;450,3;;;;;;;;;;;;;;;;;;;;;;;;;;;;
LosAngeles;;;;;;;382,4;;387,9;;;;545,2;;;;;;;;;;;;;;;;;;;;;;;
LasVegas;;;;;;390,7;;480,4;;;;;;;;;;;;;;;;;;;;;;;;;;;;
Phoenix;;;;;;;;;;;;477,2;590,1;;;;;;;;;;;;;;;;;;;;;;;
SantaFe;;;;;;;;;;;;461,9;629,0;;;;;;;;;;;;;;;;;;;;;;;
Denver;;;;;402,4;379,0;;;;519,2;506,0;;;;;430,4;481,4;639,5;;;;;;;;;;;;;;;;;;
ElPaso;;;;;;;;483,5;;482,8;514,2;;;;;;;530,6;791,8;579,0;;;;;;;;;;;;;;;;
Winnipeg;;;297,4;;401,9;;;;;;;;;;344,4;;;;;;;;;344,6;;;;;;;;;;;;
Duluth;;;;;373,5;;;;;;;;;330,8;;;;;;;;;;;391,9;;;;;;;;;;;
Omaha;;;;;377,1;;;;;;;448,7;;;;;;;;;;;448,5;;;;;;;;;;;;;
KansasCity;;;;;;;;;;;;476,3;;;;;;;;;;524,4;;;;;;;;;;;;;;
OklahomaCity;;;;;;;;;;;;494,0;598,4;;;;;;;;731,3;;;;;;;;;;;;;;;
Houston;;;;;;;;;;;;;643,1;;;;;;;;;;;;;;;;;;;;;;902,0;
Dallas;;;;;;;;;;;;;572,6;;;;;;;;666,1;;;;;;;;;;;;;;;
LittleRock;;;;;;;;;;;;;;;;;;637,1;;571,2;;516,6;;;;;;;;;;;;;903,0;632,1
SaintLouis;;;;;;;;;;;;;;;;;465,1;;;;607,0;;461,9;;;;;;478,1;;;;;;;1007,0
Chicago;;;;;;;;;;;;;;;;388,9;;;;;;1009,0;;;392,1;;;;462,2;;;;;;;
SaultStMarie;;;;;;;;;;;;;;335,3;;;;;;;;;;;404,7;349,4;;;;;;;;;;
Toronto;;;;;;;;;;;;;;;331,1;;;;;;;;437,4;331,5;;329,6;;;479,3;;;;;;;
Montreal;;;;;;;;;;;;;;;;;;;;;;;;324,5;391,5;;323,6;370,4;;;;;;;;
Boston;;;;;;;;;;;;;;;;;;;;;;;;;;336,6;;388,8;;;;;;;;
NewYork;;;;;;;;;;;;;;;;;;;;;;;;;;346,5;324,9;;;488,5;;;;;;
Pittsburgh;;;;;;;;;;;;;;;;;;;;;;540,0;472,0;;413,3;;;;;410,7;513,9;;;;;
Washington;;;;;;;;;;;;;;;;;;;;;;;;;;;;338,5;505,8;;559,7;;;;;
Raleigh;;;;;;;;;;;;;;;;;;;;;;;;;;;;;463,0;455,7;;;655,4;;;
Atlanta;;;;;;;;;;;;;;;;;;;;;;;;;;;;;;;;;686,0;726,4;1004,0;627,0
Charleston;;;;;;;;;;;;;;;;;;;;;;;;;;;;;;;585,4;703,7;;790,8;;
Miami;;;;;;;;;;;;;;;;;;;;;;;;;;;;;;;;762,2;641,1;;906,0;
NewOrleans;;;;;;;;;;;;;;;;;;;1000,0;;1000,0;;;;;;;;;;;1000,0;;1000,0;;
Nashville;;;;;;;;;;;;;;;;;;;;;717,5;550,8;;;;;;;;;;1005,0;;;;
Step_24000;Vancouver;Seattle;Calgary;Portland;Helena;SaltLakeCity;SanFrancisco;LosAngeles;LasVegas;Phoenix;SantaFe;Denver;ElPaso;Winnipeg;Duluth;Omaha;KansasCity;OklahomaCity;Houston;Dallas;LittleRock;SaintLouis;Chicago;SaultStMarie;Toronto;Montreal;Boston;NewYork;Pittsburgh;Washington;Raleigh;Atlanta;Charleston;Miami;NewOrleans;Nashville
Vancouver;;308,7;278,3;;;;;;;;;;;;;;;;;;;;;;;;;;;;;;;;;
Seattle;240,2;;313,1;349,7;348,7;;;;;;;;;;;;;;;;;;;;;;;;;;;;;;;
Calgary;220,9;304,1;;;386,9;;;;;;;;;322,3;;;;;;;;;;;;;;;;;;;;;;
Portland;;296,6;;;;410,2;373,3;;;;;;;;;;;;;;;;;;;;;;;;;;;;;
Helena;;322,7;303,3;;;382,5;;;;;;418,8;;359,9;358,6;422,7;;;;;;;;;;;;;;;;;;;;
SaltLakeCity;;;;332,8;376,9;;386,1;;410,8;;;445,7;;;;;;;;;;;;;;;;;;;;;;;;
SanFrancisco;;;;358,3;;416,7;;480,3;;;;;;;;;;;;;;;;;;;;;;;;;;;;
LosAngeles;;;;;;;395,6;;438,8;;;;576,7;;;;;;;;;;;;;;;;;;;;;;;
LasVegas;;;;;;406,9;;455,9;;;;;;;;;;;;;;;;;;;;;;;;;;;;
Phoenix;;;;;;;;;;;;495,7;604,6;;;;;;;;;;;;;;;;;;;;;;;
SantaFe;;;;;;;;;;;;485,3;620,8;;;;;;;;;;;;;;;;;;;;;;;
Denver;;;;;369,3;368,9;;;;507,4;509,5;;;;;389,0;456,5;581,3;;;;;;;;;;;;;;;;;;
ElPaso;;;;;;;;462,5;;533,0;506,8;;;;;;;609,2;739,1;557,3;;;;;;;;;;;;;;;;
Winnipeg;;;293,9;;404,0;;;;;;;;;;352,7;;;;;;;;;344,7;;;;;;;;;;;;
Duluth;;;;;371,0;;;;;;;;;361,4;;;;;;;;;;;401,0;;;;;;;;;;;
Omaha;;;;;349,8;;;;;;;414,1;;;;;;;;;;;531,0;;;;;;;;;;;;;
KansasCity;;;;;;;;;;;;476,3;;;;;;;;;;615,9;;;;;;;;;;;;;;
OklahomaCity;;;;;;;;;;;;439,5;626,1;;;;;;;;703,3;;;;;;;;;;;;;;;
Houston;;;;;;;;;;;;;594,8;;;;;;;;;;;;;;;;;;;;;;902,0;
Dallas;;;;;;;;;;;;;592,0;;;;;;;;776,3;;;;;;;;;;;;;;;
LittleRock;;;;;;;;;;;;;;;;;;642,5;;632,6;;538,9;;;;;;;;;;;;;983,0;625,8
SaintLouis;;;;;;;;;;;;;;;;;478,1;;;;901,4;;456,8;;;;;;457,1;;;;;;;631,8
Chicago;;;;;;;;;;;;;;;;404,2;;;;;;968,3;;;343,1;;;;459,3;;;;;;;
SaultStMarie;;;;;;;;;;;;;;353,4;;;;;;;;;;;352,3;314,6;;;;;;;;;;
Toronto;;;;;;;;;;;;;;;357,2;;;;;;;;417,1;321,6;;324,2;;;458,2;;;;;;;
Montreal;;;;;;;;;;;;;;;;;;;;;;;;337,0;368,8;;311,0;375,9;;;;;;;;
Boston;;;;;;;;;;;;;;;;;;;;;;;;;;329,7;;327,6;;;;;;;;
NewYork;;;;;;;;;;;;;;;;;;;;;;;;;;333,1;315,3;;;404,6;;;;;;
Pittsburgh;;;;;;;;;;;;;;;;;;;;;;605,4;443,1;;367,0;;;;;429,8;454,9;;;;;
Washington;;;;;;;;;;;;;;;;;;;;;;;;;;;;354,0;481,8;;513,7;;;;;
Raleigh;;;;;;;;;;;;;;;;;;;;;;;;;;;;;472,1;442,1;;;640,5;;;
Atlanta;;;;;;;;;;;;;;;;;;;;;;;;;;;;;;;;;661,9;780,4;904,0;636,6
Charleston;;;;;;;;;;;;;;;;;;;;;;;;;;;;;;;558,6;731,8;;695,5;;
Miami;;;;;;;;;;;;;;;;;;;;;;;;;;;;;;;;740,0;671,3;;906,0;
NewOrleans;;;;;;;;;;;;;;;;;;;1000,0;;1000,0;;;;;;;;;;;1000,0;;1000,0;;
Nashville;;;;;;;;;;;;;;;;;;;;;766,5;620,1;;;;;;;;;;732,6;;;;
Step_28000;Vancouver;Seattle;Calgary;Portland;Helena;SaltLakeCity;SanFrancisco;LosAngeles;LasVegas;Phoenix;SantaFe;Denver;ElPaso;Winnipeg;Duluth;Omaha;KansasCity;OklahomaCity;Houston;Dallas;LittleRock;SaintLouis;Chicago;SaultStMarie;Toronto;Montreal;Boston;NewYork;Pittsburgh;Washington;Raleigh;Atlanta;Charleston;Miami;NewOrleans;Nashville
Vancouver;;323,5;282,8;;;;;;;;;;;;;;;;;;;;;;;;;;;;;;;;;
Seattle;272,9;;335,0;359,1;390,7;;;;;;;;;;;;;;;;;;;;;;;;;;;;;;;
Calgary;274,4;324,5;;;398,5;;;;;;;;;331,2;;;;;;;;;;;;;;;;;;;;;;
Portland;;329,2;;;;388,9;434,4;;;;;;;;;;;;;;;;;;;;;;;;;;;;;
Helena;;337,8;310,5;;;398,8;;;;;;485,2;;328,9;333,1;417,6;;;;;;;;;;;;;;;;;;;;
SaltLakeCity;;;;350,0;367,6;;394,2;;403,3;;;473,7;;;;;;;;;;;;;;;;;;;;;;;;
SanFrancisco;;;;342,5;;405,5;;527,6;;;;;;;;;;;;;;;;;;;;;;;;;;;;
LosAngeles;;;;;;;411,7;;413,8;;;;638,4;;;;;;;;;;;;;;;;;;;;;;;
LasVegas;;;;;;398,2;;485,6;;;;;;;;;;;;;;;;;;;;;;;;;;;;
Phoenix;;;;;;;;;;;;497,5;579,5;;;;;;;;;;;;;;;;;;;;;;;
SantaFe;;;;;;;;;;;;473,9;652,7;;;;;;;;;;;;;;;;;;;;;;;
Denver;;;;;410,2;402,2;;;;508,1;524,5;;;;;421,0;474,5;580,3;;;;;;;;;;;;;;;;;;
ElPaso;;;;;;;;463,6;;517,4;490,1;;;;;;;580,6;752,2;639,7;;;;;;;;;;;;;;;;
Winnipeg;;;316,0;;364,1;;;;;;;;;;331,3;;;;;;;;;332,5;;;;;;;;;;;;
Duluth;;;;;391,1;;;;;;;;;341,3;;;;;;;;;;;338,4;;;;;;;;;;;
Omaha;;;;;392,0;;;;;;;468,0;;;;;;;;;;;450,7;;;;;;;;;;;;;
KansasCity;;;;;;;;;;;;454,8;;;;;;;;;;514,6;;;;;;;;;;;;;;
OklahomaCity;;;;;;;;;;;;492,6;540,8;;;;;;;;616,2;;;;;;;;;;;;;;;
Houston;;;;;;;;;;;;;585,5;;;;;;;;;;;;;;;;;;;;;;902,0;
Dallas;;;;;;;;;;;;;594,7;;;;;;;;718,5;;;;;;;;;;;;;;;
LittleRock;;;;;;;;;;;;;;;;;;549,9;;607,3;;584,3;;;;;;;;;;;;;1003,0;614,2
SaintLouis;;;;;;;;;;;;;;;;;454,3;;;;913,7;;443,6;;;;;;467,7;;;;;;;588,0
Chicago;;;;;;;;;;;;;;;;423,4;;;;;;970,5;;;391,7;;;;416,8;;;;;;;
SaultStMarie;;;;;;;;;;;;;;330,7;;;;;;;;;;;320,6;322,4;;;;;;;;;;
Toronto;;;;;;;;;;;;;;;330,9;;;;;;;;435,5;307,2;;314,9;;;441,9;;;;;;;
Montreal;;;;;;;;;;;;;;;;;;;;;;;;327,4;377,2;;321,1;356,3;;;;;;;;
Boston;;;;;;;;;;;;;;;;;;;;;;;;;;316,6;;369,5;;;;;;;;
NewYork;;;;;;;;;;;;;;;;;;;;;;;;;;318,9;309,8;;;427,2;;;;;;
Pittsburgh;;;;;;;;;;;;;;;;;;;;;;559,5;442,0;;360,7;;;;;411,5;509,5;;;;;
Washington;;;;;;;;;;;;;;;;;;;;;;;;;;;;364,4;464,1;;454,4;;;;;
Raleigh;;;;;;;;;;;;;;;;;;;;;;;;;;;;;459,8;383,1;;;643,3;;;
Atlanta;;;;;;;;;;;;;;;;;;;;;;;;;;;;;;;;;621,6;753,5;904,0;609,6
Charleston;;;;;;;;;;;;;;;;;;;;;;;;;;;;;;;524,3;733,2;;702,0;;
Miami;;;;;;;;;;;;;;;;;;;;;;;;;;;;;;;;700,3;536,7;;906,0;
NewOrleans;;;;;;;;;;;;;;;;;;;1000,0;;1000,0;;;;;;;;;;;1000,0;;1000,0;;
Nashville;;;;;;;;;;;;;;;;;;;;;707,6;563,0;;;;;;;;;;783,3;;;;
Step_32000;Vancouver;Seattle;Calgary;Portland;Helena;SaltLakeCity;SanFrancisco;LosAngeles;LasVegas;Phoenix;SantaFe;Denver;ElPaso;Winnipeg;Duluth;Omaha;KansasCity;OklahomaCity;Houston;Dallas;LittleRock;SaintLouis;Chicago;SaultStMarie;Toronto;Montreal;Boston;NewYork;Pittsburgh;Washington;Raleigh;Atlanta;Charleston;Miami;NewOrleans;Nashville
Vancouver;;306,0;293,6;;;;;;;;;;;;;;;;;;;;;;;;;;;;;;;;;
Seattle;284,1;;334,6;340,4;379,1;;;;;;;;;;;;;;;;;;;;;;;;;;;;;;;
Calgary;282,5;330,2;;;397,0;;;;;;;;;327,0;;;;;;;;;;;;;;;;;;;;;;
Portland;;339,9;;;;385,9;367,9;;;;;;;;;;;;;;;;;;;;;;;;;;;;;
Helena;;315,2;327,7;;;381,5;;;;;;502,0;;327,9;338,5;397,5;;;;;;;;;;;;;;;;;;;;
SaltLakeCity;;;;349,5;384,7;;426,0;;406,3;;;447,0;;;;;;;;;;;;;;;;;;;;;;;;
SanFrancisco;;;;351,0;;387,2;;512,6;;;;;;;;;;;;;;;;;;;;;;;;;;;;
LosAngeles;;;;;;;419,3;;402,2;;;;590,0;;;;;;;;;;;;;;;;;;;;;;;
LasVegas;;;;;;381,2;;460,6;;;;;;;;;;;;;;;;;;;;;;;;;;;;
Phoenix;;;;;;;;;;;;445,0;598,1;;;;;;;;;;;;;;;;;;;;;;;
SantaFe;;;;;;;;;;;;469,3;622,9;;;;;;;;;;;;;;;;;;;;;;;
Denver;;;;;394,4;402,8;;;;512,3;546,7;;;;;431,7;478,1;508,2;;;;;;;;;;;;;;;;;;
ElPaso;;;;;;;;489,6;;515,0;527,1;;;;;;;552,1;755,0;607,3;;;;;;;;;;;;;;;;
Winnipeg;;;324,7;;383,0;;;;;;;;;;350,3;;;;;;;;;325,1;;;;;;;;;;;;
Duluth;;;;;330,9;;;;;;;;;331,6;;;;;;;;;;;389,3;;;;;;;;;;;
Omaha;;;;;384,0;;;;;;;470,8;;;;;;;;;;;448,9;;;;;;;;;;;;;
KansasCity;;;;;;;;;;;;439,7;;;;;;;;;;565,9;;;;;;;;;;;;;;
OklahomaCity;;;;;;;;;;;;450,9;621,7;;;;;;;;671,6;;;;;;;;;;;;;;;
Houston;;;;;;;;;;;;;588,9;;;;;;;;;;;;;;;;;;;;;;902,0;
Dallas;;;;;;;;;;;;;644,2;;;;;;;;767,4;;;;;;;;;;;;;;;
LittleRock;;;;;;;;;;;;;;;;;;606,2;;635,7;;536,0;;;;;;;;;;;;;903,0;615,6
SaintLouis;;;;;;;;;;;;;;;;;486,6;;;;638,6;;429,3;;;;;;453,2;;;;;;;1007,0
Chicago;;;;;;;;;;;;;;;;414,5;;;;;;1009,0;;;400,2;;;;457,3;;;;;;;
SaultStMarie;;;;;;;;;;;;;;321,2;;;;;;;;;;;380,5;306,6;;;;;;;;;;
Toronto;;;;;;;;;;;;;;;341,6;;;;;;;;442,8;325,9;;317,5;;;452,2;;;;;;;
Montreal;;;;;;;;;;;;;;;;;;;;;;;;317,9;382,5;;314,2;330,3;;;;;;;;
Boston;;;;;;;;;;;;;;;;;;;;;;;;;;315,9;;357,0;;;;;;;;
NewYork;;;;;;;;;;;;;;;;;;;;;;;;;;325,9;315,2;;;424,2;;;;;;
Pittsburgh;;;;;;;;;;;;;;;;;;;;;;523,0;464,7;;391,0;;;;;413,4;463,9;;;;;
Washington;;;;;;;;;;;;;;;;;;;;;;;;;;;;361,9;437,0;;587,3;;;;;
Raleigh;;;;;;;;;;;;;;;;;;;;;;;;;;;;;432,6;460,0;;;696,2;;;
Atlanta;;;;;;;;;;;;;;;;;;;;;;;;;;;;;;;;;667,5;744,5;984,0;589,8
Charleston;;;;;;;;;;;;;;;;;;;;;;;;;;;;;;;496,8;818,6;;704,9;;
Miami;;;;;;;;;;;;;;;;;;;;;;;;;;;;;;;;752,5;663,5;;906,0;
NewOrleans;;;;;;;;;;;;;;;;;;;1000,0;;1000,0;;;;;;;;;;;1000,0;;1000,0;;
Nashville;;;;;;;;;;;;;;;;;;;;;674,0;574,7;;;;;;;;;;1005,0;;;;
Step_36000;Vancouver;Seattle;Calgary;Portland;Helena;SaltLakeCity;SanFrancisco;LosAngeles;LasVegas;Phoenix;SantaFe;Denver;ElPaso;Winnipeg;Duluth;Omaha;KansasCity;OklahomaCity;Houston;Dallas;LittleRock;SaintLouis;Chicago;SaultStMarie;Toronto;Montreal;Boston;NewYork;Pittsburgh;Washington;Raleigh;Atlanta;Charleston;Miami;NewOrleans;Nashville
Vancouver;;285,9;293,6;;;;;;;;;;;;;;;;;;;;;;;;;;;;;;;;;
Seattle;283,0;;319,4;344,5;410,6;;;;;;;;;;;;;;;;;;;;;;;;;;;;;;;
Calgary;274,7;334,9;;;392,3;;;;;;;;;334,7;;;;;;;;;;;;;;;;;;;;;;
Portland;;338,9;;;;394,1;416,7;;;;;;;;;;;;;;;;;;;;;;;;;;;;;
Helena;;358,5;324,1;;;405,2;;;;;;495,0;;348,9;350,0;411,8;;;;;;;;;;;;;;;;;;;;
SaltLakeCity;;;;347,7;398,0;;440,8;;425,2;;;447,5;;;;;;;;;;;;;;;;;;;;;;;;
SanFrancisco;;;;344,4;;387,5;;512,8;;;;;;;;;;;;;;;;;;;;;;;;;;;;
LosAngeles;;;;;;;423,4;;407,2;;;;525,3;;;;;;;;;;;;;;;;;;;;;;;
LasVegas;;;;;;376,5;;480,6;;;;;;;;;;;;;;;;;;;;;;;;;;;;
Phoenix;;;;;;;;;;;;468,5;589,7;;;;;;;;;;;;;;;;;;;;;;;
SantaFe;;;;;;;;;;;;518,7;622,2;;;;;;;;;;;;;;;;;;;;;;;
Denver;;;;;382,8;393,2;;;;516,9;533,7;;;;;430,7;477,5;577,4;;;;;;;;;;;;;;;;;;
ElPaso;;;;;;;;453,7;;514,1;533,5;;;;;;;516,0;802,9;617,3;;;;;;;;;;;;;;;;
Winnipeg;;;323,4;;398,5;;;;;;;;;;354,6;;;;;;;;;318,3;;;;;;;;;;;;
Duluth;;;;;387,8;;;;;;;;;343,8;;;;;;;;;;;386,9;;;;;;;;;;;
Omaha;;;;;384,7;;;;;;;502,9;;;;;;;;;;;435,7;;;;;;;;;;;;;
KansasCity;;;;;;;;;;;;510,5;;;;;;;;;;591,4;;;;;;;;;;;;;;
OklahomaCity;;;;;;;;;;;;434,0;555,5;;;;;;;;666,5;;;;;;;;;;;;;;;
Houston;;;;;;;;;;;;;637,9;;;;;;;;;;;;;;;;;;;;;;902,0;
Dallas;;;;;;;;;;;;;646,3;;;;;;;;703,5;;;;;;;;;;;;;;;
LittleRock;;;;;;;;;;;;;;;;;;610,9;;643,6;;635,9;;;;;;;;;;;;;983,0;630,1
SaintLouis;;;;;;;;;;;;;;;;;516,9;;;;918,9;;459,1;;;;;;496,3;;;;;;;630,7
Chicago;;;;;;;;;;;;;;;;426,6;;;;;;971,4;;;391,5;;;;441,2;;;;;;;
SaultStMarie;;;;;;;;;;;;;;332,7;;;;;;;;;;;362,2;337,5;;;;;;;;;;
Toronto;;;;;;;;;;;;;;;355,0;;;;;;;;445,2;312,8;;348,0;;;434,6;;;;;;;
Montreal;;;;;;;;;;;;;;;;;;;;;;;;339,0;413,7;;322,1;338,4;;;;;;;;
Boston;;;;;;;;;;;;;;;;;;;;;;;;;;347,2;;338,0;;;;;;;;
NewYork;;;;;;;;;;;;;;;;;;;;;;;;;;329,1;319,6;;;411,3;;;;;;
Pittsburgh;;;;;;;;;;;;;;;;;;;;;;514,8;462,9;;375,8;;;;;415,1;489,4;;;;;
Washington;;;;;;;;;;;;;;;;;;;;;;;;;;;;357,0;495,9;;462,1;;;;;
Raleigh;;;;;;;;;;;;;;;;;;;;;;;;;;;;;469,7;428,5;;;624,9;;;
Atlanta;;;;;;;;;;;;;;;;;;;;;;;;;;;;;;;;;676,3;805,2;904,0;622,6
Charleston;;;;;;;;;;;;;;;;;;;;;;;;;;;;;;;536,9;752,6;;731,1;;
Miami;;;;;;;;;;;;;;;;;;;;;;;;;;;;;;;;734,0;673,9;;906,0;
NewOrleans;;;;;;;;;;;;;;;;;;;1000,0;;1000,0;;;;;;;;;;;1000,0;;1000,0;;
Nashville;;;;;;;;;;;;;;;;;;;;;684,4;563,4;;;;;;;;;;762,0;;;;
Step_40000;Vancouver;Seattle;Calgary;Portland;Helena;SaltLakeCity;SanFrancisco;LosAngeles;LasVegas;Phoenix;SantaFe;Denver;ElPaso;Winnipeg;Duluth;Omaha;KansasCity;OklahomaCity;Houston;Dallas;LittleRock;SaintLouis;Chicago;SaultStMarie;Toronto;Montreal;Boston;NewYork;Pittsburgh;Washington;Raleigh;Atlanta;Charleston;Miami;NewOrleans;Nashville
Vancouver;;326,4;293,6;;;;;;;;;;;;;;;;;;;;;;;;;;;;;;;;;
Seattle;282,7;;353,9;350,6;359,1;;;;;;;;;;;;;;;;;;;;;;;;;;;;;;;
Calgary;286,6;333,0;;;374,0;;;;;;;;;329,2;;;;;;;;;;;;;;;;;;;;;;
Portland;;338,8;;;;424,6;424,3;;;;;;;;;;;;;;;;;;;;;;;;;;;;;
Helena;;340,2;347,1;;;413,6;;;;;;436,5;;322,4;343,7;427,7;;;;;;;;;;;;;;;;;;;;
SaltLakeCity;;;;347,3;372,4;;380,9;;445,1;;;500,9;;;;;;;;;;;;;;;;;;;;;;;;
SanFrancisco;;;;382,4;;424,2;;479,3;;;;;;;;;;;;;;;;;;;;;;;;;;;;
LosAngeles;;;;;;;404,3;;444,9;;;;622,6;;;;;;;;;;;;;;;;;;;;;;;
LasVegas;;;;;;389,2;;509,3;;;;;;;;;;;;;;;;;;;;;;;;;;;;
Phoenix;;;;;;;;;;;;481,0;649,7;;;;;;;;;;;;;;;;;;;;;;;
SantaFe;;;;;;;;;;;;484,4;579,4;;;;;;;;;;;;;;;;;;;;;;;
Denver;;;;;371,3;410,6;;;;529,6;532,0;;;;;408,2;475,3;541,1;;;;;;;;;;;;;;;;;;
ElPaso;;;;;;;;466,8;;533,3;537,7;;;;;;;532,3;659,2;614,9;;;;;;;;;;;;;;;;
Winnipeg;;;312,0;;393,5;;;;;;;;;;346,2;;;;;;;;;343,7;;;;;;;;;;;;
Duluth;;;;;363,7;;;;;;;;;329,8;;;;;;;;;;;359,1;;;;;;;;;;;
Omaha;;;;;392,2;;;;;;;467,7;;;;;;;;;;;429,0;;;;;;;;;;;;;
KansasCity;;;;;;;;;;;;489,7;;;;;;;;;;613,6;;;;;;;;;;;;;;
OklahomaCity;;;;;;;;;;;;432,5;596,7;;;;;;;;579,6;;;;;;;;;;;;;;;
Houston;;;;;;;;;;;;;617,0;;;;;;;;;;;;;;;;;;;;;;902,0;
Dallas;;;;;;;;;;;;;629,2;;;;;;;;719,4;;;;;;;;;;;;;;;
LittleRock;;;;;;;;;;;;;;;;;;569,8;;638,9;;498,7;;;;;;;;;;;;;983,0;615,1
SaintLouis;;;;;;;;;;;;;;;;;502,3;;;;981,3;;432,5;;;;;;445,8;;;;;;;598,7
Chicago;;;;;;;;;;;;;;;;419,5;;;;;;982,6;;;382,8;;;;443,4;;;;;;;
SaultStMarie;;;;;;;;;;;;;;341,5;;;;;;;;;;;378,6;321,5;;;;;;;;;;
Toronto;;;;;;;;;;;;;;;327,4;;;;;;;;489,7;320,7;;328,4;;;434,6;;;;;;;
Montreal;;;;;;;;;;;;;;;;;;;;;;;;330,7;364,8;;320,6;381,5;;;;;;;;
Boston;;;;;;;;;;;;;;;;;;;;;;;;;;326,3;;374,2;;;;;;;;
NewYork;;;;;;;;;;;;;;;;;;;;;;;;;;322,3;310,2;;;454,7;;;;;;
Pittsburgh;;;;;;;;;;;;;;;;;;;;;;506,8;434,2;;381,7;;;;;414,0;476,9;;;;;
Washington;;;;;;;;;;;;;;;;;;;;;;;;;;;;400,0;447,6;;519,1;;;;;
Raleigh;;;;;;;;;;;;;;;;;;;;;;;;;;;;;450,4;427,9;;;653,0;;;
Atlanta;;;;;;;;;;;;;;;;;;;;;;;;;;;;;;;;;653,7;779,9;904,0;665,6
Charleston;;;;;;;;;;;;;;;;;;;;;;;;;;;;;;;513,6;793,7;;719,8;;
Miami;;;;;;;;;;;;;;;;;;;;;;;;;;;;;;;;762,6;587,0;;906,0;
NewOrleans;;;;;;;;;;;;;;;;;;;1000,0;;1000,0;;;;;;;;;;;1000,0;;1000,0;;
Nashville;;;;;;;;;;;;;;;;;;;;;631,7;512,4;;;;;;;;;;688,3;;;;
Step_4000;Vancouver;Seattle;Calgary;Portland;Helena;SaltLakeCity;SanFrancisco;LosAngeles;LasVegas;Phoenix;SantaFe;Denver;ElPaso;Winnipeg;Duluth;Omaha;KansasCity;OklahomaCity;Houston;Dallas;LittleRock;SaintLouis;Chicago;SaultStMarie;Toronto;Montreal;Boston;NewYork;Pittsburgh;Washington;Raleigh;Atlanta;Charleston;Miami;NewOrleans;Nashville
Vancouver;;159,8;28,7;;;;;;;;;;;;;;;;;;;;;;;;;;;;;;;;;
Seattle;56,9;;28,6;89,3;385,6;;;;;;;;;;;;;;;;;;;;;;;;;;;;;;;
Calgary;36,5;195,8;;;137,5;;;;;;;;;244,0;;;;;;;;;;;;;;;;;;;;;;
Portland;;159,6;;;;349,7;149,3;;;;;;;;;;;;;;;;;;;;;;;;;;;;;
Helena;;192,2;185,4;;;308,3;;;;;;470,0;;189,9;273,1;321,3;;;;;;;;;;;;;;;;;;;;
SaltLakeCity;;;;141,1;193,1;;242,7;;179,1;;;468,4;;;;;;;;;;;;;;;;;;;;;;;;
SanFrancisco;;;;139,5;;341,6;;220,1;;;;;;;;;;;;;;;;;;;;;;;;;;;;
LosAngeles;;;;;;;158,1;;195,7;;;;557,6;;;;;;;;;;;;;;;;;;;;;;;
LasVegas;;;;;;283,4;;144,3;;;;;;;;;;;;;;;;;;;;;;;;;;;;
Phoenix;;;;;;;;;;;;451,6;583,0;;;;;;;;;;;;;;;;;;;;;;;
SantaFe;;;;;;;;;;;;444,9;555,4;;;;;;;;;;;;;;;;;;;;;;;
Denver;;;;;349,5;318,9;;;;516,0;496,0;;;;;374,6;462,1;569,1;;;;;;;;;;;;;;;;;;
ElPaso;;;;;;;;363,3;;478,2;458,2;;;;;;;613,7;655,4;587,1;;;;;;;;;;;;;;;;
Winnipeg;;;129,6;;175,2;;;;;;;;;;239,0;;;;;;;;;311,5;;;;;;;;;;;;
Duluth;;;;;320,5;;;;;;;;;201,6;;;;;;;;;;;370,3;;;;;;;;;;;
Omaha;;;;;342,0;;;;;;;426,6;;;;;;;;;;;471,0;;;;;;;;;;;;;
KansasCity;;;;;;;;;;;;462,5;;;;;;;;;;578,7;;;;;;;;;;;;;;
OklahomaCity;;;;;;;;;;;;458,9;541,4;;;;;;;;777,5;;;;;;;;;;;;;;;
Houston;;;;;;;;;;;;;578,5;;;;;;;;;;;;;;;;;;;;;;902,0;
Dallas;;;;;;;;;;;;;574,1;;;;;;;;575,1;;;;;;;;;;;;;;;
LittleRock;;;;;;;;;;;;;;;;;;573,6;;539,9;;560,3;;;;;;;;;;;;;983,0;598,1
SaintLouis;;;;;;;;;;;;;;;;;462,3;;;;981,3;;468,8;;;;;;402,0;;;;;;;619,5
Chicago;;;;;;;;;;;;;;;;400,8;;;;;;982,6;;;357,7;;;;459,6;;;;;;;
SaultStMarie;;;;;;;;;;;;;;217,0;;;;;;;;;;;351,4;312,5;;;;;;;;;;
Toronto;;;;;;;;;;;;;;;323,5;;;;;;;;410,6;305,1;;307,1;;;419,5;;;;;;;
Montreal;;;;;;;;;;;;;;;;;;;;;;;;283,0;370,3;;263,8;312,2;;;;;;;;
Boston;;;;;;;;;;;;;;;;;;;;;;;;;;249,3;;340,4;;;;;;;;
NewYork;;;;;;;;;;;;;;;;;;;;;;;;;;245,5;259,8;;;456,4;;;;;;
Pittsburgh;;;;;;;;;;;;;;;;;;;;;;542,3;463,5;;390,5;;;;;426,7;523,6;;;;;
Washington;;;;;;;;;;;;;;;;;;;;;;;;;;;;283,3;434,1;;498,0;;;;;
Raleigh;;;;;;;;;;;;;;;;;;;;;;;;;;;;;431,3;436,2;;;653,4;;;
Atlanta;;;;;;;;;;;;;;;;;;;;;;;;;;;;;;;;;558,7;729,8;904,0;630,9
Charleston;;;;;;;;;;;;;;;;;;;;;;;;;;;;;;;503,0;693,5;;760,8;;
Miami;;;;;;;;;;;;;;;;;;;;;;;;;;;;;;;;697,8;680,2;;906,0;
NewOrleans;;;;;;;;;;;;;;;;;;;1000,0;;1000,0;;;;;;;;;;;1000,0;;1000,0;;
Nashville;;;;;;;;;;;;;;;;;;;;;656,8;511,9;;;;;;;;;;709,0;;;;
Step_8000;Vancouver;Seattle;Calgary;Portland;Helena;SaltLakeCity;SanFrancisco;LosAngeles;LasVegas;Phoenix;SantaFe;Denver;ElPaso;Winnipeg;Duluth;Omaha;KansasCity;OklahomaCity;Houston;Dallas;LittleRock;SaintLouis;Chicago;SaultStMarie;Toronto;Montreal;Boston;NewYork;Pittsburgh;Washington;Raleigh;Atlanta;Charleston;Miami;NewOrleans;Nashville
Vancouver;;258,2;72,1;;;;;;;;;;;;;;;;;;;;;;;;;;;;;;;;;
Seattle;143,7;;148,2;256,4;356,3;;;;;;;;;;;;;;;;;;;;;;;;;;;;;;;
Calgary;97,3;189,3;;;253,4;;;;;;;;;289,9;;;;;;;;;;;;;;;;;;;;;;
Portland;;207,7;;;;371,4;293,1;;;;;;;;;;;;;;;;;;;;;;;;;;;;;
Helena;;281,5;242,7;;;371,2;;;;;;452,9;;251,9;337,0;397,8;;;;;;;;;;;;;;;;;;;;
SaltLakeCity;;;;311,5;341,1;;358,4;;307,6;;;437,2;;;;;;;;;;;;;;;;;;;;;;;;
SanFrancisco;;;;270,4;;344,0;;484,6;;;;;;;;;;;;;;;;;;;;;;;;;;;;
LosAngeles;;;;;;;357,6;;314,0;;;;638,2;;;;;;;;;;;;;;;;;;;;;;;
LasVegas;;;;;;364,3;;362,0;;;;;;;;;;;;;;;;;;;;;;;;;;;;
Phoenix;;;;;;;;;;;;496,7;564,5;;;;;;;;;;;;;;;;;;;;;;;
SantaFe;;;;;;;;;;;;473,7;625,7;;;;;;;;;;;;;;;;;;;;;;;
Denver;;;;;338,8;374,1;;;;519,9;538,2;;;;;362,7;463,9;516,5;;;;;;;;;;;;;;;;;;
ElPaso;;;;;;;;461,5;;554,2;499,4;;;;;;;559,5;761,1;601,7;;;;;;;;;;;;;;;;
Winnipeg;;;235,5;;305,4;;;;;;;;;;301,5;;;;;;;;;306,2;;;;;;;;;;;;
Duluth;;;;;320,3;;;;;;;;;259,0;;;;;;;;;;;349,5;;;;;;;;;;;
Omaha;;;;;343,4;;;;;;;426,1;;;;;;;;;;;427,6;;;;;;;;;;;;;
KansasCity;;;;;;;;;;;;436,3;;;;;;;;;;499,7;;;;;;;;;;;;;;
OklahomaCity;;;;;;;;;;;;437,1;647,0;;;;;;;;644,3;;;;;;;;;;;;;;;
Houston;;;;;;;;;;;;;677,7;;;;;;;;;;;;;;;;;;;;;;902,0;
Dallas;;;;;;;;;;;;;594,0;;;;;;;;678,9;;;;;;;;;;;;;;;
LittleRock;;;;;;;;;;;;;;;;;;566,2;;599,0;;583,0;;;;;;;;;;;;;1003,0;643,4
SaintLouis;;;;;;;;;;;;;;;;;449,8;;;;912,2;;387,6;;;;;;434,5;;;;;;;620,6
Chicago;;;;;;;;;;;;;;;;398,0;;;;;;970,2;;;345,2;;;;426,3;;;;;;;
SaultStMarie;;;;;;;;;;;;;;276,8;;;;;;;;;;;343,6;323,5;;;;;;;;;;
Toronto;;;;;;;;;;;;;;;324,8;;;;;;;;439,5;305,9;;302,5;;;424,6;;;;;;;
Montreal;;;;;;;;;;;;;;;;;;;;;;;;331,4;332,2;;301,7;331,3;;;;;;;;
Boston;;;;;;;;;;;;;;;;;;;;;;;;;;320,6;;330,2;;;;;;;;
NewYork;;;;;;;;;;;;;;;;;;;;;;;;;;314,8;312,2;;;415,9;;;;;;
Pittsburgh;;;;;;;;;;;;;;;;;;;;;;463,7;434,4;;368,1;;;;;384,0;494,3;;;;;
Washington;;;;;;;;;;;;;;;;;;;;;;;;;;;;358,9;415,4;;488,7;;;;;
Raleigh;;;;;;;;;;;;;;;;;;;;;;;;;;;;;477,8;413,2;;;578,0;;;
Atlanta;;;;;;;;;;;;;;;;;;;;;;;;;;;;;;;;;659,2;768,0;904,0;657,4
Charleston;;;;;;;;;;;;;;;;;;;;;;;;;;;;;;;521,2;690,2;;706,9;;
Miami;;;;;;;;;;;;;;;;;;;;;;;;;;;;;;;;759,8;606,5;;906,0;
NewOrleans;;;;;;;;;;;;;;;;;;;1000,0;;1000,0;;;;;;;;;;;1000,0;;1000,0;;
Nashville;;;;;;;;;;;;;;;;;;;;;698,6;542,7;;;;;;;;;;742,1;;;;
Step_12000;Vancouver;Seattle;Calgary;Portland;Helena;SaltLakeCity;SanFrancisco;LosAngeles;LasVegas;Phoenix;SantaFe;Denver;ElPaso;Winnipeg;Duluth;Omaha;KansasCity;OklahomaCity;Houston;Dallas;LittleRock;SaintLouis;Chicago;SaultStMarie;Toronto;Montreal;Boston;NewYork;Pittsburgh;Washington;Raleigh;Atlanta;Charleston;Miami;NewOrleans;Nashville
Vancouver;;322,0;119,5;;;;;;;;;;;;;;;;;;;;;;;;;;;;;;;;;
Seattle;184,6;;186,2;310,2;371,8;;;;;;;;;;;;;;;;;;;;;;;;;;;;;;;
Calgary;219,6;248,2;;;381,5;;;;;;;;;309,8;;;;;;;;;;;;;;;;;;;;;;
Portland;;231,7;;;;420,8;356,6;;;;;;;;;;;;;;;;;;;;;;;;;;;;;
Helena;;270,3;263,5;;;393,3;;;;;;471,2;;319,7;330,3;410,4;;;;;;;;;;;;;;;;;;;;
SaltLakeCity;;;;338,4;393,5;;391,7;;372,8;;;461,7;;;;;;;;;;;;;;;;;;;;;;;;
SanFrancisco;;;;341,3;;432,7;;420,9;;;;;;;;;;;;;;;;;;;;;;;;;;;;
LosAngeles;;;;;;;376,5;;385,5;;;;596,5;;;;;;;;;;;;;;;;;;;;;;;
LasVegas;;;;;;370,7;;469,5;;;;;;;;;;;;;;;;;;;;;;;;;;;;
Phoenix;;;;;;;;;;;;432,0;624,8;;;;;;;;;;;;;;;;;;;;;;;
SantaFe;;;;;;;;;;;;402,3;602,0;;;;;;;;;;;;;;;;;;;;;;;
Denver;;;;;349,1;376,4;;;;481,7;484,8;;;;;394,9;484,3;490,8;;;;;;;;;;;;;;;;;;
ElPaso;;;;;;;;456,7;;560,3;490,7;;;;;;;561,7;754,9;574,4;;;;;;;;;;;;;;;;
Winnipeg;;;302,5;;398,2;;;;;;;;;;336,7;;;;;;;;;312,7;;;;;;;;;;;;
Duluth;;;;;381,7;;;;;;;;;327,4;;;;;;;;;;;337,8;;;;;;;;;;;
Omaha;;;;;374,6;;;;;;;447,0;;;;;;;;;;;422,5;;;;;;;;;;;;;
KansasCity;;;;;;;;;;;;464,1;;;;;;;;;;537,6;;;;;;;;;;;;;;
OklahomaCity;;;;;;;;;;;;403,1;559,9;;;;;;;;726,0;;;;;;;;;;;;;;;
Houston;;;;;;;;;;;;;613,1;;;;;;;;;;;;;;;;;;;;;;902,0;
Dallas;;;;;;;;;;;;;590,3;;;;;;;;667,4;;;;;;;;;;;;;;;
LittleRock;;;;;;;;;;;;;;;;;;546,8;;576,8;;536,9;;;;;;;;;;;;;983,0;677,0
SaintLouis;;;;;;;;;;;;;;;;;494,2;;;;981,3;;514,8;;;;;;453,9;;;;;;;594,6
Chicago;;;;;;;;;;;;;;;;412,0;;;;;;898,7;;;358,7;;;;411,3;;;;;;;
SaultStMarie;;;;;;;;;;;;;;301,5;;;;;;;;;;;348,7;316,7;;;;;;;;;;
Toronto;;;;;;;;;;;;;;;330,0;;;;;;;;482,4;320,4;;309,2;;;397,2;;;;;;;
Montreal;;;;;;;;;;;;;;;;;;;;;;;;327,9;390,1;;316,0;364,8;;;;;;;;
Boston;;;;;;;;;;;;;;;;;;;;;;;;;;313,9;;372,2;;;;;;;;
NewYork;;;;;;;;;;;;;;;;;;;;;;;;;;302,3;310,7;;;433,0;;;;;;
Pittsburgh;;;;;;;;;;;;;;;;;;;;;;574,2;423,6;;341,0;;;;;422,3;527,9;;;;;
Washington;;;;;;;;;;;;;;;;;;;;;;;;;;;;360,4;460,5;;491,0;;;;;
Raleigh;;;;;;;;;;;;;;;;;;;;;;;;;;;;;460,3;392,8;;;675,0;;;
Atlanta;;;;;;;;;;;;;;;;;;;;;;;;;;;;;;;;;662,7;726,9;904,0;658,5
Charleston;;;;;;;;;;;;;;;;;;;;;;;;;;;;;;;527,4;680,4;;783,7;;
Miami;;;;;;;;;;;;;;;;;;;;;;;;;;;;;;;;813,6;674,1;;906,0;
NewOrleans;;;;;;;;;;;;;;;;;;;1000,0;;1000,0;;;;;;;;;;;1000,0;;1000,0;;
Nashville;;;;;;;;;;;;;;;;;;;;;725,8;497,8;;;;;;;;;;776,7;;;;
Step_16000;Vancouver;Seattle;Calgary;Portland;Helena;SaltLakeCity;SanFrancisco;LosAngeles;LasVegas;Phoenix;SantaFe;Denver;ElPaso;Winnipeg;Duluth;Omaha;KansasCity;OklahomaCity;Houston;Dallas;LittleRock;SaintLouis;Chicago;SaultStMarie;Toronto;Montreal;Boston;NewYork;Pittsburgh;Washington;Raleigh;Atlanta;Charleston;Miami;NewOrleans;Nashville
Vancouver;;304,8;166,1;;;;;;;;;;;;;;;;;;;;;;;;;;;;;;;;;
Seattle;242,5;;251,8;344,3;364,5;;;;;;;;;;;;;;;;;;;;;;;;;;;;;;;
Calgary;261,4;269,5;;;388,1;;;;;;;;;308,4;;;;;;;;;;;;;;;;;;;;;;
Portland;;278,7;;;;407,7;407,2;;;;;;;;;;;;;;;;;;;;;;;;;;;;;
Helena;;307,6;327,1;;;419,7;;;;;;460,9;;323,6;368,6;414,7;;;;;;;;;;;;;;;;;;;;
SaltLakeCity;;;;363,1;409,9;;367,8;;411,1;;;443,4;;;;;;;;;;;;;;;;;;;;;;;;
SanFrancisco;;;;350,6;;394,4;;495,9;;;;;;;;;;;;;;;;;;;;;;;;;;;;
LosAngeles;;;;;;;443,3;;406,2;;;;576,0;;;;;;;;;;;;;;;;;;;;;;;
LasVegas;;;;;;365,6;;466,2;;;;;;;;;;;;;;;;;;;;;;;;;;;;
Phoenix;;;;;;;;;;;;505,1;629,4;;;;;;;;;;;;;;;;;;;;;;;
SantaFe;;;;;;;;;;;;505,1;619,1;;;;;;;;;;;;;;;;;;;;;;;
Denver;;;;;362,9;399,7;;;;525,4;502,2;;;;;401,6;504,1;653,7;;;;;;;;;;;;;;;;;;
ElPaso;;;;;;;;475,7;;517,1;514,9;;;;;;;572,3;755,4;647,1;;;;;;;;;;;;;;;;
Winnipeg;;;291,6;;408,7;;;;;;;;;;343,3;;;;;;;;;336,4;;;;;;;;;;;;
Duluth;;;;;383,2;;;;;;;;;344,6;;;;;;;;;;;416,0;;;;;;;;;;;
Omaha;;;;;367,8;;;;;;;445,4;;;;;;;;;;;469,5;;;;;;;;;;;;;
KansasCity;;;;;;;;;;;;473,7;;;;;;;;;;557,4;;;;;;;;;;;;;;
OklahomaCity;;;;;;;;;;;;499,1;653,4;;;;;;;;777,4;;;;;;;;;;;;;;;
Houston;;;;;;;;;;;;;589,0;;;;;;;;;;;;;;;;;;;;;;902,0;
Dallas;;;;;;;;;;;;;607,1;;;;;;;;731,5;;;;;;;;;;;;;;;
LittleRock;;;;;;;;;;;;;;;;;;622,4;;677,9;;579,1;;;;;;;;;;;;;983,0;648,1
SaintLouis;;;;;;;;;;;;;;;;;482,7;;;;981,3;;478,0;;;;;;548,7;;;;;;;647,8
Chicago;;;;;;;;;;;;;;;;418,7;;;;;;982,6;;;419,2;;;;499,7;;;;;;;
SaultStMarie;;;;;;;;;;;;;;332,5;;;;;;;;;;;400,6;313,6;;;;;;;;;;
Toronto;;;;;;;;;;;;;;;345,4;;;;;;;;469,7;314,3;;333,9;;;497,8;;;;;;;
Montreal;;;;;;;;;;;;;;;;;;;;;;;;322,7;357,4;;297,8;337,9;;;;;;;;
Boston;;;;;;;;;;;;;;;;;;;;;;;;;;321,8;;317,7;;;;;;;;
NewYork;;;;;;;;;;;;;;;;;;;;;;;;;;325,6;300,1;;;418,0;;;;;;
Pittsburgh;;;;;;;;;;;;;;;;;;;;;;608,3;555,7;;407,3;;;;;461,0;500,4;;;;;
Washington;;;;;;;;;;;;;;;;;;;;;;;;;;;;356,5;426,4;;517,5;;;;;
Raleigh;;;;;;;;;;;;;;;;;;;;;;;;;;;;;456,9;408,5;;;666,2;;;
Atlanta;;;;;;;;;;;;;;;;;;;;;;;;;;;;;;;;;632,9;754,4;904,0;661,7
Charleston;;;;;;;;;;;;;;;;;;;;;;;;;;;;;;;588,2;757,7;;767,1;;
Miami;;;;;;;;;;;;;;;;;;;;;;;;;;;;;;;;713,0;609,2;;906,0;
NewOrleans;;;;;;;;;;;;;;;;;;;1000,0;;1000,0;;;;;;;;;;;1000,0;;1000,0;;
Nashville;;;;;;;;;;;;;;;;;;;;;665,7;606,4;;;;;;;;;;716,2;;;;
Step_20000;Vancouver;Seattle;Calgary;Portland;Helena;SaltLakeCity;SanFrancisco;LosAngeles;LasVegas;Phoenix;SantaFe;Denver;ElPaso;Winnipeg;Duluth;Omaha;KansasCity;OklahomaCity;Houston;Dallas;LittleRock;SaintLouis;Chicago;SaultStMarie;Toronto;Montreal;Boston;NewYork;Pittsburgh;Washington;Raleigh;Atlanta;Charleston;Miami;NewOrleans;Nashville
Vancouver;;309,6;201,5;;;;;;;;;;;;;;;;;;;;;;;;;;;;;;;;;
Seattle;263,4;;303,8;328,6;380,7;;;;;;;;;;;;;;;;;;;;;;;;;;;;;;;
Calgary;259,9;322,6;;;371,9;;;;;;;;;329,4;;;;;;;;;;;;;;;;;;;;;;
Portland;;317,0;;;;383,3;387,0;;;;;;;;;;;;;;;;;;;;;;;;;;;;;
Helena;;284,4;314,6;;;392,4;;;;;;461,6;;361,3;347,5;393,5;;;;;;;;;;;;;;;;;;;;
SaltLakeCity;;;;343,0;373,4;;394,5;;445,9;;;452,4;;;;;;;;;;;;;;;;;;;;;;;;
SanFrancisco;;;;362,9;;395,7;;447,1;;;;;;;;;;;;;;;;;;;;;;;;;;;;
LosAngeles;;;;;;;410,7;;427,8;;;;555,9;;;;;;;;;;;;;;;;;;;;;;;
LasVegas;;;;;;410,9;;494,3;;;;;;;;;;;;;;;;;;;;;;;;;;;;
Phoenix;;;;;;;;;;;;499,9;578,5;;;;;;;;;;;;;;;;;;;;;;;
SantaFe;;;;;;;;;;;;460,9;615,1;;;;;;;;;;;;;;;;;;;;;;;
Denver;;;;;389,1;396,9;;;;502,2;505,8;;;;;419,8;470,7;538,0;;;;;;;;;;;;;;;;;;
ElPaso;;;;;;;;484,1;;497,4;515,9;;;;;;;608,2;738,7;550,7;;;;;;;;;;;;;;;;
Winnipeg;;;320,5;;406,4;;;;;;;;;;354,2;;;;;;;;;347,7;;;;;;;;;;;;
Duluth;;;;;346,7;;;;;;;;;342,1;;;;;;;;;;;403,6;;;;;;;;;;;
Omaha;;;;;393,9;;;;;;;422,1;;;;;;;;;;;505,0;;;;;;;;;;;;;
KansasCity;;;;;;;;;;;;476,7;;;;;;;;;;464,5;;;;;;;;;;;;;;
OklahomaCity;;;;;;;;;;;;471,2;523,8;;;;;;;;710,8;;;;;;;;;;;;;;;
Houston;;;;;;;;;;;;;576,1;;;;;;;;;;;;;;;;;;;;;;902,0;
Dallas;;;;;;;;;;;;;585,9;;;;;;;;607,0;;;;;;;;;;;;;;;
LittleRock;;;;;;;;;;;;;;;;;;588,8;;555,0;;577,2;;;;;;;;;;;;;1003,0;635,1
SaintLouis;;;;;;;;;;;;;;;;;436,8;;;;1005,0;;521,6;;;;;;427,5;;;;;;;656,1
Chicago;;;;;;;;;;;;;;;;407,2;;;;;;899,9;;;383,1;;;;430,7;;;;;;;
SaultStMarie;;;;;;;;;;;;;;327,6;;;;;;;;;;;406,0;315,7;;;;;;;;;;
Toronto;;;;;;;;;;;;;;;349,1;;;;;;;;427,2;336,7;;324,2;;;447,3;;;;;;;
Montreal;;;;;;;;;;;;;;;;;;;;;;;;346,0;386,7;;314,3;362,8;;;;;;;;
Boston;;;;;;;;;;;;;;;;;;;;;;;;;;328,1;;361,3;;;;;;;;
NewYork;;;;;;;;;;;;;;;;;;;;;;;;;;300,8;305,7;;;406,0;;;;;;
Pittsburgh;;;;;;;;;;;;;;;;;;;;;;563,5;539,1;;369,4;;;;;427,8;455,7;;;;;
Washington;;;;;;;;;;;;;;;;;;;;;;;;;;;;341,4;462,2;;532,1;;;;;
Raleigh;;;;;;;;;;;;;;;;;;;;;;;;;;;;;459,0;438,9;;;572,9;;;
Atlanta;;;;;;;;;;;;;;;;;;;;;;;;;;;;;;;;;656,2;808,5;904,0;602,0
Charleston;;;;;;;;;;;;;;;;;;;;;;;;;;;;;;;542,5;714,3;;815,0;;
Miami;;;;;;;;;;;;;;;;;;;;;;;;;;;;;;;;698,3;656,1;;906,0;
NewOrleans;;;;;;;;;;;;;;;;;;;1000,0;;1000,0;;;;;;;;;;;1000,0;;1000,0;;
Nashville;;;;;;;;;;;;;;;;;;;;;753,5;540,2;;;;;;;;;;695,5;;;;
Step_24000;Vancouver;Seattle;Calgary;Portland;Helena;SaltLakeCity;SanFrancisco;LosAngeles;LasVegas;Phoenix;SantaFe;Denver;ElPaso;Winnipeg;Duluth;Omaha;KansasCity;OklahomaCity;Houston;Dallas;LittleRock;SaintLouis;Chicago;SaultStMarie;Toronto;Montreal;Boston;NewYork;Pittsburgh;Washington;Raleigh;Atlanta;Charleston;Miami;NewOrleans;Nashville
Vancouver;;318,3;227,8;;;;;;;;;;;;;;;;;;;;;;;;;;;;;;;;;
Seattle;267,6;;330,8;347,8;356,5;;;;;;;;;;;;;;;;;;;;;;;;;;;;;;;
Calgary;277,7;317,9;;;387,3;;;;;;;;;334,0;;;;;;;;;;;;;;;;;;;;;;
Portland;;320,3;;;;410,7;421,6;;;;;;;;;;;;;;;;;;;;;;;;;;;;;
Helena;;308,4;330,8;;;400,4;;;;;;506,2;;336,2;355,9;422,0;;;;;;;;;;;;;;;;;;;;
SaltLakeCity;;;;346,9;388,2;;404,2;;431,0;;;478,9;;;;;;;;;;;;;;;;;;;;;;;;
SanFrancisco;;;;331,3;;412,4;;532,1;;;;;;;;;;;;;;;;;;;;;;;;;;;;
LosAngeles;;;;;;;408,8;;411,5;;;;639,2;;;;;;;;;;;;;;;;;;;;;;;
LasVegas;;;;;;400,0;;491,1;;;;;;;;;;;;;;;;;;;;;;;;;;;;
Phoenix;;;;;;;;;;;;470,7;625,8;;;;;;;;;;;;;;;;;;;;;;;
SantaFe;;;;;;;;;;;;487,6;650,2;;;;;;;;;;;;;;;;;;;;;;;
Denver;;;;;378,9;400,1;;;;518,9;520,0;;;;;386,9;470,4;534,0;;;;;;;;;;;;;;;;;;
ElPaso;;;;;;;;468,4;;529,7;560,1;;;;;;;593,4;797,0;623,1;;;;;;;;;;;;;;;;
Winnipeg;;;332,8;;391,2;;;;;;;;;;350,5;;;;;;;;;344,9;;;;;;;;;;;;
Duluth;;;;;425,6;;;;;;;;;346,9;;;;;;;;;;;388,1;;;;;;;;;;;
Omaha;;;;;420,2;;;;;;;466,4;;;;;;;;;;;427,8;;;;;;;;;;;;;
KansasCity;;;;;;;;;;;;494,4;;;;;;;;;;505,4;;;;;;;;;;;;;;
OklahomaCity;;;;;;;;;;;;497,3;687,5;;;;;;;;627,8;;;;;;;;;;;;;;;
Houston;;;;;;;;;;;;;546,5;;;;;;;;;;;;;;;;;;;;;;902,0;
Dallas;;;;;;;;;;;;;634,6;;;;;;;;737,1;;;;;;;;;;;;;;;
LittleRock;;;;;;;;;;;;;;;;;;533,9;;626,5;;547,0;;;;;;;;;;;;;983,0;643,5
SaintLouis;;;;;;;;;;;;;;;;;477,6;;;;1005,0;;456,9;;;;;;476,3;;;;;;;642,0
Chicago;;;;;;;;;;;;;;;;422,2;;;;;;1007,0;;;366,6;;;;476,3;;;;;;;
SaultStMarie;;;;;;;;;;;;;;348,6;;;;;;;;;;;397,8;336,8;;;;;;;;;;
Toronto;;;;;;;;;;;;;;;349,3;;;;;;;;444,2;325,0;;326,4;;;456,5;;;;;;;
Montreal;;;;;;;;;;;;;;;;;;;;;;;;339,4;378,0;;310,7;335,4;;;;;;;;
Boston;;;;;;;;;;;;;;;;;;;;;;;;;;327,6;;328,0;;;;;;;;
NewYork;;;;;;;;;;;;;;;;;;;;;;;;;;311,8;308,7;;;383,8;;;;;;
Pittsburgh;;;;;;;;;;;;;;;;;;;;;;559,7;448,4;;383,7;;;;;386,7;521,0;;;;;
Washington;;;;;;;;;;;;;;;;;;;;;;;;;;;;331,0;425,0;;489,1;;;;;
Raleigh;;;;;;;;;;;;;;;;;;;;;;;;;;;;;482,3;389,8;;;626,1;;;
Atlanta;;;;;;;;;;;;;;;;;;;;;;;;;;;;;;;;;688,0;713,0;904,0;643,6
Charleston;;;;;;;;;;;;;;;;;;;;;;;;;;;;;;;521,3;725,9;;772,4;;
Miami;;;;;;;;;;;;;;;;;;;;;;;;;;;;;;;;732,1;664,0;;906,0;
NewOrleans;;;;;;;;;;;;;;;;;;;1000,0;;1000,0;;;;;;;;;;;1000,0;;1000,0;;
Nashville;;;;;;;;;;;;;;;;;;;;;687,0;534,3;;;;;;;;;;704,7;;;;
Step_28000;Vancouver;Seattle;Calgary;Portland;Helena;SaltLakeCity;SanFrancisco;LosAngeles;LasVegas;Phoenix;SantaFe;Denver;ElPaso;Winnipeg;Duluth;Omaha;KansasCity;OklahomaCity;Houston;Dallas;LittleRock;SaintLouis;Chicago;SaultStMarie;Toronto;Montreal;Boston;NewYork;Pittsburgh;Washington;Raleigh;Atlanta;Charleston;Miami;NewOrleans;Nashville
Vancouver;;308,0;268,6;;;;;;;;;;;;;;;;;;;;;;;;;;;;;;;;;
Seattle;268,7;;318,9;333,5;411,6;;;;;;;;;;;;;;;;;;;;;;;;;;;;;;;
Calgary;272,3;338,5;;;388,2;;;;;;;;;344,1;;;;;;;;;;;;;;;;;;;;;;
Portland;;335,3;;;;423,6;375,0;;;;;;;;;;;;;;;;;;;;;;;;;;;;;
Helena;;324,8;319,9;;;395,6;;;;;;465,1;;331,1;343,2;416,3;;;;;;;;;;;;;;;;;;;;
SaltLakeCity;;;;336,4;392,0;;380,5;;444,4;;;433,6;;;;;;;;;;;;;;;;;;;;;;;;
SanFrancisco;;;;355,8;;389,8;;524,6;;;;;;;;;;;;;;;;;;;;;;;;;;;;
LosAngeles;;;;;;;431,1;;412,5;;;;642,3;;;;;;;;;;;;;;;;;;;;;;;
LasVegas;;;;;;401,5;;519,8;;;;;;;;;;;;;;;;;;;;;;;;;;;;
Phoenix;;;;;;;;;;;;459,3;635,6;;;;;;;;;;;;;;;;;;;;;;;
SantaFe;;;;;;;;;;;;478,7;630,7;;;;;;;;;;;;;;;;;;;;;;;
Denver;;;;;388,0;387,8;;;;507,0;517,4;;;;;428,6;478,4;558,0;;;;;;;;;;;;;;;;;;
ElPaso;;;;;;;;487,4;;519,7;522,0;;;;;;;588,1;804,6;601,7;;;;;;;;;;;;;;;;
Winnipeg;;;339,6;;389,2;;;;;;;;;;345,3;;;;;;;;;329,4;;;;;;;;;;;;
Duluth;;;;;387,4;;;;;;;;;340,2;;;;;;;;;;;371,8;;;;;;;;;;;
Omaha;;;;;376,1;;;;;;;528,9;;;;;;;;;;;453,1;;;;;;;;;;;;;
KansasCity;;;;;;;;;;;;503,5;;;;;;;;;;593,3;;;;;;;;;;;;;;
OklahomaCity;;;;;;;;;;;;473,3;591,1;;;;;;;;616,5;;;;;;;;;;;;;;;
Houston;;;;;;;;;;;;;604,6;;;;;;;;;;;;;;;;;;;;;;902,0;
Dallas;;;;;;;;;;;;;645,6;;;;;;;;689,5;;;;;;;;;;;;;;;
LittleRock;;;;;;;;;;;;;;;;;;566,2;;618,4;;508,9;;;;;;;;;;;;;903,0;637,4
SaintLouis;;;;;;;;;;;;;;;;;464,0;;;;641,2;;544,9;;;;;;443,6;;;;;;;972,4
Chicago;;;;;;;;;;;;;;;;452,4;;;;;;905,7;;;348,7;;;;415,9;;;;;;;
SaultStMarie;;;;;;;;;;;;;;350,1;;;;;;;;;;;380,2;335,6;;;;;;;;;;
Toronto;;;;;;;;;;;;;;;342,3;;;;;;;;513,1;317,3;;325,8;;;443,4;;;;;;;
Montreal;;;;;;;;;;;;;;;;;;;;;;;;342,6;408,9;;326,0;359,3;;;;;;;;
Boston;;;;;;;;;;;;;;;;;;;;;;;;;;341,7;;354,1;;;;;;;;
NewYork;;;;;;;;;;;;;;;;;;;;;;;;;;334,2;324,8;;;392,7;;;;;;
Pittsburgh;;;;;;;;;;;;;;;;;;;;;;517,2;418,8;;385,6;;;;;390,3;512,2;;;;;
Washington;;;;;;;;;;;;;;;;;;;;;;;;;;;;358,3;467,5;;503,4;;;;;
Raleigh;;;;;;;;;;;;;;;;;;;;;;;;;;;;;499,2;438,0;;;661,1;;;
Atlanta;;;;;;;;;;;;;;;;;;;;;;;;;;;;;;;;;648,2;762,7;984,0;667,8
Charleston;;;;;;;;;;;;;;;;;;;;;;;;;;;;;;;530,2;790,9;;754,3;;
Miami;;;;;;;;;;;;;;;;;;;;;;;;;;;;;;;;728,7;664,5;;906,0;
NewOrleans;;;;;;;;;;;;;;;;;;;1000,0;;1000,0;;;;;;;;;;;1000,0;;1000,0;;
Nashville;;;;;;;;;;;;;;;;;;;;;699,1;582,6;;;;;;;;;;924,4;;;;
Step_32000;Vancouver;Seattle;Calgary;Portland;Helena;SaltLakeCity;SanFrancisco;LosAngeles;LasVegas;Phoenix;SantaFe;Denver;ElPaso;Winnipeg;Duluth;Omaha;KansasCity;OklahomaCity;Houston;Dallas;LittleRock;SaintLouis;Chicago;SaultStMarie;Toronto;Montreal;Boston;NewYork;Pittsburgh;Washington;Raleigh;Atlanta;Charleston;Miami;NewOrleans;Nashville
Vancouver;;311,0;265,2;;;;;;;;;;;;;;;;;;;;;;;;;;;;;;;;;
Seattle;288,4;;307,4;345,8;338,4;;;;;;;;;;;;;;;;;;;;;;;;;;;;;;;
Calgary;286,0;329,8;;;362,3;;;;;;;;;336,8;;;;;;;;;;;;;;;;;;;;;;
Portland;;316,9;;;;390,3;396,2;;;;;;;;;;;;;;;;;;;;;;;;;;;;;
Helena;;301,2;325,3;;;387,4;;;;;;461,8;;331,7;353,4;416,7;;;;;;;;;;;;;;;;;;;;
SaltLakeCity;;;;355,3;396,1;;382,1;;411,6;;;491,6;;;;;;;;;;;;;;;;;;;;;;;;
SanFrancisco;;;;364,2;;400,7;;459,7;;;;;;;;;;;;;;;;;;;;;;;;;;;;
LosAngeles;;;;;;;395,1;;408,6;;;;584,8;;;;;;;;;;;;;;;;;;;;;;;
LasVegas;;;;;;379,0;;492,3;;;;;;;;;;;;;;;;;;;;;;;;;;;;
Phoenix;;;;;;;;;;;;459,4;651,4;;;;;;;;;;;;;;;;;;;;;;;
SantaFe;;;;;;;;;;;;434,9;569,2;;;;;;;;;;;;;;;;;;;;;;;
Denver;;;;;389,1;421,0;;;;507,1;499,3;;;;;400,1;449,1;591,6;;;;;;;;;;;;;;;;;;
ElPaso;;;;;;;;472,9;;534,4;485,6;;;;;;;622,8;711,0;577,6;;;;;;;;;;;;;;;;
Winnipeg;;;338,5;;388,1;;;;;;;;;;342,2;;;;;;;;;335,1;;;;;;;;;;;;
Duluth;;;;;398,6;;;;;;;;;328,0;;;;;;;;;;;407,2;;;;;;;;;;;
Omaha;;;;;346,0;;;;;;;491,6;;;;;;;;;;;433,8;;;;;;;;;;;;;
KansasCity;;;;;;;;;;;;488,3;;;;;;;;;;584,6;;;;;;;;;;;;;;
OklahomaCity;;;;;;;;;;;;442,4;564,8;;;;;;;;693,5;;;;;;;;;;;;;;;
Houston;;;;;;;;;;;;;585,6;;;;;;;;;;;;;;;;;;;;;;902,0;
Dallas;;;;;;;;;;;;;538,3;;;;;;;;717,9;;;;;;;;;;;;;;;
LittleRock;;;;;;;;;;;;;;;;;;630,1;;599,8;;484,4;;;;;;;;;;;;;903,0;593,5
SaintLouis;;;;;;;;;;;;;;;;;464,5;;;;603,5;;414,6;;;;;;407,4;;;;;;;911,6
Chicago;;;;;;;;;;;;;;;;387,3;;;;;;971,7;;;354,1;;;;402,4;;;;;;;
SaultStMarie;;;;;;;;;;;;;;327,1;;;;;;;;;;;364,2;344,8;;;;;;;;;;
Toronto;;;;;;;;;;;;;;;372,5;;;;;;;;443,1;328,2;;342,3;;;434,3;;;;;;;
Montreal;;;;;;;;;;;;;;;;;;;;;;;;334,6;387,1;;317,8;360,7;;;;;;;;
Boston;;;;;;;;;;;;;;;;;;;;;;;;;;346,9;;325,7;;;;;;;;
NewYork;;;;;;;;;;;;;;;;;;;;;;;;;;337,6;317,7;;;445,4;;;;;;
Pittsburgh;;;;;;;;;;;;;;;;;;;;;;475,4;401,0;;366,3;;;;;366,4;488,7;;;;;
Washington;;;;;;;;;;;;;;;;;;;;;;;;;;;;359,3;472,0;;543,4;;;;;
Raleigh;;;;;;;;;;;;;;;;;;;;;;;;;;;;;471,1;456,2;;;639,3;;;
Atlanta;;;;;;;;;;;;;;;;;;;;;;;;;;;;;;;;;647,5;707,7;984,0;619,2
Charleston;;;;;;;;;;;;;;;;;;;;;;;;;;;;;;;518,6;682,4;;725,2;;
Miami;;;;;;;;;;;;;;;;;;;;;;;;;;;;;;;;674,1;582,5;;906,0;
NewOrleans;;;;;;;;;;;;;;;;;;;1000,0;;1000,0;;;;;;;;;;;1000,0;;1000,0;;
Nashville;;;;;;;;;;;;;;;;;;;;;699,9;586,8;;;;;;;;;;981,3;;;;
Step_36000;Vancouver;Seattle;Calgary;Portland;Helena;SaltLakeCity;SanFrancisco;LosAngeles;LasVegas;Phoenix;SantaFe;Denver;ElPaso;Winnipeg;Duluth;Omaha;KansasCity;OklahomaCity;Houston;Dallas;LittleRock;SaintLouis;Chicago;SaultStMarie;Toronto;Montreal;Boston;NewYork;Pittsburgh;Washington;Raleigh;Atlanta;Charleston;Miami;NewOrleans;Nashville
Vancouver;;330,9;265,2;;;;;;;;;;;;;;;;;;;;;;;;;;;;;;;;;
Seattle;292,5;;307,4;353,5;392,1;;;;;;;;;;;;;;;;;;;;;;;;;;;;;;;
Calgary;286,4;337,3;;;370,7;;;;;;;;;337,9;;;;;;;;;;;;;;;;;;;;;;
Portland;;324,6;;;;413,6;392,6;;;;;;;;;;;;;;;;;;;;;;;;;;;;;
Helena;;329,5;318,7;;;441,5;;;;;;489,5;;320,8;355,7;401,2;;;;;;;;;;;;;;;;;;;;
SaltLakeCity;;;;350,8;357,4;;421,5;;443,1;;;487,5;;;;;;;;;;;;;;;;;;;;;;;;
SanFrancisco;;;;339,0;;408,7;;495,3;;;;;;;;;;;;;;;;;;;;;;;;;;;;
LosAngeles;;;;;;;403,3;;417,5;;;;645,5;;;;;;;;;;;;;;;;;;;;;;;
LasVegas;;;;;;406,8;;523,7;;;;;;;;;;;;;;;;;;;;;;;;;;;;
Phoenix;;;;;;;;;;;;454,1;617,3;;;;;;;;;;;;;;;;;;;;;;;
SantaFe;;;;;;;;;;;;489,7;577,6;;;;;;;;;;;;;;;;;;;;;;;
Denver;;;;;426,4;419,9;;;;500,8;490,9;;;;;423,4;478,9;608,9;;;;;;;;;;;;;;;;;;
ElPaso;;;;;;;;515,1;;509,0;533,4;;;;;;;605,4;747,2;630,1;;;;;;;;;;;;;;;;
Winnipeg;;;328,8;;409,6;;;;;;;;;;357,0;;;;;;;;;330,4;;;;;;;;;;;;
Duluth;;;;;388,1;;;;;;;;;348,9;;;;;;;;;;;403,9;;;;;;;;;;;
Omaha;;;;;426,8;;;;;;;439,0;;;;;;;;;;;481,0;;;;;;;;;;;;;
KansasCity;;;;;;;;;;;;472,6;;;;;;;;;;543,4;;;;;;;;;;;;;;
OklahomaCity;;;;;;;;;;;;502,0;597,1;;;;;;;;741,3;;;;;;;;;;;;;;;
Houston;;;;;;;;;;;;;587,1;;;;;;;;;;;;;;;;;;;;;;902,0;
Dallas;;;;;;;;;;;;;640,7;;;;;;;;687,4;;;;;;;;;;;;;;;
LittleRock;;;;;;;;;;;;;;;;;;613,2;;615,1;;527,3;;;;;;;;;;;;;983,0;626,0
SaintLouis;;;;;;;;;;;;;;;;;460,8;;;;981,3;;441,3;;;;;;488,0;;;;;;;595,7
Chicago;;;;;;;;;;;;;;;;420,9;;;;;;1007,0;;;359,1;;;;458,1;;;;;;;
SaultStMarie;;;;;;;;;;;;;;333,6;;;;;;;;;;;383,0;311,4;;;;;;;;;;
Toronto;;;;;;;;;;;;;;;367,1;;;;;;;;478,5;326,9;;315,4;;;444,4;;;;;;;
Montreal;;;;;;;;;;;;;;;;;;;;;;;;329,6;374,8;;290,3;330,5;;;;;;;;
Boston;;;;;;;;;;;;;;;;;;;;;;;;;;322,8;;308,7;;;;;;;;
NewYork;;;;;;;;;;;;;;;;;;;;;;;;;;318,6;294,7;;;390,7;;;;;;
Pittsburgh;;;;;;;;;;;;;;;;;;;;;;593,5;470,9;;367,0;;;;;392,1;481,6;;;;;
Washington;;;;;;;;;;;;;;;;;;;;;;;;;;;;330,6;489,7;;525,8;;;;;
Raleigh;;;;;;;;;;;;;;;;;;;;;;;;;;;;;417,1;389,6;;;637,8;;;
Atlanta;;;;;;;;;;;;;;;;;;;;;;;;;;;;;;;;;657,1;718,0;904,0;595,8
Charleston;;;;;;;;;;;;;;;;;;;;;;;;;;;;;;;547,3;720,1;;800,9;;
Miami;;;;;;;;;;;;;;;;;;;;;;;;;;;;;;;;703,4;669,5;;906,0;
NewOrleans;;;;;;;;;;;;;;;;;;;1000,0;;1000,0;;;;;;;;;;;1000,0;;1000,0;;
Nashville;;;;;;;;;;;;;;;;;;;;;645,3;513,2;;;;;;;;;;747,8;;;;
Step_40000;Vancouver;Seattle;Calgary;Portland;Helena;SaltLakeCity;SanFrancisco;LosAngeles;LasVegas;Phoenix;SantaFe;Denver;ElPaso;Winnipeg;Duluth;Omaha;KansasCity;OklahomaCity;Houston;Dallas;LittleRock;SaintLouis;Chicago;SaultStMarie;Toronto;Montreal;Boston;NewYork;Pittsburgh;Washington;Raleigh;Atlanta;Charleston;Miami;NewOrleans;Nashville
Vancouver;;286,9;292,7;;;;;;;;;;;;;;;;;;;;;;;;;;;;;;;;;
Seattle;277,5;;316,2;338,9;388,8;;;;;;;;;;;;;;;;;;;;;;;;;;;;;;;
Calgary;279,8;315,4;;;392,8;;;;;;;;;326,2;;;;;;;;;;;;;;;;;;;;;;
Portland;;314,9;;;;404,6;383,7;;;;;;;;;;;;;;;;;;;;;;;;;;;;;
Helena;;330,3;306,6;;;398,4;;;;;;487,0;;311,7;347,6;429,1;;;;;;;;;;;;;;;;;;;;
SaltLakeCity;;;;346,0;405,4;;407,9;;399,9;;;481,4;;;;;;;;;;;;;;;;;;;;;;;;
SanFrancisco;;;;348,0;;416,3;;519,2;;;;;;;;;;;;;;;;;;;;;;;;;;;;
LosAngeles;;;;;;;382,3;;408,8;;;;597,4;;;;;;;;;;;;;;;;;;;;;;;
LasVegas;;;;;;390,5;;425,8;;;;;;;;;;;;;;;;;;;;;;;;;;;;
Phoenix;;;;;;;;;;;;432,6;652,1;;;;;;;;;;;;;;;;;;;;;;;
SantaFe;;;;;;;;;;;;479,4;614,6;;;;;;;;;;;;;;;;;;;;;;;
Denver;;;;;350,1;428,6;;;;524,6;479,1;;;;;413,2;474,7;575,9;;;;;;;;;;;;;;;;;;
ElPaso;;;;;;;;465,1;;505,5;518,0;;;;;;;605,8;815,6;644,9;;;;;;;;;;;;;;;;
Winnipeg;;;323,6;;341,9;;;;;;;;;;343,6;;;;;;;;;340,7;;;;;;;;;;;;
Duluth;;;;;406,1;;;;;;;;;319,7;;;;;;;;;;;354,1;;;;;;;;;;;
Omaha;;;;;367,2;;;;;;;462,1;;;;;;;;;;;399,1;;;;;;;;;;;;;
KansasCity;;;;;;;;;;;;464,0;;;;;;;;;;560,2;;;;;;;;;;;;;;
OklahomaCity;;;;;;;;;;;;484,3;646,6;;;;;;;;636,1;;;;;;;;;;;;;;;
Houston;;;;;;;;;;;;;535,7;;;;;;;;;;;;;;;;;;;;;;902,0;
Dallas;;;;;;;;;;;;;622,5;;;;;;;;646,1;;;;;;;;;;;;;;;
LittleRock;;;;;;;;;;;;;;;;;;626,8;;582,9;;537,9;;;;;;;;;;;;;1003,0;580,6
SaintLouis;;;;;;;;;;;;;;;;;483,1;;;;909,3;;511,2;;;;;;429,5;;;;;;;571,6
Chicago;;;;;;;;;;;;;;;;410,5;;;;;;898,0;;;348,7;;;;464,0;;;;;;;
SaultStMarie;;;;;;;;;;;;;;325,9;;;;;;;;;;;398,3;316,9;;;;;;;;;;
Toronto;;;;;;;;;;;;;;;334,5;;;;;;;;483,9;346,9;;311,6;;;451,9;;;;;;;
Montreal;;;;;;;;;;;;;;;;;;;;;;;;324,3;371,0;;304,3;371,8;;;;;;;;
Boston;;;;;;;;;;;;;;;;;;;;;;;;;;310,8;;339,7;;;;;;;;
NewYork;;;;;;;;;;;;;;;;;;;;;;;;;;329,6;320,8;;;420,1;;;;;;
Pittsburgh;;;;;;;;;;;;;;;;;;;;;;592,9;464,3;;380,6;;;;;402,8;499,4;;;;;
Washington;;;;;;;;;;;;;;;;;;;;;;;;;;;;361,2;445,0;;495,9;;;;;
Raleigh;;;;;;;;;;;;;;;;;;;;;;;;;;;;;445,9;441,8;;;662,9;;;
Atlanta;;;;;;;;;;;;;;;;;;;;;;;;;;;;;;;;;635,4;776,6;904,0;642,5
Charleston;;;;;;;;;;;;;;;;;;;;;;;;;;;;;;;508,8;756,9;;756,4;;
Miami;;;;;;;;;;;;;;;;;;;;;;;;;;;;;;;;791,5;680,6;;906,0;
NewOrleans;;;;;;;;;;;;;;;;;;;1000,0;;1000,0;;;;;;;;;;;1000,0;;1000,0;;
Nashville;;;;;;;;;;;;;;;;;;;;;684,9;545,2;;;;;;;;;;722,4;;;;
Step_4000;Vancouver;Seattle;Calgary;Portland;Helena;SaltLakeCity;SanFrancisco;LosAngeles;LasVegas;Phoenix;SantaFe;Denver;ElPaso;Winnipeg;Duluth;Omaha;KansasCity;OklahomaCity;Houston;Dallas;LittleRock;SaintLouis;Chicago;SaultStMarie;Toronto;Montreal;Boston;NewYork;Pittsburgh;Washington;Raleigh;Atlanta;Charleston;Miami;NewOrleans;Nashville
Vancouver;;129,2;117,4;;;;;;;;;;;;;;;;;;;;;;;;;;;;;;;;;
Seattle;50,4;;133,1;146,5;273,4;;;;;;;;;;;;;;;;;;;;;;;;;;;;;;;
Calgary;67,0;51,7;;;338,2;;;;;;;;;98,1;;;;;;;;;;;;;;;;;;;;;;
Portland;;122,8;;;;330,5;92,7;;;;;;;;;;;;;;;;;;;;;;;;;;;;;
Helena;;174,7;202,6;;;332,9;;;;;;416,1;;239,5;298,8;371,1;;;;;;;;;;;;;;;;;;;;
SaltLakeCity;;;;238,5;290,8;;280,1;;183,5;;;420,0;;;;;;;;;;;;;;;;;;;;;;;;
SanFrancisco;;;;185,3;;375,2;;192,0;;;;;;;;;;;;;;;;;;;;;;;;;;;;
LosAngeles;;;;;;;152,1;;221,9;;;;503,7;;;;;;;;;;;;;;;;;;;;;;;
LasVegas;;;;;;307,0;;35,4;;;;;;;;;;;;;;;;;;;;;;;;;;;;
Phoenix;;;;;;;;;;;;469,8;391,3;;;;;;;;;;;;;;;;;;;;;;;
SantaFe;;;;;;;;;;;;451,4;583,7;;;;;;;;;;;;;;;;;;;;;;;
Denver;;;;;367,3;330,5;;;;406,4;440,2;;;;;389,9;497,0;497,0;;;;;;;;;;;;;;;;;;
ElPaso;;;;;;;;360,6;;411,7;446,4;;;;;;;557,3;778,5;592,6;;;;;;;;;;;;;;;;
Winnipeg;;;260,1;;354,5;;;;;;;;;;270,9;;;;;;;;;173,6;;;;;;;;;;;;
Duluth;;;;;294,7;;;;;;;;;252,0;;;;;;;;;;;395,2;;;;;;;;;;;
Omaha;;;;;311,8;;;;;;;449,6;;;;;;;;;;;462,0;;;;;;;;;;;;;
KansasCity;;;;;;;;;;;;428,4;;;;;;;;;;584,2;;;;;;;;;;;;;;
OklahomaCity;;;;;;;;;;;;430,7;475,7;;;;;;;;668,8;;;;;;;;;;;;;;;
Houston;;;;;;;;;;;;;526,0;;;;;;;;;;;;;;;;;;;;;;901,9;
Dallas;;;;;;;;;;;;;524,6;;;;;;;;658,2;;;;;;;;;;;;;;;
LittleRock;;;;;;;;;;;;;;;;;;518,9;;621,7;;571,4;;;;;;;;;;;;;1003,0;651,6
SaintLouis;;;;;;;;;;;;;;;;;457,1;;;;921,7;;436,5;;;;;;463,5;;;;;;;608,1
Chicago;;;;;;;;;;;;;;;;367,5;;;;;;888,3;;;330,7;;;;476,0;;;;;;;
SaultStMarie;;;;;;;;;;;;;;232,7;;;;;;;;;;;346,9;276,9;;;;;;;;;;
Toronto;;;;;;;;;;;;;;;299,1;;;;;;;;470,5;281,9;;272,4;;;422,8;;;;;;;
Montreal;;;;;;;;;;;;;;;;;;;;;;;;283,5;330,7;;233,3;342,1;;;;;;;;
Boston;;;;;;;;;;;;;;;;;;;;;;;;;;268,7;;247,0;;;;;;;;
NewYork;;;;;;;;;;;;;;;;;;;;;;;;;;281,3;216,1;;;428,2;;;;;;
Pittsburgh;;;;;;;;;;;;;;;;;;;;;;489,3;442,5;;355,3;;;;;416,9;562,5;;;;;
Washington;;;;;;;;;;;;;;;;;;;;;;;;;;;;324,3;470,0;;536,9;;;;;
Raleigh;;;;;;;;;;;;;;;;;;;;;;;;;;;;;441,8;417,4;;;671,1;;;
Atlanta;;;;;;;;;;;;;;;;;;;;;;;;;;;;;;;;;627,2;745,9;904,0;642,3
Charleston;;;;;;;;;;;;;;;;;;;;;;;;;;;;;;;494,1;803,1;;737,2;;
Miami;;;;;;;;;;;;;;;;;;;;;;;;;;;;;;;;704,5;669,2;;906,0;
NewOrleans;;;;;;;;;;;;;;;;;;;1000,0;;1000,0;;;;;;;;;;;1000,0;;1000,0;;
Nashville;;;;;;;;;;;;;;;;;;;;;663,7;563,8;;;;;;;;;;749,5;;;;
Step_8000;Vancouver;Seattle;Calgary;Portland;Helena;SaltLakeCity;SanFrancisco;LosAngeles;LasVegas;Phoenix;SantaFe;Denver;ElPaso;Winnipeg;Duluth;Omaha;KansasCity;OklahomaCity;Houston;Dallas;LittleRock;SaintLouis;Chicago;SaultStMarie;Toronto;Montreal;Boston;NewYork;Pittsburgh;Washington;Raleigh;Atlanta;Charleston;Miami;NewOrleans;Nashville
Vancouver;;167,7;184,8;;;;;;;;;;;;;;;;;;;;;;;;;;;;;;;;;
Seattle;88,3;;181,8;256,4;331,8;;;;;;;;;;;;;;;;;;;;;;;;;;;;;;;
Calgary;122,9;155,1;;;316,6;;;;;;;;;244,9;;;;;;;;;;;;;;;;;;;;;;
Portland;;232,5;;;;355,7;239,9;;;;;;;;;;;;;;;;;;;;;;;;;;;;;
Helena;;268,0;195,3;;;360,3;;;;;;475,1;;291,8;329,5;390,0;;;;;;;;;;;;;;;;;;;;
SaltLakeCity;;;;305,2;378,2;;309,5;;346,2;;;435,9;;;;;;;;;;;;;;;;;;;;;;;;
SanFrancisco;;;;292,0;;331,5;;356,3;;;;;;;;;;;;;;;;;;;;;;;;;;;;
LosAngeles;;;;;;;308,0;;362,6;;;;598,9;;;;;;;;;;;;;;;;;;;;;;;
LasVegas;;;;;;309,0;;396,7;;;;;;;;;;;;;;;;;;;;;;;;;;;;
Phoenix;;;;;;;;;;;;446,3;576,7;;;;;;;;;;;;;;;;;;;;;;;
SantaFe;;;;;;;;;;;;412,8;573,6;;;;;;;;;;;;;;;;;;;;;;;
Denver;;;;;365,3;370,6;;;;536,7;488,0;;;;;400,8;465,7;573,5;;;;;;;;;;;;;;;;;;
ElPaso;;;;;;;;373,1;;489,8;504,4;;;;;;;605,7;765,5;592,7;;;;;;;;;;;;;;;;
Winnipeg;;;274,4;;312,1;;;;;;;;;;327,9;;;;;;;;;305,2;;;;;;;;;;;;
Duluth;;;;;314,7;;;;;;;;;297,5;;;;;;;;;;;378,1;;;;;;;;;;;
Omaha;;;;;390,2;;;;;;;445,0;;;;;;;;;;;446,5;;;;;;;;;;;;;
KansasCity;;;;;;;;;;;;437,0;;;;;;;;;;554,0;;;;;;;;;;;;;;
OklahomaCity;;;;;;;;;;;;451,5;646,4;;;;;;;;727,0;;;;;;;;;;;;;;;
Houston;;;;;;;;;;;;;519,5;;;;;;;;;;;;;;;;;;;;;;902,0;
Dallas;;;;;;;;;;;;;521,7;;;;;;;;655,5;;;;;;;;;;;;;;;
LittleRock;;;;;;;;;;;;;;;;;;533,6;;522,4;;576,3;;;;;;;;;;;;;983,0;626,7
SaintLouis;;;;;;;;;;;;;;;;;475,3;;;;981,3;;477,6;;;;;;446,9;;;;;;;581,8
Chicago;;;;;;;;;;;;;;;;412,7;;;;;;1007,0;;;376,7;;;;408,6;;;;;;;
SaultStMarie;;;;;;;;;;;;;;292,1;;;;;;;;;;;386,6;322,3;;;;;;;;;;
Toronto;;;;;;;;;;;;;;;324,9;;;;;;;;394,5;334,5;;314,1;;;475,2;;;;;;;
Montreal;;;;;;;;;;;;;;;;;;;;;;;;328,6;336,0;;309,2;342,0;;;;;;;;
Boston;;;;;;;;;;;;;;;;;;;;;;;;;;330,2;;350,0;;;;;;;;
NewYork;;;;;;;;;;;;;;;;;;;;;;;;;;319,9;306,7;;;449,0;;;;;;
Pittsburgh;;;;;;;;;;;;;;;;;;;;;;612,2;448,0;;368,0;;;;;448,6;463,8;;;;;
Washington;;;;;;;;;;;;;;;;;;;;;;;;;;;;342,1;387,5;;563,3;;;;;
Raleigh;;;;;;;;;;;;;;;;;;;;;;;;;;;;;468,7;430,0;;;628,5;;;
Atlanta;;;;;;;;;;;;;;;;;;;;;;;;;;;;;;;;;652,6;752,7;904,0;617,3
Charleston;;;;;;;;;;;;;;;;;;;;;;;;;;;;;;;511,8;734,8;;746,7;;
Miami;;;;;;;;;;;;;;;;;;;;;;;;;;;;;;;;730,3;663,2;;906,0;
NewOrleans;;;;;;;;;;;;;;;;;;;1000,0;;1000,0;;;;;;;;;;;1000,0;;1000,0;;
Nashville;;;;;;;;;;;;;;;;;;;;;643,2;519,1;;;;;;;;;;734,5;;;;
Step_12000;Vancouver;Seattle;Calgary;Portland;Helena;SaltLakeCity;SanFrancisco;LosAngeles;LasVegas;Phoenix;SantaFe;Denver;ElPaso;Winnipeg;Duluth;Omaha;KansasCity;OklahomaCity;Houston;Dallas;LittleRock;SaintLouis;Chicago;SaultStMarie;Toronto;Montreal;Boston;NewYork;Pittsburgh;Washington;Raleigh;Atlanta;Charleston;Miami;NewOrleans;Nashville
Vancouver;;245,3;289,0;;;;;;;;;;;;;;;;;;;;;;;;;;;;;;;;;
Seattle;186,0;;227,9;291,8;381,5;;;;;;;;;;;;;;;;;;;;;;;;;;;;;;;
Calgary;183,7;235,3;;;358,2;;;;;;;;;302,2;;;;;;;;;;;;;;;;;;;;;;
Portland;;288,8;;;;402,8;322,9;;;;;;;;;;;;;;;;;;;;;;;;;;;;;
Helena;;272,6;331,0;;;388,7;;;;;;480,4;;320,1;342,7;401,8;;;;;;;;;;;;;;;;;;;;
SaltLakeCity;;;;329,0;369,4;;415,8;;413,4;;;462,0;;;;;;;;;;;;;;;;;;;;;;;;
SanFrancisco;;;;319,1;;381,4;;534,4;;;;;;;;;;;;;;;;;;;;;;;;;;;;
LosAngeles;;;;;;;380,9;;396,0;;;;610,7;;;;;;;;;;;;;;;;;;;;;;;
LasVegas;;;;;;408,6;;479,7;;;;;;;;;;;;;;;;;;;;;;;;;;;;
Phoenix;;;;;;;;;;;;455,4;598,5;;;;;;;;;;;;;;;;;;;;;;;
SantaFe;;;;;;;;;;;;448,7;618,3;;;;;;;;;;;;;;;;;;;;;;;
Denver;;;;;393,2;366,4;;;;517,6;508,4;;;;;404,9;502,8;635,5;;;;;;;;;;;;;;;;;;
ElPaso;;;;;;;;421,6;;522,8;528,4;;;;;;;580,1;696,7;601,0;;;;;;;;;;;;;;;;
Winnipeg;;;302,0;;361,8;;;;;;;;;;325,5;;;;;;;;;340,4;;;;;;;;;;;;
Duluth;;;;;403,5;;;;;;;;;310,2;;;;;;;;;;;388,8;;;;;;;;;;;
Omaha;;;;;367,1;;;;;;;509,6;;;;;;;;;;;461,1;;;;;;;;;;;;;
KansasCity;;;;;;;;;;;;437,5;;;;;;;;;;557,8;;;;;;;;;;;;;;
OklahomaCity;;;;;;;;;;;;448,5;584,0;;;;;;;;777,0;;;;;;;;;;;;;;;
Houston;;;;;;;;;;;;;574,4;;;;;;;;;;;;;;;;;;;;;;902,0;
Dallas;;;;;;;;;;;;;553,9;;;;;;;;668,1;;;;;;;;;;;;;;;
LittleRock;;;;;;;;;;;;;;;;;;650,5;;604,4;;546,8;;;;;;;;;;;;;983,0;603,5
SaintLouis;;;;;;;;;;;;;;;;;479,8;;;;1005,0;;445,0;;;;;;444,2;;;;;;;640,4
Chicago;;;;;;;;;;;;;;;;427,6;;;;;;1007,0;;;414,6;;;;437,7;;;;;;;
SaultStMarie;;;;;;;;;;;;;;324,9;;;;;;;;;;;390,7;323,5;;;;;;;;;;
Toronto;;;;;;;;;;;;;;;351,7;;;;;;;;442,6;327,2;;316,0;;;471,6;;;;;;;
Montreal;;;;;;;;;;;;;;;;;;;;;;;;333,8;379,6;;327,4;345,7;;;;;;;;
Boston;;;;;;;;;;;;;;;;;;;;;;;;;;324,9;;351,3;;;;;;;;
NewYork;;;;;;;;;;;;;;;;;;;;;;;;;;321,8;328,3;;;405,1;;;;;;
Pittsburgh;;;;;;;;;;;;;;;;;;;;;;545,6;453,8;;402,8;;;;;422,9;464,4;;;;;
Washington;;;;;;;;;;;;;;;;;;;;;;;;;;;;361,2;451,9;;509,8;;;;;
Raleigh;;;;;;;;;;;;;;;;;;;;;;;;;;;;;464,8;399,2;;;610,4;;;
Atlanta;;;;;;;;;;;;;;;;;;;;;;;;;;;;;;;;;632,7;757,3;904,0;605,9
Charleston;;;;;;;;;;;;;;;;;;;;;;;;;;;;;;;506,8;691,8;;736,1;;
Miami;;;;;;;;;;;;;;;;;;;;;;;;;;;;;;;;770,6;635,0;;906,0;
NewOrleans;;;;;;;;;;;;;;;;;;;1000,0;;1000,0;;;;;;;;;;;1000,0;;1000,0;;
Nashville;;;;;;;;;;;;;;;;;;;;;644,1;556,9;;;;;;;;;;796,5;;;;
Step_16000;Vancouver;Seattle;Calgary;Portland;Helena;SaltLakeCity;SanFrancisco;LosAngeles;LasVegas;Phoenix;SantaFe;Denver;ElPaso;Winnipeg;Duluth;Omaha;KansasCity;OklahomaCity;Houston;Dallas;LittleRock;SaintLouis;Chicago;SaultStMarie;Toronto;Montreal;Boston;NewYork;Pittsburgh;Washington;Raleigh;Atlanta;Charleston;Miami;NewOrleans;Nashville
Vancouver;;294,9;320,6;;;;;;;;;;;;;;;;;;;;;;;;;;;;;;;;;
Seattle;237,9;;268,9;313,1;375,8;;;;;;;;;;;;;;;;;;;;;;;;;;;;;;;
Calgary;208,2;305,8;;;405,4;;;;;;;;;340,2;;;;;;;;;;;;;;;;;;;;;;
Portland;;285,4;;;;416,2;373,9;;;;;;;;;;;;;;;;;;;;;;;;;;;;;
Helena;;301,1;349,6;;;386,7;;;;;;485,2;;341,9;364,7;420,6;;;;;;;;;;;;;;;;;;;;
SaltLakeCity;;;;364,1;337,8;;388,2;;437,4;;;497,6;;;;;;;;;;;;;;;;;;;;;;;;
SanFrancisco;;;;340,6;;400,5;;411,7;;;;;;;;;;;;;;;;;;;;;;;;;;;;
LosAngeles;;;;;;;369,6;;415,6;;;;633,7;;;;;;;;;;;;;;;;;;;;;;;
LasVegas;;;;;;397,8;;480,3;;;;;;;;;;;;;;;;;;;;;;;;;;;;
Phoenix;;;;;;;;;;;;483,5;591,7;;;;;;;;;;;;;;;;;;;;;;;
SantaFe;;;;;;;;;;;;471,4;553,1;;;;;;;;;;;;;;;;;;;;;;;
Denver;;;;;420,4;412,2;;;;546,4;507,9;;;;;418,8;501,2;537,3;;;;;;;;;;;;;;;;;;
ElPaso;;;;;;;;479,6;;563,1;492,7;;;;;;;617,8;758,3;615,3;;;;;;;;;;;;;;;;
Winnipeg;;;311,4;;394,6;;;;;;;;;;329,5;;;;;;;;;336,3;;;;;;;;;;;;
Duluth;;;;;330,4;;;;;;;;;357,9;;;;;;;;;;;386,7;;;;;;;;;;;
Omaha;;;;;395,3;;;;;;;447,2;;;;;;;;;;;459,1;;;;;;;;;;;;;
KansasCity;;;;;;;;;;;;450,5;;;;;;;;;;598,9;;;;;;;;;;;;;;
OklahomaCity;;;;;;;;;;;;482,2;522,6;;;;;;;;699,3;;;;;;;;;;;;;;;
Houston;;;;;;;;;;;;;625,2;;;;;;;;;;;;;;;;;;;;;;902,0;
Dallas;;;;;;;;;;;;;600,8;;;;;;;;718,3;;;;;;;;;;;;;;;
LittleRock;;;;;;;;;;;;;;;;;;576,1;;614,1;;549,0;;;;;;;;;;;;;1003,0;656,6
SaintLouis;;;;;;;;;;;;;;;;;495,5;;;;903,2;;462,6;;;;;;481,3;;;;;;;638,4
Chicago;;;;;;;;;;;;;;;;407,6;;;;;;968,6;;;384,5;;;;501,6;;;;;;;
SaultStMarie;;;;;;;;;;;;;;361,0;;;;;;;;;;;398,4;307,1;;;;;;;;;;
Toronto;;;;;;;;;;;;;;;353,5;;;;;;;;433,6;352,8;;332,8;;;464,4;;;;;;;
Montreal;;;;;;;;;;;;;;;;;;;;;;;;340,1;404,6;;327,6;361,4;;;;;;;;
Boston;;;;;;;;;;;;;;;;;;;;;;;;;;331,9;;349,5;;;;;;;;
NewYork;;;;;;;;;;;;;;;;;;;;;;;;;;317,1;319,0;;;414,5;;;;;;
Pittsburgh;;;;;;;;;;;;;;;;;;;;;;494,9;456,4;;400,4;;;;;459,0;602,5;;;;;
Washington;;;;;;;;;;;;;;;;;;;;;;;;;;;;365,5;465,1;;524,8;;;;;
Raleigh;;;;;;;;;;;;;;;;;;;;;;;;;;;;;484,0;388,7;;;696,4;;;
Atlanta;;;;;;;;;;;;;;;;;;;;;;;;;;;;;;;;;673,7;726,2;904,0;620,9
Charleston;;;;;;;;;;;;;;;;;;;;;;;;;;;;;;;557,9;656,1;;790,8;;
Miami;;;;;;;;;;;;;;;;;;;;;;;;;;;;;;;;760,0;688,3;;906,0;
NewOrleans;;;;;;;;;;;;;;;;;;;1000,0;;1000,0;;;;;;;;;;;1000,0;;1000,0;;
Nashville;;;;;;;;;;;;;;;;;;;;;686,1;573,8;;;;;;;;;;732,7;;;;
Step_20000;Vancouver;Seattle;Calgary;Portland;Helena;SaltLakeCity;SanFrancisco;LosAngeles;LasVegas;Phoenix;SantaFe;Denver;ElPaso;Winnipeg;Duluth;Omaha;KansasCity;OklahomaCity;Houston;Dallas;LittleRock;SaintLouis;Chicago;SaultStMarie;Toronto;Montreal;Boston;NewYork;Pittsburgh;Washington;Raleigh;Atlanta;Charleston;Miami;NewOrleans;Nashville
Vancouver;;320,1;312,1;;;;;;;;;;;;;;;;;;;;;;;;;;;;;;;;;
Seattle;278,0;;306,5;326,1;412,8;;;;;;;;;;;;;;;;;;;;;;;;;;;;;;;
Calgary;270,4;330,9;;;400,7;;;;;;;;;320,1;;;;;;;;;;;;;;;;;;;;;;
Portland;;301,8;;;;393,4;395,1;;;;;;;;;;;;;;;;;;;;;;;;;;;;;
Helena;;310,9;321,4;;;394,2;;;;;;498,3;;327,6;328,1;430,7;;;;;;;;;;;;;;;;;;;;
SaltLakeCity;;;;361,0;409,3;;416,7;;410,7;;;506,0;;;;;;;;;;;;;;;;;;;;;;;;
SanFrancisco;;;;343,3;;401,8;;491,9;;;;;;;;;;;;;;;;;;;;;;;;;;;;
LosAngeles;;;;;;;392,3;;434,6;;;;615,7;;;;;;;;;;;;;;;;;;;;;;;
LasVegas;;;;;;395,7;;505,0;;;;;;;;;;;;;;;;;;;;;;;;;;;;
Phoenix;;;;;;;;;;;;465,0;625,6;;;;;;;;;;;;;;;;;;;;;;;
SantaFe;;;;;;;;;;;;486,4;572,4;;;;;;;;;;;;;;;;;;;;;;;
Denver;;;;;395,2;394,2;;;;527,9;523,0;;;;;426,5;495,2;573,2;;;;;;;;;;;;;;;;;;
ElPaso;;;;;;;;470,4;;545,3;523,8;;;;;;;613,1;741,1;612,5;;;;;;;;;;;;;;;;
Winnipeg;;;328,5;;392,7;;;;;;;;;;348,9;;;;;;;;;330,2;;;;;;;;;;;;
Duluth;;;;;383,8;;;;;;;;;327,9;;;;;;;;;;;354,3;;;;;;;;;;;
Omaha;;;;;397,1;;;;;;;500,6;;;;;;;;;;;414,4;;;;;;;;;;;;;
KansasCity;;;;;;;;;;;;500,7;;;;;;;;;;556,5;;;;;;;;;;;;;;
OklahomaCity;;;;;;;;;;;;495,4;577,7;;;;;;;;678,6;;;;;;;;;;;;;;;
Houston;;;;;;;;;;;;;583,8;;;;;;;;;;;;;;;;;;;;;;902,0;
Dallas;;;;;;;;;;;;;604,3;;;;;;;;764,1;;;;;;;;;;;;;;;
LittleRock;;;;;;;;;;;;;;;;;;596,5;;608,4;;553,7;;;;;;;;;;;;;1003,0;636,0
SaintLouis;;;;;;;;;;;;;;;;;485,8;;;;918,9;;431,6;;;;;;457,4;;;;;;;615,5
Chicago;;;;;;;;;;;;;;;;432,3;;;;;;888,3;;;404,5;;;;447,0;;;;;;;
SaultStMarie;;;;;;;;;;;;;;340,0;;;;;;;;;;;405,9;345,1;;;;;;;;;;
Toronto;;;;;;;;;;;;;;;337,5;;;;;;;;449,5;337,2;;329,3;;;474,8;;;;;;;
Montreal;;;;;;;;;;;;;;;;;;;;;;;;327,8;389,6;;331,1;353,8;;;;;;;;
Boston;;;;;;;;;;;;;;;;;;;;;;;;;;327,7;;349,7;;;;;;;;
NewYork;;;;;;;;;;;;;;;;;;;;;;;;;;336,6;332,1;;;461,3;;;;;;
Pittsburgh;;;;;;;;;;;;;;;;;;;;;;595,3;454,7;;388,8;;;;;459,2;506,6;;;;;
Washington;;;;;;;;;;;;;;;;;;;;;;;;;;;;389,7;448,4;;522,9;;;;;
Raleigh;;;;;;;;;;;;;;;;;;;;;;;;;;;;;444,3;442,1;;;636,0;;;
Atlanta;;;;;;;;;;;;;;;;;;;;;;;;;;;;;;;;;650,0;753,4;904,0;627,6
Charleston;;;;;;;;;;;;;;;;;;;;;;;;;;;;;;;517,7;662,8;;715,8;;
Miami;;;;;;;;;;;;;;;;;;;;;;;;;;;;;;;;724,0;667,1;;906,0;
NewOrleans;;;;;;;;;;;;;;;;;;;1000,0;;1000,0;;;;;;;;;;;1000,0;;1000,0;;
Nashville;;;;;;;;;;;;;;;;;;;;;660,3;494,0;;;;;;;;;;721,3;;;;
Step_24000;Vancouver;Seattle;Calgary;Portland;Helena;SaltLakeCity;SanFrancisco;LosAngeles;LasVegas;Phoenix;SantaFe;Denver;ElPaso;Winnipeg;Duluth;Omaha;KansasCity;OklahomaCity;Houston;Dallas;LittleRock;SaintLouis;Chicago;SaultStMarie;Toronto;Montreal;Boston;NewYork;Pittsburgh;Washington;Raleigh;Atlanta;Charleston;Miami;NewOrleans;Nashville
Vancouver;;323,0;312,1;;;;;;;;;;;;;;;;;;;;;;;;;;;;;;;;;
Seattle;282,5;;332,8;350,4;396,1;;;;;;;;;;;;;;;;;;;;;;;;;;;;;;;
Calgary;275,1;336,0;;;403,1;;;;;;;;;325,7;;;;;;;;;;;;;;;;;;;;;;
Portland;;325,8;;;;371,0;375,5;;;;;;;;;;;;;;;;;;;;;;;;;;;;;
Helena;;353,7;347,5;;;397,9;;;;;;484,5;;333,8;340,7;436,3;;;;;;;;;;;;;;;;;;;;
SaltLakeCity;;;;348,7;423,8;;404,9;;424,7;;;449,8;;;;;;;;;;;;;;;;;;;;;;;;
SanFrancisco;;;;353,0;;403,3;;444,9;;;;;;;;;;;;;;;;;;;;;;;;;;;;
LosAngeles;;;;;;;411,5;;407,3;;;;602,4;;;;;;;;;;;;;;;;;;;;;;;
LasVegas;;;;;;407,6;;473,0;;;;;;;;;;;;;;;;;;;;;;;;;;;;
Phoenix;;;;;;;;;;;;483,4;575,1;;;;;;;;;;;;;;;;;;;;;;;
SantaFe;;;;;;;;;;;;455,9;643,7;;;;;;;;;;;;;;;;;;;;;;;
Denver;;;;;390,0;388,3;;;;508,1;520,2;;;;;429,4;476,6;563,8;;;;;;;;;;;;;;;;;;
ElPaso;;;;;;;;483,1;;522,9;515,9;;;;;;;597,7;768,1;584,2;;;;;;;;;;;;;;;;
Winnipeg;;;329,5;;368,0;;;;;;;;;;348,9;;;;;;;;;337,5;;;;;;;;;;;;
Duluth;;;;;416,8;;;;;;;;;347,6;;;;;;;;;;;391,5;;;;;;;;;;;
Omaha;;;;;366,9;;;;;;;498,6;;;;;;;;;;;487,7;;;;;;;;;;;;;
KansasCity;;;;;;;;;;;;484,4;;;;;;;;;;487,1;;;;;;;;;;;;;;
OklahomaCity;;;;;;;;;;;;488,2;545,6;;;;;;;;675,3;;;;;;;;;;;;;;;
Houston;;;;;;;;;;;;;633,5;;;;;;;;;;;;;;;;;;;;;;902,0;
Dallas;;;;;;;;;;;;;621,5;;;;;;;;742,6;;;;;;;;;;;;;;;
LittleRock;;;;;;;;;;;;;;;;;;639,9;;631,8;;614,7;;;;;;;;;;;;;983,0;662,4
SaintLouis;;;;;;;;;;;;;;;;;454,0;;;;918,1;;460,2;;;;;;454,3;;;;;;;625,5
Chicago;;;;;;;;;;;;;;;;418,1;;;;;;971,3;;;383,5;;;;421,8;;;;;;;
SaultStMarie;;;;;;;;;;;;;;350,1;;;;;;;;;;;388,5;323,0;;;;;;;;;;
Toronto;;;;;;;;;;;;;;;359,7;;;;;;;;556,4;325,7;;317,1;;;423,8;;;;;;;
Montreal;;;;;;;;;;;;;;;;;;;;;;;;331,7;388,8;;313,6;328,3;;;;;;;;
Boston;;;;;;;;;;;;;;;;;;;;;;;;;;314,2;;352,9;;;;;;;;
NewYork;;;;;;;;;;;;;;;;;;;;;;;;;;309,5;309,7;;;451,7;;;;;;
Pittsburgh;;;;;;;;;;;;;;;;;;;;;;483,5;473,9;;400,8;;;;;418,5;542,1;;;;;
Washington;;;;;;;;;;;;;;;;;;;;;;;;;;;;339,8;426,6;;457,6;;;;;
Raleigh;;;;;;;;;;;;;;;;;;;;;;;;;;;;;459,6;420,0;;;615,4;;;
Atlanta;;;;;;;;;;;;;;;;;;;;;;;;;;;;;;;;;663,5;712,2;904,0;599,6
Charleston;;;;;;;;;;;;;;;;;;;;;;;;;;;;;;;523,5;714,0;;715,8;;
Miami;;;;;;;;;;;;;;;;;;;;;;;;;;;;;;;;691,3;636,7;;906,0;
NewOrleans;;;;;;;;;;;;;;;;;;;1000,0;;1000,0;;;;;;;;;;;1000,0;;1000,0;;
Nashville;;;;;;;;;;;;;;;;;;;;;695,0;563,0;;;;;;;;;;790,3;;;;
Step_28000;Vancouver;Seattle;Calgary;Portland;Helena;SaltLakeCity;SanFrancisco;LosAngeles;LasVegas;Phoenix;SantaFe;Denver;ElPaso;Winnipeg;Duluth;Omaha;KansasCity;OklahomaCity;Houston;Dallas;LittleRock;SaintLouis;Chicago;SaultStMarie;Toronto;Montreal;Boston;NewYork;Pittsburgh;Washington;Raleigh;Atlanta;Charleston;Miami;NewOrleans;Nashville
Vancouver;;336,9;327,3;;;;;;;;;;;;;;;;;;;;;;;;;;;;;;;;;
Seattle;289,4;;343,6;344,8;413,9;;;;;;;;;;;;;;;;;;;;;;;;;;;;;;;
Calgary;286,5;328,8;;;384,1;;;;;;;;;321,8;;;;;;;;;;;;;;;;;;;;;;
Portland;;334,8;;;;395,8;440,9;;;;;;;;;;;;;;;;;;;;;;;;;;;;;
Helena;;363,2;342,7;;;368,1;;;;;;407,8;;321,3;338,5;425,1;;;;;;;;;;;;;;;;;;;;
SaltLakeCity;;;;351,8;379,9;;411,4;;408,9;;;462,9;;;;;;;;;;;;;;;;;;;;;;;;
SanFrancisco;;;;368,3;;387,1;;531,6;;;;;;;;;;;;;;;;;;;;;;;;;;;;
LosAngeles;;;;;;;406,9;;442,5;;;;633,0;;;;;;;;;;;;;;;;;;;;;;;
LasVegas;;;;;;395,7;;520,3;;;;;;;;;;;;;;;;;;;;;;;;;;;;
Phoenix;;;;;;;;;;;;448,7;595,9;;;;;;;;;;;;;;;;;;;;;;;
SantaFe;;;;;;;;;;;;450,7;604,7;;;;;;;;;;;;;;;;;;;;;;;
Denver;;;;;365,6;405,6;;;;518,8;475,8;;;;;400,2;471,1;600,0;;;;;;;;;;;;;;;;;;
ElPaso;;;;;;;;427,7;;520,9;480,3;;;;;;;541,9;684,8;598,4;;;;;;;;;;;;;;;;
Winnipeg;;;330,5;;363,7;;;;;;;;;;334,4;;;;;;;;;328,9;;;;;;;;;;;;
Duluth;;;;;344,9;;;;;;;;;320,7;;;;;;;;;;;379,1;;;;;;;;;;;
Omaha;;;;;363,2;;;;;;;492,7;;;;;;;;;;;469,5;;;;;;;;;;;;;
KansasCity;;;;;;;;;;;;470,8;;;;;;;;;;519,9;;;;;;;;;;;;;;
OklahomaCity;;;;;;;;;;;;413,1;630,4;;;;;;;;741,3;;;;;;;;;;;;;;;
Houston;;;;;;;;;;;;;536,6;;;;;;;;;;;;;;;;;;;;;;902,0;
Dallas;;;;;;;;;;;;;622,5;;;;;;;;605,6;;;;;;;;;;;;;;;
LittleRock;;;;;;;;;;;;;;;;;;612,0;;578,2;;528,2;;;;;;;;;;;;;983,0;629,2
SaintLouis;;;;;;;;;;;;;;;;;469,0;;;;1005,0;;455,7;;;;;;492,8;;;;;;;616,1
Chicago;;;;;;;;;;;;;;;;400,1;;;;;;916,9;;;411,7;;;;459,3;;;;;;;
SaultStMarie;;;;;;;;;;;;;;327,0;;;;;;;;;;;396,6;347,2;;;;;;;;;;
Toronto;;;;;;;;;;;;;;;339,9;;;;;;;;472,2;343,3;;340,7;;;417,9;;;;;;;
Montreal;;;;;;;;;;;;;;;;;;;;;;;;333,0;384,7;;311,0;366,6;;;;;;;;
Boston;;;;;;;;;;;;;;;;;;;;;;;;;;317,1;;349,3;;;;;;;;
NewYork;;;;;;;;;;;;;;;;;;;;;;;;;;333,6;303,7;;;467,4;;;;;;
Pittsburgh;;;;;;;;;;;;;;;;;;;;;;552,1;463,5;;375,6;;;;;438,7;582,1;;;;;
Washington;;;;;;;;;;;;;;;;;;;;;;;;;;;;392,0;449,1;;560,9;;;;;
Raleigh;;;;;;;;;;;;;;;;;;;;;;;;;;;;;456,7;467,2;;;676,8;;;
Atlanta;;;;;;;;;;;;;;;;;;;;;;;;;;;;;;;;;631,3;779,7;904,0;632,6
Charleston;;;;;;;;;;;;;;;;;;;;;;;;;;;;;;;594,7;715,9;;745,3;;
Miami;;;;;;;;;;;;;;;;;;;;;;;;;;;;;;;;784,1;659,6;;906,0;
NewOrleans;;;;;;;;;;;;;;;;;;;1000,0;;1000,0;;;;;;;;;;;1000,0;;1000,0;;
Nashville;;;;;;;;;;;;;;;;;;;;;740,7;492,7;;;;;;;;;;700,6;;;;
Step_32000;Vancouver;Seattle;Calgary;Portland;Helena;SaltLakeCity;SanFrancisco;LosAngeles;LasVegas;Phoenix;SantaFe;Denver;ElPaso;Winnipeg;Duluth;Omaha;KansasCity;OklahomaCity;Houston;Dallas;LittleRock;SaintLouis;Chicago;SaultStMarie;Toronto;Montreal;Boston;NewYork;Pittsburgh;Washington;Raleigh;Atlanta;Charleston;Miami;NewOrleans;Nashville
Vancouver;;324,0;327,3;;;;;;;;;;;;;;;;;;;;;;;;;;;;;;;;;
Seattle;299,3;;331,9;348,9;348,3;;;;;;;;;;;;;;;;;;;;;;;;;;;;;;;
Calgary;294,6;327,8;;;376,8;;;;;;;;;314,0;;;;;;;;;;;;;;;;;;;;;;
Portland;;332,8;;;;396,3;381,3;;;;;;;;;;;;;;;;;;;;;;;;;;;;;
Helena;;332,8;323,1;;;393,4;;;;;;482,4;;326,5;354,8;403,8;;;;;;;;;;;;;;;;;;;;
SaltLakeCity;;;;365,2;373,5;;373,0;;388,8;;;451,2;;;;;;;;;;;;;;;;;;;;;;;;
SanFrancisco;;;;358,6;;395,2;;387,6;;;;;;;;;;;;;;;;;;;;;;;;;;;;
LosAngeles;;;;;;;373,1;;385,4;;;;555,2;;;;;;;;;;;;;;;;;;;;;;;
LasVegas;;;;;;376,2;;410,4;;;;;;;;;;;;;;;;;;;;;;;;;;;;
Phoenix;;;;;;;;;;;;477,3;567,9;;;;;;;;;;;;;;;;;;;;;;;
SantaFe;;;;;;;;;;;;466,3;645,6;;;;;;;;;;;;;;;;;;;;;;;
Denver;;;;;401,0;385,8;;;;484,3;509,0;;;;;391,1;488,3;608,4;;;;;;;;;;;;;;;;;;
ElPaso;;;;;;;;432,6;;494,6;488,2;;;;;;;568,9;753,9;610,8;;;;;;;;;;;;;;;;
Winnipeg;;;329,4;;372,7;;;;;;;;;;330,6;;;;;;;;;335,4;;;;;;;;;;;;
Duluth;;;;;389,6;;;;;;;;;321,3;;;;;;;;;;;385,5;;;;;;;;;;;
Omaha;;;;;367,7;;;;;;;429,4;;;;;;;;;;;456,4;;;;;;;;;;;;;
KansasCity;;;;;;;;;;;;448,1;;;;;;;;;;532,9;;;;;;;;;;;;;;
OklahomaCity;;;;;;;;;;;;476,2;634,4;;;;;;;;706,2;;;;;;;;;;;;;;;
Houston;;;;;;;;;;;;;642,8;;;;;;;;;;;;;;;;;;;;;;902,0;
Dallas;;;;;;;;;;;;;585,1;;;;;;;;742,6;;;;;;;;;;;;;;;
LittleRock;;;;;;;;;;;;;;;;;;552,5;;637,9;;615,2;;;;;;;;;;;;;983,0;659,3
SaintLouis;;;;;;;;;;;;;;;;;453,4;;;;1005,0;;474,0;;;;;;480,6;;;;;;;640,8
Chicago;;;;;;;;;;;;;;;;415,1;;;;;;887,6;;;397,5;;;;462,4;;;;;;;
SaultStMarie;;;;;;;;;;;;;;317,7;;;;;;;;;;;384,2;320,5;;;;;;;;;;
Toronto;;;;;;;;;;;;;;;349,1;;;;;;;;550,6;323,3;;349,0;;;452,4;;;;;;;
Montreal;;;;;;;;;;;;;;;;;;;;;;;;334,9;372,0;;301,8;340,7;;;;;;;;
Boston;;;;;;;;;;;;;;;;;;;;;;;;;;311,7;;352,3;;;;;;;;
NewYork;;;;;;;;;;;;;;;;;;;;;;;;;;336,2;306,2;;;479,2;;;;;;
Pittsburgh;;;;;;;;;;;;;;;;;;;;;;513,6;451,8;;399,1;;;;;467,8;554,2;;;;;
Washington;;;;;;;;;;;;;;;;;;;;;;;;;;;;374,4;431,2;;507,9;;;;;
Raleigh;;;;;;;;;;;;;;;;;;;;;;;;;;;;;452,6;413,6;;;662,1;;;
Atlanta;;;;;;;;;;;;;;;;;;;;;;;;;;;;;;;;;658,2;692,3;904,0;641,7
Charleston;;;;;;;;;;;;;;;;;;;;;;;;;;;;;;;570,8;745,4;;760,7;;
Miami;;;;;;;;;;;;;;;;;;;;;;;;;;;;;;;;704,5;614,4;;906,0;
NewOrleans;;;;;;;;;;;;;;;;;;;1000,0;;1000,0;;;;;;;;;;;1000,0;;1000,0;;
Nashville;;;;;;;;;;;;;;;;;;;;;703,6;601,2;;;;;;;;;;678,4;;;;
Step_36000;Vancouver;Seattle;Calgary;Portland;Helena;SaltLakeCity;SanFrancisco;LosAngeles;LasVegas;Phoenix;SantaFe;Denver;ElPaso;Winnipeg;Duluth;Omaha;KansasCity;OklahomaCity;Houston;Dallas;LittleRock;SaintLouis;Chicago;SaultStMarie;Toronto;Montreal;Boston;NewYork;Pittsburgh;Washington;Raleigh;Atlanta;Charleston;Miami;NewOrleans;Nashville
Vancouver;;320,7;320,6;;;;;;;;;;;;;;;;;;;;;;;;;;;;;;;;;
Seattle;292,1;;324,9;335,3;379,3;;;;;;;;;;;;;;;;;;;;;;;;;;;;;;;
Calgary;294,5;318,0;;;326,2;;;;;;;;;315,4;;;;;;;;;;;;;;;;;;;;;;
Portland;;313,6;;;;388,3;353,7;;;;;;;;;;;;;;;;;;;;;;;;;;;;;
Helena;;319,4;299,3;;;387,3;;;;;;509,1;;337,6;342,1;396,4;;;;;;;;;;;;;;;;;;;;
SaltLakeCity;;;;346,3;374,0;;445,5;;381,8;;;413,2;;;;;;;;;;;;;;;;;;;;;;;;
SanFrancisco;;;;346,9;;386,4;;529,1;;;;;;;;;;;;;;;;;;;;;;;;;;;;
LosAngeles;;;;;;;434,2;;403,3;;;;594,5;;;;;;;;;;;;;;;;;;;;;;;
LasVegas;;;;;;372,2;;506,7;;;;;;;;;;;;;;;;;;;;;;;;;;;;
Phoenix;;;;;;;;;;;;505,8;637,8;;;;;;;;;;;;;;;;;;;;;;;
SantaFe;;;;;;;;;;;;453,0;532,9;;;;;;;;;;;;;;;;;;;;;;;
Denver;;;;;427,3;390,1;;;;544,7;523,3;;;;;428,3;491,3;623,0;;;;;;;;;;;;;;;;;;
ElPaso;;;;;;;;476,6;;557,1;537,6;;;;;;;603,0;751,7;584,0;;;;;;;;;;;;;;;;
Winnipeg;;;320,7;;388,4;;;;;;;;;;346,5;;;;;;;;;339,5;;;;;;;;;;;;
Duluth;;;;;366,0;;;;;;;;;335,7;;;;;;;;;;;341,7;;;;;;;;;;;
Omaha;;;;;392,4;;;;;;;465,2;;;;;;;;;;;496,8;;;;;;;;;;;;;
KansasCity;;;;;;;;;;;;470,0;;;;;;;;;;568,5;;;;;;;;;;;;;;
OklahomaCity;;;;;;;;;;;;544,0;623,7;;;;;;;;644,8;;;;;;;;;;;;;;;
Houston;;;;;;;;;;;;;627,3;;;;;;;;;;;;;;;;;;;;;;902,0;
Dallas;;;;;;;;;;;;;589,7;;;;;;;;674,8;;;;;;;;;;;;;;;
LittleRock;;;;;;;;;;;;;;;;;;570,1;;616,0;;534,2;;;;;;;;;;;;;983,0;668,4
SaintLouis;;;;;;;;;;;;;;;;;505,7;;;;981,3;;513,3;;;;;;454,1;;;;;;;637,4
Chicago;;;;;;;;;;;;;;;;412,9;;;;;;982,6;;;358,5;;;;451,6;;;;;;;
SaultStMarie;;;;;;;;;;;;;;322,7;;;;;;;;;;;345,4;319,5;;;;;;;;;;
Toronto;;;;;;;;;;;;;;;339,4;;;;;;;;457,4;325,0;;308,7;;;414,8;;;;;;;
Montreal;;;;;;;;;;;;;;;;;;;;;;;;351,4;366,8;;301,8;343,8;;;;;;;;
Boston;;;;;;;;;;;;;;;;;;;;;;;;;;317,9;;346,2;;;;;;;;
NewYork;;;;;;;;;;;;;;;;;;;;;;;;;;323,7;302,5;;;421,0;;;;;;
Pittsburgh;;;;;;;;;;;;;;;;;;;;;;516,0;437,4;;373,0;;;;;438,4;500,6;;;;;
Washington;;;;;;;;;;;;;;;;;;;;;;;;;;;;359,8;433,6;;548,5;;;;;
Raleigh;;;;;;;;;;;;;;;;;;;;;;;;;;;;;419,9;418,4;;;669,0;;;
Atlanta;;;;;;;;;;;;;;;;;;;;;;;;;;;;;;;;;604,7;723,3;904,0;678,6
Charleston;;;;;;;;;;;;;;;;;;;;;;;;;;;;;;;453,9;720,7;;735,8;;
Miami;;;;;;;;;;;;;;;;;;;;;;;;;;;;;;;;668,7;641,4;;906,0;
NewOrleans;;;;;;;;;;;;;;;;;;;1000,0;;1000,0;;;;;;;;;;;1000,0;;1000,0;;
Nashville;;;;;;;;;;;;;;;;;;;;;770,8;611,0;;;;;;;;;;704,4;;;;
Step_40000;Vancouver;Seattle;Calgary;Portland;Helena;SaltLakeCity;SanFrancisco;LosAngeles;LasVegas;Phoenix;SantaFe;Denver;ElPaso;Winnipeg;Duluth;Omaha;KansasCity;OklahomaCity;Houston;Dallas;LittleRock;SaintLouis;Chicago;SaultStMarie;Toronto;Montreal;Boston;NewYork;Pittsburgh;Washington;Raleigh;Atlanta;Charleston;Miami;NewOrleans;Nashville
Vancouver;;330,6;312,4;;;;;;;;;;;;;;;;;;;;;;;;;;;;;;;;;
Seattle;289,1;;325,6;336,2;394,1;;;;;;;;;;;;;;;;;;;;;;;;;;;;;;;
Calgary;293,7;331,9;;;398,7;;;;;;;;;318,0;;;;;;;;;;;;;;;;;;;;;;
Portland;;318,3;;;;415,4;340,4;;;;;;;;;;;;;;;;;;;;;;;;;;;;;
Helena;;309,0;334,5;;;409,9;;;;;;457,1;;347,2;350,5;421,2;;;;;;;;;;;;;;;;;;;;
SaltLakeCity;;;;355,5;419,0;;429,5;;437,0;;;422,3;;;;;;;;;;;;;;;;;;;;;;;;
SanFrancisco;;;;305,6;;398,1;;507,7;;;;;;;;;;;;;;;;;;;;;;;;;;;;
LosAngeles;;;;;;;428,8;;420,0;;;;648,8;;;;;;;;;;;;;;;;;;;;;;;
LasVegas;;;;;;404,8;;512,8;;;;;;;;;;;;;;;;;;;;;;;;;;;;
Phoenix;;;;;;;;;;;;481,3;680,0;;;;;;;;;;;;;;;;;;;;;;;
SantaFe;;;;;;;;;;;;457,9;626,8;;;;;;;;;;;;;;;;;;;;;;;
Denver;;;;;369,5;398,8;;;;538,8;536,1;;;;;433,1;495,1;555,0;;;;;;;;;;;;;;;;;;
ElPaso;;;;;;;;475,8;;552,7;505,5;;;;;;;561,2;761,8;586,6;;;;;;;;;;;;;;;;
Winnipeg;;;310,7;;406,4;;;;;;;;;;319,3;;;;;;;;;332,4;;;;;;;;;;;;
Duluth;;;;;358,2;;;;;;;;;308,0;;;;;;;;;;;369,4;;;;;;;;;;;
Omaha;;;;;411,6;;;;;;;502,5;;;;;;;;;;;470,1;;;;;;;;;;;;;
KansasCity;;;;;;;;;;;;483,9;;;;;;;;;;532,7;;;;;;;;;;;;;;
OklahomaCity;;;;;;;;;;;;468,5;596,8;;;;;;;;586,0;;;;;;;;;;;;;;;
Houston;;;;;;;;;;;;;552,1;;;;;;;;;;;;;;;;;;;;;;902,0;
Dallas;;;;;;;;;;;;;620,9;;;;;;;;693,1;;;;;;;;;;;;;;;
LittleRock;;;;;;;;;;;;;;;;;;531,1;;572,0;;535,1;;;;;;;;;;;;;903,0;592,2
SaintLouis;;;;;;;;;;;;;;;;;490,8;;;;644,1;;516,6;;;;;;447,7;;;;;;;919,8
Chicago;;;;;;;;;;;;;;;;445,4;;;;;;973,2;;;409,9;;;;448,2;;;;;;;
SaultStMarie;;;;;;;;;;;;;;330,5;;;;;;;;;;;381,7;312,9;;;;;;;;;;
Toronto;;;;;;;;;;;;;;;335,1;;;;;;;;430,6;338,4;;340,8;;;477,8;;;;;;;
Montreal;;;;;;;;;;;;;;;;;;;;;;;;337,9;389,0;;311,8;340,2;;;;;;;;
Boston;;;;;;;;;;;;;;;;;;;;;;;;;;330,0;;357,0;;;;;;;;
NewYork;;;;;;;;;;;;;;;;;;;;;;;;;;332,8;311,9;;;405,6;;;;;;
Pittsburgh;;;;;;;;;;;;;;;;;;;;;;506,1;521,7;;381,3;;;;;394,5;488,1;;;;;
Washington;;;;;;;;;;;;;;;;;;;;;;;;;;;;354,0;420,1;;509,9;;;;;
Raleigh;;;;;;;;;;;;;;;;;;;;;;;;;;;;;463,3;380,8;;;640,7;;;
Atlanta;;;;;;;;;;;;;;;;;;;;;;;;;;;;;;;;;637,5;728,7;1004,0;624,4
Charleston;;;;;;;;;;;;;;;;;;;;;;;;;;;;;;;462,4;799,1;;707,4;;
Miami;;;;;;;;;;;;;;;;;;;;;;;;;;;;;;;;712,9;663,8;;906,0;
NewOrleans;;;;;;;;;;;;;;;;;;;1000,0;;1000,0;;;;;;;;;;;1000,0;;1000,0;;
Nashville;;;;;;;;;;;;;;;;;;;;;632,3;603,5;;;;;;;;;;1005,0;;;;
